Id,PATIENTID,PROVIDERID,PRIMARYPATIENTINSURANCEID,SECONDARYPATIENTINSURANCEID,DEPARTMENTID,PATIENTDEPARTMENTID,DIAGNOSIS1,DIAGNOSIS2,DIAGNOSIS3,DIAGNOSIS4,DIAGNOSIS5,DIAGNOSIS6,DIAGNOSIS7,DIAGNOSIS8,REFERRINGPROVIDERID,APPOINTMENTID,CURRENTILLNESSDATE,SERVICEDATE,SUPERVISINGPROVIDERID,STATUS1,STATUS2,STATUSP,OUTSTANDING1,OUTSTANDING2,OUTSTANDINGP,LASTBILLEDDATE1,LASTBILLEDDATE2,LASTBILLEDDATEP,HEALTHCARECLAIMTYPEID1,HEALTHCARECLAIMTYPEID2
5e688e99-61b3-5c88-06f9-4e7aa9458c5a,5e688e99-61b3-5c88-3f60-21df8aaced27,6f3d3b0a-055c-34a5-98c4-8d4b8030c213,8fa6c185-e44e-3e34-8bd8-39be8694f4ce,,10,10,160968000,,,,,,,,,5e688e99-61b3-5c88-d45d-40ccccf1e901,2019-10-15T08:54:44Z,2019-10-15T08:54:44Z,6f3d3b0a-055c-34a5-98c4-8d4b8030c213,CLOSED,CLOSED,CLOSED,0,0,0,2019-10-15T09:09:44Z,2019-10-15T09:09:44Z,2019-10-15T09:09:44Z,1,1
c86c400e-ff88-a1e3-9364-0779ffde5e4e,c86c400e-ff88-a1e3-2e23-caa4d8311f47,e4581ef5-94a5-3ddf-addc-bed94d99477f,b046940f-1664-3047-bca7-dfa76be352a4,,10,10,160968000,,,,,,,,,c86c400e-ff88-a1e3-fd10-a2c73070b8fb,2010-04-11T01:23:02Z,2010-04-11T01:23:02Z,e4581ef5-94a5-3ddf-addc-bed94d99477f,CLOSED,CLOSED,CLOSED,0,0,0,2010-04-11T01:38:02Z,2010-04-11T01:38:02Z,2010-04-11T01:38:02Z,1,1
5e688e99-61b3-5c88-c47f-0d3cf68a0fe8,5e688e99-61b3-5c88-3f60-21df8aaced27,8fbec661-048c-32db-aa80-d674b7f31c5b,8fa6c185-e44e-3e34-8bd8-39be8694f4ce,,1,1,66383009,80967001,,,,,,,,5e688e99-61b3-5c88-5e7f-5b5c21775b52,2020-11-03T08:54:44Z,2020-11-03T08:54:44Z,8fbec661-048c-32db-aa80-d674b7f31c5b,CLOSED,CLOSED,CLOSED,0,0,0,2020-11-03T09:51:26Z,2020-11-03T09:51:26Z,2020-11-03T09:51:26Z,2,2
5e688e99-61b3-5c88-2210-bf678e36729e,5e688e99-61b3-5c88-3f60-21df8aaced27,6f3d3b0a-055c-34a5-98c4-8d4b8030c213,8fa6c185-e44e-3e34-8bd8-39be8694f4ce,,20,20,224299000,73595000,706893006,,,,,,,5e688e99-61b3-5c88-9e54-dbf4c663aac9,2021-10-26T08:54:44Z,2021-10-26T08:54:44Z,6f3d3b0a-055c-34a5-98c4-8d4b8030c213,CLOSED,CLOSED,CLOSED,0,0,0,2021-10-26T09:29:46Z,2021-10-26T09:29:46Z,2021-10-26T09:29:46Z,1,1
e74367bd-7385-97dc-ac55-950803433cc5,e74367bd-7385-97dc-2c7f-251b4cd9fe29,e68c5bea-3c68-3143-89f1-c76f670771c9,0133f751-9229-3cfd-815f-b6d4979bdd6a,,20,20,224299000,,,,,,,,,e74367bd-7385-97dc-5e42-cdb3b35e8144,2012-04-06T19:11:58Z,2012-04-06T19:11:58Z,e68c5bea-3c68-3143-89f1-c76f670771c9,CLOSED,CLOSED,CLOSED,0,0,0,2012-04-06T19:43:24Z,2012-04-06T19:43:24Z,2012-04-06T19:43:24Z,1,1
aee7bbe1-0c45-c028-6538-4d061c1e5c04,aee7bbe1-0c45-c028-1e62-1f4cdb30c273,0d453f0a-d98a-3c85-b13b-cfbf02d08c55,df166300-5a78-3502-a46a-832842197811,,10,10,410620009,,,,,,,,,aee7bbe1-0c45-c028-89bd-8ccc03fdf712,2019-10-23T01:52:42Z,2019-10-23T01:52:42Z,0d453f0a-d98a-3c85-b13b-cfbf02d08c55,CLOSED,CLOSED,CLOSED,0,0,0,2019-10-23T02:07:42Z,2019-10-23T02:07:42Z,2019-10-23T02:07:42Z,1,1
5e688e99-61b3-5c88-bf43-850f2be7d521,5e688e99-61b3-5c88-3f60-21df8aaced27,6f3d3b0a-055c-34a5-98c4-8d4b8030c213,8fa6c185-e44e-3e34-8bd8-39be8694f4ce,,20,20,314529007,73438004,,,,,,,,5e688e99-61b3-5c88-d39d-d7af840e73d1,2022-11-01T08:54:44Z,2022-11-01T08:54:44Z,6f3d3b0a-055c-34a5-98c4-8d4b8030c213,CLOSED,CLOSED,CLOSED,0,0,0,2022-11-01T09:54:22Z,2022-11-01T09:54:22Z,2022-11-01T09:54:22Z,1,1
e74367bd-7385-97dc-9a6a-6f16e37ce291,e74367bd-7385-97dc-2c7f-251b4cd9fe29,e68c5bea-3c68-3143-89f1-c76f670771c9,0133f751-9229-3cfd-815f-b6d4979bdd6a,,20,20,162864005,160903007,,,,,,,,e74367bd-7385-97dc-d0ee-01626746a953,2016-04-15T19:11:58Z,2016-04-15T19:11:58Z,e68c5bea-3c68-3143-89f1-c76f670771c9,CLOSED,CLOSED,CLOSED,0,0,0,2016-04-15T19:50:32Z,2016-04-15T19:50:32Z,2016-04-15T19:50:32Z,1,1
5e688e99-61b3-5c88-97c1-38cee9c09ced,5e688e99-61b3-5c88-3f60-21df8aaced27,6f3d3b0a-055c-34a5-98c4-8d4b8030c213,8fa6c185-e44e-3e34-8bd8-39be8694f4ce,,20,20,162864005,160904001,66383009,,,,,,,5e688e99-61b3-5c88-d6ed-0726c9d0ea48,2025-11-04T08:54:44Z,2025-11-04T08:54:44Z,6f3d3b0a-055c-34a5-98c4-8d4b8030c213,CLOSED,CLOSED,CLOSED,0,0,0,2025-11-04T09:33:13Z,2025-11-04T09:33:13Z,2025-11-04T09:33:13Z,1,1
aee7bbe1-0c45-c028-5667-22c46f4d7d7c,aee7bbe1-0c45-c028-1e62-1f4cdb30c273,0d453f0a-d98a-3c85-b13b-cfbf02d08c55,df166300-5a78-3502-a46a-832842197811,,10,10,314529007,,,,,,,,,aee7bbe1-0c45-c028-4fc2-22bf838d4eef,2023-11-15T01:52:42Z,2023-11-15T01:52:42Z,0d453f0a-d98a-3c85-b13b-cfbf02d08c55,CLOSED,CLOSED,CLOSED,0,0,0,2023-11-15T02:19:16Z,2023-11-15T02:19:16Z,2023-11-15T02:19:16Z,1,1
e74367bd-7385-97dc-594b-e362f50f58b3,e74367bd-7385-97dc-2c7f-251b4cd9fe29,e68c5bea-3c68-3143-89f1-c76f670771c9,734afbd6-4794-363b-9bc0-6a3981533ed5,,20,20,714628002,,,,,,,,,e74367bd-7385-97dc-1977-29046e5ef32b,2019-04-19T19:11:58Z,2019-04-19T19:11:58Z,e68c5bea-3c68-3143-89f1-c76f670771c9,CLOSED,CLOSED,CLOSED,0,0,0,2019-04-19T20:10:02Z,2019-04-19T20:10:02Z,2019-04-19T20:10:02Z,1,1
c86c400e-ff88-a1e3-9329-16efdc0b5b50,c86c400e-ff88-a1e3-2e23-caa4d8311f47,e4581ef5-94a5-3ddf-addc-bed94d99477f,b046940f-1664-3047-bca7-dfa76be352a4,,20,20,224299000,160903007,266934004,,,,,,,c86c400e-ff88-a1e3-fa16-9f0405f255e4,2012-04-22T01:23:02Z,2012-04-22T01:23:02Z,e4581ef5-94a5-3ddf-addc-bed94d99477f,CLOSED,CLOSED,CLOSED,0,0,0,2012-04-22T02:01:10Z,2012-04-22T02:01:10Z,2012-04-22T02:01:10Z,1,1
e74367bd-7385-97dc-a5f4-969995cded48,e74367bd-7385-97dc-2c7f-251b4cd9fe29,df2b98b2-91ac-3744-9177-dd095d80dfa7,734afbd6-4794-363b-9bc0-6a3981533ed5,,3,3,183996000,267020005,,,,,,,,e74367bd-7385-97dc-3cb7-efa5f8bb1a23,2019-07-08T20:00:20Z,2019-07-08T20:00:20Z,df2b98b2-91ac-3744-9177-dd095d80dfa7,CLOSED,CLOSED,CLOSED,0,0,0,2019-07-09T20:00:20Z,2019-07-09T20:00:20Z,2019-07-09T20:00:20Z,2,2
c86c400e-ff88-a1e3-047b-c990599dfb5f,c86c400e-ff88-a1e3-2e23-caa4d8311f47,e4581ef5-94a5-3ddf-addc-bed94d99477f,b046940f-1664-3047-bca7-dfa76be352a4,,20,20,713458007,,,,,,,,,c86c400e-ff88-a1e3-6d1c-075c58976c6d,2013-04-28T01:23:02Z,2013-04-28T01:23:02Z,e4581ef5-94a5-3ddf-addc-bed94d99477f,CLOSED,CLOSED,CLOSED,0,0,0,2013-04-28T02:21:19Z,2013-04-28T02:21:19Z,2013-04-28T02:21:19Z,1,1
c86c400e-ff88-a1e3-ecd3-33b82f6ce23b,c86c400e-ff88-a1e3-2e23-caa4d8311f47,e4581ef5-94a5-3ddf-addc-bed94d99477f,b046940f-1664-3047-bca7-dfa76be352a4,,20,20,162864005,,,,,,,,,c86c400e-ff88-a1e3-ca7d-37fc3448be3f,2016-05-01T01:23:02Z,2016-05-01T01:23:02Z,e4581ef5-94a5-3ddf-addc-bed94d99477f,CLOSED,CLOSED,CLOSED,0,0,0,2016-05-01T02:22:44Z,2016-05-01T02:22:44Z,2016-05-01T02:22:44Z,1,1
e74367bd-7385-97dc-69d4-ac499fe34f0c,e74367bd-7385-97dc-2c7f-251b4cd9fe29,df2b98b2-91ac-3744-9177-dd095d80dfa7,0133f751-9229-3cfd-815f-b6d4979bdd6a,,2,2,314529007,271737000,,,,,,,,e74367bd-7385-97dc-0e45-fca28cc87816,2020-08-14T19:11:58Z,2020-08-14T19:11:58Z,df2b98b2-91ac-3744-9177-dd095d80dfa7,CLOSED,CLOSED,CLOSED,0,0,0,2020-08-14T20:00:47Z,2020-08-14T20:00:47Z,2020-08-14T20:00:47Z,2,2
c86c400e-ff88-a1e3-a87b-ec8bd2ddbf77,c86c400e-ff88-a1e3-2e23-caa4d8311f47,e4581ef5-94a5-3ddf-addc-bed94d99477f,b046940f-1664-3047-bca7-dfa76be352a4,,20,20,73595000,706893006,,,,,,,,c86c400e-ff88-a1e3-e4bb-396f0046be39,2022-05-08T01:23:02Z,2022-05-08T01:23:02Z,e4581ef5-94a5-3ddf-addc-bed94d99477f,CLOSED,CLOSED,CLOSED,0,0,0,2022-05-08T02:03:06Z,2022-05-08T02:03:06Z,2022-05-08T02:03:06Z,1,1
e74367bd-7385-97dc-998d-6250837b30e7,e74367bd-7385-97dc-2c7f-251b4cd9fe29,df2b98b2-91ac-3744-9177-dd095d80dfa7,0133f751-9229-3cfd-815f-b6d4979bdd6a,,1,1,271737000,,,,,,,,,e74367bd-7385-97dc-5a0a-be684eaf213f,2020-08-14T19:11:58Z,2020-08-22T21:55:34Z,df2b98b2-91ac-3744-9177-dd095d80dfa7,CLOSED,CLOSED,CLOSED,0,0,0,2020-08-22T22:10:34Z,2020-08-22T22:10:34Z,2020-08-22T22:10:34Z,2,2
c86c400e-ff88-a1e3-8141-e9ceb2beb43a,c86c400e-ff88-a1e3-2e23-caa4d8311f47,e4581ef5-94a5-3ddf-addc-bed94d99477f,b046940f-1664-3047-bca7-dfa76be352a4,,20,20,314529007,,,,,,,,,c86c400e-ff88-a1e3-031e-6704c1a49157,2025-05-11T01:23:02Z,2025-05-11T01:23:02Z,e4581ef5-94a5-3ddf-addc-bed94d99477f,CLOSED,CLOSED,CLOSED,0,0,0,2025-05-11T02:06:42Z,2025-05-11T02:06:42Z,2025-05-11T02:06:42Z,1,1
e74367bd-7385-97dc-bfa5-3a6bf9e0ceb6,e74367bd-7385-97dc-2c7f-251b4cd9fe29,df2b98b2-91ac-3744-9177-dd095d80dfa7,0133f751-9229-3cfd-815f-b6d4979bdd6a,,1,1,271737000,,,,,,,,,e74367bd-7385-97dc-5a0a-be684eaf213f,2020-08-14T19:11:58Z,2020-08-22T21:55:34Z,df2b98b2-91ac-3744-9177-dd095d80dfa7,CLOSED,CLOSED,CLOSED,0,0,0,2020-08-22T22:10:34Z,2020-08-22T22:10:34Z,2020-08-22T22:10:34Z,2,2
e74367bd-7385-97dc-6a1a-4c43b46d16e4,e74367bd-7385-97dc-2c7f-251b4cd9fe29,e68c5bea-3c68-3143-89f1-c76f670771c9,0133f751-9229-3cfd-815f-b6d4979bdd6a,,20,20,422650009,73595000,424393004,,,,,,,e74367bd-7385-97dc-6dff-b86b29e2075b,2025-04-25T19:11:58Z,2025-04-25T19:11:58Z,e68c5bea-3c68-3143-89f1-c76f670771c9,CLOSED,CLOSED,CLOSED,0,0,0,2025-04-25T19:54:06Z,2025-04-25T19:54:06Z,2025-04-25T19:54:06Z,1,1
46ee9d82-b52c-856d-ef08-9e3dae8c154c,46ee9d82-b52c-856d-069b-5064ff052225,8fbec661-048c-32db-aa80-d674b7f31c5b,,,1,1,735971005,,,,,,,,,46ee9d82-b52c-856d-3302-77f2ca864c04,1994-03-09T19:14:31Z,1994-03-09T19:14:31Z,8fbec661-048c-32db-aa80-d674b7f31c5b,CLOSED,CLOSED,CLOSED,0,0,0,1994-03-09T19:29:31Z,1994-03-09T19:29:31Z,1994-03-09T19:29:31Z,2,2
46ee9d82-b52c-856d-01df-07c1595b6b82,46ee9d82-b52c-856d-069b-5064ff052225,8fbec661-048c-32db-aa80-d674b7f31c5b,,,1,1,609328004,,,,,,,,,46ee9d82-b52c-856d-aa6e-388351cdf22e,1994-03-22T14:14:31Z,1994-03-22T14:14:31Z,8fbec661-048c-32db-aa80-d674b7f31c5b,CLOSED,CLOSED,CLOSED,0,0,0,1994-03-22T14:37:21Z,1994-03-22T14:37:21Z,1994-03-22T14:37:21Z,2,2
4f083ce3-f12b-bb4b-5fb8-1865dbd3d5f3,4f083ce3-f12b-bb4b-7353-e17f0cd55b0a,65511100-df25-395c-88bf-fb196a9fd1b4,b046940f-1664-3047-bca7-dfa76be352a4,,1,1,103697008,80967001,,,,,,,,4f083ce3-f12b-bb4b-3850-99cca9f5a39f,2015-11-05T16:14:21Z,2015-11-05T16:14:21Z,65511100-df25-395c-88bf-fb196a9fd1b4,CLOSED,CLOSED,CLOSED,0,0,0,2015-11-05T16:47:39Z,2015-11-05T16:47:39Z,2015-11-05T16:47:39Z,2,2
4f083ce3-f12b-bb4b-0018-b049d0645a37,4f083ce3-f12b-bb4b-7353-e17f0cd55b0a,632e46e2-2993-3fd5-93cf-c74374c56920,b046940f-1664-3047-bca7-dfa76be352a4,,20,20,224299000,713458007,,,,,,,,4f083ce3-f12b-bb4b-b007-cb21169ff0c1,2016-10-27T16:14:21Z,2016-10-27T16:14:21Z,632e46e2-2993-3fd5-93cf-c74374c56920,CLOSED,CLOSED,CLOSED,0,0,0,2016-10-27T17:05:15Z,2016-10-27T17:05:15Z,2016-10-27T17:05:15Z,1,1
4f083ce3-f12b-bb4b-64b5-82d1fe74b1ab,4f083ce3-f12b-bb4b-7353-e17f0cd55b0a,632e46e2-2993-3fd5-93cf-c74374c56920,b046940f-1664-3047-bca7-dfa76be352a4,,20,20,266934004,,,,,,,,,4f083ce3-f12b-bb4b-d8e3-ad8e4083d882,2017-11-02T16:14:21Z,2017-11-02T16:14:21Z,632e46e2-2993-3fd5-93cf-c74374c56920,CLOSED,CLOSED,CLOSED,0,0,0,2017-11-02T16:50:37Z,2017-11-02T16:50:37Z,2017-11-02T16:50:37Z,1,1
4f083ce3-f12b-bb4b-4e63-9dc7f37cb2d9,4f083ce3-f12b-bb4b-7353-e17f0cd55b0a,632e46e2-2993-3fd5-93cf-c74374c56920,b046940f-1664-3047-bca7-dfa76be352a4,,20,20,160903007,73595000,,,,,,,,4f083ce3-f12b-bb4b-2923-5a0fc0bd33a2,2020-11-05T16:14:21Z,2020-11-05T16:14:21Z,632e46e2-2993-3fd5-93cf-c74374c56920,CLOSED,CLOSED,CLOSED,0,0,0,2020-11-05T16:59:50Z,2020-11-05T16:59:50Z,2020-11-05T16:59:50Z,1,1
4f083ce3-f12b-bb4b-16dd-bba0e5d8bdcd,4f083ce3-f12b-bb4b-7353-e17f0cd55b0a,632e46e2-2993-3fd5-93cf-c74374c56920,b046940f-1664-3047-bca7-dfa76be352a4,,20,20,314529007,,,,,,,,,4f083ce3-f12b-bb4b-fff7-83c90d346a71,2023-11-09T16:14:21Z,2023-11-09T16:14:21Z,632e46e2-2993-3fd5-93cf-c74374c56920,CLOSED,CLOSED,CLOSED,0,0,0,2023-11-09T16:53:33Z,2023-11-09T16:53:33Z,2023-11-09T16:53:33Z,1,1
aee7bbe1-0c45-c028-0f97-0462c440c646,aee7bbe1-0c45-c028-1e62-1f4cdb30c273,4398fd5a-3b3d-39b4-830f-67c592d90e0d,df166300-5a78-3502-a46a-832842197811,,5,5,314529007,66383009,,,,,,,,aee7bbe1-0c45-c028-c7d7-a3864552d0ed,2024-10-02T01:52:42Z,2024-10-02T01:52:42Z,4398fd5a-3b3d-39b4-830f-67c592d90e0d,CLOSED,CLOSED,CLOSED,0,0,0,2024-10-02T02:07:42Z,2024-10-02T02:07:42Z,2024-10-02T02:07:42Z,1,1
4f083ce3-f12b-bb4b-2824-8f64f5550323,4f083ce3-f12b-bb4b-7353-e17f0cd55b0a,65511100-df25-395c-88bf-fb196a9fd1b4,b046940f-1664-3047-bca7-dfa76be352a4,,1,1,103697008,,,,,,,,,4f083ce3-f12b-bb4b-0fb9-ff65b5d03330,2023-11-09T18:36:41Z,2023-11-23T16:14:21Z,65511100-df25-395c-88bf-fb196a9fd1b4,CLOSED,CLOSED,CLOSED,0,0,0,2023-11-23T16:44:22Z,2023-11-23T16:44:22Z,2023-11-23T16:44:22Z,2,2
c86c400e-ff88-a1e3-0f62-e2552e72cea0,c86c400e-ff88-a1e3-2e23-caa4d8311f47,65511100-df25-395c-88bf-fb196a9fd1b4,b046940f-1664-3047-bca7-dfa76be352a4,,1,1,103697008,,,,,,,,,c86c400e-ff88-a1e3-f1c8-2313c7e7a89f,2025-05-11T03:50:14Z,2025-05-25T01:23:02Z,65511100-df25-395c-88bf-fb196a9fd1b4,CLOSED,CLOSED,CLOSED,0,0,0,2025-05-25T02:08:22Z,2025-05-25T02:08:22Z,2025-05-25T02:08:22Z,2,2
5e688e99-61b3-5c88-9ed4-38349f2451bb,5e688e99-61b3-5c88-3f60-21df8aaced27,8fbec661-048c-32db-aa80-d674b7f31c5b,8fa6c185-e44e-3e34-8bd8-39be8694f4ce,,1,1,66383009,,,,,,,,,5e688e99-61b3-5c88-ec8b-f371d291d3ac,2025-11-18T08:54:44Z,2025-11-18T08:54:44Z,8fbec661-048c-32db-aa80-d674b7f31c5b,CLOSED,CLOSED,CLOSED,0,0,0,2025-11-18T09:27:32Z,2025-11-18T09:27:32Z,2025-11-18T09:27:32Z,2,2
4f083ce3-f12b-bb4b-8827-08081caef2c1,4f083ce3-f12b-bb4b-7353-e17f0cd55b0a,65511100-df25-395c-88bf-fb196a9fd1b4,b046940f-1664-3047-bca7-dfa76be352a4,,1,1,36971009,36971009,,,,,,,,4f083ce3-f12b-bb4b-cce8-0b84dacb7bcb,2024-06-28T05:14:21Z,2024-06-28T05:14:21Z,65511100-df25-395c-88bf-fb196a9fd1b4,CLOSED,CLOSED,CLOSED,0,0,0,2024-06-28T05:29:21Z,2024-06-28T05:29:21Z,2024-06-28T05:29:21Z,2,2
4f083ce3-f12b-bb4b-1533-da83ada86345,4f083ce3-f12b-bb4b-7353-e17f0cd55b0a,65511100-df25-395c-88bf-fb196a9fd1b4,b046940f-1664-3047-bca7-dfa76be352a4,,2,2,389095005,,,,,,,,,4f083ce3-f12b-bb4b-c743-6f7babdaed7a,2024-07-23T19:08:48Z,2024-07-23T19:08:48Z,65511100-df25-395c-88bf-fb196a9fd1b4,CLOSED,CLOSED,CLOSED,0,0,0,2024-07-23T19:30:38Z,2024-07-23T19:30:38Z,2024-07-23T19:30:38Z,2,2
4f083ce3-f12b-bb4b-837a-283c6c29c6d5,4f083ce3-f12b-bb4b-7353-e17f0cd55b0a,65511100-df25-395c-88bf-fb196a9fd1b4,b046940f-1664-3047-bca7-dfa76be352a4,,2,2,389095005,,,,,,,,,4f083ce3-f12b-bb4b-c743-6f7babdaed7a,2024-07-23T19:08:48Z,2024-07-23T19:08:48Z,65511100-df25-395c-88bf-fb196a9fd1b4,CLOSED,CLOSED,CLOSED,0,0,0,2024-07-23T19:30:38Z,2024-07-23T19:30:38Z,2024-07-23T19:30:38Z,2,2
aee7bbe1-0c45-c028-d1cf-e40653518db3,aee7bbe1-0c45-c028-1e62-1f4cdb30c273,facc97fc-9e69-3953-b5ce-ca02ea86bfa0,df166300-5a78-3502-a46a-832842197811,,2,2,314529007,,,,,,,,,aee7bbe1-0c45-c028-1b5f-3d4f4ac3378d,2024-10-09T01:52:42Z,2024-10-09T01:52:42Z,facc97fc-9e69-3953-b5ce-ca02ea86bfa0,CLOSED,CLOSED,CLOSED,0,0,0,2024-10-09T02:07:42Z,2024-10-09T02:07:42Z,2024-10-09T02:07:42Z,2,2
4f083ce3-f12b-bb4b-22d2-b92f4aaf8640,4f083ce3-f12b-bb4b-7353-e17f0cd55b0a,65511100-df25-395c-88bf-fb196a9fd1b4,b046940f-1664-3047-bca7-dfa76be352a4,,1,1,36971009,40055000,,,,,,,,4f083ce3-f12b-bb4b-5e6a-b2ade940738f,2024-07-24T05:14:21Z,2024-07-24T05:14:21Z,65511100-df25-395c-88bf-fb196a9fd1b4,CLOSED,CLOSED,CLOSED,0,0,0,2024-07-24T05:29:21Z,2024-07-24T05:29:21Z,2024-07-24T05:29:21Z,2,2
46ee9d82-b52c-856d-9a35-8a747cc8249a,46ee9d82-b52c-856d-069b-5064ff052225,8fbec661-048c-32db-aa80-d674b7f31c5b,,,1,1,609328004,,,,,,,,,46ee9d82-b52c-856d-aa6e-388351cdf22e,1994-03-22T14:14:31Z,1994-03-22T14:14:31Z,8fbec661-048c-32db-aa80-d674b7f31c5b,CLOSED,CLOSED,CLOSED,0,0,0,1994-03-22T14:37:21Z,1994-03-22T14:37:21Z,1994-03-22T14:37:21Z,2,2
46ee9d82-b52c-856d-0b28-43ee653d85cc,46ee9d82-b52c-856d-069b-5064ff052225,8fbec661-048c-32db-aa80-d674b7f31c5b,,,1,1,609328004,,,,,,,,,46ee9d82-b52c-856d-aa6e-388351cdf22e,1994-03-22T14:14:31Z,1994-03-22T14:14:31Z,8fbec661-048c-32db-aa80-d674b7f31c5b,CLOSED,CLOSED,CLOSED,0,0,0,1994-03-22T14:37:21Z,1994-03-22T14:37:21Z,1994-03-22T14:37:21Z,2,2
46ee9d82-b52c-856d-d093-eaead3f7f79e,46ee9d82-b52c-856d-069b-5064ff052225,8fbec661-048c-32db-aa80-d674b7f31c5b,,,1,1,444814009,,,,,,,,,46ee9d82-b52c-856d-449a-c6aba4f50016,1997-10-09T14:14:31Z,1997-10-09T14:14:31Z,8fbec661-048c-32db-aa80-d674b7f31c5b,CLOSED,CLOSED,CLOSED,0,0,0,1997-10-09T14:29:31Z,1997-10-09T14:29:31Z,1997-10-09T14:29:31Z,2,2
46ee9d82-b52c-856d-c986-2436929a7720,46ee9d82-b52c-856d-069b-5064ff052225,8fbec661-048c-32db-aa80-d674b7f31c5b,,,1,1,444814009,,,,,,,,,46ee9d82-b52c-856d-449a-c6aba4f50016,1997-10-09T14:14:31Z,1997-10-09T14:14:31Z,8fbec661-048c-32db-aa80-d674b7f31c5b,CLOSED,CLOSED,CLOSED,0,0,0,1997-10-09T14:29:31Z,1997-10-09T14:29:31Z,1997-10-09T14:29:31Z,2,2
46ee9d82-b52c-856d-d391-5fcb0eea562f,46ee9d82-b52c-856d-069b-5064ff052225,7493ed52-98c8-3bea-a567-b389464ab5c7,,,20,20,105531004,224299000,160903007,266934004,,,,,,46ee9d82-b52c-856d-0887-185d1d9f4797,2011-01-06T14:14:31Z,2011-01-06T14:14:31Z,7493ed52-98c8-3bea-a567-b389464ab5c7,CLOSED,CLOSED,CLOSED,0,0,0,2011-01-06T14:50:47Z,2011-01-06T14:50:47Z,2011-01-06T14:50:47Z,1,1
46ee9d82-b52c-856d-0e62-966376c1a385,46ee9d82-b52c-856d-069b-5064ff052225,7493ed52-98c8-3bea-a567-b389464ab5c7,,,20,20,713458007,,,,,,,,,46ee9d82-b52c-856d-6059-83644a409a4b,2012-01-12T14:14:31Z,2012-01-12T14:14:31Z,7493ed52-98c8-3bea-a567-b389464ab5c7,CLOSED,CLOSED,CLOSED,0,0,0,2012-01-12T14:58:49Z,2012-01-12T14:58:49Z,2012-01-12T14:58:49Z,1,1
46ee9d82-b52c-856d-a9a3-b9c18f783b09,46ee9d82-b52c-856d-069b-5064ff052225,8fbec661-048c-32db-aa80-d674b7f31c5b,,,3,3,183996000,267020005,,,,,,,,46ee9d82-b52c-856d-26ec-5b343d05de5c,2018-07-20T15:09:08Z,2018-07-20T15:09:08Z,8fbec661-048c-32db-aa80-d674b7f31c5b,CLOSED,CLOSED,CLOSED,0,0,0,2018-07-21T15:09:08Z,2018-07-21T15:09:08Z,2018-07-21T15:09:08Z,2,2
46ee9d82-b52c-856d-c929-40d27ce33b2b,46ee9d82-b52c-856d-069b-5064ff052225,7493ed52-98c8-3bea-a567-b389464ab5c7,,,20,20,314529007,422650009,,,,,,,,46ee9d82-b52c-856d-3899-1dcef22e0f74,2021-01-21T14:14:31Z,2021-01-21T14:14:31Z,7493ed52-98c8-3bea-a567-b389464ab5c7,CLOSED,CLOSED,CLOSED,0,0,0,2021-01-21T14:50:53Z,2021-01-21T14:50:53Z,2021-01-21T14:50:53Z,1,1
46ee9d82-b52c-856d-0b8d-915aede1f91d,46ee9d82-b52c-856d-069b-5064ff052225,7493ed52-98c8-3bea-a567-b389464ab5c7,,,20,20,73595000,,,,,,,,,46ee9d82-b52c-856d-7de0-5c6adc215474,2024-01-25T14:14:31Z,2024-01-25T14:14:31Z,7493ed52-98c8-3bea-a567-b389464ab5c7,CLOSED,CLOSED,CLOSED,0,0,0,2024-01-25T14:51:44Z,2024-01-25T14:51:44Z,2024-01-25T14:51:44Z,1,1
aee7bbe1-0c45-c028-03bb-8af3a0ac0911,aee7bbe1-0c45-c028-1e62-1f4cdb30c273,19eff9d6-c6f8-389c-96da-9cf8d093e5ca,df166300-5a78-3502-a46a-832842197811,,1,1,10509002,10509002,,,,,,,,aee7bbe1-0c45-c028-769e-b79c8b01ffc1,2024-10-16T01:52:42Z,2024-10-16T01:52:42Z,19eff9d6-c6f8-389c-96da-9cf8d093e5ca,CLOSED,CLOSED,CLOSED,0,0,0,2024-10-16T02:07:42Z,2024-10-16T02:07:42Z,2024-10-16T02:07:42Z,2,2
aee7bbe1-0c45-c028-f4d4-d0ac1744e6a1,aee7bbe1-0c45-c028-1e62-1f4cdb30c273,19eff9d6-c6f8-389c-96da-9cf8d093e5ca,df166300-5a78-3502-a46a-832842197811,,1,1,10509002,10509002,,,,,,,,aee7bbe1-0c45-c028-769e-b79c8b01ffc1,2024-10-16T01:52:42Z,2024-10-16T01:52:42Z,19eff9d6-c6f8-389c-96da-9cf8d093e5ca,CLOSED,CLOSED,CLOSED,0,0,0,2024-10-16T02:07:42Z,2024-10-16T02:07:42Z,2024-10-16T02:07:42Z,2,2
4f083ce3-f12b-bb4b-479a-a2abc419b7e5,4f083ce3-f12b-bb4b-7353-e17f0cd55b0a,65511100-df25-395c-88bf-fb196a9fd1b4,b046940f-1664-3047-bca7-dfa76be352a4,,1,1,36971009,,,,,,,,,4f083ce3-f12b-bb4b-bd19-25d21e8b1c8d,2024-07-31T05:14:21Z,2024-07-31T05:14:21Z,65511100-df25-395c-88bf-fb196a9fd1b4,CLOSED,CLOSED,CLOSED,0,0,0,2024-07-31T05:29:21Z,2024-07-31T05:29:21Z,2024-07-31T05:29:21Z,2,2
aee7bbe1-0c45-c028-2691-67ae8ce4fb85,aee7bbe1-0c45-c028-1e62-1f4cdb30c273,19eff9d6-c6f8-389c-96da-9cf8d093e5ca,df166300-5a78-3502-a46a-832842197811,,1,1,66383009,,,,,,,,,aee7bbe1-0c45-c028-6e60-6b1399305ca2,2024-10-16T01:52:42Z,2024-10-16T01:52:42Z,19eff9d6-c6f8-389c-96da-9cf8d093e5ca,CLOSED,CLOSED,CLOSED,0,0,0,2024-10-16T02:22:27Z,2024-10-16T02:22:27Z,2024-10-16T02:22:27Z,2,2
4f083ce3-f12b-bb4b-ebf3-df0cc7522110,4f083ce3-f12b-bb4b-7353-e17f0cd55b0a,65511100-df25-395c-88bf-fb196a9fd1b4,b046940f-1664-3047-bca7-dfa76be352a4,,1,1,36971009,,,,,,,,,4f083ce3-f12b-bb4b-8fa0-271dfcf72f7d,2024-09-04T05:14:21Z,2024-09-04T05:14:21Z,65511100-df25-395c-88bf-fb196a9fd1b4,CLOSED,CLOSED,CLOSED,0,0,0,2024-09-04T05:29:21Z,2024-09-04T05:29:21Z,2024-09-04T05:29:21Z,2,2
aee7bbe1-0c45-c028-0ce5-2ce2676cd69b,aee7bbe1-0c45-c028-1e62-1f4cdb30c273,0d453f0a-d98a-3c85-b13b-cfbf02d08c55,df166300-5a78-3502-a46a-832842197811,,10,10,314529007,,,,,,,,,aee7bbe1-0c45-c028-6b38-46ef1accdec3,2024-11-20T01:52:42Z,2024-11-20T01:52:42Z,0d453f0a-d98a-3c85-b13b-cfbf02d08c55,CLOSED,CLOSED,CLOSED,0,0,0,2024-11-20T02:22:33Z,2024-11-20T02:22:33Z,2024-11-20T02:22:33Z,1,1
4f083ce3-f12b-bb4b-3fd2-0db7cfb79669,4f083ce3-f12b-bb4b-7353-e17f0cd55b0a,65511100-df25-395c-88bf-fb196a9fd1b4,b046940f-1664-3047-bca7-dfa76be352a4,,2,2,389095005,,,,,,,,,4f083ce3-f12b-bb4b-5319-a3dd3ddb5136,2025-07-18T19:30:38Z,2025-07-18T19:30:38Z,65511100-df25-395c-88bf-fb196a9fd1b4,CLOSED,CLOSED,CLOSED,0,0,0,2025-07-18T19:45:38Z,2025-07-18T19:45:38Z,2025-07-18T19:45:38Z,2,2
4f083ce3-f12b-bb4b-13d5-957ef2f6d854,4f083ce3-f12b-bb4b-7353-e17f0cd55b0a,65511100-df25-395c-88bf-fb196a9fd1b4,b046940f-1664-3047-bca7-dfa76be352a4,,2,2,389095005,,,,,,,,,4f083ce3-f12b-bb4b-5319-a3dd3ddb5136,2025-07-18T19:30:38Z,2025-07-18T19:30:38Z,65511100-df25-395c-88bf-fb196a9fd1b4,CLOSED,CLOSED,CLOSED,0,0,0,2025-07-18T19:45:38Z,2025-07-18T19:45:38Z,2025-07-18T19:45:38Z,2,2
4f083ce3-f12b-bb4b-4089-928a377d5cda,4f083ce3-f12b-bb4b-7353-e17f0cd55b0a,65511100-df25-395c-88bf-fb196a9fd1b4,b046940f-1664-3047-bca7-dfa76be352a4,,2,2,389095005,,,,,,,,,4f083ce3-f12b-bb4b-1405-0f00ba598bc4,2025-07-21T07:30:38Z,2025-07-21T07:30:38Z,65511100-df25-395c-88bf-fb196a9fd1b4,CLOSED,CLOSED,CLOSED,0,0,0,2025-07-21T08:39:47Z,2025-07-21T08:39:47Z,2025-07-21T08:39:47Z,2,2
aee7bbe1-0c45-c028-45dc-a709540747bb,aee7bbe1-0c45-c028-1e62-1f4cdb30c273,0d453f0a-d98a-3c85-b13b-cfbf02d08c55,df166300-5a78-3502-a46a-832842197811,,10,10,66383009,,,,,,,,,aee7bbe1-0c45-c028-c67c-2de42fd83c5d,2025-11-26T01:52:42Z,2025-11-26T01:52:42Z,0d453f0a-d98a-3c85-b13b-cfbf02d08c55,CLOSED,CLOSED,CLOSED,0,0,0,2025-11-26T02:07:42Z,2025-11-26T02:07:42Z,2025-11-26T02:07:42Z,1,1
4f083ce3-f12b-bb4b-b45c-374ace2585a4,4f083ce3-f12b-bb4b-7353-e17f0cd55b0a,65511100-df25-395c-88bf-fb196a9fd1b4,b046940f-1664-3047-bca7-dfa76be352a4,,2,2,389095005,,,,,,,,,4f083ce3-f12b-bb4b-7e0a-52e3872f6989,2026-08-13T16:14:21Z,2026-08-13T16:14:21Z,65511100-df25-395c-88bf-fb196a9fd1b4,CLOSED,CLOSED,CLOSED,0,0,0,2026-08-13T17:09:17Z,2026-08-13T17:09:17Z,2026-08-13T17:09:17Z,2,2
aee7bbe1-0c45-c028-b898-6834fcc23d54,aee7bbe1-0c45-c028-1e62-1f4cdb30c273,19eff9d6-c6f8-389c-96da-9cf8d093e5ca,df166300-5a78-3502-a46a-832842197811,,1,1,66383009,,,,,,,,,aee7bbe1-0c45-c028-8fb7-3b46c2305a48,2025-12-03T01:52:42Z,2025-12-03T01:52:42Z,19eff9d6-c6f8-389c-96da-9cf8d093e5ca,CLOSED,CLOSED,CLOSED,0,0,0,2025-12-03T02:10:35Z,2025-12-03T02:10:35Z,2025-12-03T02:10:35Z,2,2
aee7bbe1-0c45-c028-4724-753cc26369a3,aee7bbe1-0c45-c028-1e62-1f4cdb30c273,19eff9d6-c6f8-389c-96da-9cf8d093e5ca,df166300-5a78-3502-a46a-832842197811,,1,1,195662009,195662009,,,,,,,,aee7bbe1-0c45-c028-ba98-c1cfef766943,2026-06-21T02:52:42Z,2026-06-21T02:52:42Z,19eff9d6-c6f8-389c-96da-9cf8d093e5ca,CLOSED,CLOSED,CLOSED,0,0,0,2026-06-21T03:07:42Z,2026-06-21T03:07:42Z,2026-06-21T03:07:42Z,2,2
76b20010-c318-5754-a253-c0eb807fd827,76b20010-c318-5754-8c85-983aa538522f,af309757-4e99-3f50-be8c-b33fb9acdb3d,d31fccc3-1767-390d-966a-22a5156f4219,,1,1,66383009,5689008,,,,,,,,76b20010-c318-5754-3283-ad584b0ba446,2010-05-01T16:22:38Z,2010-05-01T16:22:38Z,af309757-4e99-3f50-be8c-b33fb9acdb3d,CLOSED,CLOSED,CLOSED,0,0,0,2010-05-01T17:09:13Z,2010-05-01T17:09:13Z,2010-05-01T17:09:13Z,2,2
76b20010-c318-5754-78a6-cc959b80d87b,76b20010-c318-5754-8c85-983aa538522f,a693e67d-bb06-34be-ad90-b212e60f1120,d31fccc3-1767-390d-966a-22a5156f4219,,10,10,160968000,,,,,,,,,76b20010-c318-5754-f030-b0f7c7d13342,2015-05-23T16:22:38Z,2015-05-23T16:22:38Z,a693e67d-bb06-34be-ad90-b212e60f1120,CLOSED,CLOSED,CLOSED,0,0,0,2015-05-23T16:48:04Z,2015-05-23T16:48:04Z,2015-05-23T16:48:04Z,1,1
76b20010-c318-5754-1ae5-8a9eefd9023e,76b20010-c318-5754-8c85-983aa538522f,af309757-4e99-3f50-be8c-b33fb9acdb3d,d31fccc3-1767-390d-966a-22a5156f4219,,1,1,35999006,161744009,,,,,,,,76b20010-c318-5754-a925-e177adc98945,2017-09-16T16:22:38Z,2017-09-16T16:22:38Z,af309757-4e99-3f50-be8c-b33fb9acdb3d,CLOSED,CLOSED,CLOSED,0,0,0,2017-09-16T16:37:38Z,2017-09-16T16:37:38Z,2017-09-16T16:37:38Z,2,2
76b20010-c318-5754-2717-f62e1f443733,76b20010-c318-5754-8c85-983aa538522f,af309757-4e99-3f50-be8c-b33fb9acdb3d,d31fccc3-1767-390d-966a-22a5156f4219,,2,2,82423001,82423001,278860009,1121000119107,,,,,,76b20010-c318-5754-4193-ef1bc4925015,2019-05-27T16:22:38Z,2019-05-27T16:22:38Z,af309757-4e99-3f50-be8c-b33fb9acdb3d,CLOSED,CLOSED,CLOSED,0,0,0,2019-05-27T16:37:38Z,2019-05-27T16:37:38Z,2019-05-27T16:37:38Z,2,2
76b20010-c318-5754-5847-5e135491e4cb,76b20010-c318-5754-8c85-983aa538522f,a693e67d-bb06-34be-ad90-b212e60f1120,d31fccc3-1767-390d-966a-22a5156f4219,,20,20,224299000,266948004,,,,,,,,76b20010-c318-5754-f363-c9d005b656a9,2019-06-15T16:22:38Z,2019-06-15T16:22:38Z,a693e67d-bb06-34be-ad90-b212e60f1120,CLOSED,CLOSED,CLOSED,0,0,0,2019-06-15T17:00:13Z,2019-06-15T17:00:13Z,2019-06-15T17:00:13Z,1,1
76b20010-c318-5754-d674-dfaeb416a5ba,76b20010-c318-5754-8c85-983aa538522f,a693e67d-bb06-34be-ad90-b212e60f1120,d31fccc3-1767-390d-966a-22a5156f4219,,20,20,423315002,73595000,,,,,,,,76b20010-c318-5754-befc-72c145ddf274,2022-07-02T16:22:38Z,2022-07-02T16:22:38Z,a693e67d-bb06-34be-ad90-b212e60f1120,CLOSED,CLOSED,CLOSED,0,0,0,2022-07-02T17:08:11Z,2022-07-02T17:08:11Z,2022-07-02T17:08:11Z,1,1
76b20010-c318-5754-6a2b-ab3811e78c06,76b20010-c318-5754-8c85-983aa538522f,a693e67d-bb06-34be-ad90-b212e60f1120,d31fccc3-1767-390d-966a-22a5156f4219,,20,20,741062008,424393004,,,,,,,,76b20010-c318-5754-76b2-beee4ca47e6a,2023-07-08T16:22:38Z,2023-07-08T16:22:38Z,a693e67d-bb06-34be-ad90-b212e60f1120,CLOSED,CLOSED,CLOSED,0,0,0,2023-07-08T17:21:53Z,2023-07-08T17:21:53Z,2023-07-08T17:21:53Z,1,1
76b20010-c318-5754-f11a-df3538ecc193,76b20010-c318-5754-8c85-983aa538522f,a693e67d-bb06-34be-ad90-b212e60f1120,d31fccc3-1767-390d-966a-22a5156f4219,,20,20,741062008,424393004,,,,,,,,76b20010-c318-5754-76b2-beee4ca47e6a,2023-07-08T16:22:38Z,2023-07-08T16:22:38Z,a693e67d-bb06-34be-ad90-b212e60f1120,CLOSED,CLOSED,CLOSED,0,0,0,2023-07-08T17:21:53Z,2023-07-08T17:21:53Z,2023-07-08T17:21:53Z,1,1
76b20010-c318-5754-8347-926323292ae0,76b20010-c318-5754-8c85-983aa538522f,af309757-4e99-3f50-be8c-b33fb9acdb3d,d31fccc3-1767-390d-966a-22a5156f4219,,3,3,80967001,,,,,,,,,76b20010-c318-5754-ef98-4ec33e5e461b,2024-03-02T16:57:41Z,2024-03-02T16:57:41Z,af309757-4e99-3f50-be8c-b33fb9acdb3d,CLOSED,CLOSED,CLOSED,0,0,0,2024-03-03T16:57:41Z,2024-03-03T16:57:41Z,2024-03-03T16:57:41Z,2,2
76b20010-c318-5754-e552-6e5731573dbf,76b20010-c318-5754-8c85-983aa538522f,af309757-4e99-3f50-be8c-b33fb9acdb3d,d31fccc3-1767-390d-966a-22a5156f4219,,2,2,389095005,,,,,,,,,76b20010-c318-5754-2b66-20666e1c7c38,2024-05-13T16:22:38Z,2024-05-13T16:22:38Z,af309757-4e99-3f50-be8c-b33fb9acdb3d,CLOSED,CLOSED,CLOSED,0,0,0,2024-05-13T16:37:38Z,2024-05-13T16:37:38Z,2024-05-13T16:37:38Z,2,2
76b20010-c318-5754-9458-2b179bf29914,76b20010-c318-5754-8c85-983aa538522f,af309757-4e99-3f50-be8c-b33fb9acdb3d,d31fccc3-1767-390d-966a-22a5156f4219,,2,2,389095005,,,,,,,,,76b20010-c318-5754-2b66-20666e1c7c38,2024-05-13T16:22:38Z,2024-05-13T16:22:38Z,af309757-4e99-3f50-be8c-b33fb9acdb3d,CLOSED,CLOSED,CLOSED,0,0,0,2024-05-13T16:37:38Z,2024-05-13T16:37:38Z,2024-05-13T16:37:38Z,2,2
76b20010-c318-5754-0659-ffd42534a26b,76b20010-c318-5754-8c85-983aa538522f,a693e67d-bb06-34be-ad90-b212e60f1120,d31fccc3-1767-390d-966a-22a5156f4219,,20,20,314529007,160903007,66383009,,,,,,,76b20010-c318-5754-1e4c-a0bab0bf634b,2024-07-13T16:22:38Z,2024-07-13T16:22:38Z,a693e67d-bb06-34be-ad90-b212e60f1120,CLOSED,CLOSED,CLOSED,0,0,0,2024-07-13T17:14:31Z,2024-07-13T17:14:31Z,2024-07-13T17:14:31Z,1,1
76b20010-c318-5754-c988-e9903af68c07,76b20010-c318-5754-8c85-983aa538522f,a693e67d-bb06-34be-ad90-b212e60f1120,d31fccc3-1767-390d-966a-22a5156f4219,,20,20,314529007,160903007,66383009,,,,,,,76b20010-c318-5754-1e4c-a0bab0bf634b,2024-07-13T16:22:38Z,2024-07-13T16:22:38Z,a693e67d-bb06-34be-ad90-b212e60f1120,CLOSED,CLOSED,CLOSED,0,0,0,2024-07-13T17:14:31Z,2024-07-13T17:14:31Z,2024-07-13T17:14:31Z,1,1
76b20010-c318-5754-c9ae-cb0501fdd38c,76b20010-c318-5754-8c85-983aa538522f,af309757-4e99-3f50-be8c-b33fb9acdb3d,d31fccc3-1767-390d-966a-22a5156f4219,,1,1,66383009,,,,,,,,,76b20010-c318-5754-ba34-3e2d74bb7df2,2024-07-27T16:22:38Z,2024-07-27T16:22:38Z,af309757-4e99-3f50-be8c-b33fb9acdb3d,CLOSED,CLOSED,CLOSED,0,0,0,2024-07-27T17:08:45Z,2024-07-27T17:08:45Z,2024-07-27T17:08:45Z,2,2
76b20010-c318-5754-4629-a0e5648006b5,76b20010-c318-5754-8c85-983aa538522f,af309757-4e99-3f50-be8c-b33fb9acdb3d,d31fccc3-1767-390d-966a-22a5156f4219,,2,2,389095005,,,,,,,,,76b20010-c318-5754-7e24-f25c850ef8d2,2025-05-08T16:22:38Z,2025-05-08T16:22:38Z,af309757-4e99-3f50-be8c-b33fb9acdb3d,CLOSED,CLOSED,CLOSED,0,0,0,2025-05-08T16:37:38Z,2025-05-08T16:37:38Z,2025-05-08T16:37:38Z,2,2
76b20010-c318-5754-fdab-12f8ec1f057b,76b20010-c318-5754-8c85-983aa538522f,af309757-4e99-3f50-be8c-b33fb9acdb3d,d31fccc3-1767-390d-966a-22a5156f4219,,2,2,389095005,,,,,,,,,76b20010-c318-5754-7e24-f25c850ef8d2,2025-05-08T16:22:38Z,2025-05-08T16:22:38Z,af309757-4e99-3f50-be8c-b33fb9acdb3d,CLOSED,CLOSED,CLOSED,0,0,0,2025-05-08T16:37:38Z,2025-05-08T16:37:38Z,2025-05-08T16:37:38Z,2,2
76b20010-c318-5754-16f8-5bd31b7cd543,76b20010-c318-5754-8c85-983aa538522f,a693e67d-bb06-34be-ad90-b212e60f1120,d31fccc3-1767-390d-966a-22a5156f4219,,20,20,422650009,,,,,,,,,76b20010-c318-5754-dda9-e7d53df63d3d,2025-07-19T16:22:38Z,2025-07-19T16:22:38Z,a693e67d-bb06-34be-ad90-b212e60f1120,CLOSED,CLOSED,CLOSED,0,0,0,2025-07-19T17:09:14Z,2025-07-19T17:09:14Z,2025-07-19T17:09:14Z,1,1
76b20010-c318-5754-dde5-67e313adc05f,76b20010-c318-5754-8c85-983aa538522f,a693e67d-bb06-34be-ad90-b212e60f1120,d31fccc3-1767-390d-966a-22a5156f4219,,20,20,422650009,,,,,,,,,76b20010-c318-5754-dda9-e7d53df63d3d,2025-07-19T16:22:38Z,2025-07-19T16:22:38Z,a693e67d-bb06-34be-ad90-b212e60f1120,CLOSED,CLOSED,CLOSED,0,0,0,2025-07-19T17:09:14Z,2025-07-19T17:09:14Z,2025-07-19T17:09:14Z,1,1
76b20010-c318-5754-73ce-56da727d1857,76b20010-c318-5754-8c85-983aa538522f,af309757-4e99-3f50-be8c-b33fb9acdb3d,d31fccc3-1767-390d-966a-22a5156f4219,,1,1,103697008,,,,,,,,,76b20010-c318-5754-3765-732824055857,2025-07-19T17:09:14Z,2025-08-02T16:22:38Z,af309757-4e99-3f50-be8c-b33fb9acdb3d,CLOSED,CLOSED,CLOSED,0,0,0,2025-08-02T17:23:29Z,2025-08-02T17:23:29Z,2025-08-02T17:23:29Z,2,2
76b20010-c318-5754-86ed-c7439ee4daad,76b20010-c318-5754-8c85-983aa538522f,af309757-4e99-3f50-be8c-b33fb9acdb3d,d31fccc3-1767-390d-966a-22a5156f4219,,1,1,72892002,72892002,,,,,,,,76b20010-c318-5754-1f6a-6f4f937481c2,2025-08-23T16:22:38Z,2025-08-23T16:22:38Z,af309757-4e99-3f50-be8c-b33fb9acdb3d,CLOSED,CLOSED,CLOSED,0,0,0,2025-08-23T16:37:38Z,2025-08-23T16:37:38Z,2025-08-23T16:37:38Z,2,2
76b20010-c318-5754-8b27-bfaf3c80fa38,76b20010-c318-5754-8c85-983aa538522f,af309757-4e99-3f50-be8c-b33fb9acdb3d,d31fccc3-1767-390d-966a-22a5156f4219,,1,1,72892002,,,,,,,,,76b20010-c318-5754-edb3-29b00cb43156,2025-09-07T16:22:38Z,2025-09-07T16:22:38Z,af309757-4e99-3f50-be8c-b33fb9acdb3d,CLOSED,CLOSED,CLOSED,0,0,0,2025-09-07T16:37:38Z,2025-09-07T16:37:38Z,2025-09-07T16:37:38Z,2,2
76b20010-c318-5754-8a0a-ffdc4ff15dce,76b20010-c318-5754-8c85-983aa538522f,af309757-4e99-3f50-be8c-b33fb9acdb3d,d31fccc3-1767-390d-966a-22a5156f4219,,1,1,72892002,,,,,,,,,76b20010-c318-5754-2b27-b2d79d0d4ae7,2025-09-25T16:22:38Z,2025-09-25T16:22:38Z,af309757-4e99-3f50-be8c-b33fb9acdb3d,CLOSED,CLOSED,CLOSED,0,0,0,2025-09-25T16:37:38Z,2025-09-25T16:37:38Z,2025-09-25T16:37:38Z,2,2
76b20010-c318-5754-698a-11608a42ca09,76b20010-c318-5754-8c85-983aa538522f,af309757-4e99-3f50-be8c-b33fb9acdb3d,d31fccc3-1767-390d-966a-22a5156f4219,,2,2,389095005,,,,,,,,,76b20010-c318-5754-da47-39e61c7f606a,2026-05-03T16:22:38Z,2026-05-03T16:22:38Z,af309757-4e99-3f50-be8c-b33fb9acdb3d,CLOSED,CLOSED,CLOSED,0,0,0,2026-05-03T16:37:38Z,2026-05-03T16:37:38Z,2026-05-03T16:37:38Z,2,2
76b20010-c318-5754-ce5f-a34067c69fa0,76b20010-c318-5754-8c85-983aa538522f,af309757-4e99-3f50-be8c-b33fb9acdb3d,d31fccc3-1767-390d-966a-22a5156f4219,,2,2,389095005,,,,,,,,,76b20010-c318-5754-da47-39e61c7f606a,2026-05-03T16:22:38Z,2026-05-03T16:22:38Z,af309757-4e99-3f50-be8c-b33fb9acdb3d,CLOSED,CLOSED,CLOSED,0,0,0,2026-05-03T16:37:38Z,2026-05-03T16:37:38Z,2026-05-03T16:37:38Z,2,2
76b20010-c318-5754-7a8c-aa8f174d4d90,76b20010-c318-5754-8c85-983aa538522f,a693e67d-bb06-34be-ad90-b212e60f1120,d31fccc3-1767-390d-966a-22a5156f4219,,20,20,314529007,714628002,271737000,,,,,,,76b20010-c318-5754-284e-ec46603e304f,2026-07-25T16:22:38Z,2026-07-25T16:22:38Z,a693e67d-bb06-34be-ad90-b212e60f1120,CLOSED,CLOSED,CLOSED,0,0,0,2026-07-25T17:19:06Z,2026-07-25T17:19:06Z,2026-07-25T17:19:06Z,1,1
46976cf7-b0bf-be20-590b-1d2058698d99,46976cf7-b0bf-be20-39a5-9f425a52886d,738b8cda-a480-3c30-8cbe-8d3e7fefd009,df166300-5a78-3502-a46a-832842197811,,20,20,105531004,224299000,,,,,,,,46976cf7-b0bf-be20-bb2b-00e35ca90b90,2005-02-13T00:47:24Z,2005-02-13T00:47:24Z,738b8cda-a480-3c30-8cbe-8d3e7fefd009,CLOSED,CLOSED,CLOSED,0,0,0,2005-02-13T01:21:29Z,2005-02-13T01:21:29Z,2005-02-13T01:21:29Z,1,1
46976cf7-b0bf-be20-59b3-06190b83cd6f,46976cf7-b0bf-be20-39a5-9f425a52886d,e4a05206-ec86-380f-9485-92d157d54f92,8fa6c185-e44e-3e34-8bd8-39be8694f4ce,,1,1,66383009,235104008,,,,,,,,46976cf7-b0bf-be20-59e0-1a5f6fe102c4,2006-01-08T00:47:24Z,2006-01-08T00:47:24Z,e4a05206-ec86-380f-9485-92d157d54f92,CLOSED,CLOSED,CLOSED,0,0,0,2006-01-08T01:34:54Z,2006-01-08T01:34:54Z,2006-01-08T01:34:54Z,2,2
46976cf7-b0bf-be20-8070-8ba423910dbd,46976cf7-b0bf-be20-39a5-9f425a52886d,738b8cda-a480-3c30-8cbe-8d3e7fefd009,0133f751-9229-3cfd-815f-b6d4979bdd6a,,20,20,714628002,,,,,,,,,46976cf7-b0bf-be20-10ec-fcf1b9984180,2009-02-22T00:47:24Z,2009-02-22T00:47:24Z,738b8cda-a480-3c30-8cbe-8d3e7fefd009,CLOSED,CLOSED,CLOSED,0,0,0,2009-02-22T01:22:39Z,2009-02-22T01:22:39Z,2009-02-22T01:22:39Z,1,1
46976cf7-b0bf-be20-b2f3-93aa17ca4f2f,46976cf7-b0bf-be20-39a5-9f425a52886d,738b8cda-a480-3c30-8cbe-8d3e7fefd009,8fa6c185-e44e-3e34-8bd8-39be8694f4ce,,20,20,271737000,423315002,,,,,,,,46976cf7-b0bf-be20-de43-eef974d46828,2012-02-26T00:47:24Z,2012-02-26T00:47:24Z,738b8cda-a480-3c30-8cbe-8d3e7fefd009,CLOSED,CLOSED,CLOSED,0,0,0,2012-02-26T01:23:27Z,2012-02-26T01:23:27Z,2012-02-26T01:23:27Z,1,1
46976cf7-b0bf-be20-4fd0-699ac7633343,46976cf7-b0bf-be20-39a5-9f425a52886d,e4a05206-ec86-380f-9485-92d157d54f92,df166300-5a78-3502-a46a-832842197811,,1,1,156073000,161744009,,,,,,,,46976cf7-b0bf-be20-53ec-fc2769154060,2013-01-18T00:47:24Z,2013-01-18T00:47:24Z,e4a05206-ec86-380f-9485-92d157d54f92,CLOSED,CLOSED,CLOSED,0,0,0,2013-01-18T01:02:24Z,2013-01-18T01:02:24Z,2013-01-18T01:02:24Z,2,2
46976cf7-b0bf-be20-7c58-a1f220ca2f3e,46976cf7-b0bf-be20-39a5-9f425a52886d,e4a05206-ec86-380f-9485-92d157d54f92,734afbd6-4794-363b-9bc0-6a3981533ed5,,2,2,82423001,82423001,1121000119107,,,,,,,46976cf7-b0bf-be20-f1ea-73e1be0bbde9,2014-02-04T00:47:24Z,2014-02-04T00:47:24Z,e4a05206-ec86-380f-9485-92d157d54f92,CLOSED,CLOSED,CLOSED,0,0,0,2014-02-04T01:02:24Z,2014-02-04T01:02:24Z,2014-02-04T01:02:24Z,2,2
46976cf7-b0bf-be20-4983-00b5985d8b26,46976cf7-b0bf-be20-39a5-9f425a52886d,e4a05206-ec86-380f-9485-92d157d54f92,734afbd6-4794-363b-9bc0-6a3981533ed5,,1,1,82423001,,,,,,,,,46976cf7-b0bf-be20-ac88-c5c5b13db1f7,2014-02-04T00:47:24Z,2014-06-19T11:44:33Z,e4a05206-ec86-380f-9485-92d157d54f92,CLOSED,CLOSED,CLOSED,0,0,0,2014-06-19T11:59:33Z,2014-06-19T11:59:33Z,2014-06-19T11:59:33Z,2,2
46976cf7-b0bf-be20-259c-5b2c6eebcf88,46976cf7-b0bf-be20-39a5-9f425a52886d,e4a05206-ec86-380f-9485-92d157d54f92,df166300-5a78-3502-a46a-832842197811,,1,1,103697008,80967001,,,,,,,,46976cf7-b0bf-be20-b937-6d9fc142d463,2016-07-24T00:47:24Z,2016-07-24T00:47:24Z,e4a05206-ec86-380f-9485-92d157d54f92,CLOSED,CLOSED,CLOSED,0,0,0,2016-07-24T01:06:56Z,2016-07-24T01:06:56Z,2016-07-24T01:06:56Z,2,2
46976cf7-b0bf-be20-788a-eb4a63ba9b9e,46976cf7-b0bf-be20-39a5-9f425a52886d,738b8cda-a480-3c30-8cbe-8d3e7fefd009,df166300-5a78-3502-a46a-832842197811,,20,20,314529007,,,,,,,,,46976cf7-b0bf-be20-a6ac-e970c3b697b3,2018-07-22T00:47:24Z,2018-07-22T00:47:24Z,738b8cda-a480-3c30-8cbe-8d3e7fefd009,CLOSED,CLOSED,CLOSED,0,0,0,2018-07-22T01:24:40Z,2018-07-22T01:24:40Z,2018-07-22T01:24:40Z,1,1
46976cf7-b0bf-be20-0f60-d8e837b33235,46976cf7-b0bf-be20-39a5-9f425a52886d,738b8cda-a480-3c30-8cbe-8d3e7fefd009,734afbd6-4794-363b-9bc0-6a3981533ed5,,20,20,160903007,,,,,,,,,46976cf7-b0bf-be20-d92d-9ff3076c207b,2020-08-02T00:47:24Z,2020-08-02T00:47:24Z,738b8cda-a480-3c30-8cbe-8d3e7fefd009,CLOSED,CLOSED,CLOSED,0,0,0,2020-08-02T01:24:30Z,2020-08-02T01:24:30Z,2020-08-02T01:24:30Z,1,1
76b20010-c318-5754-1844-7dc155a95658,76b20010-c318-5754-8c85-983aa538522f,a693e67d-bb06-34be-ad90-b212e60f1120,d31fccc3-1767-390d-966a-22a5156f4219,,20,20,314529007,714628002,271737000,,,,,,,76b20010-c318-5754-284e-ec46603e304f,2026-07-25T16:22:38Z,2026-07-25T16:22:38Z,a693e67d-bb06-34be-ad90-b212e60f1120,CLOSED,CLOSED,CLOSED,0,0,0,2026-07-25T17:19:06Z,2026-07-25T17:19:06Z,2026-07-25T17:19:06Z,1,1
46976cf7-b0bf-be20-934c-1c249c8544cc,46976cf7-b0bf-be20-39a5-9f425a52886d,e4a05206-ec86-380f-9485-92d157d54f92,df166300-5a78-3502-a46a-832842197811,,1,1,75498004,40055000,,,,,,,,46976cf7-b0bf-be20-7916-d0bf930a2163,2022-09-10T10:47:24Z,2022-09-10T10:47:24Z,e4a05206-ec86-380f-9485-92d157d54f92,CLOSED,CLOSED,CLOSED,0,0,0,2022-09-10T11:02:24Z,2022-09-10T11:02:24Z,2022-09-10T11:02:24Z,2,2
46976cf7-b0bf-be20-0246-a998c5770287,46976cf7-b0bf-be20-39a5-9f425a52886d,e4a05206-ec86-380f-9485-92d157d54f92,8fa6c185-e44e-3e34-8bd8-39be8694f4ce,,2,2,389095005,,,,,,,,,46976cf7-b0bf-be20-366d-81e5b68ab3ea,2023-02-01T00:47:24Z,2023-02-01T00:47:24Z,e4a05206-ec86-380f-9485-92d157d54f92,CLOSED,CLOSED,CLOSED,0,0,0,2023-02-01T01:02:24Z,2023-02-01T01:02:24Z,2023-02-01T01:02:24Z,2,2
76b20010-c318-5754-fff3-7a6d01fcdb72,76b20010-c318-5754-8c85-983aa538522f,af309757-4e99-3f50-be8c-b33fb9acdb3d,d31fccc3-1767-390d-966a-22a5156f4219,,1,1,271737000,,,,,,,,,76b20010-c318-5754-535e-2ade0195581f,2026-07-25T16:22:38Z,2026-08-01T16:22:38Z,af309757-4e99-3f50-be8c-b33fb9acdb3d,CLOSED,CLOSED,CLOSED,0,0,0,2026-08-01T17:24:38Z,2026-08-01T17:24:38Z,2026-08-01T17:24:38Z,2,2
46976cf7-b0bf-be20-ff34-0af7b5260945,46976cf7-b0bf-be20-39a5-9f425a52886d,e4a05206-ec86-380f-9485-92d157d54f92,8fa6c185-e44e-3e34-8bd8-39be8694f4ce,,2,2,389095005,,,,,,,,,46976cf7-b0bf-be20-366d-81e5b68ab3ea,2023-02-01T00:47:24Z,2023-02-01T00:47:24Z,e4a05206-ec86-380f-9485-92d157d54f92,CLOSED,CLOSED,CLOSED,0,0,0,2023-02-01T01:02:24Z,2023-02-01T01:02:24Z,2023-02-01T01:02:24Z,2,2
46976cf7-b0bf-be20-0c45-f2353e327cd7,46976cf7-b0bf-be20-39a5-9f425a52886d,738b8cda-a480-3c30-8cbe-8d3e7fefd009,8fa6c185-e44e-3e34-8bd8-39be8694f4ce,,20,20,162673000,,,,,,,,,46976cf7-b0bf-be20-778a-621a03461bbd,2023-08-20T00:47:24Z,2023-08-20T00:47:24Z,738b8cda-a480-3c30-8cbe-8d3e7fefd009,CLOSED,CLOSED,CLOSED,0,0,0,2023-08-20T01:40:05Z,2023-08-20T01:40:05Z,2023-08-20T01:40:05Z,1,1
46976cf7-b0bf-be20-1163-299eee4618aa,46976cf7-b0bf-be20-39a5-9f425a52886d,738b8cda-a480-3c30-8cbe-8d3e7fefd009,8fa6c185-e44e-3e34-8bd8-39be8694f4ce,,20,20,162673000,,,,,,,,,46976cf7-b0bf-be20-778a-621a03461bbd,2023-08-20T00:47:24Z,2023-08-20T00:47:24Z,738b8cda-a480-3c30-8cbe-8d3e7fefd009,CLOSED,CLOSED,CLOSED,0,0,0,2023-08-20T01:40:05Z,2023-08-20T01:40:05Z,2023-08-20T01:40:05Z,1,1
46976cf7-b0bf-be20-f1f0-86b98ec1ee70,46976cf7-b0bf-be20-39a5-9f425a52886d,e4a05206-ec86-380f-9485-92d157d54f92,8fa6c185-e44e-3e34-8bd8-39be8694f4ce,,2,2,389095005,,,,,,,,,46976cf7-b0bf-be20-c6fb-97205e7942f6,2024-01-30T13:47:35Z,2024-01-30T13:47:35Z,e4a05206-ec86-380f-9485-92d157d54f92,CLOSED,CLOSED,CLOSED,0,0,0,2024-01-30T14:02:46Z,2024-01-30T14:02:46Z,2024-01-30T14:02:46Z,2,2
46976cf7-b0bf-be20-919a-416db7915abf,46976cf7-b0bf-be20-39a5-9f425a52886d,e4a05206-ec86-380f-9485-92d157d54f92,8fa6c185-e44e-3e34-8bd8-39be8694f4ce,,2,2,389095005,,,,,,,,,46976cf7-b0bf-be20-c6fb-97205e7942f6,2024-01-30T13:47:35Z,2024-01-30T13:47:35Z,e4a05206-ec86-380f-9485-92d157d54f92,CLOSED,CLOSED,CLOSED,0,0,0,2024-01-30T14:02:46Z,2024-01-30T14:02:46Z,2024-01-30T14:02:46Z,2,2
46976cf7-b0bf-be20-caba-fcf706b1a1fa,46976cf7-b0bf-be20-39a5-9f425a52886d,738b8cda-a480-3c30-8cbe-8d3e7fefd009,8fa6c185-e44e-3e34-8bd8-39be8694f4ce,,20,20,73438004,424393004,,,,,,,,46976cf7-b0bf-be20-e20b-846107d1bb3c,2024-08-25T00:47:24Z,2024-08-25T00:47:24Z,738b8cda-a480-3c30-8cbe-8d3e7fefd009,CLOSED,CLOSED,CLOSED,0,0,0,2024-08-25T01:33:46Z,2024-08-25T01:33:46Z,2024-08-25T01:33:46Z,1,1
46976cf7-b0bf-be20-1a7d-30f1e73bca98,46976cf7-b0bf-be20-39a5-9f425a52886d,738b8cda-a480-3c30-8cbe-8d3e7fefd009,8fa6c185-e44e-3e34-8bd8-39be8694f4ce,,20,20,73438004,424393004,,,,,,,,46976cf7-b0bf-be20-e20b-846107d1bb3c,2024-08-25T00:47:24Z,2024-08-25T00:47:24Z,738b8cda-a480-3c30-8cbe-8d3e7fefd009,CLOSED,CLOSED,CLOSED,0,0,0,2024-08-25T01:33:46Z,2024-08-25T01:33:46Z,2024-08-25T01:33:46Z,1,1
46976cf7-b0bf-be20-1c40-7677ddabc5c2,46976cf7-b0bf-be20-39a5-9f425a52886d,e4a05206-ec86-380f-9485-92d157d54f92,8fa6c185-e44e-3e34-8bd8-39be8694f4ce,,2,2,389095005,,,,,,,,,46976cf7-b0bf-be20-ea62-140f2e941ab5,2025-01-24T14:02:46Z,2025-01-24T14:02:46Z,e4a05206-ec86-380f-9485-92d157d54f92,CLOSED,CLOSED,CLOSED,0,0,0,2025-01-24T14:17:46Z,2025-01-24T14:17:46Z,2025-01-24T14:17:46Z,2,2
46976cf7-b0bf-be20-af68-b705448d652b,46976cf7-b0bf-be20-39a5-9f425a52886d,e4a05206-ec86-380f-9485-92d157d54f92,8fa6c185-e44e-3e34-8bd8-39be8694f4ce,,2,2,389095005,,,,,,,,,46976cf7-b0bf-be20-ea62-140f2e941ab5,2025-01-24T14:02:46Z,2025-01-24T14:02:46Z,e4a05206-ec86-380f-9485-92d157d54f92,CLOSED,CLOSED,CLOSED,0,0,0,2025-01-24T14:17:46Z,2025-01-24T14:17:46Z,2025-01-24T14:17:46Z,2,2
46976cf7-b0bf-be20-c558-30d01a9efba4,46976cf7-b0bf-be20-39a5-9f425a52886d,738b8cda-a480-3c30-8cbe-8d3e7fefd009,8fa6c185-e44e-3e34-8bd8-39be8694f4ce,,20,20,314529007,160903007,73595000,,,,,,,46976cf7-b0bf-be20-e16b-e2b944724e5b,2025-08-31T00:47:24Z,2025-08-31T00:47:24Z,738b8cda-a480-3c30-8cbe-8d3e7fefd009,CLOSED,CLOSED,CLOSED,0,0,0,2025-08-31T01:32:08Z,2025-08-31T01:32:08Z,2025-08-31T01:32:08Z,1,1
46976cf7-b0bf-be20-e183-e05d774a19fd,46976cf7-b0bf-be20-39a5-9f425a52886d,738b8cda-a480-3c30-8cbe-8d3e7fefd009,8fa6c185-e44e-3e34-8bd8-39be8694f4ce,,20,20,314529007,160903007,73595000,,,,,,,46976cf7-b0bf-be20-e16b-e2b944724e5b,2025-08-31T00:47:24Z,2025-08-31T00:47:24Z,738b8cda-a480-3c30-8cbe-8d3e7fefd009,CLOSED,CLOSED,CLOSED,0,0,0,2025-08-31T01:32:08Z,2025-08-31T01:32:08Z,2025-08-31T01:32:08Z,1,1
46976cf7-b0bf-be20-bb8f-b6c53d7de628,46976cf7-b0bf-be20-39a5-9f425a52886d,e4a05206-ec86-380f-9485-92d157d54f92,8fa6c185-e44e-3e34-8bd8-39be8694f4ce,,1,1,103697008,,,,,,,,,46976cf7-b0bf-be20-5b23-eea64adf5eb3,2025-08-31T02:36:55Z,2025-09-14T00:47:24Z,e4a05206-ec86-380f-9485-92d157d54f92,CLOSED,CLOSED,CLOSED,0,0,0,2025-09-14T01:20:51Z,2025-09-14T01:20:51Z,2025-09-14T01:20:51Z,2,2
46976cf7-b0bf-be20-9c06-fbca2c6be840,46976cf7-b0bf-be20-39a5-9f425a52886d,e4a05206-ec86-380f-9485-92d157d54f92,8fa6c185-e44e-3e34-8bd8-39be8694f4ce,,2,2,389095005,,,,,,,,,46976cf7-b0bf-be20-7010-b925c6a8b237,2026-01-19T14:02:46Z,2026-01-19T14:02:46Z,e4a05206-ec86-380f-9485-92d157d54f92,CLOSED,CLOSED,CLOSED,0,0,0,2026-01-19T14:17:46Z,2026-01-19T14:17:46Z,2026-01-19T14:17:46Z,2,2
46976cf7-b0bf-be20-2406-3e902a93e8a9,46976cf7-b0bf-be20-39a5-9f425a52886d,e4a05206-ec86-380f-9485-92d157d54f92,8fa6c185-e44e-3e34-8bd8-39be8694f4ce,,2,2,389095005,,,,,,,,,46976cf7-b0bf-be20-7010-b925c6a8b237,2026-01-19T14:02:46Z,2026-01-19T14:02:46Z,e4a05206-ec86-380f-9485-92d157d54f92,CLOSED,CLOSED,CLOSED,0,0,0,2026-01-19T14:17:46Z,2026-01-19T14:17:46Z,2026-01-19T14:17:46Z,2,2
46976cf7-b0bf-be20-cb4b-c3c225021319,46976cf7-b0bf-be20-39a5-9f425a52886d,738b8cda-a480-3c30-8cbe-8d3e7fefd009,8fa6c185-e44e-3e34-8bd8-39be8694f4ce,,20,20,314529007,423315002,,,,,,,,46976cf7-b0bf-be20-64a0-0c2a910cc846,2026-09-06T00:47:24Z,2026-09-06T00:47:24Z,738b8cda-a480-3c30-8cbe-8d3e7fefd009,CLOSED,CLOSED,CLOSED,0,0,0,2026-09-06T01:41:58Z,2026-09-06T01:41:58Z,2026-09-06T01:41:58Z,1,1
46976cf7-b0bf-be20-22d0-2f07e52ff256,46976cf7-b0bf-be20-39a5-9f425a52886d,738b8cda-a480-3c30-8cbe-8d3e7fefd009,8fa6c185-e44e-3e34-8bd8-39be8694f4ce,,20,20,314529007,423315002,,,,,,,,46976cf7-b0bf-be20-64a0-0c2a910cc846,2026-09-06T00:47:24Z,2026-09-06T00:47:24Z,738b8cda-a480-3c30-8cbe-8d3e7fefd009,CLOSED,CLOSED,CLOSED,0,0,0,2026-09-06T01:41:58Z,2026-09-06T01:41:58Z,2026-09-06T01:41:58Z,1,1
ba419d35-0dfe-8af7-f91d-29f61ebb1715,ba419d35-0dfe-8af7-347c-eebf02485a56,59a6f3ec-455a-3423-9cc8-36415922e61a,,,1,1,307426000,197927001,,,,,,,,ba419d35-0dfe-8af7-5eb5-f38a7eb14e0f,1989-10-08T22:30:59Z,1989-10-08T22:30:59Z,59a6f3ec-455a-3423-9cc8-36415922e61a,CLOSED,CLOSED,CLOSED,0,0,0,1989-10-09T00:04:18Z,1989-10-09T00:04:18Z,1989-10-09T00:04:18Z,2,2
ba419d35-0dfe-8af7-0efb-5780b7167ee4,ba419d35-0dfe-8af7-347c-eebf02485a56,59a6f3ec-455a-3423-9cc8-36415922e61a,,,2,2,160968000,,,,,,,,,ba419d35-0dfe-8af7-8de9-2c4150467374,1991-02-25T22:30:59Z,1991-02-25T22:30:59Z,59a6f3ec-455a-3423-9cc8-36415922e61a,CLOSED,CLOSED,CLOSED,0,0,0,1991-02-25T22:59:14Z,1991-02-25T22:59:14Z,1991-02-25T22:59:14Z,2,2
ba419d35-0dfe-8af7-ea45-e30eca4aa3d5,ba419d35-0dfe-8af7-347c-eebf02485a56,61fd3592-0a94-3213-82cb-5f90831ef947,,,20,20,224299000,,,,,,,,,ba419d35-0dfe-8af7-d0de-6bcd15eda31f,1991-07-08T22:30:59Z,1991-07-08T22:30:59Z,61fd3592-0a94-3213-82cb-5f90831ef947,CLOSED,CLOSED,CLOSED,0,0,0,1991-07-08T23:07:20Z,1991-07-08T23:07:20Z,1991-07-08T23:07:20Z,1,1
ba419d35-0dfe-8af7-608c-ae71a26756ed,ba419d35-0dfe-8af7-347c-eebf02485a56,59a6f3ec-455a-3423-9cc8-36415922e61a,,,1,1,271737000,,,,,,,,,ba419d35-0dfe-8af7-f4fb-eaf44f55bb61,1996-09-23T22:30:59Z,1996-09-23T22:30:59Z,59a6f3ec-455a-3423-9cc8-36415922e61a,CLOSED,CLOSED,CLOSED,0,0,0,1996-09-23T23:53:00Z,1996-09-23T23:53:00Z,1996-09-23T23:53:00Z,2,2
ba419d35-0dfe-8af7-de06-17c9936f1575,ba419d35-0dfe-8af7-347c-eebf02485a56,59a6f3ec-455a-3423-9cc8-36415922e61a,,,1,1,271737000,,,,,,,,,ba419d35-0dfe-8af7-f4fb-eaf44f55bb61,1996-09-23T22:30:59Z,1996-09-23T22:30:59Z,59a6f3ec-455a-3423-9cc8-36415922e61a,CLOSED,CLOSED,CLOSED,0,0,0,1996-09-23T23:53:00Z,1996-09-23T23:53:00Z,1996-09-23T23:53:00Z,2,2
ba419d35-0dfe-8af7-e2f7-bf9cc4c1195f,ba419d35-0dfe-8af7-347c-eebf02485a56,59a6f3ec-455a-3423-9cc8-36415922e61a,,,1,1,95417003,95417003,,,,,,,,ba419d35-0dfe-8af7-6554-0aaa18ba648d,2001-11-23T22:30:59Z,2001-11-23T22:30:59Z,59a6f3ec-455a-3423-9cc8-36415922e61a,CLOSED,CLOSED,CLOSED,0,0,0,2001-11-23T22:45:59Z,2001-11-23T22:45:59Z,2001-11-23T22:45:59Z,2,2
ba419d35-0dfe-8af7-9113-a2b8b3d2b921,ba419d35-0dfe-8af7-347c-eebf02485a56,59a6f3ec-455a-3423-9cc8-36415922e61a,,,1,1,95417003,95417003,,,,,,,,ba419d35-0dfe-8af7-6554-0aaa18ba648d,2001-11-23T22:30:59Z,2001-11-23T22:30:59Z,59a6f3ec-455a-3423-9cc8-36415922e61a,CLOSED,CLOSED,CLOSED,0,0,0,2001-11-23T22:45:59Z,2001-11-23T22:45:59Z,2001-11-23T22:45:59Z,2,2
ba419d35-0dfe-8af7-fd66-2c36c005c641,ba419d35-0dfe-8af7-347c-eebf02485a56,61fd3592-0a94-3213-82cb-5f90831ef947,a735bf55-83e9-331a-899d-a82a60b9f60c,b046940f-1664-3047-bca7-dfa76be352a4,20,20,714628002,,,,,,,,,ba419d35-0dfe-8af7-3045-41e79d71a376,2004-07-26T22:30:59Z,2004-07-26T22:30:59Z,61fd3592-0a94-3213-82cb-5f90831ef947,CLOSED,,CLOSED,0,,0,2004-07-26T23:29:37Z,,2004-07-26T23:29:37Z,1,0
ba419d35-0dfe-8af7-ba71-7703767440de,ba419d35-0dfe-8af7-347c-eebf02485a56,2267fb2d-3a87-37a2-9fef-59c9efdf694e,a735bf55-83e9-331a-899d-a82a60b9f60c,b046940f-1664-3047-bca7-dfa76be352a4,4,4,66383009,,,,,,,,,ba419d35-0dfe-8af7-f030-7998b6962eac,2006-07-31T22:30:59Z,2006-07-31T22:30:59Z,2267fb2d-3a87-37a2-9fef-59c9efdf694e,CLOSED,,CLOSED,0,,0,2006-07-31T23:30:59Z,,2006-07-31T23:30:59Z,2,0
ba419d35-0dfe-8af7-4f09-820ae88e5c34,ba419d35-0dfe-8af7-347c-eebf02485a56,59a6f3ec-455a-3423-9cc8-36415922e61a,a735bf55-83e9-331a-899d-a82a60b9f60c,b046940f-1664-3047-bca7-dfa76be352a4,3,3,183996000,267020005,,,,,,,,ba419d35-0dfe-8af7-fb92-adc27ac985b9,2008-06-09T22:30:59Z,2008-06-09T22:30:59Z,59a6f3ec-455a-3423-9cc8-36415922e61a,CLOSED,,CLOSED,0,,0,2008-06-10T22:30:59Z,,2008-06-10T22:30:59Z,2,0
ba419d35-0dfe-8af7-cb5a-eec300ea54a4,ba419d35-0dfe-8af7-347c-eebf02485a56,61fd3592-0a94-3213-82cb-5f90831ef947,a735bf55-83e9-331a-899d-a82a60b9f60c,b046940f-1664-3047-bca7-dfa76be352a4,20,20,162864005,,,,,,,,,ba419d35-0dfe-8af7-4eb8-d47890ff8acf,2013-05-20T22:30:59Z,2013-05-20T22:30:59Z,61fd3592-0a94-3213-82cb-5f90831ef947,CLOSED,,CLOSED,0,,0,2013-05-20T23:23:58Z,,2013-05-20T23:23:58Z,1,0
ba419d35-0dfe-8af7-ad3c-0b540168e7f2,ba419d35-0dfe-8af7-347c-eebf02485a56,59a6f3ec-455a-3423-9cc8-36415922e61a,a735bf55-83e9-331a-899d-a82a60b9f60c,b046940f-1664-3047-bca7-dfa76be352a4,2,2,82423001,82423001,278860009,1121000119107,,,,,,ba419d35-0dfe-8af7-5edb-3a9e825fc255,2014-02-05T22:30:59Z,2014-02-05T22:30:59Z,59a6f3ec-455a-3423-9cc8-36415922e61a,CLOSED,,CLOSED,0,,0,2014-02-05T22:45:59Z,,2014-02-05T22:45:59Z,2,0
ba419d35-0dfe-8af7-13f9-71b96fa60562,ba419d35-0dfe-8af7-347c-eebf02485a56,59a6f3ec-455a-3423-9cc8-36415922e61a,a735bf55-83e9-331a-899d-a82a60b9f60c,b046940f-1664-3047-bca7-dfa76be352a4,1,1,82423001,,,,,,,,,ba419d35-0dfe-8af7-9414-75a3685f0ab4,2014-02-05T22:30:59Z,2014-06-15T04:32:27Z,59a6f3ec-455a-3423-9cc8-36415922e61a,CLOSED,,CLOSED,0,,0,2014-06-15T04:47:27Z,,2014-06-15T04:47:27Z,2,0
ba419d35-0dfe-8af7-6a3a-957cf95e419e,ba419d35-0dfe-8af7-347c-eebf02485a56,59a6f3ec-455a-3423-9cc8-36415922e61a,a735bf55-83e9-331a-899d-a82a60b9f60c,b046940f-1664-3047-bca7-dfa76be352a4,1,1,82423001,,,,,,,,,ba419d35-0dfe-8af7-9414-75a3685f0ab4,2014-02-05T22:30:59Z,2014-06-15T04:32:27Z,59a6f3ec-455a-3423-9cc8-36415922e61a,CLOSED,,CLOSED,0,,0,2014-06-15T04:47:27Z,,2014-06-15T04:47:27Z,2,0
ba419d35-0dfe-8af7-e22d-fe23c171f7cd,ba419d35-0dfe-8af7-347c-eebf02485a56,61fd3592-0a94-3213-82cb-5f90831ef947,a735bf55-83e9-331a-899d-a82a60b9f60c,b046940f-1664-3047-bca7-dfa76be352a4,20,20,160903007,,,,,,,,,ba419d35-0dfe-8af7-ca9e-8e8435f7c932,2021-06-07T22:30:59Z,2021-06-07T22:30:59Z,61fd3592-0a94-3213-82cb-5f90831ef947,CLOSED,,CLOSED,0,,0,2021-06-07T23:29:05Z,,2021-06-07T23:29:05Z,1,0
ba419d35-0dfe-8af7-1f95-654fc7ca06a2,ba419d35-0dfe-8af7-347c-eebf02485a56,59a6f3ec-455a-3423-9cc8-36415922e61a,a735bf55-83e9-331a-899d-a82a60b9f60c,b046940f-1664-3047-bca7-dfa76be352a4,2,2,389095005,,,,,,,,,ba419d35-0dfe-8af7-0a1c-7a350fd67ced,2023-12-11T22:30:59Z,2023-12-11T22:30:59Z,59a6f3ec-455a-3423-9cc8-36415922e61a,CLOSED,,CLOSED,0,,0,2023-12-11T22:45:59Z,,2023-12-11T22:45:59Z,2,0
ba419d35-0dfe-8af7-a8bd-62463eaefec8,ba419d35-0dfe-8af7-347c-eebf02485a56,59a6f3ec-455a-3423-9cc8-36415922e61a,a735bf55-83e9-331a-899d-a82a60b9f60c,b046940f-1664-3047-bca7-dfa76be352a4,2,2,314529007,73595000,,,,,,,,ba419d35-0dfe-8af7-60df-98d56b815daf,2024-01-01T22:30:59Z,2024-01-01T22:30:59Z,59a6f3ec-455a-3423-9cc8-36415922e61a,CLOSED,,CLOSED,0,,0,2024-01-01T23:19:08Z,,2024-01-01T23:19:08Z,2,0
ba419d35-0dfe-8af7-ca1e-b2bbbe2d881e,ba419d35-0dfe-8af7-347c-eebf02485a56,59a6f3ec-455a-3423-9cc8-36415922e61a,a735bf55-83e9-331a-899d-a82a60b9f60c,b046940f-1664-3047-bca7-dfa76be352a4,1,1,36971009,36971009,,,,,,,,ba419d35-0dfe-8af7-d5c4-49a2ee2d32cb,2024-01-08T22:30:59Z,2024-01-08T22:30:59Z,59a6f3ec-455a-3423-9cc8-36415922e61a,CLOSED,,CLOSED,0,,0,2024-01-08T22:45:59Z,,2024-01-08T22:45:59Z,2,0
ba419d35-0dfe-8af7-6e61-20f2d72e9f03,ba419d35-0dfe-8af7-347c-eebf02485a56,59a6f3ec-455a-3423-9cc8-36415922e61a,a735bf55-83e9-331a-899d-a82a60b9f60c,b046940f-1664-3047-bca7-dfa76be352a4,1,1,36971009,36971009,,,,,,,,ba419d35-0dfe-8af7-d5c4-49a2ee2d32cb,2024-01-08T22:30:59Z,2024-01-08T22:30:59Z,59a6f3ec-455a-3423-9cc8-36415922e61a,CLOSED,,CLOSED,0,,0,2024-01-08T22:45:59Z,,2024-01-08T22:45:59Z,2,0
ba419d35-0dfe-8af7-f167-448f5ca5b254,ba419d35-0dfe-8af7-347c-eebf02485a56,59a6f3ec-455a-3423-9cc8-36415922e61a,a735bf55-83e9-331a-899d-a82a60b9f60c,b046940f-1664-3047-bca7-dfa76be352a4,1,1,185349003,,,,,,,,,ba419d35-0dfe-8af7-8252-7899ca486d96,2024-01-15T22:30:59Z,2024-01-15T22:30:59Z,59a6f3ec-455a-3423-9cc8-36415922e61a,CLOSED,,CLOSED,0,,0,2024-01-15T22:45:59Z,,2024-01-15T22:45:59Z,2,0
ba419d35-0dfe-8af7-268a-0dd6be122b56,ba419d35-0dfe-8af7-347c-eebf02485a56,59a6f3ec-455a-3423-9cc8-36415922e61a,a735bf55-83e9-331a-899d-a82a60b9f60c,b046940f-1664-3047-bca7-dfa76be352a4,1,1,36971009,,,,,,,,,ba419d35-0dfe-8af7-7851-37125678eedb,2024-02-19T22:30:59Z,2024-02-19T22:30:59Z,59a6f3ec-455a-3423-9cc8-36415922e61a,CLOSED,,CLOSED,0,,0,2024-02-19T22:45:59Z,,2024-02-19T22:45:59Z,2,0
ba419d35-0dfe-8af7-e7b3-f7abeff2063f,ba419d35-0dfe-8af7-347c-eebf02485a56,59a6f3ec-455a-3423-9cc8-36415922e61a,a735bf55-83e9-331a-899d-a82a60b9f60c,b046940f-1664-3047-bca7-dfa76be352a4,2,2,389095005,,,,,,,,,ba419d35-0dfe-8af7-e146-1760eece65c2,2024-03-11T22:30:59Z,2024-03-11T22:30:59Z,59a6f3ec-455a-3423-9cc8-36415922e61a,CLOSED,,CLOSED,0,,0,2024-03-11T22:45:59Z,,2024-03-11T22:45:59Z,2,0
ba419d35-0dfe-8af7-8579-f2ef0af1643c,ba419d35-0dfe-8af7-347c-eebf02485a56,61fd3592-0a94-3213-82cb-5f90831ef947,a735bf55-83e9-331a-899d-a82a60b9f60c,b046940f-1664-3047-bca7-dfa76be352a4,20,20,314529007,160904001,423315002,424393004,706893006,,,,,ba419d35-0dfe-8af7-8f87-c048f773eb0a,2024-05-20T22:30:59Z,2024-05-20T22:30:59Z,61fd3592-0a94-3213-82cb-5f90831ef947,CLOSED,,CLOSED,0,,0,2024-05-20T23:23:48Z,,2024-05-20T23:23:48Z,1,0
ba419d35-0dfe-8af7-f3b4-0fca0e14ef7a,ba419d35-0dfe-8af7-347c-eebf02485a56,59a6f3ec-455a-3423-9cc8-36415922e61a,a735bf55-83e9-331a-899d-a82a60b9f60c,b046940f-1664-3047-bca7-dfa76be352a4,2,2,389095005,,,,,,,,,ba419d35-0dfe-8af7-105f-a64e044456e8,2024-06-10T22:30:59Z,2024-06-10T22:30:59Z,59a6f3ec-455a-3423-9cc8-36415922e61a,CLOSED,,CLOSED,0,,0,2024-06-10T22:48:47Z,,2024-06-10T22:48:47Z,2,0
ba419d35-0dfe-8af7-5ba4-1dbe3d49144e,ba419d35-0dfe-8af7-347c-eebf02485a56,59a6f3ec-455a-3423-9cc8-36415922e61a,a735bf55-83e9-331a-899d-a82a60b9f60c,b046940f-1664-3047-bca7-dfa76be352a4,2,2,389095005,,,,,,,,,ba419d35-0dfe-8af7-480d-184767ef3770,2024-09-09T22:30:59Z,2024-09-09T22:30:59Z,59a6f3ec-455a-3423-9cc8-36415922e61a,CLOSED,,CLOSED,0,,0,2024-09-09T22:46:50Z,,2024-09-09T22:46:50Z,2,0
ba419d35-0dfe-8af7-eedc-f728010afda2,ba419d35-0dfe-8af7-347c-eebf02485a56,59a6f3ec-455a-3423-9cc8-36415922e61a,a735bf55-83e9-331a-899d-a82a60b9f60c,b046940f-1664-3047-bca7-dfa76be352a4,2,2,389095005,,,,,,,,,ba419d35-0dfe-8af7-6b73-597c800b867a,2024-12-09T22:30:59Z,2024-12-09T22:30:59Z,59a6f3ec-455a-3423-9cc8-36415922e61a,CLOSED,,CLOSED,0,,0,2024-12-09T22:45:59Z,,2024-12-09T22:45:59Z,2,0
ba419d35-0dfe-8af7-b7df-ab0110b67469,ba419d35-0dfe-8af7-347c-eebf02485a56,59a6f3ec-455a-3423-9cc8-36415922e61a,a735bf55-83e9-331a-899d-a82a60b9f60c,b046940f-1664-3047-bca7-dfa76be352a4,2,2,389095005,,,,,,,,,ba419d35-0dfe-8af7-53db-a7cc2c583432,2025-03-10T22:30:59Z,2025-03-10T22:30:59Z,59a6f3ec-455a-3423-9cc8-36415922e61a,CLOSED,,CLOSED,0,,0,2025-03-10T22:48:32Z,,2025-03-10T22:48:32Z,2,0
ba419d35-0dfe-8af7-2303-e99cdf008d3d,ba419d35-0dfe-8af7-347c-eebf02485a56,61fd3592-0a94-3213-82cb-5f90831ef947,a735bf55-83e9-331a-899d-a82a60b9f60c,,20,20,314529007,,,,,,,,,ba419d35-0dfe-8af7-d211-d84757465ba3,2025-05-26T22:30:59Z,2025-05-26T22:30:59Z,61fd3592-0a94-3213-82cb-5f90831ef947,CLOSED,CLOSED,CLOSED,0,0,0,2025-05-26T23:18:08Z,2025-05-26T23:18:08Z,2025-05-26T23:18:08Z,1,1
ba419d35-0dfe-8af7-e3eb-32d5174b8155,ba419d35-0dfe-8af7-347c-eebf02485a56,2267fb2d-3a87-37a2-9fef-59c9efdf694e,a735bf55-83e9-331a-899d-a82a60b9f60c,,4,4,95417003,,,,,,,,,ba419d35-0dfe-8af7-4714-48b272140c9a,2001-11-23T22:30:59Z,2025-05-30T22:30:59Z,2267fb2d-3a87-37a2-9fef-59c9efdf694e,CLOSED,CLOSED,CLOSED,0,0,0,2025-05-30T23:30:59Z,2025-05-30T23:30:59Z,2025-05-30T23:30:59Z,2,2
ba419d35-0dfe-8af7-466a-6f4e3d078190,ba419d35-0dfe-8af7-347c-eebf02485a56,2267fb2d-3a87-37a2-9fef-59c9efdf694e,a735bf55-83e9-331a-899d-a82a60b9f60c,,4,4,95417003,,,,,,,,,ba419d35-0dfe-8af7-4714-48b272140c9a,2001-11-23T22:30:59Z,2025-05-30T22:30:59Z,2267fb2d-3a87-37a2-9fef-59c9efdf694e,CLOSED,CLOSED,CLOSED,0,0,0,2025-05-30T23:30:59Z,2025-05-30T23:30:59Z,2025-05-30T23:30:59Z,2,2
ba419d35-0dfe-8af7-4f81-0d8285fa242f,ba419d35-0dfe-8af7-347c-eebf02485a56,59a6f3ec-455a-3423-9cc8-36415922e61a,a735bf55-83e9-331a-899d-a82a60b9f60c,,2,2,389095005,,,,,,,,,ba419d35-0dfe-8af7-807a-b8157d1e6d83,2025-06-09T22:30:59Z,2025-06-09T22:30:59Z,59a6f3ec-455a-3423-9cc8-36415922e61a,CLOSED,CLOSED,CLOSED,0,0,0,2025-06-09T22:45:59Z,2025-06-09T22:45:59Z,2025-06-09T22:45:59Z,2,2
ba419d35-0dfe-8af7-d981-db5b008aab40,ba419d35-0dfe-8af7-347c-eebf02485a56,59a6f3ec-455a-3423-9cc8-36415922e61a,a735bf55-83e9-331a-899d-a82a60b9f60c,,2,2,389095005,,,,,,,,,ba419d35-0dfe-8af7-4b34-a9987cf34369,2025-09-08T22:30:59Z,2025-09-08T22:30:59Z,59a6f3ec-455a-3423-9cc8-36415922e61a,CLOSED,CLOSED,CLOSED,0,0,0,2025-09-08T22:45:59Z,2025-09-08T22:45:59Z,2025-09-08T22:45:59Z,2,2
ba419d35-0dfe-8af7-41d8-a1019acaae62,ba419d35-0dfe-8af7-347c-eebf02485a56,59a6f3ec-455a-3423-9cc8-36415922e61a,a735bf55-83e9-331a-899d-a82a60b9f60c,,2,2,389095005,,,,,,,,,ba419d35-0dfe-8af7-3719-123bddc7c7d0,2025-12-08T22:30:59Z,2025-12-08T22:30:59Z,59a6f3ec-455a-3423-9cc8-36415922e61a,CLOSED,CLOSED,CLOSED,0,0,0,2025-12-08T22:47:52Z,2025-12-08T22:47:52Z,2025-12-08T22:47:52Z,2,2
ba419d35-0dfe-8af7-7f21-9368a260a36b,ba419d35-0dfe-8af7-347c-eebf02485a56,59a6f3ec-455a-3423-9cc8-36415922e61a,a735bf55-83e9-331a-899d-a82a60b9f60c,,2,2,389095005,,,,,,,,,ba419d35-0dfe-8af7-2d5c-78c3d5b2f66d,2026-03-09T22:30:59Z,2026-03-09T22:30:59Z,59a6f3ec-455a-3423-9cc8-36415922e61a,CLOSED,CLOSED,CLOSED,0,0,0,2026-03-09T22:46:48Z,2026-03-09T22:46:48Z,2026-03-09T22:46:48Z,2,2
ba419d35-0dfe-8af7-234b-a70a7284894e,ba419d35-0dfe-8af7-347c-eebf02485a56,61fd3592-0a94-3213-82cb-5f90831ef947,a735bf55-83e9-331a-899d-a82a60b9f60c,b046940f-1664-3047-bca7-dfa76be352a4,20,20,160903007,,,,,,,,,ba419d35-0dfe-8af7-7d5c-d3b10644b283,2026-06-01T22:30:59Z,2026-06-01T22:30:59Z,61fd3592-0a94-3213-82cb-5f90831ef947,CLOSED,,CLOSED,0,,0,2026-06-01T23:02:02Z,,2026-06-01T23:02:02Z,1,0
ba419d35-0dfe-8af7-d848-c48ef160c206,ba419d35-0dfe-8af7-347c-eebf02485a56,59a6f3ec-455a-3423-9cc8-36415922e61a,a735bf55-83e9-331a-899d-a82a60b9f60c,b046940f-1664-3047-bca7-dfa76be352a4,2,2,389095005,,,,,,,,,ba419d35-0dfe-8af7-5a7a-9bf05939635b,2026-06-08T22:30:59Z,2026-06-08T22:30:59Z,59a6f3ec-455a-3423-9cc8-36415922e61a,CLOSED,,CLOSED,0,,0,2026-06-08T22:47:01Z,,2026-06-08T22:47:01Z,2,0
ba419d35-0dfe-8af7-c8a0-a9b1035544df,ba419d35-0dfe-8af7-347c-eebf02485a56,59a6f3ec-455a-3423-9cc8-36415922e61a,a735bf55-83e9-331a-899d-a82a60b9f60c,b046940f-1664-3047-bca7-dfa76be352a4,1,1,185349003,,,,,,,,,ba419d35-0dfe-8af7-8c41-1ded1989433a,2026-06-15T22:30:59Z,2026-06-15T22:30:59Z,59a6f3ec-455a-3423-9cc8-36415922e61a,CLOSED,,CLOSED,0,,0,2026-06-15T23:13:37Z,,2026-06-15T23:13:37Z,2,0
ba419d35-0dfe-8af7-b109-690f7b5fa120,ba419d35-0dfe-8af7-347c-eebf02485a56,59a6f3ec-455a-3423-9cc8-36415922e61a,a735bf55-83e9-331a-899d-a82a60b9f60c,b046940f-1664-3047-bca7-dfa76be352a4,2,2,389095005,,,,,,,,,ba419d35-0dfe-8af7-8492-84c724047476,2026-09-07T22:30:59Z,2026-09-07T22:30:59Z,59a6f3ec-455a-3423-9cc8-36415922e61a,CLOSED,,CLOSED,0,,0,2026-09-07T22:47:56Z,,2026-09-07T22:47:56Z,2,0
aa616abe-1761-0c9a-b269-bf227202a3f6,aa616abe-1761-0c9a-7959-07544679dafd,4f77b706-35ed-390c-b724-c406692b3cf7,df166300-5a78-3502-a46a-832842197811,,10,10,160968000,,,,,,,,,aa616abe-1761-0c9a-22ae-896518b73d06,1966-09-07T09:38:04Z,1966-09-07T09:38:04Z,4f77b706-35ed-390c-b724-c406692b3cf7,CLOSED,CLOSED,CLOSED,0,0,0,1966-09-07T09:53:04Z,1966-09-07T09:53:04Z,1966-09-07T09:53:04Z,1,1
aa616abe-1761-0c9a-0552-5fd63a0fa0c5,aa616abe-1761-0c9a-7959-07544679dafd,4f77b706-35ed-390c-b724-c406692b3cf7,df166300-5a78-3502-a46a-832842197811,,20,20,473461003,,,,,,,,,aa616abe-1761-0c9a-2ae9-e966c154b460,1968-09-18T09:38:04Z,1968-09-18T09:38:04Z,4f77b706-35ed-390c-b724-c406692b3cf7,CLOSED,CLOSED,CLOSED,0,0,0,1968-09-18T10:28:16Z,1968-09-18T10:28:16Z,1968-09-18T10:28:16Z,1,1
aa616abe-1761-0c9a-12a1-b26919e3be2c,aa616abe-1761-0c9a-7959-07544679dafd,8c145823-4d9b-377d-8b71-d42dc9e8cc90,df166300-5a78-3502-a46a-832842197811,,3,3,183996000,267020005,,,,,,,,aa616abe-1761-0c9a-2360-401aa987f9eb,1975-09-05T10:28:39Z,1975-09-05T10:28:39Z,8c145823-4d9b-377d-8b71-d42dc9e8cc90,CLOSED,CLOSED,CLOSED,0,0,0,1975-09-06T10:28:39Z,1975-09-06T10:28:39Z,1975-09-06T10:28:39Z,2,2
aa616abe-1761-0c9a-0635-d15b102da580,aa616abe-1761-0c9a-7959-07544679dafd,4f77b706-35ed-390c-b724-c406692b3cf7,df166300-5a78-3502-a46a-832842197811,,20,20,714628002,271737000,,,,,,,,aa616abe-1761-0c9a-3d95-61da2c9b62e4,1978-10-04T09:38:04Z,1978-10-04T09:38:04Z,4f77b706-35ed-390c-b724-c406692b3cf7,CLOSED,CLOSED,CLOSED,0,0,0,1978-10-04T10:36:33Z,1978-10-04T10:36:33Z,1978-10-04T10:36:33Z,1,1
aa616abe-1761-0c9a-2c97-151522a786be,aa616abe-1761-0c9a-7959-07544679dafd,4f77b706-35ed-390c-b724-c406692b3cf7,df166300-5a78-3502-a46a-832842197811,,20,20,44054006,,,,,,,,,aa616abe-1761-0c9a-7831-6387aeb2b83d,1984-10-10T09:38:04Z,1984-10-10T09:38:04Z,4f77b706-35ed-390c-b724-c406692b3cf7,CLOSED,CLOSED,CLOSED,0,0,0,1984-10-10T10:16:54Z,1984-10-10T10:16:54Z,1984-10-10T10:16:54Z,1,1
aa616abe-1761-0c9a-add8-c0f4f5ed2d04,aa616abe-1761-0c9a-7959-07544679dafd,4f77b706-35ed-390c-b724-c406692b3cf7,df166300-5a78-3502-a46a-832842197811,,20,20,302870006,237602007,,,,,,,,aa616abe-1761-0c9a-c1b3-c66779eae4be,1987-10-14T09:38:04Z,1987-10-14T09:38:04Z,4f77b706-35ed-390c-b724-c406692b3cf7,CLOSED,CLOSED,CLOSED,0,0,0,1987-10-14T10:15:09Z,1987-10-14T10:15:09Z,1987-10-14T10:15:09Z,1,1
aa616abe-1761-0c9a-077a-e3a9a01a48dd,aa616abe-1761-0c9a-7959-07544679dafd,4f77b706-35ed-390c-b724-c406692b3cf7,df166300-5a78-3502-a46a-832842197811,,20,20,162864005,,,,,,,,,aa616abe-1761-0c9a-9a9e-f50c47ea40b9,1990-08-01T09:38:04Z,1990-08-01T09:38:04Z,4f77b706-35ed-390c-b724-c406692b3cf7,CLOSED,CLOSED,CLOSED,0,0,0,1990-08-01T10:23:44Z,1990-08-01T10:23:44Z,1990-08-01T10:23:44Z,1,1
aa616abe-1761-0c9a-0d5c-da570cc5a4c9,aa616abe-1761-0c9a-7959-07544679dafd,4f77b706-35ed-390c-b724-c406692b3cf7,df166300-5a78-3502-a46a-832842197811,,20,20,80394007,,,,,,,,,aa616abe-1761-0c9a-6d9d-e469d8d9edfa,1991-08-07T09:38:04Z,1991-08-07T09:38:04Z,4f77b706-35ed-390c-b724-c406692b3cf7,CLOSED,CLOSED,CLOSED,0,0,0,1991-08-07T10:25:14Z,1991-08-07T10:25:14Z,1991-08-07T10:25:14Z,1,1
aa616abe-1761-0c9a-adfc-5ec3218fc267,aa616abe-1761-0c9a-7959-07544679dafd,d7d57826-fcbd-32f9-aded-66ab507d1144,df166300-5a78-3502-a46a-832842197811,,1,1,1551000119108,,,,,,,,,aa616abe-1761-0c9a-4e3f-f8b5b7100f8c,1993-04-17T12:20:57Z,1993-04-17T12:20:57Z,d7d57826-fcbd-32f9-aded-66ab507d1144,CLOSED,CLOSED,CLOSED,0,0,0,1993-04-17T13:04:57Z,1993-04-17T13:04:57Z,1993-04-17T13:04:57Z,2,2
aa616abe-1761-0c9a-2331-76ea149d2e18,aa616abe-1761-0c9a-7959-07544679dafd,4f77b706-35ed-390c-b724-c406692b3cf7,df166300-5a78-3502-a46a-832842197811,,20,20,266948004,,,,,,,,,aa616abe-1761-0c9a-5d08-77c02361e706,1995-08-30T09:38:04Z,1995-08-30T09:38:04Z,4f77b706-35ed-390c-b724-c406692b3cf7,CLOSED,CLOSED,CLOSED,0,0,0,1995-08-30T10:09:14Z,1995-08-30T10:09:14Z,1995-08-30T10:09:14Z,1,1
aa616abe-1761-0c9a-50dc-1d384456c6ee,aa616abe-1761-0c9a-7959-07544679dafd,d7d57826-fcbd-32f9-aded-66ab507d1144,df166300-5a78-3502-a46a-832842197811,,1,1,83664006,83664006,,,,,,,,aa616abe-1761-0c9a-0a08-d01cd01c687b,2009-02-18T09:38:04Z,2009-02-18T09:38:04Z,d7d57826-fcbd-32f9-aded-66ab507d1144,CLOSED,CLOSED,CLOSED,0,0,0,2009-02-18T09:53:04Z,2009-02-18T09:53:04Z,2009-02-18T09:53:04Z,2,2
aa616abe-1761-0c9a-104e-6e0d1e47f400,aa616abe-1761-0c9a-7959-07544679dafd,d7d57826-fcbd-32f9-aded-66ab507d1144,df166300-5a78-3502-a46a-832842197811,,1,1,83664006,83664006,,,,,,,,aa616abe-1761-0c9a-0a08-d01cd01c687b,2009-02-18T09:38:04Z,2009-02-18T09:38:04Z,d7d57826-fcbd-32f9-aded-66ab507d1144,CLOSED,CLOSED,CLOSED,0,0,0,2009-02-18T09:53:04Z,2009-02-18T09:53:04Z,2009-02-18T09:53:04Z,2,2
aa616abe-1761-0c9a-de0a-7e6bdd04af3a,aa616abe-1761-0c9a-7959-07544679dafd,a015c075-b200-32cb-9dcb-400a0d8ba90f,d18ef2e6-ef40-324c-be54-34a5ee865625,,5,5,431855005,127013003,,,,,,,,aa616abe-1761-0c9a-0fe5-2e535f23e438,2009-09-30T09:38:04Z,2009-09-30T09:38:04Z,a015c075-b200-32cb-9dcb-400a0d8ba90f,CLOSED,CLOSED,CLOSED,0,0,0,2009-09-30T10:22:26Z,2009-09-30T10:22:26Z,2009-09-30T10:22:26Z,1,1
aa616abe-1761-0c9a-d261-8c9c3cea106f,aa616abe-1761-0c9a-7959-07544679dafd,a015c075-b200-32cb-9dcb-400a0d8ba90f,d18ef2e6-ef40-324c-be54-34a5ee865625,,5,5,55822004,66383009,,,,,,,,aa616abe-1761-0c9a-6890-06d0d1a7f872,2010-06-30T09:38:04Z,2010-06-30T09:38:04Z,a015c075-b200-32cb-9dcb-400a0d8ba90f,CLOSED,CLOSED,CLOSED,0,0,0,2010-06-30T10:15:01Z,2010-06-30T10:15:01Z,2010-06-30T10:15:01Z,1,1
aa616abe-1761-0c9a-5d17-b7faf6a16d1d,aa616abe-1761-0c9a-7959-07544679dafd,d7d57826-fcbd-32f9-aded-66ab507d1144,d18ef2e6-ef40-324c-be54-34a5ee865625,,1,1,55822004,,,,,,,,,aa616abe-1761-0c9a-7069-d9f3f312f510,2010-06-30T09:38:04Z,2010-07-28T09:38:04Z,d7d57826-fcbd-32f9-aded-66ab507d1144,CLOSED,CLOSED,CLOSED,0,0,0,2010-07-28T09:53:04Z,2010-07-28T09:53:04Z,2010-07-28T09:53:04Z,2,2
aa616abe-1761-0c9a-1c65-09ce8cce1376,aa616abe-1761-0c9a-7959-07544679dafd,d7d57826-fcbd-32f9-aded-66ab507d1144,d18ef2e6-ef40-324c-be54-34a5ee865625,,1,1,55822004,,,,,,,,,aa616abe-1761-0c9a-7069-d9f3f312f510,2010-06-30T09:38:04Z,2010-07-28T09:38:04Z,d7d57826-fcbd-32f9-aded-66ab507d1144,CLOSED,CLOSED,CLOSED,0,0,0,2010-07-28T09:53:04Z,2010-07-28T09:53:04Z,2010-07-28T09:53:04Z,2,2
aa616abe-1761-0c9a-0468-b8a54b94c0eb,aa616abe-1761-0c9a-7959-07544679dafd,d7d57826-fcbd-32f9-aded-66ab507d1144,d18ef2e6-ef40-324c-be54-34a5ee865625,,1,1,K05.30,,,,,,,,,aa616abe-1761-0c9a-9b39-f7cf654d93f5,2010-09-08T09:38:04Z,2010-09-08T09:38:04Z,d7d57826-fcbd-32f9-aded-66ab507d1144,CLOSED,CLOSED,CLOSED,0,0,0,2010-09-08T09:53:04Z,2010-09-08T09:53:04Z,2010-09-08T09:53:04Z,2,2
aa616abe-1761-0c9a-309f-8bd52c7357b7,aa616abe-1761-0c9a-7959-07544679dafd,a015c075-b200-32cb-9dcb-400a0d8ba90f,d18ef2e6-ef40-324c-be54-34a5ee865625,,5,5,431856006,90781000119102,,,,,,,,aa616abe-1761-0c9a-1cd0-fea5ee5c70a3,2011-01-26T09:38:04Z,2011-01-26T09:38:04Z,a015c075-b200-32cb-9dcb-400a0d8ba90f,CLOSED,CLOSED,CLOSED,0,0,0,2011-01-26T10:23:45Z,2011-01-26T10:23:45Z,2011-01-26T10:23:45Z,1,1
aa616abe-1761-0c9a-5765-b1cc9c0d56a7,aa616abe-1761-0c9a-7959-07544679dafd,d7d57826-fcbd-32f9-aded-66ab507d1144,a735bf55-83e9-331a-899d-a82a60b9f60c,b046940f-1664-3047-bca7-dfa76be352a4,1,1,K00.6,,,,,,,,,aa616abe-1761-0c9a-1549-c561256c609b,2012-05-02T09:38:04Z,2012-05-02T09:38:04Z,d7d57826-fcbd-32f9-aded-66ab507d1144,CLOSED,,CLOSED,0,,0,2012-05-02T10:28:04Z,,2012-05-02T10:28:04Z,2,0
aa616abe-1761-0c9a-621c-fb4e6b9cc694,aa616abe-1761-0c9a-7959-07544679dafd,d7d57826-fcbd-32f9-aded-66ab507d1144,d18ef2e6-ef40-324c-be54-34a5ee865625,,1,1,C03.0,C00.0,,,,,,,,aa616abe-1761-0c9a-efa9-82501f6f3513,2013-10-23T09:38:04Z,2013-10-23T09:38:04Z,d7d57826-fcbd-32f9-aded-66ab507d1144,CLOSED,CLOSED,CLOSED,0,0,0,2013-10-23T10:00:11Z,2013-10-23T10:00:11Z,2013-10-23T10:00:11Z,2,2
aa616abe-1761-0c9a-c522-68c14f214395,aa616abe-1761-0c9a-7959-07544679dafd,8c145823-4d9b-377d-8b71-d42dc9e8cc90,d18ef2e6-ef40-324c-be54-34a5ee865625,,2,2,82423001,82423001,1121000119107,,,,,,,aa616abe-1761-0c9a-5d91-882b2391f747,2014-03-12T09:38:04Z,2014-03-12T09:38:04Z,8c145823-4d9b-377d-8b71-d42dc9e8cc90,CLOSED,CLOSED,CLOSED,0,0,0,2014-03-12T09:53:04Z,2014-03-12T09:53:04Z,2014-03-12T09:53:04Z,2,2
aa616abe-1761-0c9a-66e7-f0a669929be1,aa616abe-1761-0c9a-7959-07544679dafd,d7d57826-fcbd-32f9-aded-66ab507d1144,d18ef2e6-ef40-324c-be54-34a5ee865625,,1,1,82423001,,,,,,,,,aa616abe-1761-0c9a-e89b-a6af7b9c9b06,2014-03-12T09:38:04Z,2014-04-30T00:38:04Z,d7d57826-fcbd-32f9-aded-66ab507d1144,CLOSED,CLOSED,CLOSED,0,0,0,2014-04-30T00:53:04Z,2014-04-30T00:53:04Z,2014-04-30T00:53:04Z,2,2
aa616abe-1761-0c9a-d3dc-c977efc631ae,aa616abe-1761-0c9a-7959-07544679dafd,a015c075-b200-32cb-9dcb-400a0d8ba90f,d18ef2e6-ef40-324c-be54-34a5ee865625,,5,5,414545008,,,,,,,,,aa616abe-1761-0c9a-8e66-6ed7241564a1,2015-06-10T09:38:04Z,2015-06-10T09:38:04Z,a015c075-b200-32cb-9dcb-400a0d8ba90f,CLOSED,CLOSED,CLOSED,0,0,0,2015-06-10T10:19:40Z,2015-06-10T10:19:40Z,2015-06-10T10:19:40Z,1,1
aa616abe-1761-0c9a-bcf1-c839080fdac1,aa616abe-1761-0c9a-7959-07544679dafd,a015c075-b200-32cb-9dcb-400a0d8ba90f,d18ef2e6-ef40-324c-be54-34a5ee865625,,5,5,702927004,,,,,,,,,aa616abe-1761-0c9a-8bd6-da30a8d9dc51,2015-06-17T09:38:04Z,2015-06-17T09:38:04Z,a015c075-b200-32cb-9dcb-400a0d8ba90f,CLOSED,CLOSED,CLOSED,0,0,0,2015-06-17T09:53:04Z,2015-06-17T09:53:04Z,2015-06-17T09:53:04Z,1,1
aa616abe-1761-0c9a-8d33-ccc3d85450b2,aa616abe-1761-0c9a-7959-07544679dafd,a015c075-b200-32cb-9dcb-400a0d8ba90f,d18ef2e6-ef40-324c-be54-34a5ee865625,,5,5,702927004,,,,,,,,,aa616abe-1761-0c9a-8bd6-da30a8d9dc51,2015-06-17T09:38:04Z,2015-06-17T09:38:04Z,a015c075-b200-32cb-9dcb-400a0d8ba90f,CLOSED,CLOSED,CLOSED,0,0,0,2015-06-17T09:53:04Z,2015-06-17T09:53:04Z,2015-06-17T09:53:04Z,1,1
aa616abe-1761-0c9a-b094-b8e0cd1f1306,aa616abe-1761-0c9a-7959-07544679dafd,a015c075-b200-32cb-9dcb-400a0d8ba90f,d18ef2e6-ef40-324c-be54-34a5ee865625,,5,5,702927004,,,,,,,,,aa616abe-1761-0c9a-8bd6-da30a8d9dc51,2015-06-17T09:38:04Z,2015-06-17T09:38:04Z,a015c075-b200-32cb-9dcb-400a0d8ba90f,CLOSED,CLOSED,CLOSED,0,0,0,2015-06-17T09:53:04Z,2015-06-17T09:53:04Z,2015-06-17T09:53:04Z,1,1
aa616abe-1761-0c9a-5bf2-35f51dbed712,aa616abe-1761-0c9a-7959-07544679dafd,a015c075-b200-32cb-9dcb-400a0d8ba90f,d18ef2e6-ef40-324c-be54-34a5ee865625,,5,5,702927004,,,,,,,,,aa616abe-1761-0c9a-8bd6-da30a8d9dc51,2015-06-17T09:38:04Z,2015-06-17T09:38:04Z,a015c075-b200-32cb-9dcb-400a0d8ba90f,CLOSED,CLOSED,CLOSED,0,0,0,2015-06-17T09:53:04Z,2015-06-17T09:53:04Z,2015-06-17T09:53:04Z,1,1
aa616abe-1761-0c9a-935e-d346becb6b43,aa616abe-1761-0c9a-7959-07544679dafd,a015c075-b200-32cb-9dcb-400a0d8ba90f,d18ef2e6-ef40-324c-be54-34a5ee865625,,5,5,702927004,,,,,,,,,aa616abe-1761-0c9a-8bd6-da30a8d9dc51,2015-06-17T09:38:04Z,2015-06-17T09:38:04Z,a015c075-b200-32cb-9dcb-400a0d8ba90f,CLOSED,CLOSED,CLOSED,0,0,0,2015-06-17T09:53:04Z,2015-06-17T09:53:04Z,2015-06-17T09:53:04Z,1,1
aa616abe-1761-0c9a-1585-e5d1aaa083a3,aa616abe-1761-0c9a-7959-07544679dafd,f3ce5458-a9ae-3d56-bd01-f25afba8026e,d18ef2e6-ef40-324c-be54-34a5ee865625,,1,1,414545008,274531002,,,,,,,,aa616abe-1761-0c9a-e405-eed884852d66,2015-06-15T09:38:04Z,2015-07-03T12:37:09Z,f3ce5458-a9ae-3d56-bd01-f25afba8026e,CLOSED,CLOSED,CLOSED,0,0,0,2015-07-03T18:02:13Z,2015-07-03T18:02:13Z,2015-07-03T18:02:13Z,1,1
aa616abe-1761-0c9a-4658-aaa763f68426,aa616abe-1761-0c9a-7959-07544679dafd,f3ce5458-a9ae-3d56-bd01-f25afba8026e,d18ef2e6-ef40-324c-be54-34a5ee865625,,1,1,274531002,399261000,,,,,,,,aa616abe-1761-0c9a-2bfd-02e614851685,2015-07-03T14:14:49Z,2015-07-23T11:36:11Z,f3ce5458-a9ae-3d56-bd01-f25afba8026e,CLOSED,CLOSED,CLOSED,0,0,0,2015-07-23T18:28:40Z,2015-07-23T18:28:40Z,2015-07-23T18:28:40Z,1,1
aa616abe-1761-0c9a-6294-77ac99639e24,aa616abe-1761-0c9a-7959-07544679dafd,d7d57826-fcbd-32f9-aded-66ab507d1144,d18ef2e6-ef40-324c-be54-34a5ee865625,,1,1,275978004,68496003,,,,,,,,aa616abe-1761-0c9a-9cdc-8dbc98aad576,2015-08-04T10:12:57Z,2015-08-04T10:12:57Z,d7d57826-fcbd-32f9-aded-66ab507d1144,CLOSED,CLOSED,CLOSED,0,0,0,2015-08-04T11:05:19Z,2015-08-04T11:05:19Z,2015-08-04T11:05:19Z,2,2
aa616abe-1761-0c9a-5c36-e4a5e11729bc,aa616abe-1761-0c9a-7959-07544679dafd,d7d57826-fcbd-32f9-aded-66ab507d1144,d18ef2e6-ef40-324c-be54-34a5ee865625,,1,1,C34.90,,,,,,,,,aa616abe-1761-0c9a-8a95-e0327fc13e81,2017-05-10T09:38:04Z,2017-05-10T09:38:04Z,d7d57826-fcbd-32f9-aded-66ab507d1144,CLOSED,CLOSED,CLOSED,0,0,0,2017-05-10T10:46:56Z,2017-05-10T10:46:56Z,2017-05-10T10:46:56Z,2,2
aa616abe-1761-0c9a-48e6-ff0ababf29d3,aa616abe-1761-0c9a-7959-07544679dafd,d7d57826-fcbd-32f9-aded-66ab507d1144,d18ef2e6-ef40-324c-be54-34a5ee865625,,1,1,K04.90,,,,,,,,,aa616abe-1761-0c9a-7f02-afb8105679bf,2020-08-19T09:38:04Z,2020-08-19T09:38:04Z,d7d57826-fcbd-32f9-aded-66ab507d1144,CLOSED,CLOSED,CLOSED,0,0,0,2020-08-19T19:59:22Z,2020-08-19T19:59:22Z,2020-08-19T19:59:22Z,2,2
aa616abe-1761-0c9a-2059-ce508379bc2f,aa616abe-1761-0c9a-7959-07544679dafd,d7d57826-fcbd-32f9-aded-66ab507d1144,d18ef2e6-ef40-324c-be54-34a5ee865625,,1,1,K02.9,,,,,,,,,aa616abe-1761-0c9a-578f-93bf41522246,2022-03-16T09:38:04Z,2022-03-16T09:38:04Z,d7d57826-fcbd-32f9-aded-66ab507d1144,CLOSED,CLOSED,CLOSED,0,0,0,2022-03-16T10:00:25Z,2022-03-16T10:00:25Z,2022-03-16T10:00:25Z,2,2
aa616abe-1761-0c9a-00bc-3cd1c817d97d,aa616abe-1761-0c9a-7959-07544679dafd,a015c075-b200-32cb-9dcb-400a0d8ba90f,d18ef2e6-ef40-324c-be54-34a5ee865625,,5,5,706893006,,,,,,,,,aa616abe-1761-0c9a-f973-4b12d19a7183,2022-05-25T09:38:04Z,2022-05-25T09:38:04Z,a015c075-b200-32cb-9dcb-400a0d8ba90f,CLOSED,CLOSED,CLOSED,0,0,0,2022-05-25T10:36:10Z,2022-05-25T10:36:10Z,2022-05-25T10:36:10Z,1,1
aa616abe-1761-0c9a-2b52-8391bd40d9d0,aa616abe-1761-0c9a-7959-07544679dafd,a015c075-b200-32cb-9dcb-400a0d8ba90f,d18ef2e6-ef40-324c-be54-34a5ee865625,,5,5,160903007,,,,,,,,,aa616abe-1761-0c9a-f224-15b4a2c8d7a3,2022-08-31T09:38:04Z,2022-08-31T09:38:04Z,a015c075-b200-32cb-9dcb-400a0d8ba90f,CLOSED,CLOSED,CLOSED,0,0,0,2022-08-31T10:15:14Z,2022-08-31T10:15:14Z,2022-08-31T10:15:14Z,1,1
aa616abe-1761-0c9a-2e5a-536dd97e1a16,aa616abe-1761-0c9a-7959-07544679dafd,d7d57826-fcbd-32f9-aded-66ab507d1144,d18ef2e6-ef40-324c-be54-34a5ee865625,,1,1,55822004,,,,,,,,,aa616abe-1761-0c9a-0c51-fae0b4576622,2010-06-30T09:38:04Z,2022-10-01T09:38:04Z,d7d57826-fcbd-32f9-aded-66ab507d1144,CLOSED,CLOSED,CLOSED,0,0,0,2022-10-01T09:53:04Z,2022-10-01T09:53:04Z,2022-10-01T09:53:04Z,2,2
aa616abe-1761-0c9a-3d32-92290015e29d,aa616abe-1761-0c9a-7959-07544679dafd,d7d57826-fcbd-32f9-aded-66ab507d1144,d18ef2e6-ef40-324c-be54-34a5ee865625,,1,1,55822004,,,,,,,,,aa616abe-1761-0c9a-0c51-fae0b4576622,2010-06-30T09:38:04Z,2022-10-01T09:38:04Z,d7d57826-fcbd-32f9-aded-66ab507d1144,CLOSED,CLOSED,CLOSED,0,0,0,2022-10-01T09:53:04Z,2022-10-01T09:53:04Z,2022-10-01T09:53:04Z,2,2
aa616abe-1761-0c9a-798e-ba512a11f220,aa616abe-1761-0c9a-7959-07544679dafd,8c145823-4d9b-377d-8b71-d42dc9e8cc90,d18ef2e6-ef40-324c-be54-34a5ee865625,,2,2,422650009,,,,,,,,,aa616abe-1761-0c9a-b375-4c905a59014b,2023-06-21T09:38:04Z,2023-06-21T09:38:04Z,8c145823-4d9b-377d-8b71-d42dc9e8cc90,CLOSED,CLOSED,CLOSED,0,0,0,2023-06-21T10:33:52Z,2023-06-21T10:33:52Z,2023-06-21T10:33:52Z,2,2
aa616abe-1761-0c9a-e8a6-62f403cab7ea,aa616abe-1761-0c9a-7959-07544679dafd,8c145823-4d9b-377d-8b71-d42dc9e8cc90,df166300-5a78-3502-a46a-832842197811,,2,2,185349003,,,,,,,,,aa616abe-1761-0c9a-5075-491a80778720,2023-09-20T09:38:04Z,2023-09-20T09:38:04Z,8c145823-4d9b-377d-8b71-d42dc9e8cc90,CLOSED,CLOSED,CLOSED,0,0,0,2023-09-20T10:20:29Z,2023-09-20T10:20:29Z,2023-09-20T10:20:29Z,2,2
aa616abe-1761-0c9a-04a2-6f291ccfa9c6,aa616abe-1761-0c9a-7959-07544679dafd,8c145823-4d9b-377d-8b71-d42dc9e8cc90,df166300-5a78-3502-a46a-832842197811,,2,2,185349003,,,,,,,,,aa616abe-1761-0c9a-5075-491a80778720,2023-09-20T09:38:04Z,2023-09-20T09:38:04Z,8c145823-4d9b-377d-8b71-d42dc9e8cc90,CLOSED,CLOSED,CLOSED,0,0,0,2023-09-20T10:20:29Z,2023-09-20T10:20:29Z,2023-09-20T10:20:29Z,2,2
aa616abe-1761-0c9a-9235-be6e40f78225,aa616abe-1761-0c9a-7959-07544679dafd,8c145823-4d9b-377d-8b71-d42dc9e8cc90,df166300-5a78-3502-a46a-832842197811,,2,2,185349003,,,,,,,,,aa616abe-1761-0c9a-5075-491a80778720,2023-09-20T09:38:04Z,2023-09-20T09:38:04Z,8c145823-4d9b-377d-8b71-d42dc9e8cc90,CLOSED,CLOSED,CLOSED,0,0,0,2023-09-20T10:20:29Z,2023-09-20T10:20:29Z,2023-09-20T10:20:29Z,2,2
aa616abe-1761-0c9a-d7d5-74471a4ec712,aa616abe-1761-0c9a-7959-07544679dafd,8c145823-4d9b-377d-8b71-d42dc9e8cc90,df166300-5a78-3502-a46a-832842197811,,2,2,185349003,,,,,,,,,aa616abe-1761-0c9a-5075-491a80778720,2023-09-20T09:38:04Z,2023-09-20T09:38:04Z,8c145823-4d9b-377d-8b71-d42dc9e8cc90,CLOSED,CLOSED,CLOSED,0,0,0,2023-09-20T10:20:29Z,2023-09-20T10:20:29Z,2023-09-20T10:20:29Z,2,2
aa616abe-1761-0c9a-54a4-804ef2673d92,aa616abe-1761-0c9a-7959-07544679dafd,d7d57826-fcbd-32f9-aded-66ab507d1144,df166300-5a78-3502-a46a-832842197811,,1,1,185349003,,,,,,,,,aa616abe-1761-0c9a-fba5-24eea51e79bc,2023-10-04T09:38:04Z,2023-10-04T09:38:04Z,d7d57826-fcbd-32f9-aded-66ab507d1144,CLOSED,CLOSED,CLOSED,0,0,0,2023-10-04T10:11:18Z,2023-10-04T10:11:18Z,2023-10-04T10:11:18Z,2,2
aa616abe-1761-0c9a-d15b-5027456b42d8,aa616abe-1761-0c9a-7959-07544679dafd,d7d57826-fcbd-32f9-aded-66ab507d1144,df166300-5a78-3502-a46a-832842197811,,1,1,55822004,,,,,,,,,aa616abe-1761-0c9a-0897-b0866ca5b812,2010-06-30T09:38:04Z,2023-10-11T09:38:04Z,d7d57826-fcbd-32f9-aded-66ab507d1144,CLOSED,CLOSED,CLOSED,0,0,0,2023-10-11T09:53:04Z,2023-10-11T09:53:04Z,2023-10-11T09:53:04Z,2,2
aa616abe-1761-0c9a-51f4-0704497e7e56,aa616abe-1761-0c9a-7959-07544679dafd,d7d57826-fcbd-32f9-aded-66ab507d1144,df166300-5a78-3502-a46a-832842197811,,1,1,55822004,,,,,,,,,aa616abe-1761-0c9a-0897-b0866ca5b812,2010-06-30T09:38:04Z,2023-10-11T09:38:04Z,d7d57826-fcbd-32f9-aded-66ab507d1144,CLOSED,CLOSED,CLOSED,0,0,0,2023-10-11T09:53:04Z,2023-10-11T09:53:04Z,2023-10-11T09:53:04Z,2,2
aa616abe-1761-0c9a-1422-cc298a6ffb2b,aa616abe-1761-0c9a-7959-07544679dafd,8c145823-4d9b-377d-8b71-d42dc9e8cc90,df166300-5a78-3502-a46a-832842197811,,2,2,314529007,,,,,,,,,aa616abe-1761-0c9a-8cdd-8e3d599fa386,2023-11-08T09:38:04Z,2023-11-08T09:38:04Z,8c145823-4d9b-377d-8b71-d42dc9e8cc90,CLOSED,CLOSED,CLOSED,0,0,0,2023-11-08T10:16:15Z,2023-11-08T10:16:15Z,2023-11-08T10:16:15Z,2,2
aa616abe-1761-0c9a-84c2-a6d0852f05e2,aa616abe-1761-0c9a-7959-07544679dafd,8c145823-4d9b-377d-8b71-d42dc9e8cc90,df166300-5a78-3502-a46a-832842197811,,2,2,314529007,,,,,,,,,aa616abe-1761-0c9a-8cdd-8e3d599fa386,2023-11-08T09:38:04Z,2023-11-08T09:38:04Z,8c145823-4d9b-377d-8b71-d42dc9e8cc90,CLOSED,CLOSED,CLOSED,0,0,0,2023-11-08T10:16:15Z,2023-11-08T10:16:15Z,2023-11-08T10:16:15Z,2,2
aa616abe-1761-0c9a-b7c5-e94c9d3b74d7,aa616abe-1761-0c9a-7959-07544679dafd,8c145823-4d9b-377d-8b71-d42dc9e8cc90,df166300-5a78-3502-a46a-832842197811,,2,2,314529007,,,,,,,,,aa616abe-1761-0c9a-8cdd-8e3d599fa386,2023-11-08T09:38:04Z,2023-11-08T09:38:04Z,8c145823-4d9b-377d-8b71-d42dc9e8cc90,CLOSED,CLOSED,CLOSED,0,0,0,2023-11-08T10:16:15Z,2023-11-08T10:16:15Z,2023-11-08T10:16:15Z,2,2
aa616abe-1761-0c9a-3d5a-ee8b97fc9877,aa616abe-1761-0c9a-7959-07544679dafd,8c145823-4d9b-377d-8b71-d42dc9e8cc90,df166300-5a78-3502-a46a-832842197811,,2,2,314529007,,,,,,,,,aa616abe-1761-0c9a-8cdd-8e3d599fa386,2023-11-08T09:38:04Z,2023-11-08T09:38:04Z,8c145823-4d9b-377d-8b71-d42dc9e8cc90,CLOSED,CLOSED,CLOSED,0,0,0,2023-11-08T10:16:15Z,2023-11-08T10:16:15Z,2023-11-08T10:16:15Z,2,2
aa616abe-1761-0c9a-407b-7b87d8278667,aa616abe-1761-0c9a-7959-07544679dafd,a015c075-b200-32cb-9dcb-400a0d8ba90f,df166300-5a78-3502-a46a-832842197811,,5,5,314529007,,,,,,,,,aa616abe-1761-0c9a-dff6-d2fd242f9d94,2023-11-15T09:38:04Z,2023-11-15T09:38:04Z,a015c075-b200-32cb-9dcb-400a0d8ba90f,CLOSED,CLOSED,CLOSED,0,0,0,2023-11-15T09:53:04Z,2023-11-15T09:53:04Z,2023-11-15T09:53:04Z,1,1
aa616abe-1761-0c9a-43bb-2703c403a5c4,aa616abe-1761-0c9a-7959-07544679dafd,a015c075-b200-32cb-9dcb-400a0d8ba90f,df166300-5a78-3502-a46a-832842197811,,5,5,314529007,,,,,,,,,aa616abe-1761-0c9a-dff6-d2fd242f9d94,2023-11-15T09:38:04Z,2023-11-15T09:38:04Z,a015c075-b200-32cb-9dcb-400a0d8ba90f,CLOSED,CLOSED,CLOSED,0,0,0,2023-11-15T09:53:04Z,2023-11-15T09:53:04Z,2023-11-15T09:53:04Z,1,1
aa616abe-1761-0c9a-d31f-0d423c2d7858,aa616abe-1761-0c9a-7959-07544679dafd,a015c075-b200-32cb-9dcb-400a0d8ba90f,df166300-5a78-3502-a46a-832842197811,,5,5,314529007,,,,,,,,,aa616abe-1761-0c9a-dff6-d2fd242f9d94,2023-11-15T09:38:04Z,2023-11-15T09:38:04Z,a015c075-b200-32cb-9dcb-400a0d8ba90f,CLOSED,CLOSED,CLOSED,0,0,0,2023-11-15T09:53:04Z,2023-11-15T09:53:04Z,2023-11-15T09:53:04Z,1,1
aa616abe-1761-0c9a-caea-a3d62b7ecae2,aa616abe-1761-0c9a-7959-07544679dafd,a015c075-b200-32cb-9dcb-400a0d8ba90f,df166300-5a78-3502-a46a-832842197811,,5,5,314529007,,,,,,,,,aa616abe-1761-0c9a-dff6-d2fd242f9d94,2023-11-15T09:38:04Z,2023-11-15T09:38:04Z,a015c075-b200-32cb-9dcb-400a0d8ba90f,CLOSED,CLOSED,CLOSED,0,0,0,2023-11-15T09:53:04Z,2023-11-15T09:53:04Z,2023-11-15T09:53:04Z,1,1
aa616abe-1761-0c9a-ddc2-f6293e30a277,aa616abe-1761-0c9a-7959-07544679dafd,8c145823-4d9b-377d-8b71-d42dc9e8cc90,df166300-5a78-3502-a46a-832842197811,,2,2,314529007,73595000,10939881000119105,,,,,,,aa616abe-1761-0c9a-17b7-6db2e594fffb,2023-11-22T09:38:04Z,2023-11-22T09:38:04Z,8c145823-4d9b-377d-8b71-d42dc9e8cc90,CLOSED,CLOSED,CLOSED,0,0,0,2023-11-22T10:14:54Z,2023-11-22T10:14:54Z,2023-11-22T10:14:54Z,2,2
aa616abe-1761-0c9a-1c50-e2ce4223fffb,aa616abe-1761-0c9a-7959-07544679dafd,8c145823-4d9b-377d-8b71-d42dc9e8cc90,df166300-5a78-3502-a46a-832842197811,,2,2,314529007,73595000,10939881000119105,,,,,,,aa616abe-1761-0c9a-17b7-6db2e594fffb,2023-11-22T09:38:04Z,2023-11-22T09:38:04Z,8c145823-4d9b-377d-8b71-d42dc9e8cc90,CLOSED,CLOSED,CLOSED,0,0,0,2023-11-22T10:14:54Z,2023-11-22T10:14:54Z,2023-11-22T10:14:54Z,2,2
aa616abe-1761-0c9a-4dde-a1efb01f747b,aa616abe-1761-0c9a-7959-07544679dafd,8c145823-4d9b-377d-8b71-d42dc9e8cc90,df166300-5a78-3502-a46a-832842197811,,2,2,314529007,73595000,10939881000119105,,,,,,,aa616abe-1761-0c9a-17b7-6db2e594fffb,2023-11-22T09:38:04Z,2023-11-22T09:38:04Z,8c145823-4d9b-377d-8b71-d42dc9e8cc90,CLOSED,CLOSED,CLOSED,0,0,0,2023-11-22T10:14:54Z,2023-11-22T10:14:54Z,2023-11-22T10:14:54Z,2,2
aa616abe-1761-0c9a-dd2b-397847f273a5,aa616abe-1761-0c9a-7959-07544679dafd,8c145823-4d9b-377d-8b71-d42dc9e8cc90,df166300-5a78-3502-a46a-832842197811,,2,2,314529007,73595000,10939881000119105,,,,,,,aa616abe-1761-0c9a-17b7-6db2e594fffb,2023-11-22T09:38:04Z,2023-11-22T09:38:04Z,8c145823-4d9b-377d-8b71-d42dc9e8cc90,CLOSED,CLOSED,CLOSED,0,0,0,2023-11-22T10:14:54Z,2023-11-22T10:14:54Z,2023-11-22T10:14:54Z,2,2
aa616abe-1761-0c9a-6766-74daa731abb6,aa616abe-1761-0c9a-7959-07544679dafd,d7d57826-fcbd-32f9-aded-66ab507d1144,df166300-5a78-3502-a46a-832842197811,,1,1,185349003,,,,,,,,,aa616abe-1761-0c9a-884c-442f36c6894e,2023-11-29T09:38:04Z,2023-11-29T09:38:04Z,d7d57826-fcbd-32f9-aded-66ab507d1144,CLOSED,CLOSED,CLOSED,0,0,0,2023-11-29T09:58:44Z,2023-11-29T09:58:44Z,2023-11-29T09:58:44Z,2,2
aa616abe-1761-0c9a-fd94-969f5ae5d53e,aa616abe-1761-0c9a-7959-07544679dafd,a015c075-b200-32cb-9dcb-400a0d8ba90f,df166300-5a78-3502-a46a-832842197811,,5,5,314529007,,,,,,,,,aa616abe-1761-0c9a-565f-c4ea6986a7ae,2023-12-20T09:38:04Z,2023-12-20T09:38:04Z,a015c075-b200-32cb-9dcb-400a0d8ba90f,CLOSED,CLOSED,CLOSED,0,0,0,2023-12-20T10:22:15Z,2023-12-20T10:22:15Z,2023-12-20T10:22:15Z,1,1
aa616abe-1761-0c9a-a090-a69d9bf8df1e,aa616abe-1761-0c9a-7959-07544679dafd,a015c075-b200-32cb-9dcb-400a0d8ba90f,df166300-5a78-3502-a46a-832842197811,,5,5,314529007,,,,,,,,,aa616abe-1761-0c9a-565f-c4ea6986a7ae,2023-12-20T09:38:04Z,2023-12-20T09:38:04Z,a015c075-b200-32cb-9dcb-400a0d8ba90f,CLOSED,CLOSED,CLOSED,0,0,0,2023-12-20T10:22:15Z,2023-12-20T10:22:15Z,2023-12-20T10:22:15Z,1,1
aa616abe-1761-0c9a-ccc1-3896f76ae748,aa616abe-1761-0c9a-7959-07544679dafd,a015c075-b200-32cb-9dcb-400a0d8ba90f,df166300-5a78-3502-a46a-832842197811,,5,5,314529007,,,,,,,,,aa616abe-1761-0c9a-565f-c4ea6986a7ae,2023-12-20T09:38:04Z,2023-12-20T09:38:04Z,a015c075-b200-32cb-9dcb-400a0d8ba90f,CLOSED,CLOSED,CLOSED,0,0,0,2023-12-20T10:22:15Z,2023-12-20T10:22:15Z,2023-12-20T10:22:15Z,1,1
aa616abe-1761-0c9a-76c5-a20276ff95d4,aa616abe-1761-0c9a-7959-07544679dafd,a015c075-b200-32cb-9dcb-400a0d8ba90f,df166300-5a78-3502-a46a-832842197811,,5,5,314529007,,,,,,,,,aa616abe-1761-0c9a-565f-c4ea6986a7ae,2023-12-20T09:38:04Z,2023-12-20T09:38:04Z,a015c075-b200-32cb-9dcb-400a0d8ba90f,CLOSED,CLOSED,CLOSED,0,0,0,2023-12-20T10:22:15Z,2023-12-20T10:22:15Z,2023-12-20T10:22:15Z,1,1
aa616abe-1761-0c9a-b0c5-c4063bccd2ab,aa616abe-1761-0c9a-7959-07544679dafd,8c145823-4d9b-377d-8b71-d42dc9e8cc90,df166300-5a78-3502-a46a-832842197811,,2,2,185349003,,,,,,,,,aa616abe-1761-0c9a-d97f-769ad3127616,2023-12-27T09:38:04Z,2023-12-27T09:38:04Z,8c145823-4d9b-377d-8b71-d42dc9e8cc90,CLOSED,CLOSED,CLOSED,0,0,0,2023-12-27T09:53:04Z,2023-12-27T09:53:04Z,2023-12-27T09:53:04Z,2,2
aa616abe-1761-0c9a-514c-21b82ef04317,aa616abe-1761-0c9a-7959-07544679dafd,8c145823-4d9b-377d-8b71-d42dc9e8cc90,df166300-5a78-3502-a46a-832842197811,,2,2,185349003,,,,,,,,,aa616abe-1761-0c9a-d97f-769ad3127616,2023-12-27T09:38:04Z,2023-12-27T09:38:04Z,8c145823-4d9b-377d-8b71-d42dc9e8cc90,CLOSED,CLOSED,CLOSED,0,0,0,2023-12-27T09:53:04Z,2023-12-27T09:53:04Z,2023-12-27T09:53:04Z,2,2
aa616abe-1761-0c9a-1ed8-ec47837f22d2,aa616abe-1761-0c9a-7959-07544679dafd,8c145823-4d9b-377d-8b71-d42dc9e8cc90,df166300-5a78-3502-a46a-832842197811,,2,2,185349003,,,,,,,,,aa616abe-1761-0c9a-d97f-769ad3127616,2023-12-27T09:38:04Z,2023-12-27T09:38:04Z,8c145823-4d9b-377d-8b71-d42dc9e8cc90,CLOSED,CLOSED,CLOSED,0,0,0,2023-12-27T09:53:04Z,2023-12-27T09:53:04Z,2023-12-27T09:53:04Z,2,2
aa616abe-1761-0c9a-27e4-c40727621b1a,aa616abe-1761-0c9a-7959-07544679dafd,8c145823-4d9b-377d-8b71-d42dc9e8cc90,df166300-5a78-3502-a46a-832842197811,,2,2,185349003,,,,,,,,,aa616abe-1761-0c9a-d97f-769ad3127616,2023-12-27T09:38:04Z,2023-12-27T09:38:04Z,8c145823-4d9b-377d-8b71-d42dc9e8cc90,CLOSED,CLOSED,CLOSED,0,0,0,2023-12-27T09:53:04Z,2023-12-27T09:53:04Z,2023-12-27T09:53:04Z,2,2
aa616abe-1761-0c9a-c055-ac6eac35a618,aa616abe-1761-0c9a-7959-07544679dafd,a015c075-b200-32cb-9dcb-400a0d8ba90f,df166300-5a78-3502-a46a-832842197811,,5,5,702927004,,,,,,,,,aa616abe-1761-0c9a-0945-adec19b34f1c,2024-01-17T09:38:04Z,2024-01-17T09:38:04Z,a015c075-b200-32cb-9dcb-400a0d8ba90f,CLOSED,CLOSED,CLOSED,0,0,0,2024-01-17T10:10:43Z,2024-01-17T10:10:43Z,2024-01-17T10:10:43Z,1,1
aa616abe-1761-0c9a-ad77-7954eefe84d6,aa616abe-1761-0c9a-7959-07544679dafd,a015c075-b200-32cb-9dcb-400a0d8ba90f,df166300-5a78-3502-a46a-832842197811,,5,5,702927004,,,,,,,,,aa616abe-1761-0c9a-0945-adec19b34f1c,2024-01-17T09:38:04Z,2024-01-17T09:38:04Z,a015c075-b200-32cb-9dcb-400a0d8ba90f,CLOSED,CLOSED,CLOSED,0,0,0,2024-01-17T10:10:43Z,2024-01-17T10:10:43Z,2024-01-17T10:10:43Z,1,1
aa616abe-1761-0c9a-e8be-441ddcd8b15a,aa616abe-1761-0c9a-7959-07544679dafd,a015c075-b200-32cb-9dcb-400a0d8ba90f,df166300-5a78-3502-a46a-832842197811,,5,5,702927004,,,,,,,,,aa616abe-1761-0c9a-0945-adec19b34f1c,2024-01-17T09:38:04Z,2024-01-17T09:38:04Z,a015c075-b200-32cb-9dcb-400a0d8ba90f,CLOSED,CLOSED,CLOSED,0,0,0,2024-01-17T10:10:43Z,2024-01-17T10:10:43Z,2024-01-17T10:10:43Z,1,1
aa616abe-1761-0c9a-8307-d7f4b5a001a9,aa616abe-1761-0c9a-7959-07544679dafd,a015c075-b200-32cb-9dcb-400a0d8ba90f,df166300-5a78-3502-a46a-832842197811,,5,5,702927004,,,,,,,,,aa616abe-1761-0c9a-0945-adec19b34f1c,2024-01-17T09:38:04Z,2024-01-17T09:38:04Z,a015c075-b200-32cb-9dcb-400a0d8ba90f,CLOSED,CLOSED,CLOSED,0,0,0,2024-01-17T10:10:43Z,2024-01-17T10:10:43Z,2024-01-17T10:10:43Z,1,1
aa616abe-1761-0c9a-a16a-4876dfa9706c,aa616abe-1761-0c9a-7959-07544679dafd,8c145823-4d9b-377d-8b71-d42dc9e8cc90,df166300-5a78-3502-a46a-832842197811,,2,2,314529007,,,,,,,,,aa616abe-1761-0c9a-edc8-7778a2da0abb,2024-01-24T09:38:04Z,2024-01-24T09:38:04Z,8c145823-4d9b-377d-8b71-d42dc9e8cc90,CLOSED,CLOSED,CLOSED,0,0,0,2024-01-24T09:53:04Z,2024-01-24T09:53:04Z,2024-01-24T09:53:04Z,2,2
aa616abe-1761-0c9a-73dd-39e890870f86,aa616abe-1761-0c9a-7959-07544679dafd,8c145823-4d9b-377d-8b71-d42dc9e8cc90,df166300-5a78-3502-a46a-832842197811,,2,2,314529007,,,,,,,,,aa616abe-1761-0c9a-edc8-7778a2da0abb,2024-01-24T09:38:04Z,2024-01-24T09:38:04Z,8c145823-4d9b-377d-8b71-d42dc9e8cc90,CLOSED,CLOSED,CLOSED,0,0,0,2024-01-24T09:53:04Z,2024-01-24T09:53:04Z,2024-01-24T09:53:04Z,2,2
aa616abe-1761-0c9a-05b0-788aff8bbd23,aa616abe-1761-0c9a-7959-07544679dafd,8c145823-4d9b-377d-8b71-d42dc9e8cc90,df166300-5a78-3502-a46a-832842197811,,2,2,314529007,,,,,,,,,aa616abe-1761-0c9a-edc8-7778a2da0abb,2024-01-24T09:38:04Z,2024-01-24T09:38:04Z,8c145823-4d9b-377d-8b71-d42dc9e8cc90,CLOSED,CLOSED,CLOSED,0,0,0,2024-01-24T09:53:04Z,2024-01-24T09:53:04Z,2024-01-24T09:53:04Z,2,2
aa616abe-1761-0c9a-e122-162978ea025b,aa616abe-1761-0c9a-7959-07544679dafd,8c145823-4d9b-377d-8b71-d42dc9e8cc90,df166300-5a78-3502-a46a-832842197811,,2,2,314529007,,,,,,,,,aa616abe-1761-0c9a-edc8-7778a2da0abb,2024-01-24T09:38:04Z,2024-01-24T09:38:04Z,8c145823-4d9b-377d-8b71-d42dc9e8cc90,CLOSED,CLOSED,CLOSED,0,0,0,2024-01-24T09:53:04Z,2024-01-24T09:53:04Z,2024-01-24T09:53:04Z,2,2
aa616abe-1761-0c9a-e097-07936335e64c,aa616abe-1761-0c9a-7959-07544679dafd,d7d57826-fcbd-32f9-aded-66ab507d1144,df166300-5a78-3502-a46a-832842197811,,1,1,185349003,,,,,,,,,aa616abe-1761-0c9a-397d-4a2ae565f0e5,2024-01-31T09:38:04Z,2024-01-31T09:38:04Z,d7d57826-fcbd-32f9-aded-66ab507d1144,CLOSED,CLOSED,CLOSED,0,0,0,2024-01-31T10:13:02Z,2024-01-31T10:13:02Z,2024-01-31T10:13:02Z,2,2
aa616abe-1761-0c9a-ee39-c17099405909,aa616abe-1761-0c9a-7959-07544679dafd,d7d57826-fcbd-32f9-aded-66ab507d1144,df166300-5a78-3502-a46a-832842197811,,1,1,36228007,,,,,,,,,aa616abe-1761-0c9a-75bf-b4e9504dacfd,2024-02-07T09:38:04Z,2024-02-07T09:38:04Z,d7d57826-fcbd-32f9-aded-66ab507d1144,CLOSED,CLOSED,CLOSED,0,0,0,2024-02-07T10:24:11Z,2024-02-07T10:24:11Z,2024-02-07T10:24:11Z,2,2
aa616abe-1761-0c9a-9b62-8ff61ebe6f2d,aa616abe-1761-0c9a-7959-07544679dafd,d7d57826-fcbd-32f9-aded-66ab507d1144,df166300-5a78-3502-a46a-832842197811,,1,1,36228007,,,,,,,,,aa616abe-1761-0c9a-75bf-b4e9504dacfd,2024-02-07T09:38:04Z,2024-02-07T09:38:04Z,d7d57826-fcbd-32f9-aded-66ab507d1144,CLOSED,CLOSED,CLOSED,0,0,0,2024-02-07T10:24:11Z,2024-02-07T10:24:11Z,2024-02-07T10:24:11Z,2,2
aa616abe-1761-0c9a-7c6f-946ec525f187,aa616abe-1761-0c9a-7959-07544679dafd,4f77b706-35ed-390c-b724-c406692b3cf7,df166300-5a78-3502-a46a-832842197811,,20,20,160904001,73595000,,,,,,,,aa616abe-1761-0c9a-2681-bb2e644093cc,2024-02-21T09:38:04Z,2024-02-21T09:38:04Z,4f77b706-35ed-390c-b724-c406692b3cf7,CLOSED,CLOSED,CLOSED,0,0,0,2024-02-21T10:33:31Z,2024-02-21T10:33:31Z,2024-02-21T10:33:31Z,1,1
aa616abe-1761-0c9a-bc30-6d9e573148f5,aa616abe-1761-0c9a-7959-07544679dafd,4f77b706-35ed-390c-b724-c406692b3cf7,df166300-5a78-3502-a46a-832842197811,,20,20,160904001,73595000,,,,,,,,aa616abe-1761-0c9a-2681-bb2e644093cc,2024-02-21T09:38:04Z,2024-02-21T09:38:04Z,4f77b706-35ed-390c-b724-c406692b3cf7,CLOSED,CLOSED,CLOSED,0,0,0,2024-02-21T10:33:31Z,2024-02-21T10:33:31Z,2024-02-21T10:33:31Z,1,1
aa616abe-1761-0c9a-28b5-41c20833a1ee,aa616abe-1761-0c9a-7959-07544679dafd,4f77b706-35ed-390c-b724-c406692b3cf7,df166300-5a78-3502-a46a-832842197811,,20,20,160904001,73595000,,,,,,,,aa616abe-1761-0c9a-2681-bb2e644093cc,2024-02-21T09:38:04Z,2024-02-21T09:38:04Z,4f77b706-35ed-390c-b724-c406692b3cf7,CLOSED,CLOSED,CLOSED,0,0,0,2024-02-21T10:33:31Z,2024-02-21T10:33:31Z,2024-02-21T10:33:31Z,1,1
aa616abe-1761-0c9a-02e2-7b647ca98f5f,aa616abe-1761-0c9a-7959-07544679dafd,4f77b706-35ed-390c-b724-c406692b3cf7,df166300-5a78-3502-a46a-832842197811,,20,20,160904001,73595000,,,,,,,,aa616abe-1761-0c9a-2681-bb2e644093cc,2024-02-21T09:38:04Z,2024-02-21T09:38:04Z,4f77b706-35ed-390c-b724-c406692b3cf7,CLOSED,CLOSED,CLOSED,0,0,0,2024-02-21T10:33:31Z,2024-02-21T10:33:31Z,2024-02-21T10:33:31Z,1,1
aa616abe-1761-0c9a-a3dd-ee1eb8b10ad7,aa616abe-1761-0c9a-7959-07544679dafd,a015c075-b200-32cb-9dcb-400a0d8ba90f,df166300-5a78-3502-a46a-832842197811,,5,5,314529007,,,,,,,,,aa616abe-1761-0c9a-80ad-6cc2bce866c1,2024-02-28T09:38:04Z,2024-02-28T09:38:04Z,a015c075-b200-32cb-9dcb-400a0d8ba90f,CLOSED,CLOSED,CLOSED,0,0,0,2024-02-28T09:53:04Z,2024-02-28T09:53:04Z,2024-02-28T09:53:04Z,1,1
aa616abe-1761-0c9a-30b5-ed454d421e84,aa616abe-1761-0c9a-7959-07544679dafd,a015c075-b200-32cb-9dcb-400a0d8ba90f,df166300-5a78-3502-a46a-832842197811,,5,5,314529007,,,,,,,,,aa616abe-1761-0c9a-80ad-6cc2bce866c1,2024-02-28T09:38:04Z,2024-02-28T09:38:04Z,a015c075-b200-32cb-9dcb-400a0d8ba90f,CLOSED,CLOSED,CLOSED,0,0,0,2024-02-28T09:53:04Z,2024-02-28T09:53:04Z,2024-02-28T09:53:04Z,1,1
aa616abe-1761-0c9a-afb6-a08d496c99a8,aa616abe-1761-0c9a-7959-07544679dafd,a015c075-b200-32cb-9dcb-400a0d8ba90f,df166300-5a78-3502-a46a-832842197811,,5,5,314529007,,,,,,,,,aa616abe-1761-0c9a-80ad-6cc2bce866c1,2024-02-28T09:38:04Z,2024-02-28T09:38:04Z,a015c075-b200-32cb-9dcb-400a0d8ba90f,CLOSED,CLOSED,CLOSED,0,0,0,2024-02-28T09:53:04Z,2024-02-28T09:53:04Z,2024-02-28T09:53:04Z,1,1
aa616abe-1761-0c9a-c748-4ae2c34a0c82,aa616abe-1761-0c9a-7959-07544679dafd,a015c075-b200-32cb-9dcb-400a0d8ba90f,df166300-5a78-3502-a46a-832842197811,,5,5,314529007,,,,,,,,,aa616abe-1761-0c9a-80ad-6cc2bce866c1,2024-02-28T09:38:04Z,2024-02-28T09:38:04Z,a015c075-b200-32cb-9dcb-400a0d8ba90f,CLOSED,CLOSED,CLOSED,0,0,0,2024-02-28T09:53:04Z,2024-02-28T09:53:04Z,2024-02-28T09:53:04Z,1,1
aa616abe-1761-0c9a-21bc-306da1f1f16f,aa616abe-1761-0c9a-7959-07544679dafd,8c145823-4d9b-377d-8b71-d42dc9e8cc90,df166300-5a78-3502-a46a-832842197811,,2,2,160903007,,,,,,,,,aa616abe-1761-0c9a-734b-fc8587254c98,2024-03-06T09:38:04Z,2024-03-06T09:38:04Z,8c145823-4d9b-377d-8b71-d42dc9e8cc90,CLOSED,CLOSED,CLOSED,0,0,0,2024-03-06T10:21:57Z,2024-03-06T10:21:57Z,2024-03-06T10:21:57Z,2,2
aa616abe-1761-0c9a-723d-e2cd9e1fb304,aa616abe-1761-0c9a-7959-07544679dafd,8c145823-4d9b-377d-8b71-d42dc9e8cc90,df166300-5a78-3502-a46a-832842197811,,2,2,160903007,,,,,,,,,aa616abe-1761-0c9a-734b-fc8587254c98,2024-03-06T09:38:04Z,2024-03-06T09:38:04Z,8c145823-4d9b-377d-8b71-d42dc9e8cc90,CLOSED,CLOSED,CLOSED,0,0,0,2024-03-06T10:21:57Z,2024-03-06T10:21:57Z,2024-03-06T10:21:57Z,2,2
aa616abe-1761-0c9a-0bd7-c50291f7247d,aa616abe-1761-0c9a-7959-07544679dafd,8c145823-4d9b-377d-8b71-d42dc9e8cc90,df166300-5a78-3502-a46a-832842197811,,2,2,160903007,,,,,,,,,aa616abe-1761-0c9a-734b-fc8587254c98,2024-03-06T09:38:04Z,2024-03-06T09:38:04Z,8c145823-4d9b-377d-8b71-d42dc9e8cc90,CLOSED,CLOSED,CLOSED,0,0,0,2024-03-06T10:21:57Z,2024-03-06T10:21:57Z,2024-03-06T10:21:57Z,2,2
aa616abe-1761-0c9a-ba89-941ee01cb626,aa616abe-1761-0c9a-7959-07544679dafd,8c145823-4d9b-377d-8b71-d42dc9e8cc90,df166300-5a78-3502-a46a-832842197811,,2,2,160903007,,,,,,,,,aa616abe-1761-0c9a-734b-fc8587254c98,2024-03-06T09:38:04Z,2024-03-06T09:38:04Z,8c145823-4d9b-377d-8b71-d42dc9e8cc90,CLOSED,CLOSED,CLOSED,0,0,0,2024-03-06T10:21:57Z,2024-03-06T10:21:57Z,2024-03-06T10:21:57Z,2,2
aa616abe-1761-0c9a-8c90-7b49aca29f9a,aa616abe-1761-0c9a-7959-07544679dafd,a015c075-b200-32cb-9dcb-400a0d8ba90f,df166300-5a78-3502-a46a-832842197811,,5,5,73595000,,,,,,,,,aa616abe-1761-0c9a-6ee0-acea6b0f4399,2024-03-20T09:38:04Z,2024-03-20T09:38:04Z,a015c075-b200-32cb-9dcb-400a0d8ba90f,CLOSED,CLOSED,CLOSED,0,0,0,2024-03-20T10:10:59Z,2024-03-20T10:10:59Z,2024-03-20T10:10:59Z,1,1
aa616abe-1761-0c9a-3234-796a26e97d36,aa616abe-1761-0c9a-7959-07544679dafd,a015c075-b200-32cb-9dcb-400a0d8ba90f,df166300-5a78-3502-a46a-832842197811,,5,5,73595000,,,,,,,,,aa616abe-1761-0c9a-6ee0-acea6b0f4399,2024-03-20T09:38:04Z,2024-03-20T09:38:04Z,a015c075-b200-32cb-9dcb-400a0d8ba90f,CLOSED,CLOSED,CLOSED,0,0,0,2024-03-20T10:10:59Z,2024-03-20T10:10:59Z,2024-03-20T10:10:59Z,1,1
aa616abe-1761-0c9a-ca3f-00a542a1174b,aa616abe-1761-0c9a-7959-07544679dafd,a015c075-b200-32cb-9dcb-400a0d8ba90f,df166300-5a78-3502-a46a-832842197811,,5,5,73595000,,,,,,,,,aa616abe-1761-0c9a-6ee0-acea6b0f4399,2024-03-20T09:38:04Z,2024-03-20T09:38:04Z,a015c075-b200-32cb-9dcb-400a0d8ba90f,CLOSED,CLOSED,CLOSED,0,0,0,2024-03-20T10:10:59Z,2024-03-20T10:10:59Z,2024-03-20T10:10:59Z,1,1
aa616abe-1761-0c9a-c958-1a6e5bcfec25,aa616abe-1761-0c9a-7959-07544679dafd,a015c075-b200-32cb-9dcb-400a0d8ba90f,df166300-5a78-3502-a46a-832842197811,,5,5,73595000,,,,,,,,,aa616abe-1761-0c9a-6ee0-acea6b0f4399,2024-03-20T09:38:04Z,2024-03-20T09:38:04Z,a015c075-b200-32cb-9dcb-400a0d8ba90f,CLOSED,CLOSED,CLOSED,0,0,0,2024-03-20T10:10:59Z,2024-03-20T10:10:59Z,2024-03-20T10:10:59Z,1,1
aa616abe-1761-0c9a-b9fa-797f94a2aa41,aa616abe-1761-0c9a-7959-07544679dafd,8c145823-4d9b-377d-8b71-d42dc9e8cc90,df166300-5a78-3502-a46a-832842197811,,2,2,314529007,,,,,,,,,aa616abe-1761-0c9a-b26c-d4d2ac8efffd,2024-03-27T09:38:04Z,2024-03-27T09:38:04Z,8c145823-4d9b-377d-8b71-d42dc9e8cc90,CLOSED,CLOSED,CLOSED,0,0,0,2024-03-27T09:53:04Z,2024-03-27T09:53:04Z,2024-03-27T09:53:04Z,2,2
aa616abe-1761-0c9a-ecef-7b8c09b041c0,aa616abe-1761-0c9a-7959-07544679dafd,8c145823-4d9b-377d-8b71-d42dc9e8cc90,df166300-5a78-3502-a46a-832842197811,,2,2,314529007,,,,,,,,,aa616abe-1761-0c9a-b26c-d4d2ac8efffd,2024-03-27T09:38:04Z,2024-03-27T09:38:04Z,8c145823-4d9b-377d-8b71-d42dc9e8cc90,CLOSED,CLOSED,CLOSED,0,0,0,2024-03-27T09:53:04Z,2024-03-27T09:53:04Z,2024-03-27T09:53:04Z,2,2
aa616abe-1761-0c9a-6535-9ba7173a9b6e,aa616abe-1761-0c9a-7959-07544679dafd,8c145823-4d9b-377d-8b71-d42dc9e8cc90,df166300-5a78-3502-a46a-832842197811,,2,2,314529007,,,,,,,,,aa616abe-1761-0c9a-b26c-d4d2ac8efffd,2024-03-27T09:38:04Z,2024-03-27T09:38:04Z,8c145823-4d9b-377d-8b71-d42dc9e8cc90,CLOSED,CLOSED,CLOSED,0,0,0,2024-03-27T09:53:04Z,2024-03-27T09:53:04Z,2024-03-27T09:53:04Z,2,2
aa616abe-1761-0c9a-feec-e2a6ebc61540,aa616abe-1761-0c9a-7959-07544679dafd,8c145823-4d9b-377d-8b71-d42dc9e8cc90,df166300-5a78-3502-a46a-832842197811,,2,2,314529007,,,,,,,,,aa616abe-1761-0c9a-b26c-d4d2ac8efffd,2024-03-27T09:38:04Z,2024-03-27T09:38:04Z,8c145823-4d9b-377d-8b71-d42dc9e8cc90,CLOSED,CLOSED,CLOSED,0,0,0,2024-03-27T09:53:04Z,2024-03-27T09:53:04Z,2024-03-27T09:53:04Z,2,2
aa616abe-1761-0c9a-9f54-19bd7fd93d98,aa616abe-1761-0c9a-7959-07544679dafd,a015c075-b200-32cb-9dcb-400a0d8ba90f,df166300-5a78-3502-a46a-832842197811,,5,5,314529007,,,,,,,,,aa616abe-1761-0c9a-4bbf-bc034380cbe7,2024-04-17T09:38:04Z,2024-04-17T09:38:04Z,a015c075-b200-32cb-9dcb-400a0d8ba90f,CLOSED,CLOSED,CLOSED,0,0,0,2024-04-17T10:10:20Z,2024-04-17T10:10:20Z,2024-04-17T10:10:20Z,1,1
aa616abe-1761-0c9a-f5e3-ae4d9bcee2d2,aa616abe-1761-0c9a-7959-07544679dafd,a015c075-b200-32cb-9dcb-400a0d8ba90f,df166300-5a78-3502-a46a-832842197811,,5,5,314529007,,,,,,,,,aa616abe-1761-0c9a-4bbf-bc034380cbe7,2024-04-17T09:38:04Z,2024-04-17T09:38:04Z,a015c075-b200-32cb-9dcb-400a0d8ba90f,CLOSED,CLOSED,CLOSED,0,0,0,2024-04-17T10:10:20Z,2024-04-17T10:10:20Z,2024-04-17T10:10:20Z,1,1
aa616abe-1761-0c9a-9604-d6eb0cc94a73,aa616abe-1761-0c9a-7959-07544679dafd,a015c075-b200-32cb-9dcb-400a0d8ba90f,df166300-5a78-3502-a46a-832842197811,,5,5,314529007,,,,,,,,,aa616abe-1761-0c9a-4bbf-bc034380cbe7,2024-04-17T09:38:04Z,2024-04-17T09:38:04Z,a015c075-b200-32cb-9dcb-400a0d8ba90f,CLOSED,CLOSED,CLOSED,0,0,0,2024-04-17T10:10:20Z,2024-04-17T10:10:20Z,2024-04-17T10:10:20Z,1,1
aa616abe-1761-0c9a-227a-72dc32be5c2e,aa616abe-1761-0c9a-7959-07544679dafd,a015c075-b200-32cb-9dcb-400a0d8ba90f,df166300-5a78-3502-a46a-832842197811,,5,5,314529007,,,,,,,,,aa616abe-1761-0c9a-4bbf-bc034380cbe7,2024-04-17T09:38:04Z,2024-04-17T09:38:04Z,a015c075-b200-32cb-9dcb-400a0d8ba90f,CLOSED,CLOSED,CLOSED,0,0,0,2024-04-17T10:10:20Z,2024-04-17T10:10:20Z,2024-04-17T10:10:20Z,1,1
aa616abe-1761-0c9a-5869-1be387d2338c,aa616abe-1761-0c9a-7959-07544679dafd,a015c075-b200-32cb-9dcb-400a0d8ba90f,df166300-5a78-3502-a46a-832842197811,,5,5,314529007,,,,,,,,,aa616abe-1761-0c9a-c290-2f1d0f151f5b,2024-04-24T09:38:04Z,2024-04-24T09:38:04Z,a015c075-b200-32cb-9dcb-400a0d8ba90f,CLOSED,CLOSED,CLOSED,0,0,0,2024-04-24T09:53:04Z,2024-04-24T09:53:04Z,2024-04-24T09:53:04Z,1,1
aa616abe-1761-0c9a-eb98-d068a99b71d9,aa616abe-1761-0c9a-7959-07544679dafd,a015c075-b200-32cb-9dcb-400a0d8ba90f,df166300-5a78-3502-a46a-832842197811,,5,5,314529007,,,,,,,,,aa616abe-1761-0c9a-c290-2f1d0f151f5b,2024-04-24T09:38:04Z,2024-04-24T09:38:04Z,a015c075-b200-32cb-9dcb-400a0d8ba90f,CLOSED,CLOSED,CLOSED,0,0,0,2024-04-24T09:53:04Z,2024-04-24T09:53:04Z,2024-04-24T09:53:04Z,1,1
aa616abe-1761-0c9a-742b-70a29afd14cd,aa616abe-1761-0c9a-7959-07544679dafd,a015c075-b200-32cb-9dcb-400a0d8ba90f,df166300-5a78-3502-a46a-832842197811,,5,5,314529007,,,,,,,,,aa616abe-1761-0c9a-c290-2f1d0f151f5b,2024-04-24T09:38:04Z,2024-04-24T09:38:04Z,a015c075-b200-32cb-9dcb-400a0d8ba90f,CLOSED,CLOSED,CLOSED,0,0,0,2024-04-24T09:53:04Z,2024-04-24T09:53:04Z,2024-04-24T09:53:04Z,1,1
aa616abe-1761-0c9a-8d2d-7a6b1ef8073c,aa616abe-1761-0c9a-7959-07544679dafd,a015c075-b200-32cb-9dcb-400a0d8ba90f,df166300-5a78-3502-a46a-832842197811,,5,5,314529007,,,,,,,,,aa616abe-1761-0c9a-c290-2f1d0f151f5b,2024-04-24T09:38:04Z,2024-04-24T09:38:04Z,a015c075-b200-32cb-9dcb-400a0d8ba90f,CLOSED,CLOSED,CLOSED,0,0,0,2024-04-24T09:53:04Z,2024-04-24T09:53:04Z,2024-04-24T09:53:04Z,1,1
aa616abe-1761-0c9a-6672-bb83116d40ae,aa616abe-1761-0c9a-7959-07544679dafd,a015c075-b200-32cb-9dcb-400a0d8ba90f,df166300-5a78-3502-a46a-832842197811,,5,5,314529007,422650009,,,,,,,,aa616abe-1761-0c9a-e3b3-8841a497bd44,2024-05-15T09:38:04Z,2024-05-15T09:38:04Z,a015c075-b200-32cb-9dcb-400a0d8ba90f,CLOSED,CLOSED,CLOSED,0,0,0,2024-05-15T10:29:18Z,2024-05-15T10:29:18Z,2024-05-15T10:29:18Z,1,1
aa616abe-1761-0c9a-a308-a3b8e6a511d0,aa616abe-1761-0c9a-7959-07544679dafd,a015c075-b200-32cb-9dcb-400a0d8ba90f,df166300-5a78-3502-a46a-832842197811,,5,5,314529007,422650009,,,,,,,,aa616abe-1761-0c9a-e3b3-8841a497bd44,2024-05-15T09:38:04Z,2024-05-15T09:38:04Z,a015c075-b200-32cb-9dcb-400a0d8ba90f,CLOSED,CLOSED,CLOSED,0,0,0,2024-05-15T10:29:18Z,2024-05-15T10:29:18Z,2024-05-15T10:29:18Z,1,1
aa616abe-1761-0c9a-4829-fd5d56f12100,aa616abe-1761-0c9a-7959-07544679dafd,a015c075-b200-32cb-9dcb-400a0d8ba90f,df166300-5a78-3502-a46a-832842197811,,5,5,314529007,422650009,,,,,,,,aa616abe-1761-0c9a-e3b3-8841a497bd44,2024-05-15T09:38:04Z,2024-05-15T09:38:04Z,a015c075-b200-32cb-9dcb-400a0d8ba90f,CLOSED,CLOSED,CLOSED,0,0,0,2024-05-15T10:29:18Z,2024-05-15T10:29:18Z,2024-05-15T10:29:18Z,1,1
aa616abe-1761-0c9a-8876-24a237b93e13,aa616abe-1761-0c9a-7959-07544679dafd,a015c075-b200-32cb-9dcb-400a0d8ba90f,df166300-5a78-3502-a46a-832842197811,,5,5,314529007,422650009,,,,,,,,aa616abe-1761-0c9a-e3b3-8841a497bd44,2024-05-15T09:38:04Z,2024-05-15T09:38:04Z,a015c075-b200-32cb-9dcb-400a0d8ba90f,CLOSED,CLOSED,CLOSED,0,0,0,2024-05-15T10:29:18Z,2024-05-15T10:29:18Z,2024-05-15T10:29:18Z,1,1
aa616abe-1761-0c9a-dd4b-c5984fea829b,aa616abe-1761-0c9a-7959-07544679dafd,8c145823-4d9b-377d-8b71-d42dc9e8cc90,df166300-5a78-3502-a46a-832842197811,,2,2,314529007,73595000,,,,,,,,aa616abe-1761-0c9a-6927-d146f96cd914,2024-06-05T09:38:04Z,2024-06-05T09:38:04Z,8c145823-4d9b-377d-8b71-d42dc9e8cc90,CLOSED,CLOSED,CLOSED,0,0,0,2024-06-05T10:16:41Z,2024-06-05T10:16:41Z,2024-06-05T10:16:41Z,2,2
aa616abe-1761-0c9a-9c7a-6d3c68f0eb1e,aa616abe-1761-0c9a-7959-07544679dafd,8c145823-4d9b-377d-8b71-d42dc9e8cc90,df166300-5a78-3502-a46a-832842197811,,2,2,314529007,73595000,,,,,,,,aa616abe-1761-0c9a-6927-d146f96cd914,2024-06-05T09:38:04Z,2024-06-05T09:38:04Z,8c145823-4d9b-377d-8b71-d42dc9e8cc90,CLOSED,CLOSED,CLOSED,0,0,0,2024-06-05T10:16:41Z,2024-06-05T10:16:41Z,2024-06-05T10:16:41Z,2,2
aa616abe-1761-0c9a-74cb-4e36c2be29a4,aa616abe-1761-0c9a-7959-07544679dafd,8c145823-4d9b-377d-8b71-d42dc9e8cc90,df166300-5a78-3502-a46a-832842197811,,2,2,314529007,73595000,,,,,,,,aa616abe-1761-0c9a-6927-d146f96cd914,2024-06-05T09:38:04Z,2024-06-05T09:38:04Z,8c145823-4d9b-377d-8b71-d42dc9e8cc90,CLOSED,CLOSED,CLOSED,0,0,0,2024-06-05T10:16:41Z,2024-06-05T10:16:41Z,2024-06-05T10:16:41Z,2,2
aa616abe-1761-0c9a-8ae5-d7d3ebcebe98,aa616abe-1761-0c9a-7959-07544679dafd,8c145823-4d9b-377d-8b71-d42dc9e8cc90,df166300-5a78-3502-a46a-832842197811,,2,2,314529007,73595000,,,,,,,,aa616abe-1761-0c9a-6927-d146f96cd914,2024-06-05T09:38:04Z,2024-06-05T09:38:04Z,8c145823-4d9b-377d-8b71-d42dc9e8cc90,CLOSED,CLOSED,CLOSED,0,0,0,2024-06-05T10:16:41Z,2024-06-05T10:16:41Z,2024-06-05T10:16:41Z,2,2
aa616abe-1761-0c9a-96fe-975108a40589,aa616abe-1761-0c9a-7959-07544679dafd,8c145823-4d9b-377d-8b71-d42dc9e8cc90,df166300-5a78-3502-a46a-832842197811,,2,2,314529007,423315002,,,,,,,,aa616abe-1761-0c9a-bfe1-73049b0f2170,2024-07-03T09:38:04Z,2024-07-03T09:38:04Z,8c145823-4d9b-377d-8b71-d42dc9e8cc90,CLOSED,CLOSED,CLOSED,0,0,0,2024-07-03T10:10:00Z,2024-07-03T10:10:00Z,2024-07-03T10:10:00Z,2,2
aa616abe-1761-0c9a-3a19-83a09698e959,aa616abe-1761-0c9a-7959-07544679dafd,8c145823-4d9b-377d-8b71-d42dc9e8cc90,df166300-5a78-3502-a46a-832842197811,,2,2,314529007,423315002,,,,,,,,aa616abe-1761-0c9a-bfe1-73049b0f2170,2024-07-03T09:38:04Z,2024-07-03T09:38:04Z,8c145823-4d9b-377d-8b71-d42dc9e8cc90,CLOSED,CLOSED,CLOSED,0,0,0,2024-07-03T10:10:00Z,2024-07-03T10:10:00Z,2024-07-03T10:10:00Z,2,2
aa616abe-1761-0c9a-4ca3-6e081faee417,aa616abe-1761-0c9a-7959-07544679dafd,8c145823-4d9b-377d-8b71-d42dc9e8cc90,df166300-5a78-3502-a46a-832842197811,,2,2,314529007,423315002,,,,,,,,aa616abe-1761-0c9a-bfe1-73049b0f2170,2024-07-03T09:38:04Z,2024-07-03T09:38:04Z,8c145823-4d9b-377d-8b71-d42dc9e8cc90,CLOSED,CLOSED,CLOSED,0,0,0,2024-07-03T10:10:00Z,2024-07-03T10:10:00Z,2024-07-03T10:10:00Z,2,2
aa616abe-1761-0c9a-37ea-2b942b04bcf4,aa616abe-1761-0c9a-7959-07544679dafd,8c145823-4d9b-377d-8b71-d42dc9e8cc90,df166300-5a78-3502-a46a-832842197811,,2,2,314529007,423315002,,,,,,,,aa616abe-1761-0c9a-bfe1-73049b0f2170,2024-07-03T09:38:04Z,2024-07-03T09:38:04Z,8c145823-4d9b-377d-8b71-d42dc9e8cc90,CLOSED,CLOSED,CLOSED,0,0,0,2024-07-03T10:10:00Z,2024-07-03T10:10:00Z,2024-07-03T10:10:00Z,2,2
aa616abe-1761-0c9a-0304-3c27960799eb,aa616abe-1761-0c9a-7959-07544679dafd,8c145823-4d9b-377d-8b71-d42dc9e8cc90,df166300-5a78-3502-a46a-832842197811,,2,2,314529007,,,,,,,,,aa616abe-1761-0c9a-5178-87a1d4c83d00,2024-07-17T09:38:04Z,2024-07-17T09:38:04Z,8c145823-4d9b-377d-8b71-d42dc9e8cc90,CLOSED,CLOSED,CLOSED,0,0,0,2024-07-17T10:31:38Z,2024-07-17T10:31:38Z,2024-07-17T10:31:38Z,2,2
aa616abe-1761-0c9a-b509-c897d444f933,aa616abe-1761-0c9a-7959-07544679dafd,8c145823-4d9b-377d-8b71-d42dc9e8cc90,df166300-5a78-3502-a46a-832842197811,,2,2,314529007,,,,,,,,,aa616abe-1761-0c9a-5178-87a1d4c83d00,2024-07-17T09:38:04Z,2024-07-17T09:38:04Z,8c145823-4d9b-377d-8b71-d42dc9e8cc90,CLOSED,CLOSED,CLOSED,0,0,0,2024-07-17T10:31:38Z,2024-07-17T10:31:38Z,2024-07-17T10:31:38Z,2,2
aa616abe-1761-0c9a-a27d-f3acdb9a3ffc,aa616abe-1761-0c9a-7959-07544679dafd,8c145823-4d9b-377d-8b71-d42dc9e8cc90,df166300-5a78-3502-a46a-832842197811,,2,2,314529007,,,,,,,,,aa616abe-1761-0c9a-5178-87a1d4c83d00,2024-07-17T09:38:04Z,2024-07-17T09:38:04Z,8c145823-4d9b-377d-8b71-d42dc9e8cc90,CLOSED,CLOSED,CLOSED,0,0,0,2024-07-17T10:31:38Z,2024-07-17T10:31:38Z,2024-07-17T10:31:38Z,2,2
aa616abe-1761-0c9a-6759-d66e37166cd2,aa616abe-1761-0c9a-7959-07544679dafd,8c145823-4d9b-377d-8b71-d42dc9e8cc90,df166300-5a78-3502-a46a-832842197811,,2,2,314529007,,,,,,,,,aa616abe-1761-0c9a-5178-87a1d4c83d00,2024-07-17T09:38:04Z,2024-07-17T09:38:04Z,8c145823-4d9b-377d-8b71-d42dc9e8cc90,CLOSED,CLOSED,CLOSED,0,0,0,2024-07-17T10:31:38Z,2024-07-17T10:31:38Z,2024-07-17T10:31:38Z,2,2
aa616abe-1761-0c9a-bfdb-a55e34d45c83,aa616abe-1761-0c9a-7959-07544679dafd,d7d57826-fcbd-32f9-aded-66ab507d1144,df166300-5a78-3502-a46a-832842197811,,1,1,185349003,,,,,,,,,aa616abe-1761-0c9a-8bdf-9f84b03efed9,2024-07-31T09:38:04Z,2024-07-31T09:38:04Z,d7d57826-fcbd-32f9-aded-66ab507d1144,CLOSED,CLOSED,CLOSED,0,0,0,2024-07-31T09:53:04Z,2024-07-31T09:53:04Z,2024-07-31T09:53:04Z,2,2
aa616abe-1761-0c9a-020b-8e618f4e24b2,aa616abe-1761-0c9a-7959-07544679dafd,a015c075-b200-32cb-9dcb-400a0d8ba90f,df166300-5a78-3502-a46a-832842197811,,5,5,160904001,422650009,,,,,,,,aa616abe-1761-0c9a-e5e3-e6534716a43e,2024-08-14T09:38:04Z,2024-08-14T09:38:04Z,a015c075-b200-32cb-9dcb-400a0d8ba90f,CLOSED,CLOSED,CLOSED,0,0,0,2024-08-14T10:22:15Z,2024-08-14T10:22:15Z,2024-08-14T10:22:15Z,1,1
aa616abe-1761-0c9a-5a7d-ccb3c6064d57,aa616abe-1761-0c9a-7959-07544679dafd,a015c075-b200-32cb-9dcb-400a0d8ba90f,df166300-5a78-3502-a46a-832842197811,,5,5,160904001,422650009,,,,,,,,aa616abe-1761-0c9a-e5e3-e6534716a43e,2024-08-14T09:38:04Z,2024-08-14T09:38:04Z,a015c075-b200-32cb-9dcb-400a0d8ba90f,CLOSED,CLOSED,CLOSED,0,0,0,2024-08-14T10:22:15Z,2024-08-14T10:22:15Z,2024-08-14T10:22:15Z,1,1
aa616abe-1761-0c9a-f5e7-7bd85639e71b,aa616abe-1761-0c9a-7959-07544679dafd,a015c075-b200-32cb-9dcb-400a0d8ba90f,df166300-5a78-3502-a46a-832842197811,,5,5,160904001,422650009,,,,,,,,aa616abe-1761-0c9a-e5e3-e6534716a43e,2024-08-14T09:38:04Z,2024-08-14T09:38:04Z,a015c075-b200-32cb-9dcb-400a0d8ba90f,CLOSED,CLOSED,CLOSED,0,0,0,2024-08-14T10:22:15Z,2024-08-14T10:22:15Z,2024-08-14T10:22:15Z,1,1
aa616abe-1761-0c9a-65ba-4c0ca4b6d66a,aa616abe-1761-0c9a-7959-07544679dafd,a015c075-b200-32cb-9dcb-400a0d8ba90f,df166300-5a78-3502-a46a-832842197811,,5,5,160904001,422650009,,,,,,,,aa616abe-1761-0c9a-e5e3-e6534716a43e,2024-08-14T09:38:04Z,2024-08-14T09:38:04Z,a015c075-b200-32cb-9dcb-400a0d8ba90f,CLOSED,CLOSED,CLOSED,0,0,0,2024-08-14T10:22:15Z,2024-08-14T10:22:15Z,2024-08-14T10:22:15Z,1,1
aa616abe-1761-0c9a-8748-6e2d8f32cf06,aa616abe-1761-0c9a-7959-07544679dafd,8c145823-4d9b-377d-8b71-d42dc9e8cc90,df166300-5a78-3502-a46a-832842197811,,2,2,185349003,,,,,,,,,aa616abe-1761-0c9a-d45d-e27640fc842e,2024-08-21T09:38:04Z,2024-08-21T09:38:04Z,8c145823-4d9b-377d-8b71-d42dc9e8cc90,CLOSED,CLOSED,CLOSED,0,0,0,2024-08-21T09:53:04Z,2024-08-21T09:53:04Z,2024-08-21T09:53:04Z,2,2
aa616abe-1761-0c9a-895b-4fd009a07a67,aa616abe-1761-0c9a-7959-07544679dafd,8c145823-4d9b-377d-8b71-d42dc9e8cc90,df166300-5a78-3502-a46a-832842197811,,2,2,185349003,,,,,,,,,aa616abe-1761-0c9a-d45d-e27640fc842e,2024-08-21T09:38:04Z,2024-08-21T09:38:04Z,8c145823-4d9b-377d-8b71-d42dc9e8cc90,CLOSED,CLOSED,CLOSED,0,0,0,2024-08-21T09:53:04Z,2024-08-21T09:53:04Z,2024-08-21T09:53:04Z,2,2
aa616abe-1761-0c9a-dd1f-36d02fbc7ea9,aa616abe-1761-0c9a-7959-07544679dafd,8c145823-4d9b-377d-8b71-d42dc9e8cc90,df166300-5a78-3502-a46a-832842197811,,2,2,185349003,,,,,,,,,aa616abe-1761-0c9a-d45d-e27640fc842e,2024-08-21T09:38:04Z,2024-08-21T09:38:04Z,8c145823-4d9b-377d-8b71-d42dc9e8cc90,CLOSED,CLOSED,CLOSED,0,0,0,2024-08-21T09:53:04Z,2024-08-21T09:53:04Z,2024-08-21T09:53:04Z,2,2
aa616abe-1761-0c9a-a970-a218fa112fd8,aa616abe-1761-0c9a-7959-07544679dafd,8c145823-4d9b-377d-8b71-d42dc9e8cc90,df166300-5a78-3502-a46a-832842197811,,2,2,185349003,,,,,,,,,aa616abe-1761-0c9a-d45d-e27640fc842e,2024-08-21T09:38:04Z,2024-08-21T09:38:04Z,8c145823-4d9b-377d-8b71-d42dc9e8cc90,CLOSED,CLOSED,CLOSED,0,0,0,2024-08-21T09:53:04Z,2024-08-21T09:53:04Z,2024-08-21T09:53:04Z,2,2
aa616abe-1761-0c9a-536c-a64296f2c1f5,aa616abe-1761-0c9a-7959-07544679dafd,a015c075-b200-32cb-9dcb-400a0d8ba90f,df166300-5a78-3502-a46a-832842197811,,5,5,314529007,160903007,73595000,706893006,,,,,,aa616abe-1761-0c9a-150f-5f5a0d7846e6,2024-08-28T09:38:04Z,2024-08-28T09:38:04Z,a015c075-b200-32cb-9dcb-400a0d8ba90f,CLOSED,CLOSED,CLOSED,0,0,0,2024-08-28T10:35:14Z,2024-08-28T10:35:14Z,2024-08-28T10:35:14Z,1,1
aa616abe-1761-0c9a-9b06-7e793a77cf37,aa616abe-1761-0c9a-7959-07544679dafd,a015c075-b200-32cb-9dcb-400a0d8ba90f,df166300-5a78-3502-a46a-832842197811,,5,5,314529007,160903007,73595000,706893006,,,,,,aa616abe-1761-0c9a-150f-5f5a0d7846e6,2024-08-28T09:38:04Z,2024-08-28T09:38:04Z,a015c075-b200-32cb-9dcb-400a0d8ba90f,CLOSED,CLOSED,CLOSED,0,0,0,2024-08-28T10:35:14Z,2024-08-28T10:35:14Z,2024-08-28T10:35:14Z,1,1
aa616abe-1761-0c9a-6f47-82a088fdb138,aa616abe-1761-0c9a-7959-07544679dafd,a015c075-b200-32cb-9dcb-400a0d8ba90f,df166300-5a78-3502-a46a-832842197811,,5,5,314529007,160903007,73595000,706893006,,,,,,aa616abe-1761-0c9a-150f-5f5a0d7846e6,2024-08-28T09:38:04Z,2024-08-28T09:38:04Z,a015c075-b200-32cb-9dcb-400a0d8ba90f,CLOSED,CLOSED,CLOSED,0,0,0,2024-08-28T10:35:14Z,2024-08-28T10:35:14Z,2024-08-28T10:35:14Z,1,1
aa616abe-1761-0c9a-310b-115a0c5d537f,aa616abe-1761-0c9a-7959-07544679dafd,a015c075-b200-32cb-9dcb-400a0d8ba90f,df166300-5a78-3502-a46a-832842197811,,5,5,314529007,160903007,73595000,706893006,,,,,,aa616abe-1761-0c9a-150f-5f5a0d7846e6,2024-08-28T09:38:04Z,2024-08-28T09:38:04Z,a015c075-b200-32cb-9dcb-400a0d8ba90f,CLOSED,CLOSED,CLOSED,0,0,0,2024-08-28T10:35:14Z,2024-08-28T10:35:14Z,2024-08-28T10:35:14Z,1,1
aa616abe-1761-0c9a-57e8-8ca19a47be6e,aa616abe-1761-0c9a-7959-07544679dafd,a015c075-b200-32cb-9dcb-400a0d8ba90f,df166300-5a78-3502-a46a-832842197811,,5,5,702927004,,,,,,,,,aa616abe-1761-0c9a-0c2a-99fcc7c8673c,2024-09-04T09:38:04Z,2024-09-04T09:38:04Z,a015c075-b200-32cb-9dcb-400a0d8ba90f,CLOSED,CLOSED,CLOSED,0,0,0,2024-09-04T09:53:04Z,2024-09-04T09:53:04Z,2024-09-04T09:53:04Z,1,1
aa616abe-1761-0c9a-2a88-cde53aef4a6b,aa616abe-1761-0c9a-7959-07544679dafd,a015c075-b200-32cb-9dcb-400a0d8ba90f,df166300-5a78-3502-a46a-832842197811,,5,5,702927004,,,,,,,,,aa616abe-1761-0c9a-0c2a-99fcc7c8673c,2024-09-04T09:38:04Z,2024-09-04T09:38:04Z,a015c075-b200-32cb-9dcb-400a0d8ba90f,CLOSED,CLOSED,CLOSED,0,0,0,2024-09-04T09:53:04Z,2024-09-04T09:53:04Z,2024-09-04T09:53:04Z,1,1
aa616abe-1761-0c9a-5fca-eae17191663a,aa616abe-1761-0c9a-7959-07544679dafd,a015c075-b200-32cb-9dcb-400a0d8ba90f,df166300-5a78-3502-a46a-832842197811,,5,5,702927004,,,,,,,,,aa616abe-1761-0c9a-0c2a-99fcc7c8673c,2024-09-04T09:38:04Z,2024-09-04T09:38:04Z,a015c075-b200-32cb-9dcb-400a0d8ba90f,CLOSED,CLOSED,CLOSED,0,0,0,2024-09-04T09:53:04Z,2024-09-04T09:53:04Z,2024-09-04T09:53:04Z,1,1
aa616abe-1761-0c9a-007c-70e4ab09d27d,aa616abe-1761-0c9a-7959-07544679dafd,a015c075-b200-32cb-9dcb-400a0d8ba90f,df166300-5a78-3502-a46a-832842197811,,5,5,702927004,,,,,,,,,aa616abe-1761-0c9a-0c2a-99fcc7c8673c,2024-09-04T09:38:04Z,2024-09-04T09:38:04Z,a015c075-b200-32cb-9dcb-400a0d8ba90f,CLOSED,CLOSED,CLOSED,0,0,0,2024-09-04T09:53:04Z,2024-09-04T09:53:04Z,2024-09-04T09:53:04Z,1,1
aa616abe-1761-0c9a-e60c-c474e02ac0c5,aa616abe-1761-0c9a-7959-07544679dafd,bddf816d-d219-37f1-8e76-0a4241dca81a,df166300-5a78-3502-a46a-832842197811,,4,4,314529007,423315002,,,,,,,,aa616abe-1761-0c9a-753d-8998877cbb64,2024-09-11T09:38:04Z,2024-09-11T09:38:04Z,bddf816d-d219-37f1-8e76-0a4241dca81a,CLOSED,CLOSED,CLOSED,0,0,0,2024-09-11T10:38:04Z,2024-09-11T10:38:04Z,2024-09-11T10:38:04Z,2,2
aa616abe-1761-0c9a-f104-9168eda188d7,aa616abe-1761-0c9a-7959-07544679dafd,bddf816d-d219-37f1-8e76-0a4241dca81a,df166300-5a78-3502-a46a-832842197811,,4,4,314529007,423315002,,,,,,,,aa616abe-1761-0c9a-753d-8998877cbb64,2024-09-11T09:38:04Z,2024-09-11T09:38:04Z,bddf816d-d219-37f1-8e76-0a4241dca81a,CLOSED,CLOSED,CLOSED,0,0,0,2024-09-11T10:38:04Z,2024-09-11T10:38:04Z,2024-09-11T10:38:04Z,2,2
aa616abe-1761-0c9a-6f62-d43ca80b33d4,aa616abe-1761-0c9a-7959-07544679dafd,bddf816d-d219-37f1-8e76-0a4241dca81a,df166300-5a78-3502-a46a-832842197811,,4,4,314529007,423315002,,,,,,,,aa616abe-1761-0c9a-753d-8998877cbb64,2024-09-11T09:38:04Z,2024-09-11T09:38:04Z,bddf816d-d219-37f1-8e76-0a4241dca81a,CLOSED,CLOSED,CLOSED,0,0,0,2024-09-11T10:38:04Z,2024-09-11T10:38:04Z,2024-09-11T10:38:04Z,2,2
aa616abe-1761-0c9a-748a-09f4a0a0ae9c,aa616abe-1761-0c9a-7959-07544679dafd,bddf816d-d219-37f1-8e76-0a4241dca81a,df166300-5a78-3502-a46a-832842197811,,4,4,314529007,423315002,,,,,,,,aa616abe-1761-0c9a-753d-8998877cbb64,2024-09-11T09:38:04Z,2024-09-11T09:38:04Z,bddf816d-d219-37f1-8e76-0a4241dca81a,CLOSED,CLOSED,CLOSED,0,0,0,2024-09-11T10:38:04Z,2024-09-11T10:38:04Z,2024-09-11T10:38:04Z,2,2
aa616abe-1761-0c9a-ff28-992decee4962,aa616abe-1761-0c9a-7959-07544679dafd,bddf816d-d219-37f1-8e76-0a4241dca81a,df166300-5a78-3502-a46a-832842197811,,4,4,314529007,,,,,,,,,aa616abe-1761-0c9a-646f-8da248890bd0,2024-09-18T09:38:04Z,2024-09-18T09:38:04Z,bddf816d-d219-37f1-8e76-0a4241dca81a,CLOSED,CLOSED,CLOSED,0,0,0,2024-09-18T10:38:04Z,2024-09-18T10:38:04Z,2024-09-18T10:38:04Z,2,2
aa616abe-1761-0c9a-961f-4b8fdd33f2f0,aa616abe-1761-0c9a-7959-07544679dafd,bddf816d-d219-37f1-8e76-0a4241dca81a,df166300-5a78-3502-a46a-832842197811,,4,4,314529007,,,,,,,,,aa616abe-1761-0c9a-646f-8da248890bd0,2024-09-18T09:38:04Z,2024-09-18T09:38:04Z,bddf816d-d219-37f1-8e76-0a4241dca81a,CLOSED,CLOSED,CLOSED,0,0,0,2024-09-18T10:38:04Z,2024-09-18T10:38:04Z,2024-09-18T10:38:04Z,2,2
aa616abe-1761-0c9a-6faa-1b8304772c6a,aa616abe-1761-0c9a-7959-07544679dafd,bddf816d-d219-37f1-8e76-0a4241dca81a,df166300-5a78-3502-a46a-832842197811,,4,4,314529007,,,,,,,,,aa616abe-1761-0c9a-646f-8da248890bd0,2024-09-18T09:38:04Z,2024-09-18T09:38:04Z,bddf816d-d219-37f1-8e76-0a4241dca81a,CLOSED,CLOSED,CLOSED,0,0,0,2024-09-18T10:38:04Z,2024-09-18T10:38:04Z,2024-09-18T10:38:04Z,2,2
aa616abe-1761-0c9a-6b5c-2bdccb51352a,aa616abe-1761-0c9a-7959-07544679dafd,bddf816d-d219-37f1-8e76-0a4241dca81a,df166300-5a78-3502-a46a-832842197811,,4,4,314529007,,,,,,,,,aa616abe-1761-0c9a-646f-8da248890bd0,2024-09-18T09:38:04Z,2024-09-18T09:38:04Z,bddf816d-d219-37f1-8e76-0a4241dca81a,CLOSED,CLOSED,CLOSED,0,0,0,2024-09-18T10:38:04Z,2024-09-18T10:38:04Z,2024-09-18T10:38:04Z,2,2
aa616abe-1761-0c9a-e715-b9f0bfc325f5,aa616abe-1761-0c9a-7959-07544679dafd,a015c075-b200-32cb-9dcb-400a0d8ba90f,df166300-5a78-3502-a46a-832842197811,,5,5,702927004,,,,,,,,,aa616abe-1761-0c9a-225e-607c10b55761,2024-09-25T09:38:04Z,2024-09-25T09:38:04Z,a015c075-b200-32cb-9dcb-400a0d8ba90f,CLOSED,CLOSED,CLOSED,0,0,0,2024-09-25T10:11:53Z,2024-09-25T10:11:53Z,2024-09-25T10:11:53Z,1,1
aa616abe-1761-0c9a-8441-57dda404d3ad,aa616abe-1761-0c9a-7959-07544679dafd,a015c075-b200-32cb-9dcb-400a0d8ba90f,df166300-5a78-3502-a46a-832842197811,,5,5,702927004,,,,,,,,,aa616abe-1761-0c9a-225e-607c10b55761,2024-09-25T09:38:04Z,2024-09-25T09:38:04Z,a015c075-b200-32cb-9dcb-400a0d8ba90f,CLOSED,CLOSED,CLOSED,0,0,0,2024-09-25T10:11:53Z,2024-09-25T10:11:53Z,2024-09-25T10:11:53Z,1,1
aa616abe-1761-0c9a-2432-b7bc2faae6ca,aa616abe-1761-0c9a-7959-07544679dafd,a015c075-b200-32cb-9dcb-400a0d8ba90f,df166300-5a78-3502-a46a-832842197811,,5,5,702927004,,,,,,,,,aa616abe-1761-0c9a-225e-607c10b55761,2024-09-25T09:38:04Z,2024-09-25T09:38:04Z,a015c075-b200-32cb-9dcb-400a0d8ba90f,CLOSED,CLOSED,CLOSED,0,0,0,2024-09-25T10:11:53Z,2024-09-25T10:11:53Z,2024-09-25T10:11:53Z,1,1
aa616abe-1761-0c9a-3163-003abaa3c72d,aa616abe-1761-0c9a-7959-07544679dafd,a015c075-b200-32cb-9dcb-400a0d8ba90f,df166300-5a78-3502-a46a-832842197811,,5,5,702927004,,,,,,,,,aa616abe-1761-0c9a-225e-607c10b55761,2024-09-25T09:38:04Z,2024-09-25T09:38:04Z,a015c075-b200-32cb-9dcb-400a0d8ba90f,CLOSED,CLOSED,CLOSED,0,0,0,2024-09-25T10:11:53Z,2024-09-25T10:11:53Z,2024-09-25T10:11:53Z,1,1
aa616abe-1761-0c9a-77a9-72c96fa0abfa,aa616abe-1761-0c9a-7959-07544679dafd,a015c075-b200-32cb-9dcb-400a0d8ba90f,df166300-5a78-3502-a46a-832842197811,,5,5,702927004,,,,,,,,,aa616abe-1761-0c9a-78bd-fe9c63a0faa0,2024-10-02T09:38:04Z,2024-10-02T09:38:04Z,a015c075-b200-32cb-9dcb-400a0d8ba90f,CLOSED,CLOSED,CLOSED,0,0,0,2024-10-02T09:53:04Z,2024-10-02T09:53:04Z,2024-10-02T09:53:04Z,1,1
aa616abe-1761-0c9a-b8d5-7cc7acc8dea1,aa616abe-1761-0c9a-7959-07544679dafd,a015c075-b200-32cb-9dcb-400a0d8ba90f,df166300-5a78-3502-a46a-832842197811,,5,5,702927004,,,,,,,,,aa616abe-1761-0c9a-78bd-fe9c63a0faa0,2024-10-02T09:38:04Z,2024-10-02T09:38:04Z,a015c075-b200-32cb-9dcb-400a0d8ba90f,CLOSED,CLOSED,CLOSED,0,0,0,2024-10-02T09:53:04Z,2024-10-02T09:53:04Z,2024-10-02T09:53:04Z,1,1
aa616abe-1761-0c9a-8228-55cf199d00e0,aa616abe-1761-0c9a-7959-07544679dafd,a015c075-b200-32cb-9dcb-400a0d8ba90f,df166300-5a78-3502-a46a-832842197811,,5,5,702927004,,,,,,,,,aa616abe-1761-0c9a-78bd-fe9c63a0faa0,2024-10-02T09:38:04Z,2024-10-02T09:38:04Z,a015c075-b200-32cb-9dcb-400a0d8ba90f,CLOSED,CLOSED,CLOSED,0,0,0,2024-10-02T09:53:04Z,2024-10-02T09:53:04Z,2024-10-02T09:53:04Z,1,1
aa616abe-1761-0c9a-6592-8e8dae81e84b,aa616abe-1761-0c9a-7959-07544679dafd,a015c075-b200-32cb-9dcb-400a0d8ba90f,df166300-5a78-3502-a46a-832842197811,,5,5,702927004,,,,,,,,,aa616abe-1761-0c9a-78bd-fe9c63a0faa0,2024-10-02T09:38:04Z,2024-10-02T09:38:04Z,a015c075-b200-32cb-9dcb-400a0d8ba90f,CLOSED,CLOSED,CLOSED,0,0,0,2024-10-02T09:53:04Z,2024-10-02T09:53:04Z,2024-10-02T09:53:04Z,1,1
aa616abe-1761-0c9a-490e-f8166f1ff5f2,aa616abe-1761-0c9a-7959-07544679dafd,8c145823-4d9b-377d-8b71-d42dc9e8cc90,df166300-5a78-3502-a46a-832842197811,,2,2,314529007,422650009,73595000,,,,,,,aa616abe-1761-0c9a-56f4-8c5848aab430,2024-10-09T09:38:04Z,2024-10-09T09:38:04Z,8c145823-4d9b-377d-8b71-d42dc9e8cc90,CLOSED,CLOSED,CLOSED,0,0,0,2024-10-09T10:08:44Z,2024-10-09T10:08:44Z,2024-10-09T10:08:44Z,2,2
aa616abe-1761-0c9a-b03c-cc096f3a4616,aa616abe-1761-0c9a-7959-07544679dafd,8c145823-4d9b-377d-8b71-d42dc9e8cc90,df166300-5a78-3502-a46a-832842197811,,2,2,314529007,422650009,73595000,,,,,,,aa616abe-1761-0c9a-56f4-8c5848aab430,2024-10-09T09:38:04Z,2024-10-09T09:38:04Z,8c145823-4d9b-377d-8b71-d42dc9e8cc90,CLOSED,CLOSED,CLOSED,0,0,0,2024-10-09T10:08:44Z,2024-10-09T10:08:44Z,2024-10-09T10:08:44Z,2,2
aa616abe-1761-0c9a-988c-922a385acd2d,aa616abe-1761-0c9a-7959-07544679dafd,8c145823-4d9b-377d-8b71-d42dc9e8cc90,df166300-5a78-3502-a46a-832842197811,,2,2,314529007,422650009,73595000,,,,,,,aa616abe-1761-0c9a-56f4-8c5848aab430,2024-10-09T09:38:04Z,2024-10-09T09:38:04Z,8c145823-4d9b-377d-8b71-d42dc9e8cc90,CLOSED,CLOSED,CLOSED,0,0,0,2024-10-09T10:08:44Z,2024-10-09T10:08:44Z,2024-10-09T10:08:44Z,2,2
aa616abe-1761-0c9a-dcdb-d402440f89ea,aa616abe-1761-0c9a-7959-07544679dafd,8c145823-4d9b-377d-8b71-d42dc9e8cc90,df166300-5a78-3502-a46a-832842197811,,2,2,314529007,422650009,73595000,,,,,,,aa616abe-1761-0c9a-56f4-8c5848aab430,2024-10-09T09:38:04Z,2024-10-09T09:38:04Z,8c145823-4d9b-377d-8b71-d42dc9e8cc90,CLOSED,CLOSED,CLOSED,0,0,0,2024-10-09T10:08:44Z,2024-10-09T10:08:44Z,2024-10-09T10:08:44Z,2,2
aa616abe-1761-0c9a-9c97-fd831901c29d,aa616abe-1761-0c9a-7959-07544679dafd,bddf816d-d219-37f1-8e76-0a4241dca81a,df166300-5a78-3502-a46a-832842197811,,4,4,314529007,,,,,,,,,aa616abe-1761-0c9a-808a-b0ab533768c9,2024-10-16T09:38:04Z,2024-10-16T09:38:04Z,bddf816d-d219-37f1-8e76-0a4241dca81a,CLOSED,CLOSED,CLOSED,0,0,0,2024-10-16T10:38:04Z,2024-10-16T10:38:04Z,2024-10-16T10:38:04Z,2,2
aa616abe-1761-0c9a-bc8b-5be1a5e92da1,aa616abe-1761-0c9a-7959-07544679dafd,bddf816d-d219-37f1-8e76-0a4241dca81a,df166300-5a78-3502-a46a-832842197811,,4,4,314529007,,,,,,,,,aa616abe-1761-0c9a-808a-b0ab533768c9,2024-10-16T09:38:04Z,2024-10-16T09:38:04Z,bddf816d-d219-37f1-8e76-0a4241dca81a,CLOSED,CLOSED,CLOSED,0,0,0,2024-10-16T10:38:04Z,2024-10-16T10:38:04Z,2024-10-16T10:38:04Z,2,2
aa616abe-1761-0c9a-69f9-b11c30f08504,aa616abe-1761-0c9a-7959-07544679dafd,bddf816d-d219-37f1-8e76-0a4241dca81a,df166300-5a78-3502-a46a-832842197811,,4,4,314529007,,,,,,,,,aa616abe-1761-0c9a-808a-b0ab533768c9,2024-10-16T09:38:04Z,2024-10-16T09:38:04Z,bddf816d-d219-37f1-8e76-0a4241dca81a,CLOSED,CLOSED,CLOSED,0,0,0,2024-10-16T10:38:04Z,2024-10-16T10:38:04Z,2024-10-16T10:38:04Z,2,2
aa616abe-1761-0c9a-4d06-678396c2b8a5,aa616abe-1761-0c9a-7959-07544679dafd,bddf816d-d219-37f1-8e76-0a4241dca81a,df166300-5a78-3502-a46a-832842197811,,4,4,314529007,,,,,,,,,aa616abe-1761-0c9a-808a-b0ab533768c9,2024-10-16T09:38:04Z,2024-10-16T09:38:04Z,bddf816d-d219-37f1-8e76-0a4241dca81a,CLOSED,CLOSED,CLOSED,0,0,0,2024-10-16T10:38:04Z,2024-10-16T10:38:04Z,2024-10-16T10:38:04Z,2,2
aa616abe-1761-0c9a-de54-75db2be10c47,aa616abe-1761-0c9a-7959-07544679dafd,a015c075-b200-32cb-9dcb-400a0d8ba90f,df166300-5a78-3502-a46a-832842197811,,5,5,702927004,,,,,,,,,aa616abe-1761-0c9a-1486-427f451dfdfd,2024-10-23T09:38:04Z,2024-10-23T09:38:04Z,a015c075-b200-32cb-9dcb-400a0d8ba90f,CLOSED,CLOSED,CLOSED,0,0,0,2024-10-23T10:09:08Z,2024-10-23T10:09:08Z,2024-10-23T10:09:08Z,1,1
aa616abe-1761-0c9a-2a12-b7a7397f308e,aa616abe-1761-0c9a-7959-07544679dafd,a015c075-b200-32cb-9dcb-400a0d8ba90f,df166300-5a78-3502-a46a-832842197811,,5,5,702927004,,,,,,,,,aa616abe-1761-0c9a-1486-427f451dfdfd,2024-10-23T09:38:04Z,2024-10-23T09:38:04Z,a015c075-b200-32cb-9dcb-400a0d8ba90f,CLOSED,CLOSED,CLOSED,0,0,0,2024-10-23T10:09:08Z,2024-10-23T10:09:08Z,2024-10-23T10:09:08Z,1,1
aa616abe-1761-0c9a-c71b-097c4ffafb4e,aa616abe-1761-0c9a-7959-07544679dafd,a015c075-b200-32cb-9dcb-400a0d8ba90f,df166300-5a78-3502-a46a-832842197811,,5,5,702927004,,,,,,,,,aa616abe-1761-0c9a-1486-427f451dfdfd,2024-10-23T09:38:04Z,2024-10-23T09:38:04Z,a015c075-b200-32cb-9dcb-400a0d8ba90f,CLOSED,CLOSED,CLOSED,0,0,0,2024-10-23T10:09:08Z,2024-10-23T10:09:08Z,2024-10-23T10:09:08Z,1,1
aa616abe-1761-0c9a-60ef-19b284a01a15,aa616abe-1761-0c9a-7959-07544679dafd,a015c075-b200-32cb-9dcb-400a0d8ba90f,df166300-5a78-3502-a46a-832842197811,,5,5,702927004,,,,,,,,,aa616abe-1761-0c9a-1486-427f451dfdfd,2024-10-23T09:38:04Z,2024-10-23T09:38:04Z,a015c075-b200-32cb-9dcb-400a0d8ba90f,CLOSED,CLOSED,CLOSED,0,0,0,2024-10-23T10:09:08Z,2024-10-23T10:09:08Z,2024-10-23T10:09:08Z,1,1
aa616abe-1761-0c9a-e65f-da31ffb4e18e,aa616abe-1761-0c9a-7959-07544679dafd,a015c075-b200-32cb-9dcb-400a0d8ba90f,df166300-5a78-3502-a46a-832842197811,,5,5,314529007,,,,,,,,,aa616abe-1761-0c9a-5332-3ad705d69607,2024-10-30T09:38:04Z,2024-10-30T09:38:04Z,a015c075-b200-32cb-9dcb-400a0d8ba90f,CLOSED,CLOSED,CLOSED,0,0,0,2024-10-30T09:53:04Z,2024-10-30T09:53:04Z,2024-10-30T09:53:04Z,1,1
aa616abe-1761-0c9a-8698-334c6afc101c,aa616abe-1761-0c9a-7959-07544679dafd,a015c075-b200-32cb-9dcb-400a0d8ba90f,df166300-5a78-3502-a46a-832842197811,,5,5,314529007,,,,,,,,,aa616abe-1761-0c9a-5332-3ad705d69607,2024-10-30T09:38:04Z,2024-10-30T09:38:04Z,a015c075-b200-32cb-9dcb-400a0d8ba90f,CLOSED,CLOSED,CLOSED,0,0,0,2024-10-30T09:53:04Z,2024-10-30T09:53:04Z,2024-10-30T09:53:04Z,1,1
aa616abe-1761-0c9a-a36a-dc9952691cea,aa616abe-1761-0c9a-7959-07544679dafd,a015c075-b200-32cb-9dcb-400a0d8ba90f,df166300-5a78-3502-a46a-832842197811,,5,5,314529007,,,,,,,,,aa616abe-1761-0c9a-5332-3ad705d69607,2024-10-30T09:38:04Z,2024-10-30T09:38:04Z,a015c075-b200-32cb-9dcb-400a0d8ba90f,CLOSED,CLOSED,CLOSED,0,0,0,2024-10-30T09:53:04Z,2024-10-30T09:53:04Z,2024-10-30T09:53:04Z,1,1
aa616abe-1761-0c9a-9cda-af90222a5919,aa616abe-1761-0c9a-7959-07544679dafd,a015c075-b200-32cb-9dcb-400a0d8ba90f,df166300-5a78-3502-a46a-832842197811,,5,5,314529007,,,,,,,,,aa616abe-1761-0c9a-5332-3ad705d69607,2024-10-30T09:38:04Z,2024-10-30T09:38:04Z,a015c075-b200-32cb-9dcb-400a0d8ba90f,CLOSED,CLOSED,CLOSED,0,0,0,2024-10-30T09:53:04Z,2024-10-30T09:53:04Z,2024-10-30T09:53:04Z,1,1
aa616abe-1761-0c9a-0aa9-a94570d7a513,aa616abe-1761-0c9a-7959-07544679dafd,8c145823-4d9b-377d-8b71-d42dc9e8cc90,df166300-5a78-3502-a46a-832842197811,,2,2,314529007,423315002,,,,,,,,aa616abe-1761-0c9a-4c57-ec904e78220a,2024-11-06T09:38:04Z,2024-11-06T09:38:04Z,8c145823-4d9b-377d-8b71-d42dc9e8cc90,CLOSED,CLOSED,CLOSED,0,0,0,2024-11-06T10:32:52Z,2024-11-06T10:32:52Z,2024-11-06T10:32:52Z,2,2
aa616abe-1761-0c9a-f013-113587678bb6,aa616abe-1761-0c9a-7959-07544679dafd,8c145823-4d9b-377d-8b71-d42dc9e8cc90,df166300-5a78-3502-a46a-832842197811,,2,2,314529007,423315002,,,,,,,,aa616abe-1761-0c9a-4c57-ec904e78220a,2024-11-06T09:38:04Z,2024-11-06T09:38:04Z,8c145823-4d9b-377d-8b71-d42dc9e8cc90,CLOSED,CLOSED,CLOSED,0,0,0,2024-11-06T10:32:52Z,2024-11-06T10:32:52Z,2024-11-06T10:32:52Z,2,2
aa616abe-1761-0c9a-e573-da89915f8284,aa616abe-1761-0c9a-7959-07544679dafd,8c145823-4d9b-377d-8b71-d42dc9e8cc90,df166300-5a78-3502-a46a-832842197811,,2,2,314529007,423315002,,,,,,,,aa616abe-1761-0c9a-4c57-ec904e78220a,2024-11-06T09:38:04Z,2024-11-06T09:38:04Z,8c145823-4d9b-377d-8b71-d42dc9e8cc90,CLOSED,CLOSED,CLOSED,0,0,0,2024-11-06T10:32:52Z,2024-11-06T10:32:52Z,2024-11-06T10:32:52Z,2,2
aa616abe-1761-0c9a-cc7f-fb7ad70503eb,aa616abe-1761-0c9a-7959-07544679dafd,8c145823-4d9b-377d-8b71-d42dc9e8cc90,df166300-5a78-3502-a46a-832842197811,,2,2,314529007,423315002,,,,,,,,aa616abe-1761-0c9a-4c57-ec904e78220a,2024-11-06T09:38:04Z,2024-11-06T09:38:04Z,8c145823-4d9b-377d-8b71-d42dc9e8cc90,CLOSED,CLOSED,CLOSED,0,0,0,2024-11-06T10:32:52Z,2024-11-06T10:32:52Z,2024-11-06T10:32:52Z,2,2
aa616abe-1761-0c9a-7301-f94dad701d2b,aa616abe-1761-0c9a-7959-07544679dafd,a015c075-b200-32cb-9dcb-400a0d8ba90f,df166300-5a78-3502-a46a-832842197811,,5,5,702927004,,,,,,,,,aa616abe-1761-0c9a-4b0f-8cf90115fd87,2024-11-13T09:38:04Z,2024-11-13T09:38:04Z,a015c075-b200-32cb-9dcb-400a0d8ba90f,CLOSED,CLOSED,CLOSED,0,0,0,2024-11-13T09:53:04Z,2024-11-13T09:53:04Z,2024-11-13T09:53:04Z,1,1
aa616abe-1761-0c9a-1665-12a8ef8e6e6a,aa616abe-1761-0c9a-7959-07544679dafd,a015c075-b200-32cb-9dcb-400a0d8ba90f,df166300-5a78-3502-a46a-832842197811,,5,5,702927004,,,,,,,,,aa616abe-1761-0c9a-4b0f-8cf90115fd87,2024-11-13T09:38:04Z,2024-11-13T09:38:04Z,a015c075-b200-32cb-9dcb-400a0d8ba90f,CLOSED,CLOSED,CLOSED,0,0,0,2024-11-13T09:53:04Z,2024-11-13T09:53:04Z,2024-11-13T09:53:04Z,1,1
aa616abe-1761-0c9a-3fdb-2674382c0538,aa616abe-1761-0c9a-7959-07544679dafd,a015c075-b200-32cb-9dcb-400a0d8ba90f,df166300-5a78-3502-a46a-832842197811,,5,5,702927004,,,,,,,,,aa616abe-1761-0c9a-4b0f-8cf90115fd87,2024-11-13T09:38:04Z,2024-11-13T09:38:04Z,a015c075-b200-32cb-9dcb-400a0d8ba90f,CLOSED,CLOSED,CLOSED,0,0,0,2024-11-13T09:53:04Z,2024-11-13T09:53:04Z,2024-11-13T09:53:04Z,1,1
aa616abe-1761-0c9a-174c-828c136b4bdf,aa616abe-1761-0c9a-7959-07544679dafd,a015c075-b200-32cb-9dcb-400a0d8ba90f,df166300-5a78-3502-a46a-832842197811,,5,5,702927004,,,,,,,,,aa616abe-1761-0c9a-4b0f-8cf90115fd87,2024-11-13T09:38:04Z,2024-11-13T09:38:04Z,a015c075-b200-32cb-9dcb-400a0d8ba90f,CLOSED,CLOSED,CLOSED,0,0,0,2024-11-13T09:53:04Z,2024-11-13T09:53:04Z,2024-11-13T09:53:04Z,1,1
aa616abe-1761-0c9a-1f53-09f451e68701,aa616abe-1761-0c9a-7959-07544679dafd,a015c075-b200-32cb-9dcb-400a0d8ba90f,df166300-5a78-3502-a46a-832842197811,,5,5,10939881000119105,,,,,,,,,aa616abe-1761-0c9a-04b8-d94ab164cd13,2024-11-20T09:38:04Z,2024-11-20T09:38:04Z,a015c075-b200-32cb-9dcb-400a0d8ba90f,CLOSED,CLOSED,CLOSED,0,0,0,2024-11-20T10:30:16Z,2024-11-20T10:30:16Z,2024-11-20T10:30:16Z,1,1
aa616abe-1761-0c9a-4646-de90f1dc153f,aa616abe-1761-0c9a-7959-07544679dafd,a015c075-b200-32cb-9dcb-400a0d8ba90f,df166300-5a78-3502-a46a-832842197811,,5,5,10939881000119105,,,,,,,,,aa616abe-1761-0c9a-04b8-d94ab164cd13,2024-11-20T09:38:04Z,2024-11-20T09:38:04Z,a015c075-b200-32cb-9dcb-400a0d8ba90f,CLOSED,CLOSED,CLOSED,0,0,0,2024-11-20T10:30:16Z,2024-11-20T10:30:16Z,2024-11-20T10:30:16Z,1,1
aa616abe-1761-0c9a-ded6-8284b312231b,aa616abe-1761-0c9a-7959-07544679dafd,a015c075-b200-32cb-9dcb-400a0d8ba90f,df166300-5a78-3502-a46a-832842197811,,5,5,10939881000119105,,,,,,,,,aa616abe-1761-0c9a-04b8-d94ab164cd13,2024-11-20T09:38:04Z,2024-11-20T09:38:04Z,a015c075-b200-32cb-9dcb-400a0d8ba90f,CLOSED,CLOSED,CLOSED,0,0,0,2024-11-20T10:30:16Z,2024-11-20T10:30:16Z,2024-11-20T10:30:16Z,1,1
aa616abe-1761-0c9a-3d3c-1c949dce26cf,aa616abe-1761-0c9a-7959-07544679dafd,a015c075-b200-32cb-9dcb-400a0d8ba90f,df166300-5a78-3502-a46a-832842197811,,5,5,10939881000119105,,,,,,,,,aa616abe-1761-0c9a-04b8-d94ab164cd13,2024-11-20T09:38:04Z,2024-11-20T09:38:04Z,a015c075-b200-32cb-9dcb-400a0d8ba90f,CLOSED,CLOSED,CLOSED,0,0,0,2024-11-20T10:30:16Z,2024-11-20T10:30:16Z,2024-11-20T10:30:16Z,1,1
aa616abe-1761-0c9a-db67-163a7af948b8,aa616abe-1761-0c9a-7959-07544679dafd,d7d57826-fcbd-32f9-aded-66ab507d1144,df166300-5a78-3502-a46a-832842197811,,1,1,M27.8,,,,,,,,,aa616abe-1761-0c9a-7463-7bed360679e4,2024-11-27T09:38:04Z,2024-11-27T09:38:04Z,d7d57826-fcbd-32f9-aded-66ab507d1144,CLOSED,CLOSED,CLOSED,0,0,0,2024-11-27T09:53:04Z,2024-11-27T09:53:04Z,2024-11-27T09:53:04Z,2,2
aa616abe-1761-0c9a-6797-a3429bf7ff5e,aa616abe-1761-0c9a-7959-07544679dafd,d7d57826-fcbd-32f9-aded-66ab507d1144,df166300-5a78-3502-a46a-832842197811,,1,1,195662009,195662009,,,,,,,,aa616abe-1761-0c9a-8ef5-fc3937b5f701,2024-11-27T09:38:04Z,2024-11-27T09:38:04Z,d7d57826-fcbd-32f9-aded-66ab507d1144,CLOSED,CLOSED,CLOSED,0,0,0,2024-11-27T09:53:04Z,2024-11-27T09:53:04Z,2024-11-27T09:53:04Z,2,2
aa616abe-1761-0c9a-0e5a-2c1beef3faae,aa616abe-1761-0c9a-7959-07544679dafd,d7d57826-fcbd-32f9-aded-66ab507d1144,df166300-5a78-3502-a46a-832842197811,,1,1,55822004,,,,,,,,,aa616abe-1761-0c9a-a404-0f9ffeed8831,2010-06-30T09:38:04Z,2024-11-27T09:38:04Z,d7d57826-fcbd-32f9-aded-66ab507d1144,CLOSED,CLOSED,CLOSED,0,0,0,2024-11-27T09:53:04Z,2024-11-27T09:53:04Z,2024-11-27T09:53:04Z,2,2
aa616abe-1761-0c9a-98e4-bbf9bbcb700b,aa616abe-1761-0c9a-7959-07544679dafd,d7d57826-fcbd-32f9-aded-66ab507d1144,df166300-5a78-3502-a46a-832842197811,,1,1,55822004,,,,,,,,,aa616abe-1761-0c9a-a404-0f9ffeed8831,2010-06-30T09:38:04Z,2024-11-27T09:38:04Z,d7d57826-fcbd-32f9-aded-66ab507d1144,CLOSED,CLOSED,CLOSED,0,0,0,2024-11-27T09:53:04Z,2024-11-27T09:53:04Z,2024-11-27T09:53:04Z,2,2
aa616abe-1761-0c9a-afcc-5a451feb11b9,aa616abe-1761-0c9a-7959-07544679dafd,bddf816d-d219-37f1-8e76-0a4241dca81a,df166300-5a78-3502-a46a-832842197811,,4,4,314529007,,,,,,,,,aa616abe-1761-0c9a-8c4d-10fe61e457c4,2024-12-11T09:38:04Z,2024-12-11T09:38:04Z,bddf816d-d219-37f1-8e76-0a4241dca81a,CLOSED,CLOSED,CLOSED,0,0,0,2024-12-11T10:38:04Z,2024-12-11T10:38:04Z,2024-12-11T10:38:04Z,2,2
aa616abe-1761-0c9a-668f-3a284ff228e5,aa616abe-1761-0c9a-7959-07544679dafd,bddf816d-d219-37f1-8e76-0a4241dca81a,df166300-5a78-3502-a46a-832842197811,,4,4,314529007,,,,,,,,,aa616abe-1761-0c9a-8c4d-10fe61e457c4,2024-12-11T09:38:04Z,2024-12-11T09:38:04Z,bddf816d-d219-37f1-8e76-0a4241dca81a,CLOSED,CLOSED,CLOSED,0,0,0,2024-12-11T10:38:04Z,2024-12-11T10:38:04Z,2024-12-11T10:38:04Z,2,2
aa616abe-1761-0c9a-f6e2-a192d9d94af1,aa616abe-1761-0c9a-7959-07544679dafd,bddf816d-d219-37f1-8e76-0a4241dca81a,df166300-5a78-3502-a46a-832842197811,,4,4,314529007,,,,,,,,,aa616abe-1761-0c9a-8c4d-10fe61e457c4,2024-12-11T09:38:04Z,2024-12-11T09:38:04Z,bddf816d-d219-37f1-8e76-0a4241dca81a,CLOSED,CLOSED,CLOSED,0,0,0,2024-12-11T10:38:04Z,2024-12-11T10:38:04Z,2024-12-11T10:38:04Z,2,2
aa616abe-1761-0c9a-861e-b6aa39546d26,aa616abe-1761-0c9a-7959-07544679dafd,bddf816d-d219-37f1-8e76-0a4241dca81a,df166300-5a78-3502-a46a-832842197811,,4,4,314529007,,,,,,,,,aa616abe-1761-0c9a-8c4d-10fe61e457c4,2024-12-11T09:38:04Z,2024-12-11T09:38:04Z,bddf816d-d219-37f1-8e76-0a4241dca81a,CLOSED,CLOSED,CLOSED,0,0,0,2024-12-11T10:38:04Z,2024-12-11T10:38:04Z,2024-12-11T10:38:04Z,2,2
aa616abe-1761-0c9a-c847-2a540dd304a6,aa616abe-1761-0c9a-7959-07544679dafd,8c145823-4d9b-377d-8b71-d42dc9e8cc90,df166300-5a78-3502-a46a-832842197811,,2,2,314529007,,,,,,,,,aa616abe-1761-0c9a-b205-d60e8b3ddfd0,2024-12-18T09:38:04Z,2024-12-18T09:38:04Z,8c145823-4d9b-377d-8b71-d42dc9e8cc90,CLOSED,CLOSED,CLOSED,0,0,0,2024-12-18T09:53:04Z,2024-12-18T09:53:04Z,2024-12-18T09:53:04Z,2,2
aa616abe-1761-0c9a-d0f7-c514b85cce7b,aa616abe-1761-0c9a-7959-07544679dafd,8c145823-4d9b-377d-8b71-d42dc9e8cc90,df166300-5a78-3502-a46a-832842197811,,2,2,314529007,,,,,,,,,aa616abe-1761-0c9a-b205-d60e8b3ddfd0,2024-12-18T09:38:04Z,2024-12-18T09:38:04Z,8c145823-4d9b-377d-8b71-d42dc9e8cc90,CLOSED,CLOSED,CLOSED,0,0,0,2024-12-18T09:53:04Z,2024-12-18T09:53:04Z,2024-12-18T09:53:04Z,2,2
aa616abe-1761-0c9a-28eb-fd4c4793b5bd,aa616abe-1761-0c9a-7959-07544679dafd,8c145823-4d9b-377d-8b71-d42dc9e8cc90,df166300-5a78-3502-a46a-832842197811,,2,2,314529007,,,,,,,,,aa616abe-1761-0c9a-b205-d60e8b3ddfd0,2024-12-18T09:38:04Z,2024-12-18T09:38:04Z,8c145823-4d9b-377d-8b71-d42dc9e8cc90,CLOSED,CLOSED,CLOSED,0,0,0,2024-12-18T09:53:04Z,2024-12-18T09:53:04Z,2024-12-18T09:53:04Z,2,2
aa616abe-1761-0c9a-6712-e803e08d9165,aa616abe-1761-0c9a-7959-07544679dafd,8c145823-4d9b-377d-8b71-d42dc9e8cc90,df166300-5a78-3502-a46a-832842197811,,2,2,314529007,,,,,,,,,aa616abe-1761-0c9a-b205-d60e8b3ddfd0,2024-12-18T09:38:04Z,2024-12-18T09:38:04Z,8c145823-4d9b-377d-8b71-d42dc9e8cc90,CLOSED,CLOSED,CLOSED,0,0,0,2024-12-18T09:53:04Z,2024-12-18T09:53:04Z,2024-12-18T09:53:04Z,2,2
aa616abe-1761-0c9a-90e2-d801ce32457f,aa616abe-1761-0c9a-7959-07544679dafd,d7d57826-fcbd-32f9-aded-66ab507d1144,df166300-5a78-3502-a46a-832842197811,,1,1,185349003,,,,,,,,,aa616abe-1761-0c9a-ce83-5f772cb5f4ec,2024-12-25T09:38:04Z,2024-12-25T09:38:04Z,d7d57826-fcbd-32f9-aded-66ab507d1144,CLOSED,CLOSED,CLOSED,0,0,0,2024-12-25T10:06:43Z,2024-12-25T10:06:43Z,2024-12-25T10:06:43Z,2,2
aa616abe-1761-0c9a-811d-58b46e871ae4,aa616abe-1761-0c9a-7959-07544679dafd,d7d57826-fcbd-32f9-aded-66ab507d1144,df166300-5a78-3502-a46a-832842197811,,1,1,36228007,,,,,,,,,aa616abe-1761-0c9a-528c-1031bce2e7d4,2025-02-01T09:54:11Z,2025-02-01T09:54:11Z,d7d57826-fcbd-32f9-aded-66ab507d1144,CLOSED,CLOSED,CLOSED,0,0,0,2025-02-01T10:42:37Z,2025-02-01T10:42:37Z,2025-02-01T10:42:37Z,2,2
aa616abe-1761-0c9a-864a-1b568d54cfe7,aa616abe-1761-0c9a-7959-07544679dafd,d7d57826-fcbd-32f9-aded-66ab507d1144,df166300-5a78-3502-a46a-832842197811,,1,1,36228007,,,,,,,,,aa616abe-1761-0c9a-528c-1031bce2e7d4,2025-02-01T09:54:11Z,2025-02-01T09:54:11Z,d7d57826-fcbd-32f9-aded-66ab507d1144,CLOSED,CLOSED,CLOSED,0,0,0,2025-02-01T10:42:37Z,2025-02-01T10:42:37Z,2025-02-01T10:42:37Z,2,2
aa616abe-1761-0c9a-1806-cf6e3539feb8,aa616abe-1761-0c9a-7959-07544679dafd,4f77b706-35ed-390c-b724-c406692b3cf7,df166300-5a78-3502-a46a-832842197811,,20,20,73595000,,,,,,,,,aa616abe-1761-0c9a-0f15-e0c057454b56,2025-02-26T09:38:04Z,2025-02-26T09:38:04Z,4f77b706-35ed-390c-b724-c406692b3cf7,CLOSED,CLOSED,CLOSED,0,0,0,2025-02-26T10:24:23Z,2025-02-26T10:24:23Z,2025-02-26T10:24:23Z,1,1
aa616abe-1761-0c9a-a476-843adeeefa3f,aa616abe-1761-0c9a-7959-07544679dafd,4f77b706-35ed-390c-b724-c406692b3cf7,df166300-5a78-3502-a46a-832842197811,,20,20,73595000,,,,,,,,,aa616abe-1761-0c9a-0f15-e0c057454b56,2025-02-26T09:38:04Z,2025-02-26T09:38:04Z,4f77b706-35ed-390c-b724-c406692b3cf7,CLOSED,CLOSED,CLOSED,0,0,0,2025-02-26T10:24:23Z,2025-02-26T10:24:23Z,2025-02-26T10:24:23Z,1,1
aa616abe-1761-0c9a-1152-5e204f81fe7f,aa616abe-1761-0c9a-7959-07544679dafd,4f77b706-35ed-390c-b724-c406692b3cf7,df166300-5a78-3502-a46a-832842197811,,20,20,73595000,,,,,,,,,aa616abe-1761-0c9a-0f15-e0c057454b56,2025-02-26T09:38:04Z,2025-02-26T09:38:04Z,4f77b706-35ed-390c-b724-c406692b3cf7,CLOSED,CLOSED,CLOSED,0,0,0,2025-02-26T10:24:23Z,2025-02-26T10:24:23Z,2025-02-26T10:24:23Z,1,1
aa616abe-1761-0c9a-d276-b07da6df4faa,aa616abe-1761-0c9a-7959-07544679dafd,4f77b706-35ed-390c-b724-c406692b3cf7,df166300-5a78-3502-a46a-832842197811,,20,20,73595000,,,,,,,,,aa616abe-1761-0c9a-0f15-e0c057454b56,2025-02-26T09:38:04Z,2025-02-26T09:38:04Z,4f77b706-35ed-390c-b724-c406692b3cf7,CLOSED,CLOSED,CLOSED,0,0,0,2025-02-26T10:24:23Z,2025-02-26T10:24:23Z,2025-02-26T10:24:23Z,1,1
aa616abe-1761-0c9a-7ffc-e185e0bf70a3,aa616abe-1761-0c9a-7959-07544679dafd,8c145823-4d9b-377d-8b71-d42dc9e8cc90,df166300-5a78-3502-a46a-832842197811,,2,2,185349003,,,,,,,,,aa616abe-1761-0c9a-0894-0593c57fa321,2025-03-05T09:38:04Z,2025-03-05T09:38:04Z,8c145823-4d9b-377d-8b71-d42dc9e8cc90,CLOSED,CLOSED,CLOSED,0,0,0,2025-03-05T09:53:04Z,2025-03-05T09:53:04Z,2025-03-05T09:53:04Z,2,2
aa616abe-1761-0c9a-76fc-4f3b1b57e095,aa616abe-1761-0c9a-7959-07544679dafd,8c145823-4d9b-377d-8b71-d42dc9e8cc90,df166300-5a78-3502-a46a-832842197811,,2,2,185349003,,,,,,,,,aa616abe-1761-0c9a-0894-0593c57fa321,2025-03-05T09:38:04Z,2025-03-05T09:38:04Z,8c145823-4d9b-377d-8b71-d42dc9e8cc90,CLOSED,CLOSED,CLOSED,0,0,0,2025-03-05T09:53:04Z,2025-03-05T09:53:04Z,2025-03-05T09:53:04Z,2,2
aa616abe-1761-0c9a-e1f9-87da5596d93e,aa616abe-1761-0c9a-7959-07544679dafd,8c145823-4d9b-377d-8b71-d42dc9e8cc90,df166300-5a78-3502-a46a-832842197811,,2,2,185349003,,,,,,,,,aa616abe-1761-0c9a-0894-0593c57fa321,2025-03-05T09:38:04Z,2025-03-05T09:38:04Z,8c145823-4d9b-377d-8b71-d42dc9e8cc90,CLOSED,CLOSED,CLOSED,0,0,0,2025-03-05T09:53:04Z,2025-03-05T09:53:04Z,2025-03-05T09:53:04Z,2,2
aa616abe-1761-0c9a-2396-876a5abb83a8,aa616abe-1761-0c9a-7959-07544679dafd,8c145823-4d9b-377d-8b71-d42dc9e8cc90,df166300-5a78-3502-a46a-832842197811,,2,2,185349003,,,,,,,,,aa616abe-1761-0c9a-0894-0593c57fa321,2025-03-05T09:38:04Z,2025-03-05T09:38:04Z,8c145823-4d9b-377d-8b71-d42dc9e8cc90,CLOSED,CLOSED,CLOSED,0,0,0,2025-03-05T09:53:04Z,2025-03-05T09:53:04Z,2025-03-05T09:53:04Z,2,2
aa616abe-1761-0c9a-db69-fc64c0869ef7,aa616abe-1761-0c9a-7959-07544679dafd,8c145823-4d9b-377d-8b71-d42dc9e8cc90,df166300-5a78-3502-a46a-832842197811,,2,2,185349003,,,,,,,,,aa616abe-1761-0c9a-f636-909bc0c0c9c4,2025-03-12T09:38:04Z,2025-03-12T09:38:04Z,8c145823-4d9b-377d-8b71-d42dc9e8cc90,CLOSED,CLOSED,CLOSED,0,0,0,2025-03-12T10:24:45Z,2025-03-12T10:24:45Z,2025-03-12T10:24:45Z,2,2
aa616abe-1761-0c9a-3912-305067e55b63,aa616abe-1761-0c9a-7959-07544679dafd,8c145823-4d9b-377d-8b71-d42dc9e8cc90,df166300-5a78-3502-a46a-832842197811,,2,2,185349003,,,,,,,,,aa616abe-1761-0c9a-f636-909bc0c0c9c4,2025-03-12T09:38:04Z,2025-03-12T09:38:04Z,8c145823-4d9b-377d-8b71-d42dc9e8cc90,CLOSED,CLOSED,CLOSED,0,0,0,2025-03-12T10:24:45Z,2025-03-12T10:24:45Z,2025-03-12T10:24:45Z,2,2
aa616abe-1761-0c9a-86f1-060c2dc641b7,aa616abe-1761-0c9a-7959-07544679dafd,8c145823-4d9b-377d-8b71-d42dc9e8cc90,df166300-5a78-3502-a46a-832842197811,,2,2,185349003,,,,,,,,,aa616abe-1761-0c9a-f636-909bc0c0c9c4,2025-03-12T09:38:04Z,2025-03-12T09:38:04Z,8c145823-4d9b-377d-8b71-d42dc9e8cc90,CLOSED,CLOSED,CLOSED,0,0,0,2025-03-12T10:24:45Z,2025-03-12T10:24:45Z,2025-03-12T10:24:45Z,2,2
aa616abe-1761-0c9a-b918-77f080c64621,aa616abe-1761-0c9a-7959-07544679dafd,8c145823-4d9b-377d-8b71-d42dc9e8cc90,df166300-5a78-3502-a46a-832842197811,,2,2,185349003,,,,,,,,,aa616abe-1761-0c9a-f636-909bc0c0c9c4,2025-03-12T09:38:04Z,2025-03-12T09:38:04Z,8c145823-4d9b-377d-8b71-d42dc9e8cc90,CLOSED,CLOSED,CLOSED,0,0,0,2025-03-12T10:24:45Z,2025-03-12T10:24:45Z,2025-03-12T10:24:45Z,2,2
aa616abe-1761-0c9a-3aee-b2b1c6598d33,aa616abe-1761-0c9a-7959-07544679dafd,d7d57826-fcbd-32f9-aded-66ab507d1144,df166300-5a78-3502-a46a-832842197811,,1,1,185349003,,,,,,,,,aa616abe-1761-0c9a-e36f-a15c52cbf9b8,2025-03-19T09:38:04Z,2025-03-19T09:38:04Z,d7d57826-fcbd-32f9-aded-66ab507d1144,CLOSED,CLOSED,CLOSED,0,0,0,2025-03-19T10:15:50Z,2025-03-19T10:15:50Z,2025-03-19T10:15:50Z,2,2
aa616abe-1761-0c9a-16be-44b9f7626408,aa616abe-1761-0c9a-7959-07544679dafd,8c145823-4d9b-377d-8b71-d42dc9e8cc90,df166300-5a78-3502-a46a-832842197811,,2,2,185349003,,,,,,,,,aa616abe-1761-0c9a-f93f-fabed44527ae,2025-04-09T09:38:04Z,2025-04-09T09:38:04Z,8c145823-4d9b-377d-8b71-d42dc9e8cc90,CLOSED,CLOSED,CLOSED,0,0,0,2025-04-09T10:26:12Z,2025-04-09T10:26:12Z,2025-04-09T10:26:12Z,2,2
aa616abe-1761-0c9a-26d7-1ceee79395fc,aa616abe-1761-0c9a-7959-07544679dafd,8c145823-4d9b-377d-8b71-d42dc9e8cc90,df166300-5a78-3502-a46a-832842197811,,2,2,185349003,,,,,,,,,aa616abe-1761-0c9a-f93f-fabed44527ae,2025-04-09T09:38:04Z,2025-04-09T09:38:04Z,8c145823-4d9b-377d-8b71-d42dc9e8cc90,CLOSED,CLOSED,CLOSED,0,0,0,2025-04-09T10:26:12Z,2025-04-09T10:26:12Z,2025-04-09T10:26:12Z,2,2
aa616abe-1761-0c9a-21c3-a2510e4a7628,aa616abe-1761-0c9a-7959-07544679dafd,8c145823-4d9b-377d-8b71-d42dc9e8cc90,df166300-5a78-3502-a46a-832842197811,,2,2,185349003,,,,,,,,,aa616abe-1761-0c9a-f93f-fabed44527ae,2025-04-09T09:38:04Z,2025-04-09T09:38:04Z,8c145823-4d9b-377d-8b71-d42dc9e8cc90,CLOSED,CLOSED,CLOSED,0,0,0,2025-04-09T10:26:12Z,2025-04-09T10:26:12Z,2025-04-09T10:26:12Z,2,2
aa616abe-1761-0c9a-707f-733cb96f95e5,aa616abe-1761-0c9a-7959-07544679dafd,8c145823-4d9b-377d-8b71-d42dc9e8cc90,df166300-5a78-3502-a46a-832842197811,,2,2,185349003,,,,,,,,,aa616abe-1761-0c9a-f93f-fabed44527ae,2025-04-09T09:38:04Z,2025-04-09T09:38:04Z,8c145823-4d9b-377d-8b71-d42dc9e8cc90,CLOSED,CLOSED,CLOSED,0,0,0,2025-04-09T10:26:12Z,2025-04-09T10:26:12Z,2025-04-09T10:26:12Z,2,2
aa616abe-1761-0c9a-600d-d314ad0bad23,aa616abe-1761-0c9a-7959-07544679dafd,a015c075-b200-32cb-9dcb-400a0d8ba90f,df166300-5a78-3502-a46a-832842197811,,5,5,702927004,,,,,,,,,aa616abe-1761-0c9a-7213-17f3753e1813,2025-04-30T09:38:04Z,2025-04-30T09:38:04Z,a015c075-b200-32cb-9dcb-400a0d8ba90f,CLOSED,CLOSED,CLOSED,0,0,0,2025-04-30T10:09:51Z,2025-04-30T10:09:51Z,2025-04-30T10:09:51Z,1,1
aa616abe-1761-0c9a-a7a8-40ffd6074fbd,aa616abe-1761-0c9a-7959-07544679dafd,a015c075-b200-32cb-9dcb-400a0d8ba90f,df166300-5a78-3502-a46a-832842197811,,5,5,702927004,,,,,,,,,aa616abe-1761-0c9a-7213-17f3753e1813,2025-04-30T09:38:04Z,2025-04-30T09:38:04Z,a015c075-b200-32cb-9dcb-400a0d8ba90f,CLOSED,CLOSED,CLOSED,0,0,0,2025-04-30T10:09:51Z,2025-04-30T10:09:51Z,2025-04-30T10:09:51Z,1,1
aa616abe-1761-0c9a-3e6b-ac44b60364b4,aa616abe-1761-0c9a-7959-07544679dafd,a015c075-b200-32cb-9dcb-400a0d8ba90f,df166300-5a78-3502-a46a-832842197811,,5,5,702927004,,,,,,,,,aa616abe-1761-0c9a-7213-17f3753e1813,2025-04-30T09:38:04Z,2025-04-30T09:38:04Z,a015c075-b200-32cb-9dcb-400a0d8ba90f,CLOSED,CLOSED,CLOSED,0,0,0,2025-04-30T10:09:51Z,2025-04-30T10:09:51Z,2025-04-30T10:09:51Z,1,1
aa616abe-1761-0c9a-2b81-dd899dc5cefc,aa616abe-1761-0c9a-7959-07544679dafd,a015c075-b200-32cb-9dcb-400a0d8ba90f,df166300-5a78-3502-a46a-832842197811,,5,5,702927004,,,,,,,,,aa616abe-1761-0c9a-7213-17f3753e1813,2025-04-30T09:38:04Z,2025-04-30T09:38:04Z,a015c075-b200-32cb-9dcb-400a0d8ba90f,CLOSED,CLOSED,CLOSED,0,0,0,2025-04-30T10:09:51Z,2025-04-30T10:09:51Z,2025-04-30T10:09:51Z,1,1
aa616abe-1761-0c9a-e285-e6c94aafc4dd,aa616abe-1761-0c9a-7959-07544679dafd,d7d57826-fcbd-32f9-aded-66ab507d1144,df166300-5a78-3502-a46a-832842197811,,1,1,185349003,,,,,,,,,aa616abe-1761-0c9a-20c6-384bdea27e4b,2025-05-14T09:38:04Z,2025-05-14T09:38:04Z,d7d57826-fcbd-32f9-aded-66ab507d1144,CLOSED,CLOSED,CLOSED,0,0,0,2025-05-14T09:53:04Z,2025-05-14T09:53:04Z,2025-05-14T09:53:04Z,2,2
aa616abe-1761-0c9a-d663-145d0f0925b0,aa616abe-1761-0c9a-7959-07544679dafd,8c145823-4d9b-377d-8b71-d42dc9e8cc90,df166300-5a78-3502-a46a-832842197811,,2,2,314529007,73595000,,,,,,,,aa616abe-1761-0c9a-7f42-e2f462cd481e,2025-05-28T09:38:04Z,2025-05-28T09:38:04Z,8c145823-4d9b-377d-8b71-d42dc9e8cc90,CLOSED,CLOSED,CLOSED,0,0,0,2025-05-28T10:29:41Z,2025-05-28T10:29:41Z,2025-05-28T10:29:41Z,2,2
aa616abe-1761-0c9a-dfe6-42ae1ec16277,aa616abe-1761-0c9a-7959-07544679dafd,8c145823-4d9b-377d-8b71-d42dc9e8cc90,df166300-5a78-3502-a46a-832842197811,,2,2,314529007,73595000,,,,,,,,aa616abe-1761-0c9a-7f42-e2f462cd481e,2025-05-28T09:38:04Z,2025-05-28T09:38:04Z,8c145823-4d9b-377d-8b71-d42dc9e8cc90,CLOSED,CLOSED,CLOSED,0,0,0,2025-05-28T10:29:41Z,2025-05-28T10:29:41Z,2025-05-28T10:29:41Z,2,2
aa616abe-1761-0c9a-6e52-ad8c67877924,aa616abe-1761-0c9a-7959-07544679dafd,8c145823-4d9b-377d-8b71-d42dc9e8cc90,df166300-5a78-3502-a46a-832842197811,,2,2,314529007,73595000,,,,,,,,aa616abe-1761-0c9a-7f42-e2f462cd481e,2025-05-28T09:38:04Z,2025-05-28T09:38:04Z,8c145823-4d9b-377d-8b71-d42dc9e8cc90,CLOSED,CLOSED,CLOSED,0,0,0,2025-05-28T10:29:41Z,2025-05-28T10:29:41Z,2025-05-28T10:29:41Z,2,2
aa616abe-1761-0c9a-963d-2bb52d46cc41,aa616abe-1761-0c9a-7959-07544679dafd,8c145823-4d9b-377d-8b71-d42dc9e8cc90,df166300-5a78-3502-a46a-832842197811,,2,2,314529007,73595000,,,,,,,,aa616abe-1761-0c9a-7f42-e2f462cd481e,2025-05-28T09:38:04Z,2025-05-28T09:38:04Z,8c145823-4d9b-377d-8b71-d42dc9e8cc90,CLOSED,CLOSED,CLOSED,0,0,0,2025-05-28T10:29:41Z,2025-05-28T10:29:41Z,2025-05-28T10:29:41Z,2,2
aa616abe-1761-0c9a-4417-df042d797608,aa616abe-1761-0c9a-7959-07544679dafd,d7d57826-fcbd-32f9-aded-66ab507d1144,df166300-5a78-3502-a46a-832842197811,,1,1,185349003,,,,,,,,,aa616abe-1761-0c9a-4ea7-c4d542b550f7,2025-06-11T09:38:04Z,2025-06-11T09:38:04Z,d7d57826-fcbd-32f9-aded-66ab507d1144,CLOSED,CLOSED,CLOSED,0,0,0,2025-06-11T10:05:40Z,2025-06-11T10:05:40Z,2025-06-11T10:05:40Z,2,2
aa616abe-1761-0c9a-0ea2-f1edcd12ba59,aa616abe-1761-0c9a-7959-07544679dafd,a015c075-b200-32cb-9dcb-400a0d8ba90f,df166300-5a78-3502-a46a-832842197811,,5,5,702927004,,,,,,,,,aa616abe-1761-0c9a-24f7-3dd02eca3cfa,2025-06-25T09:38:04Z,2025-06-25T09:38:04Z,a015c075-b200-32cb-9dcb-400a0d8ba90f,CLOSED,CLOSED,CLOSED,0,0,0,2025-06-25T10:34:04Z,2025-06-25T10:34:04Z,2025-06-25T10:34:04Z,1,1
aa616abe-1761-0c9a-1ab8-501c16505174,aa616abe-1761-0c9a-7959-07544679dafd,a015c075-b200-32cb-9dcb-400a0d8ba90f,df166300-5a78-3502-a46a-832842197811,,5,5,702927004,,,,,,,,,aa616abe-1761-0c9a-24f7-3dd02eca3cfa,2025-06-25T09:38:04Z,2025-06-25T09:38:04Z,a015c075-b200-32cb-9dcb-400a0d8ba90f,CLOSED,CLOSED,CLOSED,0,0,0,2025-06-25T10:34:04Z,2025-06-25T10:34:04Z,2025-06-25T10:34:04Z,1,1
aa616abe-1761-0c9a-d3b8-22fc635c4a13,aa616abe-1761-0c9a-7959-07544679dafd,a015c075-b200-32cb-9dcb-400a0d8ba90f,df166300-5a78-3502-a46a-832842197811,,5,5,702927004,,,,,,,,,aa616abe-1761-0c9a-24f7-3dd02eca3cfa,2025-06-25T09:38:04Z,2025-06-25T09:38:04Z,a015c075-b200-32cb-9dcb-400a0d8ba90f,CLOSED,CLOSED,CLOSED,0,0,0,2025-06-25T10:34:04Z,2025-06-25T10:34:04Z,2025-06-25T10:34:04Z,1,1
aa616abe-1761-0c9a-a001-7279749bb51b,aa616abe-1761-0c9a-7959-07544679dafd,a015c075-b200-32cb-9dcb-400a0d8ba90f,df166300-5a78-3502-a46a-832842197811,,5,5,702927004,,,,,,,,,aa616abe-1761-0c9a-24f7-3dd02eca3cfa,2025-06-25T09:38:04Z,2025-06-25T09:38:04Z,a015c075-b200-32cb-9dcb-400a0d8ba90f,CLOSED,CLOSED,CLOSED,0,0,0,2025-06-25T10:34:04Z,2025-06-25T10:34:04Z,2025-06-25T10:34:04Z,1,1
aa616abe-1761-0c9a-2ac2-54f4afeb4a0f,aa616abe-1761-0c9a-7959-07544679dafd,8c145823-4d9b-377d-8b71-d42dc9e8cc90,df166300-5a78-3502-a46a-832842197811,,2,2,423315002,,,,,,,,,aa616abe-1761-0c9a-1d49-3d85612d8b76,2025-07-09T09:38:04Z,2025-07-09T09:38:04Z,8c145823-4d9b-377d-8b71-d42dc9e8cc90,CLOSED,CLOSED,CLOSED,0,0,0,2025-07-09T10:24:43Z,2025-07-09T10:24:43Z,2025-07-09T10:24:43Z,2,2
aa616abe-1761-0c9a-849b-fedcea6b115d,aa616abe-1761-0c9a-7959-07544679dafd,8c145823-4d9b-377d-8b71-d42dc9e8cc90,df166300-5a78-3502-a46a-832842197811,,2,2,423315002,,,,,,,,,aa616abe-1761-0c9a-1d49-3d85612d8b76,2025-07-09T09:38:04Z,2025-07-09T09:38:04Z,8c145823-4d9b-377d-8b71-d42dc9e8cc90,CLOSED,CLOSED,CLOSED,0,0,0,2025-07-09T10:24:43Z,2025-07-09T10:24:43Z,2025-07-09T10:24:43Z,2,2
aa616abe-1761-0c9a-f960-43d5e5272a85,aa616abe-1761-0c9a-7959-07544679dafd,8c145823-4d9b-377d-8b71-d42dc9e8cc90,df166300-5a78-3502-a46a-832842197811,,2,2,423315002,,,,,,,,,aa616abe-1761-0c9a-1d49-3d85612d8b76,2025-07-09T09:38:04Z,2025-07-09T09:38:04Z,8c145823-4d9b-377d-8b71-d42dc9e8cc90,CLOSED,CLOSED,CLOSED,0,0,0,2025-07-09T10:24:43Z,2025-07-09T10:24:43Z,2025-07-09T10:24:43Z,2,2
aa616abe-1761-0c9a-23ad-4b0cfc88cde3,aa616abe-1761-0c9a-7959-07544679dafd,8c145823-4d9b-377d-8b71-d42dc9e8cc90,df166300-5a78-3502-a46a-832842197811,,2,2,423315002,,,,,,,,,aa616abe-1761-0c9a-1d49-3d85612d8b76,2025-07-09T09:38:04Z,2025-07-09T09:38:04Z,8c145823-4d9b-377d-8b71-d42dc9e8cc90,CLOSED,CLOSED,CLOSED,0,0,0,2025-07-09T10:24:43Z,2025-07-09T10:24:43Z,2025-07-09T10:24:43Z,2,2
aa616abe-1761-0c9a-fb3a-bab700c6b1b1,aa616abe-1761-0c9a-7959-07544679dafd,d7d57826-fcbd-32f9-aded-66ab507d1144,df166300-5a78-3502-a46a-832842197811,,1,1,185349003,,,,,,,,,aa616abe-1761-0c9a-fd79-285d9ca933f7,2025-07-16T09:38:04Z,2025-07-16T09:38:04Z,d7d57826-fcbd-32f9-aded-66ab507d1144,CLOSED,CLOSED,CLOSED,0,0,0,2025-07-16T12:39:59Z,2025-07-16T12:39:59Z,2025-07-16T12:39:59Z,2,2
aa616abe-1761-0c9a-5f7c-cab509c2d87f,aa616abe-1761-0c9a-7959-07544679dafd,92003161-5061-3eca-bd1f-013d27096207,d18ef2e6-ef40-324c-be54-34a5ee865625,,6,6,93761005,,,,,,,,,aa616abe-1761-0c9a-38ed-34eaa5949dd3,2025-07-30T09:38:04Z,2025-07-30T09:38:04Z,92003161-5061-3eca-bd1f-013d27096207,CLOSED,CLOSED,CLOSED,0,0,0,2025-08-29T09:53:04Z,2025-08-29T09:53:04Z,2025-08-29T09:53:04Z,1,1
aa616abe-1761-0c9a-6f61-3a6ae539e2e3,aa616abe-1761-0c9a-7959-07544679dafd,bddf816d-d219-37f1-8e76-0a4241dca81a,d18ef2e6-ef40-324c-be54-34a5ee865625,,4,4,125601008,125601008,30832001,,,,,,,aa616abe-1761-0c9a-f7a3-57106e7b56c5,2025-09-03T09:38:04Z,2025-09-03T09:38:04Z,bddf816d-d219-37f1-8e76-0a4241dca81a,CLOSED,CLOSED,CLOSED,0,0,0,2025-09-03T10:38:04Z,2025-09-03T10:38:04Z,2025-09-03T10:38:04Z,2,2
aa616abe-1761-0c9a-f5bf-2f873d83e2ee,aa616abe-1761-0c9a-7959-07544679dafd,bddf816d-d219-37f1-8e76-0a4241dca81a,d18ef2e6-ef40-324c-be54-34a5ee865625,,4,4,125601008,125601008,30832001,,,,,,,aa616abe-1761-0c9a-f7a3-57106e7b56c5,2025-09-03T09:38:04Z,2025-09-03T09:38:04Z,bddf816d-d219-37f1-8e76-0a4241dca81a,CLOSED,CLOSED,CLOSED,0,0,0,2025-09-03T10:38:04Z,2025-09-03T10:38:04Z,2025-09-03T10:38:04Z,2,2
aa616abe-1761-0c9a-fbe3-9ae4cb41a36e,aa616abe-1761-0c9a-7959-07544679dafd,8c145823-4d9b-377d-8b71-d42dc9e8cc90,d18ef2e6-ef40-324c-be54-34a5ee865625,,3,3,30832001,,,,,,,,,aa616abe-1761-0c9a-945a-fe5cdc704563,2025-09-10T09:38:04Z,2025-09-10T09:38:04Z,8c145823-4d9b-377d-8b71-d42dc9e8cc90,CLOSED,CLOSED,CLOSED,0,0,0,2025-09-11T14:54:04Z,2025-09-11T14:54:04Z,2025-09-11T14:54:04Z,2,2
aa616abe-1761-0c9a-ced0-3d6312fbdbbd,aa616abe-1761-0c9a-7959-07544679dafd,8c145823-4d9b-377d-8b71-d42dc9e8cc90,d18ef2e6-ef40-324c-be54-34a5ee865625,,3,3,30832001,,,,,,,,,aa616abe-1761-0c9a-945a-fe5cdc704563,2025-09-10T09:38:04Z,2025-09-10T09:38:04Z,8c145823-4d9b-377d-8b71-d42dc9e8cc90,CLOSED,CLOSED,CLOSED,0,0,0,2025-09-11T14:54:04Z,2025-09-11T14:54:04Z,2025-09-11T14:54:04Z,2,2
aa616abe-1761-0c9a-f170-3bbe917c0235,aa616abe-1761-0c9a-7959-07544679dafd,f124d221-5ac0-3570-8f96-fc1f1536dbf7,d18ef2e6-ef40-324c-be54-34a5ee865625,,8,8,25675004,,,,,,,,,aa616abe-1761-0c9a-416b-d27de5e4d084,2025-09-11T14:54:04Z,2025-09-11T14:54:04Z,f124d221-5ac0-3570-8f96-fc1f1536dbf7,CLOSED,CLOSED,CLOSED,0,0,0,2025-09-22T15:09:04Z,2025-09-22T15:09:04Z,2025-09-22T15:09:04Z,2,2
aa616abe-1761-0c9a-7430-5e942b7e88b3,aa616abe-1761-0c9a-7959-07544679dafd,8c145823-4d9b-377d-8b71-d42dc9e8cc90,d18ef2e6-ef40-324c-be54-34a5ee865625,,2,2,314529007,422650009,73595000,706893006,,,,,,aa616abe-1761-0c9a-1b19-0dd794eabec6,2025-10-01T09:38:04Z,2025-10-01T09:38:04Z,8c145823-4d9b-377d-8b71-d42dc9e8cc90,CLOSED,CLOSED,CLOSED,0,0,0,2025-10-01T10:30:50Z,2025-10-01T10:30:50Z,2025-10-01T10:30:50Z,2,2
aa616abe-1761-0c9a-5787-9799d3fe132a,aa616abe-1761-0c9a-7959-07544679dafd,8c145823-4d9b-377d-8b71-d42dc9e8cc90,d18ef2e6-ef40-324c-be54-34a5ee865625,,2,2,314529007,422650009,73595000,706893006,,,,,,aa616abe-1761-0c9a-1b19-0dd794eabec6,2025-10-01T09:38:04Z,2025-10-01T09:38:04Z,8c145823-4d9b-377d-8b71-d42dc9e8cc90,CLOSED,CLOSED,CLOSED,0,0,0,2025-10-01T10:30:50Z,2025-10-01T10:30:50Z,2025-10-01T10:30:50Z,2,2
aa616abe-1761-0c9a-7266-a69571d5f820,aa616abe-1761-0c9a-7959-07544679dafd,8c145823-4d9b-377d-8b71-d42dc9e8cc90,d18ef2e6-ef40-324c-be54-34a5ee865625,,2,2,314529007,422650009,73595000,706893006,,,,,,aa616abe-1761-0c9a-1b19-0dd794eabec6,2025-10-01T09:38:04Z,2025-10-01T09:38:04Z,8c145823-4d9b-377d-8b71-d42dc9e8cc90,CLOSED,CLOSED,CLOSED,0,0,0,2025-10-01T10:30:50Z,2025-10-01T10:30:50Z,2025-10-01T10:30:50Z,2,2
aa616abe-1761-0c9a-c5c2-d152906cfb88,aa616abe-1761-0c9a-7959-07544679dafd,8c145823-4d9b-377d-8b71-d42dc9e8cc90,d18ef2e6-ef40-324c-be54-34a5ee865625,,2,2,314529007,422650009,73595000,706893006,,,,,,aa616abe-1761-0c9a-1b19-0dd794eabec6,2025-10-01T09:38:04Z,2025-10-01T09:38:04Z,8c145823-4d9b-377d-8b71-d42dc9e8cc90,CLOSED,CLOSED,CLOSED,0,0,0,2025-10-01T10:30:50Z,2025-10-01T10:30:50Z,2025-10-01T10:30:50Z,2,2
aa616abe-1761-0c9a-a047-62d57e3d6ad4,aa616abe-1761-0c9a-7959-07544679dafd,a015c075-b200-32cb-9dcb-400a0d8ba90f,d18ef2e6-ef40-324c-be54-34a5ee865625,,5,5,314529007,,,,,,,,,aa616abe-1761-0c9a-af34-7e7a8975662f,2025-10-08T09:38:04Z,2025-10-08T09:38:04Z,a015c075-b200-32cb-9dcb-400a0d8ba90f,CLOSED,CLOSED,CLOSED,0,0,0,2025-10-08T09:53:04Z,2025-10-08T09:53:04Z,2025-10-08T09:53:04Z,1,1
aa616abe-1761-0c9a-47e1-b511f25581f7,aa616abe-1761-0c9a-7959-07544679dafd,a015c075-b200-32cb-9dcb-400a0d8ba90f,d18ef2e6-ef40-324c-be54-34a5ee865625,,5,5,314529007,,,,,,,,,aa616abe-1761-0c9a-af34-7e7a8975662f,2025-10-08T09:38:04Z,2025-10-08T09:38:04Z,a015c075-b200-32cb-9dcb-400a0d8ba90f,CLOSED,CLOSED,CLOSED,0,0,0,2025-10-08T09:53:04Z,2025-10-08T09:53:04Z,2025-10-08T09:53:04Z,1,1
aa616abe-1761-0c9a-d190-3c322ee2be26,aa616abe-1761-0c9a-7959-07544679dafd,a015c075-b200-32cb-9dcb-400a0d8ba90f,d18ef2e6-ef40-324c-be54-34a5ee865625,,5,5,314529007,,,,,,,,,aa616abe-1761-0c9a-af34-7e7a8975662f,2025-10-08T09:38:04Z,2025-10-08T09:38:04Z,a015c075-b200-32cb-9dcb-400a0d8ba90f,CLOSED,CLOSED,CLOSED,0,0,0,2025-10-08T09:53:04Z,2025-10-08T09:53:04Z,2025-10-08T09:53:04Z,1,1
aa616abe-1761-0c9a-7426-cfaabcef7fc7,aa616abe-1761-0c9a-7959-07544679dafd,a015c075-b200-32cb-9dcb-400a0d8ba90f,d18ef2e6-ef40-324c-be54-34a5ee865625,,5,5,314529007,,,,,,,,,aa616abe-1761-0c9a-af34-7e7a8975662f,2025-10-08T09:38:04Z,2025-10-08T09:38:04Z,a015c075-b200-32cb-9dcb-400a0d8ba90f,CLOSED,CLOSED,CLOSED,0,0,0,2025-10-08T09:53:04Z,2025-10-08T09:53:04Z,2025-10-08T09:53:04Z,1,1
aa616abe-1761-0c9a-6cab-47a900391b50,aa616abe-1761-0c9a-7959-07544679dafd,8c145823-4d9b-377d-8b71-d42dc9e8cc90,d18ef2e6-ef40-324c-be54-34a5ee865625,,2,2,314529007,741062008,80583007,,,,,,,aa616abe-1761-0c9a-010b-2a518bedb30e,2025-10-22T09:38:04Z,2025-10-22T09:38:04Z,8c145823-4d9b-377d-8b71-d42dc9e8cc90,CLOSED,CLOSED,CLOSED,0,0,0,2025-10-22T10:11:45Z,2025-10-22T10:11:45Z,2025-10-22T10:11:45Z,2,2
aa616abe-1761-0c9a-81b4-2ee0a9076ea1,aa616abe-1761-0c9a-7959-07544679dafd,8c145823-4d9b-377d-8b71-d42dc9e8cc90,d18ef2e6-ef40-324c-be54-34a5ee865625,,2,2,314529007,741062008,80583007,,,,,,,aa616abe-1761-0c9a-010b-2a518bedb30e,2025-10-22T09:38:04Z,2025-10-22T09:38:04Z,8c145823-4d9b-377d-8b71-d42dc9e8cc90,CLOSED,CLOSED,CLOSED,0,0,0,2025-10-22T10:11:45Z,2025-10-22T10:11:45Z,2025-10-22T10:11:45Z,2,2
aa616abe-1761-0c9a-cd58-6ce710d8ffef,aa616abe-1761-0c9a-7959-07544679dafd,8c145823-4d9b-377d-8b71-d42dc9e8cc90,d18ef2e6-ef40-324c-be54-34a5ee865625,,2,2,314529007,741062008,80583007,,,,,,,aa616abe-1761-0c9a-010b-2a518bedb30e,2025-10-22T09:38:04Z,2025-10-22T09:38:04Z,8c145823-4d9b-377d-8b71-d42dc9e8cc90,CLOSED,CLOSED,CLOSED,0,0,0,2025-10-22T10:11:45Z,2025-10-22T10:11:45Z,2025-10-22T10:11:45Z,2,2
aa616abe-1761-0c9a-40e6-4f06da90b483,aa616abe-1761-0c9a-7959-07544679dafd,8c145823-4d9b-377d-8b71-d42dc9e8cc90,d18ef2e6-ef40-324c-be54-34a5ee865625,,2,2,314529007,741062008,80583007,,,,,,,aa616abe-1761-0c9a-010b-2a518bedb30e,2025-10-22T09:38:04Z,2025-10-22T09:38:04Z,8c145823-4d9b-377d-8b71-d42dc9e8cc90,CLOSED,CLOSED,CLOSED,0,0,0,2025-10-22T10:11:45Z,2025-10-22T10:11:45Z,2025-10-22T10:11:45Z,2,2
aa616abe-1761-0c9a-3f96-dba51f5b995f,aa616abe-1761-0c9a-7959-07544679dafd,a015c075-b200-32cb-9dcb-400a0d8ba90f,d18ef2e6-ef40-324c-be54-34a5ee865625,,5,5,314529007,160903007,,,,,,,,aa616abe-1761-0c9a-5f03-f65cc81acfe5,2025-11-05T09:38:04Z,2025-11-05T09:38:04Z,a015c075-b200-32cb-9dcb-400a0d8ba90f,CLOSED,CLOSED,CLOSED,0,0,0,2025-11-05T10:26:50Z,2025-11-05T10:26:50Z,2025-11-05T10:26:50Z,1,1
aa616abe-1761-0c9a-28dd-58e586c90507,aa616abe-1761-0c9a-7959-07544679dafd,a015c075-b200-32cb-9dcb-400a0d8ba90f,d18ef2e6-ef40-324c-be54-34a5ee865625,,5,5,314529007,160903007,,,,,,,,aa616abe-1761-0c9a-5f03-f65cc81acfe5,2025-11-05T09:38:04Z,2025-11-05T09:38:04Z,a015c075-b200-32cb-9dcb-400a0d8ba90f,CLOSED,CLOSED,CLOSED,0,0,0,2025-11-05T10:26:50Z,2025-11-05T10:26:50Z,2025-11-05T10:26:50Z,1,1
aa616abe-1761-0c9a-bb71-cf071489fa45,aa616abe-1761-0c9a-7959-07544679dafd,a015c075-b200-32cb-9dcb-400a0d8ba90f,d18ef2e6-ef40-324c-be54-34a5ee865625,,5,5,314529007,160903007,,,,,,,,aa616abe-1761-0c9a-5f03-f65cc81acfe5,2025-11-05T09:38:04Z,2025-11-05T09:38:04Z,a015c075-b200-32cb-9dcb-400a0d8ba90f,CLOSED,CLOSED,CLOSED,0,0,0,2025-11-05T10:26:50Z,2025-11-05T10:26:50Z,2025-11-05T10:26:50Z,1,1
aa616abe-1761-0c9a-7669-97e273f3d2a5,aa616abe-1761-0c9a-7959-07544679dafd,a015c075-b200-32cb-9dcb-400a0d8ba90f,d18ef2e6-ef40-324c-be54-34a5ee865625,,5,5,314529007,160903007,,,,,,,,aa616abe-1761-0c9a-5f03-f65cc81acfe5,2025-11-05T09:38:04Z,2025-11-05T09:38:04Z,a015c075-b200-32cb-9dcb-400a0d8ba90f,CLOSED,CLOSED,CLOSED,0,0,0,2025-11-05T10:26:50Z,2025-11-05T10:26:50Z,2025-11-05T10:26:50Z,1,1
aa616abe-1761-0c9a-acea-364993d5a23f,aa616abe-1761-0c9a-7959-07544679dafd,8c145823-4d9b-377d-8b71-d42dc9e8cc90,d18ef2e6-ef40-324c-be54-34a5ee865625,,2,2,314529007,,,,,,,,,aa616abe-1761-0c9a-f176-73e9a850b672,2025-11-12T09:38:04Z,2025-11-12T09:38:04Z,8c145823-4d9b-377d-8b71-d42dc9e8cc90,CLOSED,CLOSED,CLOSED,0,0,0,2025-11-12T09:53:04Z,2025-11-12T09:53:04Z,2025-11-12T09:53:04Z,2,2
aa616abe-1761-0c9a-9143-264dc109b732,aa616abe-1761-0c9a-7959-07544679dafd,8c145823-4d9b-377d-8b71-d42dc9e8cc90,d18ef2e6-ef40-324c-be54-34a5ee865625,,2,2,314529007,,,,,,,,,aa616abe-1761-0c9a-f176-73e9a850b672,2025-11-12T09:38:04Z,2025-11-12T09:38:04Z,8c145823-4d9b-377d-8b71-d42dc9e8cc90,CLOSED,CLOSED,CLOSED,0,0,0,2025-11-12T09:53:04Z,2025-11-12T09:53:04Z,2025-11-12T09:53:04Z,2,2
aa616abe-1761-0c9a-b1a0-3bd1ef2bd168,aa616abe-1761-0c9a-7959-07544679dafd,8c145823-4d9b-377d-8b71-d42dc9e8cc90,d18ef2e6-ef40-324c-be54-34a5ee865625,,2,2,314529007,,,,,,,,,aa616abe-1761-0c9a-f176-73e9a850b672,2025-11-12T09:38:04Z,2025-11-12T09:38:04Z,8c145823-4d9b-377d-8b71-d42dc9e8cc90,CLOSED,CLOSED,CLOSED,0,0,0,2025-11-12T09:53:04Z,2025-11-12T09:53:04Z,2025-11-12T09:53:04Z,2,2
aa616abe-1761-0c9a-fa66-caf188cf27ab,aa616abe-1761-0c9a-7959-07544679dafd,8c145823-4d9b-377d-8b71-d42dc9e8cc90,d18ef2e6-ef40-324c-be54-34a5ee865625,,2,2,314529007,,,,,,,,,aa616abe-1761-0c9a-f176-73e9a850b672,2025-11-12T09:38:04Z,2025-11-12T09:38:04Z,8c145823-4d9b-377d-8b71-d42dc9e8cc90,CLOSED,CLOSED,CLOSED,0,0,0,2025-11-12T09:53:04Z,2025-11-12T09:53:04Z,2025-11-12T09:53:04Z,2,2
aa616abe-1761-0c9a-9843-c5928cdf60ad,aa616abe-1761-0c9a-7959-07544679dafd,d7d57826-fcbd-32f9-aded-66ab507d1144,d18ef2e6-ef40-324c-be54-34a5ee865625,,1,1,185349003,,,,,,,,,aa616abe-1761-0c9a-662f-d7147fefc284,2025-11-19T09:38:04Z,2025-11-19T09:38:04Z,d7d57826-fcbd-32f9-aded-66ab507d1144,CLOSED,CLOSED,CLOSED,0,0,0,2025-11-19T09:53:04Z,2025-11-19T09:53:04Z,2025-11-19T09:53:04Z,2,2
aa616abe-1761-0c9a-4a61-2b68a409e2c8,aa616abe-1761-0c9a-7959-07544679dafd,d7d57826-fcbd-32f9-aded-66ab507d1144,d18ef2e6-ef40-324c-be54-34a5ee865625,,1,1,55822004,,,,,,,,,aa616abe-1761-0c9a-c01d-9d55ec0c403e,2010-06-30T09:38:04Z,2025-11-27T09:38:04Z,d7d57826-fcbd-32f9-aded-66ab507d1144,CLOSED,CLOSED,CLOSED,0,0,0,2025-11-27T09:53:04Z,2025-11-27T09:53:04Z,2025-11-27T09:53:04Z,2,2
aa616abe-1761-0c9a-09a7-481f7e8d589e,aa616abe-1761-0c9a-7959-07544679dafd,d7d57826-fcbd-32f9-aded-66ab507d1144,d18ef2e6-ef40-324c-be54-34a5ee865625,,1,1,55822004,,,,,,,,,aa616abe-1761-0c9a-c01d-9d55ec0c403e,2010-06-30T09:38:04Z,2025-11-27T09:38:04Z,d7d57826-fcbd-32f9-aded-66ab507d1144,CLOSED,CLOSED,CLOSED,0,0,0,2025-11-27T09:53:04Z,2025-11-27T09:53:04Z,2025-11-27T09:53:04Z,2,2
aa616abe-1761-0c9a-6922-3f5556075f67,aa616abe-1761-0c9a-7959-07544679dafd,a015c075-b200-32cb-9dcb-400a0d8ba90f,d18ef2e6-ef40-324c-be54-34a5ee865625,,5,5,702927004,,,,,,,,,aa616abe-1761-0c9a-85b6-70d292b7d576,2025-12-10T09:38:04Z,2025-12-10T09:38:04Z,a015c075-b200-32cb-9dcb-400a0d8ba90f,CLOSED,CLOSED,CLOSED,0,0,0,2025-12-10T10:24:10Z,2025-12-10T10:24:10Z,2025-12-10T10:24:10Z,1,1
aa616abe-1761-0c9a-5834-78cc8df08b66,aa616abe-1761-0c9a-7959-07544679dafd,a015c075-b200-32cb-9dcb-400a0d8ba90f,d18ef2e6-ef40-324c-be54-34a5ee865625,,5,5,702927004,,,,,,,,,aa616abe-1761-0c9a-85b6-70d292b7d576,2025-12-10T09:38:04Z,2025-12-10T09:38:04Z,a015c075-b200-32cb-9dcb-400a0d8ba90f,CLOSED,CLOSED,CLOSED,0,0,0,2025-12-10T10:24:10Z,2025-12-10T10:24:10Z,2025-12-10T10:24:10Z,1,1
aa616abe-1761-0c9a-2ce6-48aa40d24694,aa616abe-1761-0c9a-7959-07544679dafd,a015c075-b200-32cb-9dcb-400a0d8ba90f,d18ef2e6-ef40-324c-be54-34a5ee865625,,5,5,702927004,,,,,,,,,aa616abe-1761-0c9a-85b6-70d292b7d576,2025-12-10T09:38:04Z,2025-12-10T09:38:04Z,a015c075-b200-32cb-9dcb-400a0d8ba90f,CLOSED,CLOSED,CLOSED,0,0,0,2025-12-10T10:24:10Z,2025-12-10T10:24:10Z,2025-12-10T10:24:10Z,1,1
aa616abe-1761-0c9a-b73c-4aabe3252238,aa616abe-1761-0c9a-7959-07544679dafd,a015c075-b200-32cb-9dcb-400a0d8ba90f,d18ef2e6-ef40-324c-be54-34a5ee865625,,5,5,702927004,,,,,,,,,aa616abe-1761-0c9a-85b6-70d292b7d576,2025-12-10T09:38:04Z,2025-12-10T09:38:04Z,a015c075-b200-32cb-9dcb-400a0d8ba90f,CLOSED,CLOSED,CLOSED,0,0,0,2025-12-10T10:24:10Z,2025-12-10T10:24:10Z,2025-12-10T10:24:10Z,1,1
aa616abe-1761-0c9a-47e7-4e7da446b9f5,aa616abe-1761-0c9a-7959-07544679dafd,8c145823-4d9b-377d-8b71-d42dc9e8cc90,d18ef2e6-ef40-324c-be54-34a5ee865625,,2,2,185349003,,,,,,,,,aa616abe-1761-0c9a-df59-4d29b693ffc3,2025-12-17T09:38:04Z,2025-12-17T09:38:04Z,8c145823-4d9b-377d-8b71-d42dc9e8cc90,CLOSED,CLOSED,CLOSED,0,0,0,2025-12-17T09:53:04Z,2025-12-17T09:53:04Z,2025-12-17T09:53:04Z,2,2
aa616abe-1761-0c9a-6393-499df777bf5f,aa616abe-1761-0c9a-7959-07544679dafd,8c145823-4d9b-377d-8b71-d42dc9e8cc90,d18ef2e6-ef40-324c-be54-34a5ee865625,,2,2,185349003,,,,,,,,,aa616abe-1761-0c9a-df59-4d29b693ffc3,2025-12-17T09:38:04Z,2025-12-17T09:38:04Z,8c145823-4d9b-377d-8b71-d42dc9e8cc90,CLOSED,CLOSED,CLOSED,0,0,0,2025-12-17T09:53:04Z,2025-12-17T09:53:04Z,2025-12-17T09:53:04Z,2,2
aa616abe-1761-0c9a-eafd-edf656fc7a73,aa616abe-1761-0c9a-7959-07544679dafd,8c145823-4d9b-377d-8b71-d42dc9e8cc90,d18ef2e6-ef40-324c-be54-34a5ee865625,,2,2,185349003,,,,,,,,,aa616abe-1761-0c9a-df59-4d29b693ffc3,2025-12-17T09:38:04Z,2025-12-17T09:38:04Z,8c145823-4d9b-377d-8b71-d42dc9e8cc90,CLOSED,CLOSED,CLOSED,0,0,0,2025-12-17T09:53:04Z,2025-12-17T09:53:04Z,2025-12-17T09:53:04Z,2,2
aa616abe-1761-0c9a-223a-224b22305ea8,aa616abe-1761-0c9a-7959-07544679dafd,8c145823-4d9b-377d-8b71-d42dc9e8cc90,d18ef2e6-ef40-324c-be54-34a5ee865625,,2,2,185349003,,,,,,,,,aa616abe-1761-0c9a-df59-4d29b693ffc3,2025-12-17T09:38:04Z,2025-12-17T09:38:04Z,8c145823-4d9b-377d-8b71-d42dc9e8cc90,CLOSED,CLOSED,CLOSED,0,0,0,2025-12-17T09:53:04Z,2025-12-17T09:53:04Z,2025-12-17T09:53:04Z,2,2
aa616abe-1761-0c9a-e98e-bdf338689f7f,aa616abe-1761-0c9a-7959-07544679dafd,8c145823-4d9b-377d-8b71-d42dc9e8cc90,d18ef2e6-ef40-324c-be54-34a5ee865625,,2,2,185349003,,,,,,,,,aa616abe-1761-0c9a-28fe-ea78605583e1,2025-12-24T09:38:04Z,2025-12-24T09:38:04Z,8c145823-4d9b-377d-8b71-d42dc9e8cc90,CLOSED,CLOSED,CLOSED,0,0,0,2025-12-24T10:21:49Z,2025-12-24T10:21:49Z,2025-12-24T10:21:49Z,2,2
aa616abe-1761-0c9a-8807-36997b091006,aa616abe-1761-0c9a-7959-07544679dafd,8c145823-4d9b-377d-8b71-d42dc9e8cc90,d18ef2e6-ef40-324c-be54-34a5ee865625,,2,2,185349003,,,,,,,,,aa616abe-1761-0c9a-28fe-ea78605583e1,2025-12-24T09:38:04Z,2025-12-24T09:38:04Z,8c145823-4d9b-377d-8b71-d42dc9e8cc90,CLOSED,CLOSED,CLOSED,0,0,0,2025-12-24T10:21:49Z,2025-12-24T10:21:49Z,2025-12-24T10:21:49Z,2,2
aa616abe-1761-0c9a-56c5-7ef2a3d4211d,aa616abe-1761-0c9a-7959-07544679dafd,8c145823-4d9b-377d-8b71-d42dc9e8cc90,d18ef2e6-ef40-324c-be54-34a5ee865625,,2,2,185349003,,,,,,,,,aa616abe-1761-0c9a-28fe-ea78605583e1,2025-12-24T09:38:04Z,2025-12-24T09:38:04Z,8c145823-4d9b-377d-8b71-d42dc9e8cc90,CLOSED,CLOSED,CLOSED,0,0,0,2025-12-24T10:21:49Z,2025-12-24T10:21:49Z,2025-12-24T10:21:49Z,2,2
aa616abe-1761-0c9a-4faa-9cceff744daf,aa616abe-1761-0c9a-7959-07544679dafd,8c145823-4d9b-377d-8b71-d42dc9e8cc90,d18ef2e6-ef40-324c-be54-34a5ee865625,,2,2,185349003,,,,,,,,,aa616abe-1761-0c9a-28fe-ea78605583e1,2025-12-24T09:38:04Z,2025-12-24T09:38:04Z,8c145823-4d9b-377d-8b71-d42dc9e8cc90,CLOSED,CLOSED,CLOSED,0,0,0,2025-12-24T10:21:49Z,2025-12-24T10:21:49Z,2025-12-24T10:21:49Z,2,2
aa616abe-1761-0c9a-9eaf-90817907a284,aa616abe-1761-0c9a-7959-07544679dafd,d7d57826-fcbd-32f9-aded-66ab507d1144,d18ef2e6-ef40-324c-be54-34a5ee865625,,1,1,K01.1,,,,,,,,,aa616abe-1761-0c9a-cc98-c252f3173845,2025-12-31T09:38:04Z,2025-12-31T09:38:04Z,d7d57826-fcbd-32f9-aded-66ab507d1144,CLOSED,CLOSED,CLOSED,0,0,0,2025-12-31T10:23:39Z,2025-12-31T10:23:39Z,2025-12-31T10:23:39Z,2,2
aa616abe-1761-0c9a-232a-13d367027b45,aa616abe-1761-0c9a-7959-07544679dafd,d7d57826-fcbd-32f9-aded-66ab507d1144,d18ef2e6-ef40-324c-be54-34a5ee865625,,1,1,36228007,,,,,,,,,aa616abe-1761-0c9a-2a5c-ff461598ea31,2026-01-07T09:38:04Z,2026-01-07T09:38:04Z,d7d57826-fcbd-32f9-aded-66ab507d1144,CLOSED,CLOSED,CLOSED,0,0,0,2026-01-07T10:25:04Z,2026-01-07T10:25:04Z,2026-01-07T10:25:04Z,2,2
aa616abe-1761-0c9a-fcaa-ea06b56644c9,aa616abe-1761-0c9a-7959-07544679dafd,d7d57826-fcbd-32f9-aded-66ab507d1144,d18ef2e6-ef40-324c-be54-34a5ee865625,,1,1,36228007,,,,,,,,,aa616abe-1761-0c9a-2a5c-ff461598ea31,2026-01-07T09:38:04Z,2026-01-07T09:38:04Z,d7d57826-fcbd-32f9-aded-66ab507d1144,CLOSED,CLOSED,CLOSED,0,0,0,2026-01-07T10:25:04Z,2026-01-07T10:25:04Z,2026-01-07T10:25:04Z,2,2
aa616abe-1761-0c9a-cca2-1a151ff38496,aa616abe-1761-0c9a-7959-07544679dafd,a015c075-b200-32cb-9dcb-400a0d8ba90f,d18ef2e6-ef40-324c-be54-34a5ee865625,,5,5,314529007,73595000,,,,,,,,aa616abe-1761-0c9a-8625-00956b4d1cf3,2026-02-04T09:38:04Z,2026-02-04T09:38:04Z,a015c075-b200-32cb-9dcb-400a0d8ba90f,CLOSED,CLOSED,CLOSED,0,0,0,2026-02-04T10:28:21Z,2026-02-04T10:28:21Z,2026-02-04T10:28:21Z,1,1
aa616abe-1761-0c9a-9a78-d51f67142218,aa616abe-1761-0c9a-7959-07544679dafd,a015c075-b200-32cb-9dcb-400a0d8ba90f,d18ef2e6-ef40-324c-be54-34a5ee865625,,5,5,314529007,73595000,,,,,,,,aa616abe-1761-0c9a-8625-00956b4d1cf3,2026-02-04T09:38:04Z,2026-02-04T09:38:04Z,a015c075-b200-32cb-9dcb-400a0d8ba90f,CLOSED,CLOSED,CLOSED,0,0,0,2026-02-04T10:28:21Z,2026-02-04T10:28:21Z,2026-02-04T10:28:21Z,1,1
aa616abe-1761-0c9a-ef24-3621251d2729,aa616abe-1761-0c9a-7959-07544679dafd,a015c075-b200-32cb-9dcb-400a0d8ba90f,d18ef2e6-ef40-324c-be54-34a5ee865625,,5,5,314529007,73595000,,,,,,,,aa616abe-1761-0c9a-8625-00956b4d1cf3,2026-02-04T09:38:04Z,2026-02-04T09:38:04Z,a015c075-b200-32cb-9dcb-400a0d8ba90f,CLOSED,CLOSED,CLOSED,0,0,0,2026-02-04T10:28:21Z,2026-02-04T10:28:21Z,2026-02-04T10:28:21Z,1,1
aa616abe-1761-0c9a-1eb3-1f847ed5efef,aa616abe-1761-0c9a-7959-07544679dafd,a015c075-b200-32cb-9dcb-400a0d8ba90f,d18ef2e6-ef40-324c-be54-34a5ee865625,,5,5,314529007,73595000,,,,,,,,aa616abe-1761-0c9a-8625-00956b4d1cf3,2026-02-04T09:38:04Z,2026-02-04T09:38:04Z,a015c075-b200-32cb-9dcb-400a0d8ba90f,CLOSED,CLOSED,CLOSED,0,0,0,2026-02-04T10:28:21Z,2026-02-04T10:28:21Z,2026-02-04T10:28:21Z,1,1
aa616abe-1761-0c9a-bfcc-5b80d47d9370,aa616abe-1761-0c9a-7959-07544679dafd,8c145823-4d9b-377d-8b71-d42dc9e8cc90,d18ef2e6-ef40-324c-be54-34a5ee865625,,2,2,185349003,,,,,,,,,aa616abe-1761-0c9a-47ee-9259d894f4c8,2026-02-25T09:38:04Z,2026-02-25T09:38:04Z,8c145823-4d9b-377d-8b71-d42dc9e8cc90,CLOSED,CLOSED,CLOSED,0,0,0,2026-02-25T10:16:37Z,2026-02-25T10:16:37Z,2026-02-25T10:16:37Z,2,2
aa616abe-1761-0c9a-2f0c-806e828c04e2,aa616abe-1761-0c9a-7959-07544679dafd,8c145823-4d9b-377d-8b71-d42dc9e8cc90,d18ef2e6-ef40-324c-be54-34a5ee865625,,2,2,185349003,,,,,,,,,aa616abe-1761-0c9a-47ee-9259d894f4c8,2026-02-25T09:38:04Z,2026-02-25T09:38:04Z,8c145823-4d9b-377d-8b71-d42dc9e8cc90,CLOSED,CLOSED,CLOSED,0,0,0,2026-02-25T10:16:37Z,2026-02-25T10:16:37Z,2026-02-25T10:16:37Z,2,2
aa616abe-1761-0c9a-ca85-9a56d11f20ee,aa616abe-1761-0c9a-7959-07544679dafd,8c145823-4d9b-377d-8b71-d42dc9e8cc90,d18ef2e6-ef40-324c-be54-34a5ee865625,,2,2,185349003,,,,,,,,,aa616abe-1761-0c9a-47ee-9259d894f4c8,2026-02-25T09:38:04Z,2026-02-25T09:38:04Z,8c145823-4d9b-377d-8b71-d42dc9e8cc90,CLOSED,CLOSED,CLOSED,0,0,0,2026-02-25T10:16:37Z,2026-02-25T10:16:37Z,2026-02-25T10:16:37Z,2,2
aa616abe-1761-0c9a-0256-206c3b7d2f70,aa616abe-1761-0c9a-7959-07544679dafd,8c145823-4d9b-377d-8b71-d42dc9e8cc90,d18ef2e6-ef40-324c-be54-34a5ee865625,,2,2,185349003,,,,,,,,,aa616abe-1761-0c9a-47ee-9259d894f4c8,2026-02-25T09:38:04Z,2026-02-25T09:38:04Z,8c145823-4d9b-377d-8b71-d42dc9e8cc90,CLOSED,CLOSED,CLOSED,0,0,0,2026-02-25T10:16:37Z,2026-02-25T10:16:37Z,2026-02-25T10:16:37Z,2,2
aa616abe-1761-0c9a-9a30-9bb8d2d998d9,aa616abe-1761-0c9a-7959-07544679dafd,4f77b706-35ed-390c-b724-c406692b3cf7,d18ef2e6-ef40-324c-be54-34a5ee865625,,20,20,314529007,,,,,,,,,aa616abe-1761-0c9a-c4d1-57105c013ad6,2026-03-04T09:38:04Z,2026-03-04T09:38:04Z,4f77b706-35ed-390c-b724-c406692b3cf7,CLOSED,CLOSED,CLOSED,0,0,0,2026-03-04T09:53:04Z,2026-03-04T09:53:04Z,2026-03-04T09:53:04Z,1,1
aa616abe-1761-0c9a-fa47-5c9820abf380,aa616abe-1761-0c9a-7959-07544679dafd,4f77b706-35ed-390c-b724-c406692b3cf7,d18ef2e6-ef40-324c-be54-34a5ee865625,,20,20,314529007,,,,,,,,,aa616abe-1761-0c9a-c4d1-57105c013ad6,2026-03-04T09:38:04Z,2026-03-04T09:38:04Z,4f77b706-35ed-390c-b724-c406692b3cf7,CLOSED,CLOSED,CLOSED,0,0,0,2026-03-04T09:53:04Z,2026-03-04T09:53:04Z,2026-03-04T09:53:04Z,1,1
aa616abe-1761-0c9a-5e1b-d678fd07aae0,aa616abe-1761-0c9a-7959-07544679dafd,4f77b706-35ed-390c-b724-c406692b3cf7,d18ef2e6-ef40-324c-be54-34a5ee865625,,20,20,314529007,,,,,,,,,aa616abe-1761-0c9a-c4d1-57105c013ad6,2026-03-04T09:38:04Z,2026-03-04T09:38:04Z,4f77b706-35ed-390c-b724-c406692b3cf7,CLOSED,CLOSED,CLOSED,0,0,0,2026-03-04T09:53:04Z,2026-03-04T09:53:04Z,2026-03-04T09:53:04Z,1,1
aa616abe-1761-0c9a-d9e6-0f9374e00fc2,aa616abe-1761-0c9a-7959-07544679dafd,4f77b706-35ed-390c-b724-c406692b3cf7,d18ef2e6-ef40-324c-be54-34a5ee865625,,20,20,314529007,,,,,,,,,aa616abe-1761-0c9a-c4d1-57105c013ad6,2026-03-04T09:38:04Z,2026-03-04T09:38:04Z,4f77b706-35ed-390c-b724-c406692b3cf7,CLOSED,CLOSED,CLOSED,0,0,0,2026-03-04T09:53:04Z,2026-03-04T09:53:04Z,2026-03-04T09:53:04Z,1,1
aa616abe-1761-0c9a-8a47-fa8d05cd3b20,aa616abe-1761-0c9a-7959-07544679dafd,d7d57826-fcbd-32f9-aded-66ab507d1144,d18ef2e6-ef40-324c-be54-34a5ee865625,,1,1,K02.9,,,,,,,,,aa616abe-1761-0c9a-5a17-1df55b354372,2026-03-11T09:38:04Z,2026-03-11T09:38:04Z,d7d57826-fcbd-32f9-aded-66ab507d1144,CLOSED,CLOSED,CLOSED,0,0,0,2026-03-11T11:13:51Z,2026-03-11T11:13:51Z,2026-03-11T11:13:51Z,2,2
aa616abe-1761-0c9a-b1f2-301636898820,aa616abe-1761-0c9a-7959-07544679dafd,8c145823-4d9b-377d-8b71-d42dc9e8cc90,d18ef2e6-ef40-324c-be54-34a5ee865625,,2,2,185349003,,,,,,,,,aa616abe-1761-0c9a-bb96-bd6ac4bf3ddd,2026-03-25T09:38:04Z,2026-03-25T09:38:04Z,8c145823-4d9b-377d-8b71-d42dc9e8cc90,CLOSED,CLOSED,CLOSED,0,0,0,2026-03-25T10:08:28Z,2026-03-25T10:08:28Z,2026-03-25T10:08:28Z,2,2
aa616abe-1761-0c9a-3060-2dc034eec9be,aa616abe-1761-0c9a-7959-07544679dafd,8c145823-4d9b-377d-8b71-d42dc9e8cc90,d18ef2e6-ef40-324c-be54-34a5ee865625,,2,2,185349003,,,,,,,,,aa616abe-1761-0c9a-bb96-bd6ac4bf3ddd,2026-03-25T09:38:04Z,2026-03-25T09:38:04Z,8c145823-4d9b-377d-8b71-d42dc9e8cc90,CLOSED,CLOSED,CLOSED,0,0,0,2026-03-25T10:08:28Z,2026-03-25T10:08:28Z,2026-03-25T10:08:28Z,2,2
aa616abe-1761-0c9a-eda3-e2ba3536faf1,aa616abe-1761-0c9a-7959-07544679dafd,8c145823-4d9b-377d-8b71-d42dc9e8cc90,d18ef2e6-ef40-324c-be54-34a5ee865625,,2,2,185349003,,,,,,,,,aa616abe-1761-0c9a-bb96-bd6ac4bf3ddd,2026-03-25T09:38:04Z,2026-03-25T09:38:04Z,8c145823-4d9b-377d-8b71-d42dc9e8cc90,CLOSED,CLOSED,CLOSED,0,0,0,2026-03-25T10:08:28Z,2026-03-25T10:08:28Z,2026-03-25T10:08:28Z,2,2
aa616abe-1761-0c9a-c736-6c5554f0dced,aa616abe-1761-0c9a-7959-07544679dafd,8c145823-4d9b-377d-8b71-d42dc9e8cc90,d18ef2e6-ef40-324c-be54-34a5ee865625,,2,2,185349003,,,,,,,,,aa616abe-1761-0c9a-bb96-bd6ac4bf3ddd,2026-03-25T09:38:04Z,2026-03-25T09:38:04Z,8c145823-4d9b-377d-8b71-d42dc9e8cc90,CLOSED,CLOSED,CLOSED,0,0,0,2026-03-25T10:08:28Z,2026-03-25T10:08:28Z,2026-03-25T10:08:28Z,2,2
aa616abe-1761-0c9a-9422-2a9e54c9e2ff,aa616abe-1761-0c9a-7959-07544679dafd,a015c075-b200-32cb-9dcb-400a0d8ba90f,d18ef2e6-ef40-324c-be54-34a5ee865625,,5,5,314529007,160904001,422650009,73595000,,,,,,aa616abe-1761-0c9a-0373-d93b40bf4794,2026-04-08T09:38:04Z,2026-04-08T09:38:04Z,a015c075-b200-32cb-9dcb-400a0d8ba90f,CLOSED,CLOSED,CLOSED,0,0,0,2026-04-08T10:16:21Z,2026-04-08T10:16:21Z,2026-04-08T10:16:21Z,1,1
aa616abe-1761-0c9a-457c-86a32c912098,aa616abe-1761-0c9a-7959-07544679dafd,a015c075-b200-32cb-9dcb-400a0d8ba90f,d18ef2e6-ef40-324c-be54-34a5ee865625,,5,5,314529007,160904001,422650009,73595000,,,,,,aa616abe-1761-0c9a-0373-d93b40bf4794,2026-04-08T09:38:04Z,2026-04-08T09:38:04Z,a015c075-b200-32cb-9dcb-400a0d8ba90f,CLOSED,CLOSED,CLOSED,0,0,0,2026-04-08T10:16:21Z,2026-04-08T10:16:21Z,2026-04-08T10:16:21Z,1,1
aa616abe-1761-0c9a-b0e6-ba3a994de8c6,aa616abe-1761-0c9a-7959-07544679dafd,a015c075-b200-32cb-9dcb-400a0d8ba90f,d18ef2e6-ef40-324c-be54-34a5ee865625,,5,5,314529007,160904001,422650009,73595000,,,,,,aa616abe-1761-0c9a-0373-d93b40bf4794,2026-04-08T09:38:04Z,2026-04-08T09:38:04Z,a015c075-b200-32cb-9dcb-400a0d8ba90f,CLOSED,CLOSED,CLOSED,0,0,0,2026-04-08T10:16:21Z,2026-04-08T10:16:21Z,2026-04-08T10:16:21Z,1,1
aa616abe-1761-0c9a-9906-971f3ac793a0,aa616abe-1761-0c9a-7959-07544679dafd,a015c075-b200-32cb-9dcb-400a0d8ba90f,d18ef2e6-ef40-324c-be54-34a5ee865625,,5,5,314529007,160904001,422650009,73595000,,,,,,aa616abe-1761-0c9a-0373-d93b40bf4794,2026-04-08T09:38:04Z,2026-04-08T09:38:04Z,a015c075-b200-32cb-9dcb-400a0d8ba90f,CLOSED,CLOSED,CLOSED,0,0,0,2026-04-08T10:16:21Z,2026-04-08T10:16:21Z,2026-04-08T10:16:21Z,1,1
aa616abe-1761-0c9a-642b-80155b73e637,aa616abe-1761-0c9a-7959-07544679dafd,d7d57826-fcbd-32f9-aded-66ab507d1144,d18ef2e6-ef40-324c-be54-34a5ee865625,,1,1,185349003,,,,,,,,,aa616abe-1761-0c9a-6e7b-eacb03c41ad2,2026-04-15T09:38:04Z,2026-04-15T09:38:04Z,d7d57826-fcbd-32f9-aded-66ab507d1144,CLOSED,CLOSED,CLOSED,0,0,0,2026-04-15T10:03:13Z,2026-04-15T10:03:13Z,2026-04-15T10:03:13Z,2,2
aa616abe-1761-0c9a-d7f1-c13fea2f6422,aa616abe-1761-0c9a-7959-07544679dafd,8c145823-4d9b-377d-8b71-d42dc9e8cc90,d18ef2e6-ef40-324c-be54-34a5ee865625,,2,2,160903007,423315002,,,,,,,,aa616abe-1761-0c9a-c1c5-1dd1dba9b1d9,2026-05-06T09:38:04Z,2026-05-06T09:38:04Z,8c145823-4d9b-377d-8b71-d42dc9e8cc90,CLOSED,CLOSED,CLOSED,0,0,0,2026-05-06T10:35:11Z,2026-05-06T10:35:11Z,2026-05-06T10:35:11Z,2,2
aa616abe-1761-0c9a-c5f3-698d43e87d96,aa616abe-1761-0c9a-7959-07544679dafd,8c145823-4d9b-377d-8b71-d42dc9e8cc90,d18ef2e6-ef40-324c-be54-34a5ee865625,,2,2,160903007,423315002,,,,,,,,aa616abe-1761-0c9a-c1c5-1dd1dba9b1d9,2026-05-06T09:38:04Z,2026-05-06T09:38:04Z,8c145823-4d9b-377d-8b71-d42dc9e8cc90,CLOSED,CLOSED,CLOSED,0,0,0,2026-05-06T10:35:11Z,2026-05-06T10:35:11Z,2026-05-06T10:35:11Z,2,2
aa616abe-1761-0c9a-3533-13f109729991,aa616abe-1761-0c9a-7959-07544679dafd,8c145823-4d9b-377d-8b71-d42dc9e8cc90,d18ef2e6-ef40-324c-be54-34a5ee865625,,2,2,160903007,423315002,,,,,,,,aa616abe-1761-0c9a-c1c5-1dd1dba9b1d9,2026-05-06T09:38:04Z,2026-05-06T09:38:04Z,8c145823-4d9b-377d-8b71-d42dc9e8cc90,CLOSED,CLOSED,CLOSED,0,0,0,2026-05-06T10:35:11Z,2026-05-06T10:35:11Z,2026-05-06T10:35:11Z,2,2
aa616abe-1761-0c9a-2eb0-1d7eb663c789,aa616abe-1761-0c9a-7959-07544679dafd,8c145823-4d9b-377d-8b71-d42dc9e8cc90,d18ef2e6-ef40-324c-be54-34a5ee865625,,2,2,160903007,423315002,,,,,,,,aa616abe-1761-0c9a-c1c5-1dd1dba9b1d9,2026-05-06T09:38:04Z,2026-05-06T09:38:04Z,8c145823-4d9b-377d-8b71-d42dc9e8cc90,CLOSED,CLOSED,CLOSED,0,0,0,2026-05-06T10:35:11Z,2026-05-06T10:35:11Z,2026-05-06T10:35:11Z,2,2
aa616abe-1761-0c9a-d7b1-6658a1cd6e02,aa616abe-1761-0c9a-7959-07544679dafd,a015c075-b200-32cb-9dcb-400a0d8ba90f,d18ef2e6-ef40-324c-be54-34a5ee865625,,5,5,314529007,,,,,,,,,aa616abe-1761-0c9a-9ddf-20d8d2673fa0,2026-07-08T09:38:04Z,2026-07-08T09:38:04Z,a015c075-b200-32cb-9dcb-400a0d8ba90f,CLOSED,CLOSED,CLOSED,0,0,0,2026-07-08T10:14:54Z,2026-07-08T10:14:54Z,2026-07-08T10:14:54Z,1,1
aa616abe-1761-0c9a-410e-e6206494cc58,aa616abe-1761-0c9a-7959-07544679dafd,a015c075-b200-32cb-9dcb-400a0d8ba90f,d18ef2e6-ef40-324c-be54-34a5ee865625,,5,5,314529007,,,,,,,,,aa616abe-1761-0c9a-9ddf-20d8d2673fa0,2026-07-08T09:38:04Z,2026-07-08T09:38:04Z,a015c075-b200-32cb-9dcb-400a0d8ba90f,CLOSED,CLOSED,CLOSED,0,0,0,2026-07-08T10:14:54Z,2026-07-08T10:14:54Z,2026-07-08T10:14:54Z,1,1
aa616abe-1761-0c9a-ce0f-fb0b17758f8f,aa616abe-1761-0c9a-7959-07544679dafd,a015c075-b200-32cb-9dcb-400a0d8ba90f,d18ef2e6-ef40-324c-be54-34a5ee865625,,5,5,314529007,,,,,,,,,aa616abe-1761-0c9a-9ddf-20d8d2673fa0,2026-07-08T09:38:04Z,2026-07-08T09:38:04Z,a015c075-b200-32cb-9dcb-400a0d8ba90f,CLOSED,CLOSED,CLOSED,0,0,0,2026-07-08T10:14:54Z,2026-07-08T10:14:54Z,2026-07-08T10:14:54Z,1,1
aa616abe-1761-0c9a-0b49-28862aa986e6,aa616abe-1761-0c9a-7959-07544679dafd,a015c075-b200-32cb-9dcb-400a0d8ba90f,d18ef2e6-ef40-324c-be54-34a5ee865625,,5,5,314529007,,,,,,,,,aa616abe-1761-0c9a-9ddf-20d8d2673fa0,2026-07-08T09:38:04Z,2026-07-08T09:38:04Z,a015c075-b200-32cb-9dcb-400a0d8ba90f,CLOSED,CLOSED,CLOSED,0,0,0,2026-07-08T10:14:54Z,2026-07-08T10:14:54Z,2026-07-08T10:14:54Z,1,1
aa616abe-1761-0c9a-398c-5fc4149b2df0,aa616abe-1761-0c9a-7959-07544679dafd,8c145823-4d9b-377d-8b71-d42dc9e8cc90,d18ef2e6-ef40-324c-be54-34a5ee865625,,2,2,314529007,,,,,,,,,aa616abe-1761-0c9a-ea9d-284cf789343b,2026-07-15T09:38:04Z,2026-07-15T09:38:04Z,8c145823-4d9b-377d-8b71-d42dc9e8cc90,CLOSED,CLOSED,CLOSED,0,0,0,2026-07-15T09:53:04Z,2026-07-15T09:53:04Z,2026-07-15T09:53:04Z,2,2
aa616abe-1761-0c9a-c6e3-a0ba4d5b2ff0,aa616abe-1761-0c9a-7959-07544679dafd,8c145823-4d9b-377d-8b71-d42dc9e8cc90,d18ef2e6-ef40-324c-be54-34a5ee865625,,2,2,314529007,,,,,,,,,aa616abe-1761-0c9a-ea9d-284cf789343b,2026-07-15T09:38:04Z,2026-07-15T09:38:04Z,8c145823-4d9b-377d-8b71-d42dc9e8cc90,CLOSED,CLOSED,CLOSED,0,0,0,2026-07-15T09:53:04Z,2026-07-15T09:53:04Z,2026-07-15T09:53:04Z,2,2
aa616abe-1761-0c9a-aaed-55bd37d3b655,aa616abe-1761-0c9a-7959-07544679dafd,8c145823-4d9b-377d-8b71-d42dc9e8cc90,d18ef2e6-ef40-324c-be54-34a5ee865625,,2,2,314529007,,,,,,,,,aa616abe-1761-0c9a-ea9d-284cf789343b,2026-07-15T09:38:04Z,2026-07-15T09:38:04Z,8c145823-4d9b-377d-8b71-d42dc9e8cc90,CLOSED,CLOSED,CLOSED,0,0,0,2026-07-15T09:53:04Z,2026-07-15T09:53:04Z,2026-07-15T09:53:04Z,2,2
aa616abe-1761-0c9a-1328-46aaf6b9f1b8,aa616abe-1761-0c9a-7959-07544679dafd,8c145823-4d9b-377d-8b71-d42dc9e8cc90,d18ef2e6-ef40-324c-be54-34a5ee865625,,2,2,314529007,,,,,,,,,aa616abe-1761-0c9a-ea9d-284cf789343b,2026-07-15T09:38:04Z,2026-07-15T09:38:04Z,8c145823-4d9b-377d-8b71-d42dc9e8cc90,CLOSED,CLOSED,CLOSED,0,0,0,2026-07-15T09:53:04Z,2026-07-15T09:53:04Z,2026-07-15T09:53:04Z,2,2
aa616abe-1761-0c9a-61b3-b56eebcde269,aa616abe-1761-0c9a-7959-07544679dafd,d7d57826-fcbd-32f9-aded-66ab507d1144,d18ef2e6-ef40-324c-be54-34a5ee865625,,1,1,185349003,,,,,,,,,aa616abe-1761-0c9a-0740-ee91c95882fe,2026-07-22T09:38:04Z,2026-07-22T09:38:04Z,d7d57826-fcbd-32f9-aded-66ab507d1144,CLOSED,CLOSED,CLOSED,0,0,0,2026-07-22T10:12:03Z,2026-07-22T10:12:03Z,2026-07-22T10:12:03Z,2,2
aa616abe-1761-0c9a-d32c-c9422328b7c5,aa616abe-1761-0c9a-7959-07544679dafd,a015c075-b200-32cb-9dcb-400a0d8ba90f,d18ef2e6-ef40-324c-be54-34a5ee865625,,5,5,314529007,73595000,706893006,,,,,,,aa616abe-1761-0c9a-b6b4-10bec79003a2,2026-08-05T09:38:04Z,2026-08-05T09:38:04Z,a015c075-b200-32cb-9dcb-400a0d8ba90f,CLOSED,CLOSED,CLOSED,0,0,0,2026-08-05T10:13:33Z,2026-08-05T10:13:33Z,2026-08-05T10:13:33Z,1,1
aa616abe-1761-0c9a-8a22-73d798572f5f,aa616abe-1761-0c9a-7959-07544679dafd,a015c075-b200-32cb-9dcb-400a0d8ba90f,d18ef2e6-ef40-324c-be54-34a5ee865625,,5,5,314529007,73595000,706893006,,,,,,,aa616abe-1761-0c9a-b6b4-10bec79003a2,2026-08-05T09:38:04Z,2026-08-05T09:38:04Z,a015c075-b200-32cb-9dcb-400a0d8ba90f,CLOSED,CLOSED,CLOSED,0,0,0,2026-08-05T10:13:33Z,2026-08-05T10:13:33Z,2026-08-05T10:13:33Z,1,1
aa616abe-1761-0c9a-f8ba-62ad06ef9ecf,aa616abe-1761-0c9a-7959-07544679dafd,a015c075-b200-32cb-9dcb-400a0d8ba90f,d18ef2e6-ef40-324c-be54-34a5ee865625,,5,5,314529007,73595000,706893006,,,,,,,aa616abe-1761-0c9a-b6b4-10bec79003a2,2026-08-05T09:38:04Z,2026-08-05T09:38:04Z,a015c075-b200-32cb-9dcb-400a0d8ba90f,CLOSED,CLOSED,CLOSED,0,0,0,2026-08-05T10:13:33Z,2026-08-05T10:13:33Z,2026-08-05T10:13:33Z,1,1
aa616abe-1761-0c9a-b40d-c39dd87dd7cd,aa616abe-1761-0c9a-7959-07544679dafd,a015c075-b200-32cb-9dcb-400a0d8ba90f,d18ef2e6-ef40-324c-be54-34a5ee865625,,5,5,314529007,73595000,706893006,,,,,,,aa616abe-1761-0c9a-b6b4-10bec79003a2,2026-08-05T09:38:04Z,2026-08-05T09:38:04Z,a015c075-b200-32cb-9dcb-400a0d8ba90f,CLOSED,CLOSED,CLOSED,0,0,0,2026-08-05T10:13:33Z,2026-08-05T10:13:33Z,2026-08-05T10:13:33Z,1,1
aa616abe-1761-0c9a-0770-876b4d6bc818,aa616abe-1761-0c9a-7959-07544679dafd,8c145823-4d9b-377d-8b71-d42dc9e8cc90,d18ef2e6-ef40-324c-be54-34a5ee865625,,2,2,185349003,,,,,,,,,aa616abe-1761-0c9a-66c3-b1c5d50f81f0,2026-08-19T09:38:04Z,2026-08-19T09:38:04Z,8c145823-4d9b-377d-8b71-d42dc9e8cc90,CLOSED,CLOSED,CLOSED,0,0,0,2026-08-19T10:13:45Z,2026-08-19T10:13:45Z,2026-08-19T10:13:45Z,2,2
aa616abe-1761-0c9a-f44e-539ad623190a,aa616abe-1761-0c9a-7959-07544679dafd,8c145823-4d9b-377d-8b71-d42dc9e8cc90,d18ef2e6-ef40-324c-be54-34a5ee865625,,2,2,185349003,,,,,,,,,aa616abe-1761-0c9a-66c3-b1c5d50f81f0,2026-08-19T09:38:04Z,2026-08-19T09:38:04Z,8c145823-4d9b-377d-8b71-d42dc9e8cc90,CLOSED,CLOSED,CLOSED,0,0,0,2026-08-19T10:13:45Z,2026-08-19T10:13:45Z,2026-08-19T10:13:45Z,2,2
aa616abe-1761-0c9a-25a6-51a32cf0ff92,aa616abe-1761-0c9a-7959-07544679dafd,8c145823-4d9b-377d-8b71-d42dc9e8cc90,d18ef2e6-ef40-324c-be54-34a5ee865625,,2,2,185349003,,,,,,,,,aa616abe-1761-0c9a-66c3-b1c5d50f81f0,2026-08-19T09:38:04Z,2026-08-19T09:38:04Z,8c145823-4d9b-377d-8b71-d42dc9e8cc90,CLOSED,CLOSED,CLOSED,0,0,0,2026-08-19T10:13:45Z,2026-08-19T10:13:45Z,2026-08-19T10:13:45Z,2,2
aa616abe-1761-0c9a-ca3e-07c06cd2b1c1,aa616abe-1761-0c9a-7959-07544679dafd,8c145823-4d9b-377d-8b71-d42dc9e8cc90,d18ef2e6-ef40-324c-be54-34a5ee865625,,2,2,185349003,,,,,,,,,aa616abe-1761-0c9a-66c3-b1c5d50f81f0,2026-08-19T09:38:04Z,2026-08-19T09:38:04Z,8c145823-4d9b-377d-8b71-d42dc9e8cc90,CLOSED,CLOSED,CLOSED,0,0,0,2026-08-19T10:13:45Z,2026-08-19T10:13:45Z,2026-08-19T10:13:45Z,2,2
aa616abe-1761-0c9a-f057-a834a69abae1,aa616abe-1761-0c9a-7959-07544679dafd,a015c075-b200-32cb-9dcb-400a0d8ba90f,d18ef2e6-ef40-324c-be54-34a5ee865625,,5,5,741062008,,,,,,,,,aa616abe-1761-0c9a-01f7-4ab5aa771875,2026-09-02T09:38:04Z,2026-09-02T09:38:04Z,a015c075-b200-32cb-9dcb-400a0d8ba90f,CLOSED,CLOSED,CLOSED,0,0,0,2026-09-02T10:29:12Z,2026-09-02T10:29:12Z,2026-09-02T10:29:12Z,1,1
aa616abe-1761-0c9a-819f-04073b681598,aa616abe-1761-0c9a-7959-07544679dafd,a015c075-b200-32cb-9dcb-400a0d8ba90f,d18ef2e6-ef40-324c-be54-34a5ee865625,,5,5,741062008,,,,,,,,,aa616abe-1761-0c9a-01f7-4ab5aa771875,2026-09-02T09:38:04Z,2026-09-02T09:38:04Z,a015c075-b200-32cb-9dcb-400a0d8ba90f,CLOSED,CLOSED,CLOSED,0,0,0,2026-09-02T10:29:12Z,2026-09-02T10:29:12Z,2026-09-02T10:29:12Z,1,1
aa616abe-1761-0c9a-8981-05c8dafef13a,aa616abe-1761-0c9a-7959-07544679dafd,a015c075-b200-32cb-9dcb-400a0d8ba90f,d18ef2e6-ef40-324c-be54-34a5ee865625,,5,5,741062008,,,,,,,,,aa616abe-1761-0c9a-01f7-4ab5aa771875,2026-09-02T09:38:04Z,2026-09-02T09:38:04Z,a015c075-b200-32cb-9dcb-400a0d8ba90f,CLOSED,CLOSED,CLOSED,0,0,0,2026-09-02T10:29:12Z,2026-09-02T10:29:12Z,2026-09-02T10:29:12Z,1,1
aa616abe-1761-0c9a-3485-035d5d6d9e1a,aa616abe-1761-0c9a-7959-07544679dafd,a015c075-b200-32cb-9dcb-400a0d8ba90f,d18ef2e6-ef40-324c-be54-34a5ee865625,,5,5,741062008,,,,,,,,,aa616abe-1761-0c9a-01f7-4ab5aa771875,2026-09-02T09:38:04Z,2026-09-02T09:38:04Z,a015c075-b200-32cb-9dcb-400a0d8ba90f,CLOSED,CLOSED,CLOSED,0,0,0,2026-09-02T10:29:12Z,2026-09-02T10:29:12Z,2026-09-02T10:29:12Z,1,1
aa616abe-1761-0c9a-c053-ee43fc9b7a03,aa616abe-1761-0c9a-7959-07544679dafd,d7d57826-fcbd-32f9-aded-66ab507d1144,d18ef2e6-ef40-324c-be54-34a5ee865625,,1,1,M26.62,,,,,,,,,aa616abe-1761-0c9a-66af-0e7f776f5fc8,2026-09-16T09:38:04Z,2026-09-16T09:38:04Z,d7d57826-fcbd-32f9-aded-66ab507d1144,CLOSED,CLOSED,CLOSED,0,0,0,2026-09-16T10:10:51Z,2026-09-16T10:10:51Z,2026-09-16T10:10:51Z,2,2
