DATE,PATIENT,ENCOUNTER,CATEGORY,CODE,DESCRIPTION,VALUE,UNITS,TYPE
2023-11-15T01:52:42Z,aee7bbe1-0c45-c028-1e62-1f4cdb30c273,aee7bbe1-0c45-c028-4fc2-22bf838d4eef,vital-signs,8302-2,Body Height,154.9,cm,numeric
2025-05-11T01:23:02Z,c86c400e-ff88-a1e3-2e23-caa4d8311f47,c86c400e-ff88-a1e3-031e-6704c1a49157,vital-signs,8302-2,Body Height,174.7,cm,numeric
2023-11-09T16:14:21Z,4f083ce3-f12b-bb4b-7353-e17f0cd55b0a,4f083ce3-f12b-bb4b-fff7-83c90d346a71,vital-signs,8302-2,Body Height,162.5,cm,numeric
2023-11-15T01:52:42Z,aee7bbe1-0c45-c028-1e62-1f4cdb30c273,aee7bbe1-0c45-c028-4fc2-22bf838d4eef,vital-signs,72514-3,Pain severity - 0-10 verbal numeric rating [Score] - Reported,2.0,{score},numeric
2025-05-11T01:23:02Z,c86c400e-ff88-a1e3-2e23-caa4d8311f47,c86c400e-ff88-a1e3-031e-6704c1a49157,vital-signs,72514-3,Pain severity - 0-10 verbal numeric rating [Score] - Reported,2.0,{score},numeric
2023-11-09T16:14:21Z,4f083ce3-f12b-bb4b-7353-e17f0cd55b0a,4f083ce3-f12b-bb4b-fff7-83c90d346a71,vital-signs,72514-3,Pain severity - 0-10 verbal numeric rating [Score] - Reported,3.0,{score},numeric
2023-11-15T01:52:42Z,aee7bbe1-0c45-c028-1e62-1f4cdb30c273,aee7bbe1-0c45-c028-4fc2-22bf838d4eef,vital-signs,29463-7,Body Weight,61.1,kg,numeric
2023-11-09T16:14:21Z,4f083ce3-f12b-bb4b-7353-e17f0cd55b0a,4f083ce3-f12b-bb4b-fff7-83c90d346a71,vital-signs,29463-7,Body Weight,68.7,kg,numeric
2025-05-11T01:23:02Z,c86c400e-ff88-a1e3-2e23-caa4d8311f47,c86c400e-ff88-a1e3-031e-6704c1a49157,vital-signs,29463-7,Body Weight,83.7,kg,numeric
2023-11-15T01:52:42Z,aee7bbe1-0c45-c028-1e62-1f4cdb30c273,aee7bbe1-0c45-c028-4fc2-22bf838d4eef,vital-signs,39156-5,Body mass index (BMI) [Ratio],25.5,kg/m2,numeric
2023-11-09T16:14:21Z,4f083ce3-f12b-bb4b-7353-e17f0cd55b0a,4f083ce3-f12b-bb4b-fff7-83c90d346a71,vital-signs,39156-5,Body mass index (BMI) [Ratio],26.0,kg/m2,numeric
2025-05-11T01:23:02Z,c86c400e-ff88-a1e3-2e23-caa4d8311f47,c86c400e-ff88-a1e3-031e-6704c1a49157,vital-signs,39156-5,Body mass index (BMI) [Ratio],27.4,kg/m2,numeric
2023-11-15T01:52:42Z,aee7bbe1-0c45-c028-1e62-1f4cdb30c273,aee7bbe1-0c45-c028-4fc2-22bf838d4eef,vital-signs,59576-9,Body mass index (BMI) [Percentile] Per age and sex,91.8,%,numeric
2025-05-11T01:23:02Z,c86c400e-ff88-a1e3-2e23-caa4d8311f47,c86c400e-ff88-a1e3-031e-6704c1a49157,vital-signs,8462-4,Diastolic Blood Pressure,79.0,mm[Hg],numeric
2023-11-09T16:14:21Z,4f083ce3-f12b-bb4b-7353-e17f0cd55b0a,4f083ce3-f12b-bb4b-fff7-83c90d346a71,vital-signs,8462-4,Diastolic Blood Pressure,86.0,mm[Hg],numeric
2023-11-09T16:14:21Z,4f083ce3-f12b-bb4b-7353-e17f0cd55b0a,4f083ce3-f12b-bb4b-fff7-83c90d346a71,vital-signs,8480-6,Systolic Blood Pressure,124.0,mm[Hg],numeric
2023-11-15T01:52:42Z,aee7bbe1-0c45-c028-1e62-1f4cdb30c273,aee7bbe1-0c45-c028-4fc2-22bf838d4eef,vital-signs,8462-4,Diastolic Blood Pressure,80.0,mm[Hg],numeric
2023-11-09T16:14:21Z,4f083ce3-f12b-bb4b-7353-e17f0cd55b0a,4f083ce3-f12b-bb4b-fff7-83c90d346a71,vital-signs,8867-4,Heart rate,64.0,/min,numeric
2023-11-15T01:52:42Z,aee7bbe1-0c45-c028-1e62-1f4cdb30c273,aee7bbe1-0c45-c028-4fc2-22bf838d4eef,vital-signs,8480-6,Systolic Blood Pressure,121.0,mm[Hg],numeric
2023-11-15T01:52:42Z,aee7bbe1-0c45-c028-1e62-1f4cdb30c273,aee7bbe1-0c45-c028-4fc2-22bf838d4eef,vital-signs,8867-4,Heart rate,64.0,/min,numeric
2023-11-09T16:14:21Z,4f083ce3-f12b-bb4b-7353-e17f0cd55b0a,4f083ce3-f12b-bb4b-fff7-83c90d346a71,vital-signs,9279-1,Respiratory rate,14.0,/min,numeric
2025-05-11T01:23:02Z,c86c400e-ff88-a1e3-2e23-caa4d8311f47,c86c400e-ff88-a1e3-031e-6704c1a49157,vital-signs,8480-6,Systolic Blood Pressure,111.0,mm[Hg],numeric
2023-11-15T01:52:42Z,aee7bbe1-0c45-c028-1e62-1f4cdb30c273,aee7bbe1-0c45-c028-4fc2-22bf838d4eef,vital-signs,9279-1,Respiratory rate,13.0,/min,numeric
2023-11-09T16:14:21Z,4f083ce3-f12b-bb4b-7353-e17f0cd55b0a,4f083ce3-f12b-bb4b-fff7-83c90d346a71,social-history,72166-2,Tobacco smoking status,Never smoked tobacco (finding),,text
2025-05-11T01:23:02Z,c86c400e-ff88-a1e3-2e23-caa4d8311f47,c86c400e-ff88-a1e3-031e-6704c1a49157,vital-signs,8867-4,Heart rate,71.0,/min,numeric
2023-11-15T01:52:42Z,aee7bbe1-0c45-c028-1e62-1f4cdb30c273,aee7bbe1-0c45-c028-4fc2-22bf838d4eef,social-history,72166-2,Tobacco smoking status,Never smoked tobacco (finding),,text
2023-11-09T16:53:33Z,4f083ce3-f12b-bb4b-7353-e17f0cd55b0a,4f083ce3-f12b-bb4b-fff7-83c90d346a71,survey,76501-6,Within the last year  have you been afraid of your partner or ex-partner,No,,text
2025-05-11T01:23:02Z,c86c400e-ff88-a1e3-2e23-caa4d8311f47,c86c400e-ff88-a1e3-031e-6704c1a49157,vital-signs,9279-1,Respiratory rate,14.0,/min,numeric
2023-11-09T16:53:33Z,4f083ce3-f12b-bb4b-7353-e17f0cd55b0a,4f083ce3-f12b-bb4b-fff7-83c90d346a71,survey,93026-3,Do you feel physically and emotionally safe where you currently live [PRAPARE],Yes,,text
2023-11-15T02:19:16Z,aee7bbe1-0c45-c028-1e62-1f4cdb30c273,aee7bbe1-0c45-c028-4fc2-22bf838d4eef,survey,70274-6,Generalized anxiety disorder 7 item (GAD-7) total score [Reported.PHQ],2.0,{score},numeric
2025-05-11T01:23:02Z,c86c400e-ff88-a1e3-2e23-caa4d8311f47,c86c400e-ff88-a1e3-031e-6704c1a49157,laboratory,2093-3,Cholesterol [Mass/volume] in Serum or Plasma,138.0,mg/dL,numeric
2023-11-09T16:53:33Z,4f083ce3-f12b-bb4b-7353-e17f0cd55b0a,4f083ce3-f12b-bb4b-fff7-83c90d346a71,survey,93027-1,Are you a refugee,No,,text
2023-11-15T02:56:50Z,aee7bbe1-0c45-c028-1e62-1f4cdb30c273,aee7bbe1-0c45-c028-4fc2-22bf838d4eef,survey,89204-2,Patient Health Questionnaire-9: Modified for Teens total score [Reported.PHQ.Teen],4.0,{score},numeric
2023-11-09T16:53:33Z,4f083ce3-f12b-bb4b-7353-e17f0cd55b0a,4f083ce3-f12b-bb4b-fff7-83c90d346a71,survey,93028-9,Have you spent more than 2 nights in a row in a jail  prison  detention center  or juvenile correctional facility in past 1 year [PRAPARE],No,,text
2023-11-09T16:53:33Z,4f083ce3-f12b-bb4b-7353-e17f0cd55b0a,4f083ce3-f12b-bb4b-fff7-83c90d346a71,survey,93038-8,Stress level,A little bit,,text
2023-11-09T16:53:33Z,4f083ce3-f12b-bb4b-7353-e17f0cd55b0a,4f083ce3-f12b-bb4b-fff7-83c90d346a71,survey,93029-7,How often do you see or talk to people that you care about and feel close to [PRAPARE],3 to 5 times a week,,text
2023-11-09T16:53:33Z,4f083ce3-f12b-bb4b-7353-e17f0cd55b0a,4f083ce3-f12b-bb4b-fff7-83c90d346a71,survey,93030-5,Has lack of transportation kept you from medical appointments  meetings  work  or from getting things needed for daily living,Yes  it has kept me from medical appointments or from getting my medications,,text
2023-11-09T16:53:33Z,4f083ce3-f12b-bb4b-7353-e17f0cd55b0a,4f083ce3-f12b-bb4b-fff7-83c90d346a71,survey,93031-3,Have you or any family members you live with been unable to get any of the following when it was really needed in past 1 year [PRAPARE],I choose not to answer this question,,text
2023-11-09T16:53:33Z,4f083ce3-f12b-bb4b-7353-e17f0cd55b0a,4f083ce3-f12b-bb4b-fff7-83c90d346a71,survey,63586-2,What was your best estimate of the total income of all family members from all sources  before taxes  in last year [PhenX],206339,/a,text
2023-11-09T16:53:33Z,4f083ce3-f12b-bb4b-7353-e17f0cd55b0a,4f083ce3-f12b-bb4b-fff7-83c90d346a71,survey,76437-3,Primary insurance,Private insurance,,text
2023-11-09T16:53:33Z,4f083ce3-f12b-bb4b-7353-e17f0cd55b0a,4f083ce3-f12b-bb4b-fff7-83c90d346a71,survey,67875-5,Employment status - current,Full-time work,,text
2023-11-09T16:53:33Z,4f083ce3-f12b-bb4b-7353-e17f0cd55b0a,4f083ce3-f12b-bb4b-fff7-83c90d346a71,survey,82589-3,Highest level of education,More than high school,,text
2025-11-04T08:54:44Z,5e688e99-61b3-5c88-3f60-21df8aaced27,5e688e99-61b3-5c88-d6ed-0726c9d0ea48,vital-signs,8302-2,Body Height,176.8,cm,numeric
2023-11-09T16:53:33Z,4f083ce3-f12b-bb4b-7353-e17f0cd55b0a,4f083ce3-f12b-bb4b-fff7-83c90d346a71,survey,56799-0,Address,332 Schulist Underpass,,text
2025-11-04T08:54:44Z,5e688e99-61b3-5c88-3f60-21df8aaced27,5e688e99-61b3-5c88-d6ed-0726c9d0ea48,vital-signs,72514-3,Pain severity - 0-10 verbal numeric rating [Score] - Reported,1.0,{score},numeric
2023-11-09T16:53:33Z,4f083ce3-f12b-bb4b-7353-e17f0cd55b0a,4f083ce3-f12b-bb4b-fff7-83c90d346a71,survey,93033-9,Are you worried about losing your housing [PRAPARE],No,,text
2025-11-04T08:54:44Z,5e688e99-61b3-5c88-3f60-21df8aaced27,5e688e99-61b3-5c88-d6ed-0726c9d0ea48,vital-signs,29463-7,Body Weight,103.6,kg,numeric
2025-11-04T08:54:44Z,5e688e99-61b3-5c88-3f60-21df8aaced27,5e688e99-61b3-5c88-d6ed-0726c9d0ea48,vital-signs,39156-5,Body mass index (BMI) [Ratio],33.1,kg/m2,numeric
2023-11-09T16:53:33Z,4f083ce3-f12b-bb4b-7353-e17f0cd55b0a,4f083ce3-f12b-bb4b-fff7-83c90d346a71,survey,71802-3,Housing status,I have housing,,text
2025-11-04T08:54:44Z,5e688e99-61b3-5c88-3f60-21df8aaced27,5e688e99-61b3-5c88-d6ed-0726c9d0ea48,vital-signs,8462-4,Diastolic Blood Pressure,78.0,mm[Hg],numeric
2025-11-04T08:54:44Z,5e688e99-61b3-5c88-3f60-21df8aaced27,5e688e99-61b3-5c88-d6ed-0726c9d0ea48,vital-signs,8480-6,Systolic Blood Pressure,143.0,mm[Hg],numeric
2023-11-09T16:53:33Z,4f083ce3-f12b-bb4b-7353-e17f0cd55b0a,4f083ce3-f12b-bb4b-fff7-83c90d346a71,survey,63512-8,How many people are living or staying at this address [#],5.0,{#},numeric
2025-11-04T08:54:44Z,5e688e99-61b3-5c88-3f60-21df8aaced27,5e688e99-61b3-5c88-d6ed-0726c9d0ea48,vital-signs,8867-4,Heart rate,80.0,/min,numeric
2023-11-09T16:53:33Z,4f083ce3-f12b-bb4b-7353-e17f0cd55b0a,4f083ce3-f12b-bb4b-fff7-83c90d346a71,survey,54899-0,Preferred language,Language other than English,,text
2025-11-04T08:54:44Z,5e688e99-61b3-5c88-3f60-21df8aaced27,5e688e99-61b3-5c88-d6ed-0726c9d0ea48,vital-signs,9279-1,Respiratory rate,16.0,/min,numeric
2023-11-09T16:53:33Z,4f083ce3-f12b-bb4b-7353-e17f0cd55b0a,4f083ce3-f12b-bb4b-fff7-83c90d346a71,survey,93034-7,Discharged from the U.S. Armed Forces,No,,text
2025-11-04T08:54:44Z,5e688e99-61b3-5c88-3f60-21df8aaced27,5e688e99-61b3-5c88-d6ed-0726c9d0ea48,laboratory,6690-2,Leukocytes [#/volume] in Blood by Automated count,9.7,10*3/uL,numeric
2023-11-09T16:53:33Z,4f083ce3-f12b-bb4b-7353-e17f0cd55b0a,4f083ce3-f12b-bb4b-fff7-83c90d346a71,survey,93035-4,Has season or migrant farm work been your or your family's main source of income at any point in past 2 years [PRAPARE],No,,text
2023-11-09T16:53:33Z,4f083ce3-f12b-bb4b-7353-e17f0cd55b0a,4f083ce3-f12b-bb4b-fff7-83c90d346a71,survey,32624-9,Race,White,,text
2025-11-04T08:54:44Z,5e688e99-61b3-5c88-3f60-21df8aaced27,5e688e99-61b3-5c88-d6ed-0726c9d0ea48,laboratory,789-8,Erythrocytes [#/volume] in Blood by Automated count,4.8,10*6/uL,numeric
2023-11-09T16:53:33Z,4f083ce3-f12b-bb4b-7353-e17f0cd55b0a,4f083ce3-f12b-bb4b-fff7-83c90d346a71,survey,56051-6,Hispanic or Latino,No,,text
2025-11-04T08:54:44Z,5e688e99-61b3-5c88-3f60-21df8aaced27,5e688e99-61b3-5c88-d6ed-0726c9d0ea48,laboratory,718-7,Hemoglobin [Mass/volume] in Blood,13.7,g/dL,numeric
2023-11-09T17:11:21Z,4f083ce3-f12b-bb4b-7353-e17f0cd55b0a,4f083ce3-f12b-bb4b-fff7-83c90d346a71,survey,70274-6,Generalized anxiety disorder 7 item (GAD-7) total score [Reported.PHQ],14.0,{score},numeric
2025-11-04T08:54:44Z,5e688e99-61b3-5c88-3f60-21df8aaced27,5e688e99-61b3-5c88-d6ed-0726c9d0ea48,laboratory,4544-3,Hematocrit [Volume Fraction] of Blood by Automated count,39.0,%,numeric
2025-11-04T08:54:44Z,5e688e99-61b3-5c88-3f60-21df8aaced27,5e688e99-61b3-5c88-d6ed-0726c9d0ea48,laboratory,787-2,MCV [Entitic mean volume] in Red Blood Cells by Automated count,88.2,fL,numeric
2023-11-09T17:51:53Z,4f083ce3-f12b-bb4b-7353-e17f0cd55b0a,4f083ce3-f12b-bb4b-fff7-83c90d346a71,survey,55758-7,Patient Health Questionnaire 2 item (PHQ-2) total score [Reported],0.0,{score},numeric
2025-05-11T01:23:02Z,c86c400e-ff88-a1e3-2e23-caa4d8311f47,c86c400e-ff88-a1e3-031e-6704c1a49157,laboratory,2571-8,Triglyceride [Mass/volume] in Serum or Plasma,128.8,mg/dL,numeric
2023-11-09T18:36:41Z,4f083ce3-f12b-bb4b-7353-e17f0cd55b0a,4f083ce3-f12b-bb4b-fff7-83c90d346a71,survey,82667-7,Total score [DAST-10],1.0,{score},numeric
2025-05-11T01:23:02Z,c86c400e-ff88-a1e3-2e23-caa4d8311f47,c86c400e-ff88-a1e3-031e-6704c1a49157,laboratory,18262-6,Cholesterol in LDL [Mass/volume] in Serum or Plasma by Direct assay,50.1,mg/dL,numeric
2025-05-11T01:23:02Z,c86c400e-ff88-a1e3-2e23-caa4d8311f47,c86c400e-ff88-a1e3-031e-6704c1a49157,laboratory,2085-9,Cholesterol in HDL [Mass/volume] in Serum or Plasma,62.1,mg/dL,numeric
2025-05-11T01:23:02Z,c86c400e-ff88-a1e3-2e23-caa4d8311f47,c86c400e-ff88-a1e3-031e-6704c1a49157,social-history,72166-2,Tobacco smoking status,Never smoked tobacco (finding),,text
2025-05-11T02:06:42Z,c86c400e-ff88-a1e3-2e23-caa4d8311f47,c86c400e-ff88-a1e3-031e-6704c1a49157,survey,76501-6,Within the last year  have you been afraid of your partner or ex-partner,No,,text
2025-05-11T02:06:42Z,c86c400e-ff88-a1e3-2e23-caa4d8311f47,c86c400e-ff88-a1e3-031e-6704c1a49157,survey,93026-3,Do you feel physically and emotionally safe where you currently live [PRAPARE],Yes,,text
2025-04-25T19:11:58Z,e74367bd-7385-97dc-2c7f-251b4cd9fe29,e74367bd-7385-97dc-6dff-b86b29e2075b,laboratory,4548-4,Hemoglobin A1c/Hemoglobin.total in Blood,6.0,%,numeric
2025-05-11T02:06:42Z,c86c400e-ff88-a1e3-2e23-caa4d8311f47,c86c400e-ff88-a1e3-031e-6704c1a49157,survey,93027-1,Are you a refugee,No,,text
2025-11-04T08:54:44Z,5e688e99-61b3-5c88-3f60-21df8aaced27,5e688e99-61b3-5c88-d6ed-0726c9d0ea48,laboratory,785-6,MCH [Entitic mass] by Automated count,28.4,pg,numeric
2025-04-25T19:11:58Z,e74367bd-7385-97dc-2c7f-251b4cd9fe29,e74367bd-7385-97dc-6dff-b86b29e2075b,vital-signs,8302-2,Body Height,163.0,cm,numeric
2025-05-11T02:06:42Z,c86c400e-ff88-a1e3-2e23-caa4d8311f47,c86c400e-ff88-a1e3-031e-6704c1a49157,survey,93028-9,Have you spent more than 2 nights in a row in a jail  prison  detention center  or juvenile correctional facility in past 1 year [PRAPARE],No,,text
2025-05-11T02:06:42Z,c86c400e-ff88-a1e3-2e23-caa4d8311f47,c86c400e-ff88-a1e3-031e-6704c1a49157,survey,93038-8,Stress level,Not at all,,text
2025-11-04T08:54:44Z,5e688e99-61b3-5c88-3f60-21df8aaced27,5e688e99-61b3-5c88-d6ed-0726c9d0ea48,laboratory,786-4,MCHC [Entitic Mass/volume] in Red Blood Cells by Automated count,33.9,g/dL,numeric
2025-04-25T19:11:58Z,e74367bd-7385-97dc-2c7f-251b4cd9fe29,e74367bd-7385-97dc-6dff-b86b29e2075b,vital-signs,72514-3,Pain severity - 0-10 verbal numeric rating [Score] - Reported,2.0,{score},numeric
2025-05-11T02:06:42Z,c86c400e-ff88-a1e3-2e23-caa4d8311f47,c86c400e-ff88-a1e3-031e-6704c1a49157,survey,93029-7,How often do you see or talk to people that you care about and feel close to [PRAPARE],5 or more times a week,,text
2025-11-04T08:54:44Z,5e688e99-61b3-5c88-3f60-21df8aaced27,5e688e99-61b3-5c88-d6ed-0726c9d0ea48,laboratory,788-0,Erythrocyte [DistWidth] in Blood by Automated count,43.7,fL,numeric
2025-04-25T19:11:58Z,e74367bd-7385-97dc-2c7f-251b4cd9fe29,e74367bd-7385-97dc-6dff-b86b29e2075b,vital-signs,29463-7,Body Weight,78.8,kg,numeric
2025-05-11T02:06:42Z,c86c400e-ff88-a1e3-2e23-caa4d8311f47,c86c400e-ff88-a1e3-031e-6704c1a49157,survey,93030-5,Has lack of transportation kept you from medical appointments  meetings  work  or from getting things needed for daily living,Yes  it has kept me from medical appointments or from getting my medications,,text
2025-11-04T08:54:44Z,5e688e99-61b3-5c88-3f60-21df8aaced27,5e688e99-61b3-5c88-d6ed-0726c9d0ea48,laboratory,777-3,Platelets [#/volume] in Blood by Automated count,165.0,10*3/uL,numeric
2025-05-11T02:06:42Z,c86c400e-ff88-a1e3-2e23-caa4d8311f47,c86c400e-ff88-a1e3-031e-6704c1a49157,survey,93031-3,Have you or any family members you live with been unable to get any of the following when it was really needed in past 1 year [PRAPARE],I choose not to answer this question,,text
2025-04-25T19:11:58Z,e74367bd-7385-97dc-2c7f-251b4cd9fe29,e74367bd-7385-97dc-6dff-b86b29e2075b,vital-signs,39156-5,Body mass index (BMI) [Ratio],29.7,kg/m2,numeric
2025-05-11T02:06:42Z,c86c400e-ff88-a1e3-2e23-caa4d8311f47,c86c400e-ff88-a1e3-031e-6704c1a49157,survey,63586-2,What was your best estimate of the total income of all family members from all sources  before taxes  in last year [PhenX],506192,/a,text
2025-11-04T08:54:44Z,5e688e99-61b3-5c88-3f60-21df8aaced27,5e688e99-61b3-5c88-d6ed-0726c9d0ea48,laboratory,32207-3,Platelet distribution width [Entitic volume] in Blood by Automated count,411.3,fL,numeric
2025-04-25T19:11:58Z,e74367bd-7385-97dc-2c7f-251b4cd9fe29,e74367bd-7385-97dc-6dff-b86b29e2075b,vital-signs,8462-4,Diastolic Blood Pressure,65.0,mm[Hg],numeric
2025-05-11T02:06:42Z,c86c400e-ff88-a1e3-2e23-caa4d8311f47,c86c400e-ff88-a1e3-031e-6704c1a49157,survey,76437-3,Primary insurance,Private insurance,,text
2025-05-11T02:06:42Z,c86c400e-ff88-a1e3-2e23-caa4d8311f47,c86c400e-ff88-a1e3-031e-6704c1a49157,survey,67875-5,Employment status - current,Full-time work,,text
2025-11-04T08:54:44Z,5e688e99-61b3-5c88-3f60-21df8aaced27,5e688e99-61b3-5c88-d6ed-0726c9d0ea48,laboratory,32623-1,Platelet [Entitic mean volume] in Blood by Automated count,10.1,fL,numeric
2025-05-11T02:06:42Z,c86c400e-ff88-a1e3-2e23-caa4d8311f47,c86c400e-ff88-a1e3-031e-6704c1a49157,survey,82589-3,Highest level of education,More than high school,,text
2025-05-11T02:06:42Z,c86c400e-ff88-a1e3-2e23-caa4d8311f47,c86c400e-ff88-a1e3-031e-6704c1a49157,survey,56799-0,Address,479 Haag Camp,,text
2025-11-04T08:54:44Z,5e688e99-61b3-5c88-3f60-21df8aaced27,5e688e99-61b3-5c88-d6ed-0726c9d0ea48,social-history,72166-2,Tobacco smoking status,Never smoked tobacco (finding),,text
2025-04-25T19:11:58Z,e74367bd-7385-97dc-2c7f-251b4cd9fe29,e74367bd-7385-97dc-6dff-b86b29e2075b,vital-signs,8480-6,Systolic Blood Pressure,126.0,mm[Hg],numeric
2025-05-11T02:06:42Z,c86c400e-ff88-a1e3-2e23-caa4d8311f47,c86c400e-ff88-a1e3-031e-6704c1a49157,survey,93033-9,Are you worried about losing your housing [PRAPARE],No,,text
2025-11-04T09:33:13Z,5e688e99-61b3-5c88-3f60-21df8aaced27,5e688e99-61b3-5c88-d6ed-0726c9d0ea48,survey,76501-6,Within the last year  have you been afraid of your partner or ex-partner,No,,text
2025-05-11T02:06:42Z,c86c400e-ff88-a1e3-2e23-caa4d8311f47,c86c400e-ff88-a1e3-031e-6704c1a49157,survey,71802-3,Housing status,I have housing,,text
2025-11-04T09:33:13Z,5e688e99-61b3-5c88-3f60-21df8aaced27,5e688e99-61b3-5c88-d6ed-0726c9d0ea48,survey,93026-3,Do you feel physically and emotionally safe where you currently live [PRAPARE],Yes,,text
2025-04-25T19:11:58Z,e74367bd-7385-97dc-2c7f-251b4cd9fe29,e74367bd-7385-97dc-6dff-b86b29e2075b,vital-signs,8867-4,Heart rate,75.0,/min,numeric
2025-11-04T09:33:13Z,5e688e99-61b3-5c88-3f60-21df8aaced27,5e688e99-61b3-5c88-d6ed-0726c9d0ea48,survey,93027-1,Are you a refugee,No,,text
2025-05-11T02:06:42Z,c86c400e-ff88-a1e3-2e23-caa4d8311f47,c86c400e-ff88-a1e3-031e-6704c1a49157,survey,63512-8,How many people are living or staying at this address [#],3.0,{#},numeric
2025-04-25T19:11:58Z,e74367bd-7385-97dc-2c7f-251b4cd9fe29,e74367bd-7385-97dc-6dff-b86b29e2075b,vital-signs,9279-1,Respiratory rate,14.0,/min,numeric
2025-05-11T02:06:42Z,c86c400e-ff88-a1e3-2e23-caa4d8311f47,c86c400e-ff88-a1e3-031e-6704c1a49157,survey,54899-0,Preferred language,English,,text
2025-11-04T09:33:13Z,5e688e99-61b3-5c88-3f60-21df8aaced27,5e688e99-61b3-5c88-d6ed-0726c9d0ea48,survey,93028-9,Have you spent more than 2 nights in a row in a jail  prison  detention center  or juvenile correctional facility in past 1 year [PRAPARE],No,,text
2025-05-11T02:06:42Z,c86c400e-ff88-a1e3-2e23-caa4d8311f47,c86c400e-ff88-a1e3-031e-6704c1a49157,survey,93034-7,Discharged from the U.S. Armed Forces,No,,text
2025-11-04T09:33:13Z,5e688e99-61b3-5c88-3f60-21df8aaced27,5e688e99-61b3-5c88-d6ed-0726c9d0ea48,survey,93038-8,Stress level,Not at all,,text
2025-04-25T19:11:58Z,e74367bd-7385-97dc-2c7f-251b4cd9fe29,e74367bd-7385-97dc-6dff-b86b29e2075b,laboratory,2339-0,Glucose [Mass/volume] in Blood,85.1,mg/dL,numeric
2025-05-11T02:06:42Z,c86c400e-ff88-a1e3-2e23-caa4d8311f47,c86c400e-ff88-a1e3-031e-6704c1a49157,survey,93035-4,Has season or migrant farm work been your or your family's main source of income at any point in past 2 years [PRAPARE],No,,text
2025-11-04T09:33:13Z,5e688e99-61b3-5c88-3f60-21df8aaced27,5e688e99-61b3-5c88-d6ed-0726c9d0ea48,survey,93029-7,How often do you see or talk to people that you care about and feel close to [PRAPARE],5 or more times a week,,text
2025-05-11T02:06:42Z,c86c400e-ff88-a1e3-2e23-caa4d8311f47,c86c400e-ff88-a1e3-031e-6704c1a49157,survey,32624-9,Race,White,,text
2025-04-25T19:11:58Z,e74367bd-7385-97dc-2c7f-251b4cd9fe29,e74367bd-7385-97dc-6dff-b86b29e2075b,laboratory,6299-2,Urea nitrogen [Mass/volume] in Blood,14.9,mg/dL,numeric
2025-11-04T09:33:13Z,5e688e99-61b3-5c88-3f60-21df8aaced27,5e688e99-61b3-5c88-d6ed-0726c9d0ea48,survey,93030-5,Has lack of transportation kept you from medical appointments  meetings  work  or from getting things needed for daily living,No,,text
2025-05-11T02:06:42Z,c86c400e-ff88-a1e3-2e23-caa4d8311f47,c86c400e-ff88-a1e3-031e-6704c1a49157,survey,56051-6,Hispanic or Latino,No,,text
2025-11-04T09:33:13Z,5e688e99-61b3-5c88-3f60-21df8aaced27,5e688e99-61b3-5c88-d6ed-0726c9d0ea48,survey,93031-3,Have you or any family members you live with been unable to get any of the following when it was really needed in past 1 year [PRAPARE],Medicine or Any Health Care (Medical  Dental  Mental Health  Vision),,text
2025-04-25T19:11:58Z,e74367bd-7385-97dc-2c7f-251b4cd9fe29,e74367bd-7385-97dc-6dff-b86b29e2075b,laboratory,38483-4,Creatinine [Mass/volume] in Blood,1.0,mg/dL,numeric
2025-05-11T02:35:01Z,c86c400e-ff88-a1e3-2e23-caa4d8311f47,c86c400e-ff88-a1e3-031e-6704c1a49157,survey,70274-6,Generalized anxiety disorder 7 item (GAD-7) total score [Reported.PHQ],3.0,{score},numeric
2025-11-04T09:33:13Z,5e688e99-61b3-5c88-3f60-21df8aaced27,5e688e99-61b3-5c88-d6ed-0726c9d0ea48,survey,63586-2,What was your best estimate of the total income of all family members from all sources  before taxes  in last year [PhenX],59917,/a,text
2025-04-25T19:11:58Z,e74367bd-7385-97dc-2c7f-251b4cd9fe29,e74367bd-7385-97dc-6dff-b86b29e2075b,laboratory,49765-1,Calcium [Mass/volume] in Blood,9.8,mg/dL,numeric
2025-05-11T03:17:22Z,c86c400e-ff88-a1e3-2e23-caa4d8311f47,c86c400e-ff88-a1e3-031e-6704c1a49157,survey,55758-7,Patient Health Questionnaire 2 item (PHQ-2) total score [Reported],1.0,{score},numeric
2025-11-04T09:33:13Z,5e688e99-61b3-5c88-3f60-21df8aaced27,5e688e99-61b3-5c88-d6ed-0726c9d0ea48,survey,76437-3,Primary insurance,Private insurance,,text
2025-11-04T09:33:13Z,5e688e99-61b3-5c88-3f60-21df8aaced27,5e688e99-61b3-5c88-d6ed-0726c9d0ea48,survey,67875-5,Employment status - current,Part-time or temporary work,,text
2025-05-11T03:50:14Z,c86c400e-ff88-a1e3-2e23-caa4d8311f47,c86c400e-ff88-a1e3-031e-6704c1a49157,survey,75626-2,Total score [AUDIT-C],2.0,{score},numeric
2025-04-25T19:11:58Z,e74367bd-7385-97dc-2c7f-251b4cd9fe29,e74367bd-7385-97dc-6dff-b86b29e2075b,laboratory,2947-0,Sodium [Moles/volume] in Blood,138.9,mmol/L,numeric
2025-11-04T09:33:13Z,5e688e99-61b3-5c88-3f60-21df8aaced27,5e688e99-61b3-5c88-d6ed-0726c9d0ea48,survey,82589-3,Highest level of education,More than high school,,text
2025-11-04T09:33:13Z,5e688e99-61b3-5c88-3f60-21df8aaced27,5e688e99-61b3-5c88-d6ed-0726c9d0ea48,survey,56799-0,Address,788 Hansen Skyway,,text
2025-04-25T19:11:58Z,e74367bd-7385-97dc-2c7f-251b4cd9fe29,e74367bd-7385-97dc-6dff-b86b29e2075b,laboratory,6298-4,Potassium [Moles/volume] in Blood,5.0,mmol/L,numeric
2025-11-04T09:33:13Z,5e688e99-61b3-5c88-3f60-21df8aaced27,5e688e99-61b3-5c88-d6ed-0726c9d0ea48,survey,93033-9,Are you worried about losing your housing [PRAPARE],No,,text
2025-11-04T09:33:13Z,5e688e99-61b3-5c88-3f60-21df8aaced27,5e688e99-61b3-5c88-d6ed-0726c9d0ea48,survey,71802-3,Housing status,I have housing,,text
2025-04-25T19:11:58Z,e74367bd-7385-97dc-2c7f-251b4cd9fe29,e74367bd-7385-97dc-6dff-b86b29e2075b,laboratory,2069-3,Chloride [Moles/volume] in Blood,107.8,mmol/L,numeric
2025-11-04T09:33:13Z,5e688e99-61b3-5c88-3f60-21df8aaced27,5e688e99-61b3-5c88-d6ed-0726c9d0ea48,survey,63512-8,How many people are living or staying at this address [#],3.0,{#},numeric
2025-04-25T19:11:58Z,e74367bd-7385-97dc-2c7f-251b4cd9fe29,e74367bd-7385-97dc-6dff-b86b29e2075b,laboratory,20565-8,Carbon dioxide  total [Moles/volume] in Blood,27.3,mmol/L,numeric
2025-11-04T09:33:13Z,5e688e99-61b3-5c88-3f60-21df8aaced27,5e688e99-61b3-5c88-d6ed-0726c9d0ea48,survey,54899-0,Preferred language,English,,text
2025-11-04T09:33:13Z,5e688e99-61b3-5c88-3f60-21df8aaced27,5e688e99-61b3-5c88-d6ed-0726c9d0ea48,survey,93034-7,Discharged from the U.S. Armed Forces,No,,text
2025-04-25T19:11:58Z,e74367bd-7385-97dc-2c7f-251b4cd9fe29,e74367bd-7385-97dc-6dff-b86b29e2075b,laboratory,2093-3,Cholesterol [Mass/volume] in Serum or Plasma,166.0,mg/dL,numeric
2025-11-04T09:33:13Z,5e688e99-61b3-5c88-3f60-21df8aaced27,5e688e99-61b3-5c88-d6ed-0726c9d0ea48,survey,93035-4,Has season or migrant farm work been your or your family's main source of income at any point in past 2 years [PRAPARE],No,,text
2025-04-25T19:11:58Z,e74367bd-7385-97dc-2c7f-251b4cd9fe29,e74367bd-7385-97dc-6dff-b86b29e2075b,laboratory,2571-8,Triglyceride [Mass/volume] in Serum or Plasma,141.1,mg/dL,numeric
2025-11-04T09:33:13Z,5e688e99-61b3-5c88-3f60-21df8aaced27,5e688e99-61b3-5c88-d6ed-0726c9d0ea48,survey,32624-9,Race,American Indian/Alaskan Native,,text
2025-11-04T09:33:13Z,5e688e99-61b3-5c88-3f60-21df8aaced27,5e688e99-61b3-5c88-d6ed-0726c9d0ea48,survey,56051-6,Hispanic or Latino,No,,text
2025-04-25T19:11:58Z,e74367bd-7385-97dc-2c7f-251b4cd9fe29,e74367bd-7385-97dc-6dff-b86b29e2075b,laboratory,18262-6,Cholesterol in LDL [Mass/volume] in Serum or Plasma by Direct assay,86.2,mg/dL,numeric
2025-11-04T10:15:24Z,5e688e99-61b3-5c88-3f60-21df8aaced27,5e688e99-61b3-5c88-d6ed-0726c9d0ea48,survey,76504-0,Total score [HARK],0.0,{score},numeric
2025-04-25T19:11:58Z,e74367bd-7385-97dc-2c7f-251b4cd9fe29,e74367bd-7385-97dc-6dff-b86b29e2075b,laboratory,2085-9,Cholesterol in HDL [Mass/volume] in Serum or Plasma,51.6,mg/dL,numeric
2025-04-25T19:11:58Z,e74367bd-7385-97dc-2c7f-251b4cd9fe29,e74367bd-7385-97dc-6dff-b86b29e2075b,social-history,72166-2,Tobacco smoking status,Never smoked tobacco (finding),,text
2025-11-04T10:57:33Z,5e688e99-61b3-5c88-3f60-21df8aaced27,5e688e99-61b3-5c88-d6ed-0726c9d0ea48,survey,82667-7,Total score [DAST-10],2.0,{score},numeric
2025-04-25T19:54:06Z,e74367bd-7385-97dc-2c7f-251b4cd9fe29,e74367bd-7385-97dc-6dff-b86b29e2075b,survey,76501-6,Within the last year  have you been afraid of your partner or ex-partner,No,,text
2025-04-25T19:54:06Z,e74367bd-7385-97dc-2c7f-251b4cd9fe29,e74367bd-7385-97dc-6dff-b86b29e2075b,survey,93026-3,Do you feel physically and emotionally safe where you currently live [PRAPARE],No,,text
2025-04-25T19:54:06Z,e74367bd-7385-97dc-2c7f-251b4cd9fe29,e74367bd-7385-97dc-6dff-b86b29e2075b,survey,93027-1,Are you a refugee,No,,text
2025-04-25T19:54:06Z,e74367bd-7385-97dc-2c7f-251b4cd9fe29,e74367bd-7385-97dc-6dff-b86b29e2075b,survey,93028-9,Have you spent more than 2 nights in a row in a jail  prison  detention center  or juvenile correctional facility in past 1 year [PRAPARE],No,,text
2025-04-25T19:54:06Z,e74367bd-7385-97dc-2c7f-251b4cd9fe29,e74367bd-7385-97dc-6dff-b86b29e2075b,survey,93038-8,Stress level,Somewhat,,text
2025-04-25T19:54:06Z,e74367bd-7385-97dc-2c7f-251b4cd9fe29,e74367bd-7385-97dc-6dff-b86b29e2075b,survey,93029-7,How often do you see or talk to people that you care about and feel close to [PRAPARE],Less than once a week,,text
2025-04-25T19:54:06Z,e74367bd-7385-97dc-2c7f-251b4cd9fe29,e74367bd-7385-97dc-6dff-b86b29e2075b,survey,93030-5,Has lack of transportation kept you from medical appointments  meetings  work  or from getting things needed for daily living,No,,text
2025-04-25T19:54:06Z,e74367bd-7385-97dc-2c7f-251b4cd9fe29,e74367bd-7385-97dc-6dff-b86b29e2075b,survey,93031-3,Have you or any family members you live with been unable to get any of the following when it was really needed in past 1 year [PRAPARE],I choose not to answer this question,,text
2025-04-25T19:54:06Z,e74367bd-7385-97dc-2c7f-251b4cd9fe29,e74367bd-7385-97dc-6dff-b86b29e2075b,survey,63586-2,What was your best estimate of the total income of all family members from all sources  before taxes  in last year [PhenX],36521,/a,text
2025-04-25T19:54:06Z,e74367bd-7385-97dc-2c7f-251b4cd9fe29,e74367bd-7385-97dc-6dff-b86b29e2075b,survey,76437-3,Primary insurance,Private insurance,,text
2025-04-25T19:54:06Z,e74367bd-7385-97dc-2c7f-251b4cd9fe29,e74367bd-7385-97dc-6dff-b86b29e2075b,survey,67875-5,Employment status - current,Full-time work,,text
2025-04-25T19:54:06Z,e74367bd-7385-97dc-2c7f-251b4cd9fe29,e74367bd-7385-97dc-6dff-b86b29e2075b,survey,82589-3,Highest level of education,More than high school,,text
2025-04-25T19:54:06Z,e74367bd-7385-97dc-2c7f-251b4cd9fe29,e74367bd-7385-97dc-6dff-b86b29e2075b,survey,56799-0,Address,911 Hauck Key Suite 34,,text
2025-04-25T19:54:06Z,e74367bd-7385-97dc-2c7f-251b4cd9fe29,e74367bd-7385-97dc-6dff-b86b29e2075b,survey,93033-9,Are you worried about losing your housing [PRAPARE],No,,text
2025-04-25T19:54:06Z,e74367bd-7385-97dc-2c7f-251b4cd9fe29,e74367bd-7385-97dc-6dff-b86b29e2075b,survey,71802-3,Housing status,I have housing,,text
2025-04-25T19:54:06Z,e74367bd-7385-97dc-2c7f-251b4cd9fe29,e74367bd-7385-97dc-6dff-b86b29e2075b,survey,63512-8,How many people are living or staying at this address [#],8.0,{#},numeric
2025-04-25T19:54:06Z,e74367bd-7385-97dc-2c7f-251b4cd9fe29,e74367bd-7385-97dc-6dff-b86b29e2075b,survey,54899-0,Preferred language,English,,text
2025-04-25T19:54:06Z,e74367bd-7385-97dc-2c7f-251b4cd9fe29,e74367bd-7385-97dc-6dff-b86b29e2075b,survey,93034-7,Discharged from the U.S. Armed Forces,No,,text
2025-04-25T19:54:06Z,e74367bd-7385-97dc-2c7f-251b4cd9fe29,e74367bd-7385-97dc-6dff-b86b29e2075b,survey,93035-4,Has season or migrant farm work been your or your family's main source of income at any point in past 2 years [PRAPARE],No,,text
2025-04-25T19:54:06Z,e74367bd-7385-97dc-2c7f-251b4cd9fe29,e74367bd-7385-97dc-6dff-b86b29e2075b,survey,32624-9,Race,White,,text
2025-04-25T19:54:06Z,e74367bd-7385-97dc-2c7f-251b4cd9fe29,e74367bd-7385-97dc-6dff-b86b29e2075b,survey,56051-6,Hispanic or Latino,No,,text
2025-04-25T20:37:33Z,e74367bd-7385-97dc-2c7f-251b4cd9fe29,e74367bd-7385-97dc-6dff-b86b29e2075b,survey,55758-7,Patient Health Questionnaire 2 item (PHQ-2) total score [Reported],1.0,{score},numeric
2025-04-25T21:14:20Z,e74367bd-7385-97dc-2c7f-251b4cd9fe29,e74367bd-7385-97dc-6dff-b86b29e2075b,survey,82667-7,Total score [DAST-10],1.0,{score},numeric
2024-10-02T01:52:42Z,aee7bbe1-0c45-c028-1e62-1f4cdb30c273,aee7bbe1-0c45-c028-c7d7-a3864552d0ed,vital-signs,8302-2,Body Height,156.1,cm,numeric
2024-10-02T01:52:42Z,aee7bbe1-0c45-c028-1e62-1f4cdb30c273,aee7bbe1-0c45-c028-c7d7-a3864552d0ed,vital-signs,72514-3,Pain severity - 0-10 verbal numeric rating [Score] - Reported,2.0,{score},numeric
2024-10-02T01:52:42Z,aee7bbe1-0c45-c028-1e62-1f4cdb30c273,aee7bbe1-0c45-c028-c7d7-a3864552d0ed,vital-signs,29463-7,Body Weight,64.7,kg,numeric
2024-10-02T01:52:42Z,aee7bbe1-0c45-c028-1e62-1f4cdb30c273,aee7bbe1-0c45-c028-c7d7-a3864552d0ed,vital-signs,39156-5,Body mass index (BMI) [Ratio],26.5,kg/m2,numeric
2024-10-02T01:52:42Z,aee7bbe1-0c45-c028-1e62-1f4cdb30c273,aee7bbe1-0c45-c028-c7d7-a3864552d0ed,vital-signs,59576-9,Body mass index (BMI) [Percentile] Per age and sex,92.7,%,numeric
2024-10-02T01:52:42Z,aee7bbe1-0c45-c028-1e62-1f4cdb30c273,aee7bbe1-0c45-c028-c7d7-a3864552d0ed,vital-signs,8462-4,Diastolic Blood Pressure,80.0,mm[Hg],numeric
2024-10-02T01:52:42Z,aee7bbe1-0c45-c028-1e62-1f4cdb30c273,aee7bbe1-0c45-c028-c7d7-a3864552d0ed,vital-signs,8480-6,Systolic Blood Pressure,112.0,mm[Hg],numeric
2024-10-02T01:52:42Z,aee7bbe1-0c45-c028-1e62-1f4cdb30c273,aee7bbe1-0c45-c028-c7d7-a3864552d0ed,vital-signs,8867-4,Heart rate,86.0,/min,numeric
2024-10-02T01:52:42Z,aee7bbe1-0c45-c028-1e62-1f4cdb30c273,aee7bbe1-0c45-c028-c7d7-a3864552d0ed,vital-signs,9279-1,Respiratory rate,15.0,/min,numeric
2024-10-02T01:52:42Z,aee7bbe1-0c45-c028-1e62-1f4cdb30c273,aee7bbe1-0c45-c028-c7d7-a3864552d0ed,social-history,72166-2,Tobacco smoking status,Never smoked tobacco (finding),,text
2023-09-02T08:54:44Z,5e688e99-61b3-5c88-3f60-21df8aaced27,,,QALY,QALY,19.0,a,numeric
2024-09-02T08:54:44Z,5e688e99-61b3-5c88-3f60-21df8aaced27,,,QALY,QALY,20.0,a,numeric
2025-09-02T08:54:44Z,5e688e99-61b3-5c88-3f60-21df8aaced27,,,QALY,QALY,21.0,a,numeric
2026-09-02T08:54:44Z,5e688e99-61b3-5c88-3f60-21df8aaced27,,,QALY,QALY,22.0,a,numeric
2023-09-02T08:54:44Z,5e688e99-61b3-5c88-3f60-21df8aaced27,,,DALY,DALY,0.0,a,numeric
2024-09-02T08:54:44Z,5e688e99-61b3-5c88-3f60-21df8aaced27,,,DALY,DALY,0.0,a,numeric
2025-09-02T08:54:44Z,5e688e99-61b3-5c88-3f60-21df8aaced27,,,DALY,DALY,0.0,a,numeric
2026-09-02T08:54:44Z,5e688e99-61b3-5c88-3f60-21df8aaced27,,,DALY,DALY,0.0,a,numeric
2023-09-02T08:54:44Z,5e688e99-61b3-5c88-3f60-21df8aaced27,,,QOLS,QOLS,1.0,{score},numeric
2024-09-02T08:54:44Z,5e688e99-61b3-5c88-3f60-21df8aaced27,,,QOLS,QOLS,1.0,{score},numeric
2025-09-02T08:54:44Z,5e688e99-61b3-5c88-3f60-21df8aaced27,,,QOLS,QOLS,1.0,{score},numeric
2026-09-02T08:54:44Z,5e688e99-61b3-5c88-3f60-21df8aaced27,,,QOLS,QOLS,1.0,{score},numeric
2023-02-27T01:23:02Z,c86c400e-ff88-a1e3-2e23-caa4d8311f47,,,QALY,QALY,28.0,a,numeric
2024-02-27T01:23:02Z,c86c400e-ff88-a1e3-2e23-caa4d8311f47,,,QALY,QALY,29.0,a,numeric
2025-02-27T01:23:02Z,c86c400e-ff88-a1e3-2e23-caa4d8311f47,,,QALY,QALY,30.0,a,numeric
2026-02-27T01:23:02Z,c86c400e-ff88-a1e3-2e23-caa4d8311f47,,,QALY,QALY,31.0,a,numeric
2023-02-27T01:23:02Z,c86c400e-ff88-a1e3-2e23-caa4d8311f47,,,DALY,DALY,0.0,a,numeric
2024-02-27T01:23:02Z,c86c400e-ff88-a1e3-2e23-caa4d8311f47,,,DALY,DALY,0.0,a,numeric
2025-02-27T01:23:02Z,c86c400e-ff88-a1e3-2e23-caa4d8311f47,,,DALY,DALY,0.0,a,numeric
2026-02-27T01:23:02Z,c86c400e-ff88-a1e3-2e23-caa4d8311f47,,,DALY,DALY,0.0,a,numeric
2023-02-27T01:23:02Z,c86c400e-ff88-a1e3-2e23-caa4d8311f47,,,QOLS,QOLS,1.0,{score},numeric
2024-02-27T01:23:02Z,c86c400e-ff88-a1e3-2e23-caa4d8311f47,,,QOLS,QOLS,1.0,{score},numeric
2025-02-27T01:23:02Z,c86c400e-ff88-a1e3-2e23-caa4d8311f47,,,QOLS,QOLS,1.0,{score},numeric
2026-02-27T01:23:02Z,c86c400e-ff88-a1e3-2e23-caa4d8311f47,,,QOLS,QOLS,1.0,{score},numeric
2023-02-11T19:11:58Z,e74367bd-7385-97dc-2c7f-251b4cd9fe29,,,QALY,QALY,27.8,a,numeric
2024-02-11T19:11:58Z,e74367bd-7385-97dc-2c7f-251b4cd9fe29,,,QALY,QALY,28.8,a,numeric
2025-02-11T19:11:58Z,e74367bd-7385-97dc-2c7f-251b4cd9fe29,,,QALY,QALY,29.8,a,numeric
2024-01-25T14:14:31Z,46ee9d82-b52c-856d-069b-5064ff052225,46ee9d82-b52c-856d-7de0-5c6adc215474,vital-signs,8302-2,Body Height,156.0,cm,numeric
2026-02-11T19:11:58Z,e74367bd-7385-97dc-2c7f-251b4cd9fe29,,,QALY,QALY,30.8,a,numeric
2024-01-25T14:14:31Z,46ee9d82-b52c-856d-069b-5064ff052225,46ee9d82-b52c-856d-7de0-5c6adc215474,vital-signs,72514-3,Pain severity - 0-10 verbal numeric rating [Score] - Reported,1.0,{score},numeric
2024-01-25T14:14:31Z,46ee9d82-b52c-856d-069b-5064ff052225,46ee9d82-b52c-856d-7de0-5c6adc215474,vital-signs,29463-7,Body Weight,62.1,kg,numeric
2024-01-25T14:14:31Z,46ee9d82-b52c-856d-069b-5064ff052225,46ee9d82-b52c-856d-7de0-5c6adc215474,vital-signs,39156-5,Body mass index (BMI) [Ratio],25.5,kg/m2,numeric
2024-01-25T14:14:31Z,46ee9d82-b52c-856d-069b-5064ff052225,46ee9d82-b52c-856d-7de0-5c6adc215474,vital-signs,8462-4,Diastolic Blood Pressure,79.0,mm[Hg],numeric
2024-01-25T14:14:31Z,46ee9d82-b52c-856d-069b-5064ff052225,46ee9d82-b52c-856d-7de0-5c6adc215474,vital-signs,8480-6,Systolic Blood Pressure,109.0,mm[Hg],numeric
2023-02-11T19:11:58Z,e74367bd-7385-97dc-2c7f-251b4cd9fe29,,,DALY,DALY,0.2,a,numeric
2024-01-25T14:14:31Z,46ee9d82-b52c-856d-069b-5064ff052225,46ee9d82-b52c-856d-7de0-5c6adc215474,vital-signs,8867-4,Heart rate,61.0,/min,numeric
2024-01-25T14:14:31Z,46ee9d82-b52c-856d-069b-5064ff052225,46ee9d82-b52c-856d-7de0-5c6adc215474,vital-signs,9279-1,Respiratory rate,14.0,/min,numeric
2024-02-11T19:11:58Z,e74367bd-7385-97dc-2c7f-251b4cd9fe29,,,DALY,DALY,0.2,a,numeric
2024-01-25T14:14:31Z,46ee9d82-b52c-856d-069b-5064ff052225,46ee9d82-b52c-856d-7de0-5c6adc215474,laboratory,2093-3,Cholesterol [Mass/volume] in Serum or Plasma,294.7,mg/dL,numeric
2025-02-11T19:11:58Z,e74367bd-7385-97dc-2c7f-251b4cd9fe29,,,DALY,DALY,0.2,a,numeric
2024-01-25T14:14:31Z,46ee9d82-b52c-856d-069b-5064ff052225,46ee9d82-b52c-856d-7de0-5c6adc215474,laboratory,2571-8,Triglyceride [Mass/volume] in Serum or Plasma,139.6,mg/dL,numeric
2024-01-25T14:14:31Z,46ee9d82-b52c-856d-069b-5064ff052225,46ee9d82-b52c-856d-7de0-5c6adc215474,laboratory,18262-6,Cholesterol in LDL [Mass/volume] in Serum or Plasma by Direct assay,210.8,mg/dL,numeric
2026-02-11T19:11:58Z,e74367bd-7385-97dc-2c7f-251b4cd9fe29,,,DALY,DALY,0.2,a,numeric
2024-01-25T14:14:31Z,46ee9d82-b52c-856d-069b-5064ff052225,46ee9d82-b52c-856d-7de0-5c6adc215474,laboratory,2085-9,Cholesterol in HDL [Mass/volume] in Serum or Plasma,56.0,mg/dL,numeric
2024-01-25T14:14:31Z,46ee9d82-b52c-856d-069b-5064ff052225,46ee9d82-b52c-856d-7de0-5c6adc215474,social-history,72166-2,Tobacco smoking status,Never smoked tobacco (finding),,text
2024-01-25T14:51:44Z,46ee9d82-b52c-856d-069b-5064ff052225,46ee9d82-b52c-856d-7de0-5c6adc215474,survey,76501-6,Within the last year  have you been afraid of your partner or ex-partner,No,,text
2024-01-25T14:51:44Z,46ee9d82-b52c-856d-069b-5064ff052225,46ee9d82-b52c-856d-7de0-5c6adc215474,survey,93026-3,Do you feel physically and emotionally safe where you currently live [PRAPARE],Yes,,text
2024-01-25T14:51:44Z,46ee9d82-b52c-856d-069b-5064ff052225,46ee9d82-b52c-856d-7de0-5c6adc215474,survey,93027-1,Are you a refugee,No,,text
2024-01-25T14:51:44Z,46ee9d82-b52c-856d-069b-5064ff052225,46ee9d82-b52c-856d-7de0-5c6adc215474,survey,93028-9,Have you spent more than 2 nights in a row in a jail  prison  detention center  or juvenile correctional facility in past 1 year [PRAPARE],No,,text
2024-01-25T14:51:44Z,46ee9d82-b52c-856d-069b-5064ff052225,46ee9d82-b52c-856d-7de0-5c6adc215474,survey,93038-8,Stress level,A little bit,,text
2024-01-25T14:51:44Z,46ee9d82-b52c-856d-069b-5064ff052225,46ee9d82-b52c-856d-7de0-5c6adc215474,survey,93029-7,How often do you see or talk to people that you care about and feel close to [PRAPARE],5 or more times a week,,text
2023-02-11T19:11:58Z,e74367bd-7385-97dc-2c7f-251b4cd9fe29,,,QOLS,QOLS,1.0,{score},numeric
2024-01-25T14:51:44Z,46ee9d82-b52c-856d-069b-5064ff052225,46ee9d82-b52c-856d-7de0-5c6adc215474,survey,93030-5,Has lack of transportation kept you from medical appointments  meetings  work  or from getting things needed for daily living,Yes  it has kept me from non-medical meetings  appointments  work  or from getting things that I need,,text
2024-02-11T19:11:58Z,e74367bd-7385-97dc-2c7f-251b4cd9fe29,,,QOLS,QOLS,1.0,{score},numeric
2024-01-25T14:51:44Z,46ee9d82-b52c-856d-069b-5064ff052225,46ee9d82-b52c-856d-7de0-5c6adc215474,survey,93031-3,Have you or any family members you live with been unable to get any of the following when it was really needed in past 1 year [PRAPARE],I choose not to answer this question,,text
2024-01-25T14:51:44Z,46ee9d82-b52c-856d-069b-5064ff052225,46ee9d82-b52c-856d-7de0-5c6adc215474,survey,63586-2,What was your best estimate of the total income of all family members from all sources  before taxes  in last year [PhenX],64325,/a,text
2025-02-11T19:11:58Z,e74367bd-7385-97dc-2c7f-251b4cd9fe29,,,QOLS,QOLS,1.0,{score},numeric
2024-01-25T14:51:44Z,46ee9d82-b52c-856d-069b-5064ff052225,46ee9d82-b52c-856d-7de0-5c6adc215474,survey,76437-3,Primary insurance,None/uninsured,,text
2024-01-25T14:51:44Z,46ee9d82-b52c-856d-069b-5064ff052225,46ee9d82-b52c-856d-7de0-5c6adc215474,survey,67875-5,Employment status - current,Full-time work,,text
2026-02-11T19:11:58Z,e74367bd-7385-97dc-2c7f-251b4cd9fe29,,,QOLS,QOLS,1.0,{score},numeric
2024-01-25T14:51:44Z,46ee9d82-b52c-856d-069b-5064ff052225,46ee9d82-b52c-856d-7de0-5c6adc215474,survey,82589-3,Highest level of education,More than high school,,text
2024-01-25T14:51:44Z,46ee9d82-b52c-856d-069b-5064ff052225,46ee9d82-b52c-856d-7de0-5c6adc215474,survey,56799-0,Address,925 Brown Annex,,text
2024-01-25T14:51:44Z,46ee9d82-b52c-856d-069b-5064ff052225,46ee9d82-b52c-856d-7de0-5c6adc215474,survey,93033-9,Are you worried about losing your housing [PRAPARE],Yes,,text
2024-01-25T14:51:44Z,46ee9d82-b52c-856d-069b-5064ff052225,46ee9d82-b52c-856d-7de0-5c6adc215474,survey,71802-3,Housing status,I have housing,,text
2024-01-25T14:51:44Z,46ee9d82-b52c-856d-069b-5064ff052225,46ee9d82-b52c-856d-7de0-5c6adc215474,survey,63512-8,How many people are living or staying at this address [#],8.0,{#},numeric
2024-01-25T14:51:44Z,46ee9d82-b52c-856d-069b-5064ff052225,46ee9d82-b52c-856d-7de0-5c6adc215474,survey,54899-0,Preferred language,Language other than English,,text
2024-01-25T14:51:44Z,46ee9d82-b52c-856d-069b-5064ff052225,46ee9d82-b52c-856d-7de0-5c6adc215474,survey,93034-7,Discharged from the U.S. Armed Forces,No,,text
2024-01-25T14:51:44Z,46ee9d82-b52c-856d-069b-5064ff052225,46ee9d82-b52c-856d-7de0-5c6adc215474,survey,93035-4,Has season or migrant farm work been your or your family's main source of income at any point in past 2 years [PRAPARE],No,,text
2024-01-25T14:51:44Z,46ee9d82-b52c-856d-069b-5064ff052225,46ee9d82-b52c-856d-7de0-5c6adc215474,survey,32624-9,Race,Black/African American,,text
2024-01-25T14:51:44Z,46ee9d82-b52c-856d-069b-5064ff052225,46ee9d82-b52c-856d-7de0-5c6adc215474,survey,56051-6,Hispanic or Latino,No,,text
2024-01-25T15:18:13Z,46ee9d82-b52c-856d-069b-5064ff052225,46ee9d82-b52c-856d-7de0-5c6adc215474,survey,70274-6,Generalized anxiety disorder 7 item (GAD-7) total score [Reported.PHQ],10.0,{score},numeric
2024-01-25T15:59:18Z,46ee9d82-b52c-856d-069b-5064ff052225,46ee9d82-b52c-856d-7de0-5c6adc215474,survey,55758-7,Patient Health Questionnaire 2 item (PHQ-2) total score [Reported],1.0,{score},numeric
2024-01-25T16:37:20Z,46ee9d82-b52c-856d-069b-5064ff052225,46ee9d82-b52c-856d-7de0-5c6adc215474,survey,82667-7,Total score [DAST-10],1.0,{score},numeric
2023-11-12T14:14:31Z,46ee9d82-b52c-856d-069b-5064ff052225,,,QALY,QALY,29.9,a,numeric
2024-11-12T14:14:31Z,46ee9d82-b52c-856d-069b-5064ff052225,,,QALY,QALY,30.9,a,numeric
2025-11-12T14:14:31Z,46ee9d82-b52c-856d-069b-5064ff052225,,,QALY,QALY,31.9,a,numeric
2023-11-12T14:14:31Z,46ee9d82-b52c-856d-069b-5064ff052225,,,DALY,DALY,0.1,a,numeric
2024-11-12T14:14:31Z,46ee9d82-b52c-856d-069b-5064ff052225,,,DALY,DALY,0.1,a,numeric
2025-11-12T14:14:31Z,46ee9d82-b52c-856d-069b-5064ff052225,,,DALY,DALY,0.1,a,numeric
2023-11-12T14:14:31Z,46ee9d82-b52c-856d-069b-5064ff052225,,,QOLS,QOLS,1.0,{score},numeric
2024-11-12T14:14:31Z,46ee9d82-b52c-856d-069b-5064ff052225,,,QOLS,QOLS,1.0,{score},numeric
2025-11-12T14:14:31Z,46ee9d82-b52c-856d-069b-5064ff052225,,,QOLS,QOLS,1.0,{score},numeric
2024-11-20T01:52:42Z,aee7bbe1-0c45-c028-1e62-1f4cdb30c273,aee7bbe1-0c45-c028-6b38-46ef1accdec3,vital-signs,8302-2,Body Height,156.3,cm,numeric
2024-11-20T01:52:42Z,aee7bbe1-0c45-c028-1e62-1f4cdb30c273,aee7bbe1-0c45-c028-6b38-46ef1accdec3,vital-signs,72514-3,Pain severity - 0-10 verbal numeric rating [Score] - Reported,2.0,{score},numeric
2024-11-20T01:52:42Z,aee7bbe1-0c45-c028-1e62-1f4cdb30c273,aee7bbe1-0c45-c028-6b38-46ef1accdec3,vital-signs,29463-7,Body Weight,65.4,kg,numeric
2024-11-20T01:52:42Z,aee7bbe1-0c45-c028-1e62-1f4cdb30c273,aee7bbe1-0c45-c028-6b38-46ef1accdec3,vital-signs,39156-5,Body mass index (BMI) [Ratio],26.8,kg/m2,numeric
2024-11-20T01:52:42Z,aee7bbe1-0c45-c028-1e62-1f4cdb30c273,aee7bbe1-0c45-c028-6b38-46ef1accdec3,vital-signs,59576-9,Body mass index (BMI) [Percentile] Per age and sex,92.8,%,numeric
2024-11-20T01:52:42Z,aee7bbe1-0c45-c028-1e62-1f4cdb30c273,aee7bbe1-0c45-c028-6b38-46ef1accdec3,vital-signs,8462-4,Diastolic Blood Pressure,76.0,mm[Hg],numeric
2024-11-20T01:52:42Z,aee7bbe1-0c45-c028-1e62-1f4cdb30c273,aee7bbe1-0c45-c028-6b38-46ef1accdec3,vital-signs,8480-6,Systolic Blood Pressure,112.0,mm[Hg],numeric
2024-11-20T01:52:42Z,aee7bbe1-0c45-c028-1e62-1f4cdb30c273,aee7bbe1-0c45-c028-6b38-46ef1accdec3,vital-signs,8867-4,Heart rate,69.0,/min,numeric
2024-11-20T01:52:42Z,aee7bbe1-0c45-c028-1e62-1f4cdb30c273,aee7bbe1-0c45-c028-6b38-46ef1accdec3,vital-signs,9279-1,Respiratory rate,13.0,/min,numeric
2024-11-20T01:52:42Z,aee7bbe1-0c45-c028-1e62-1f4cdb30c273,aee7bbe1-0c45-c028-6b38-46ef1accdec3,social-history,72166-2,Tobacco smoking status,Never smoked tobacco (finding),,text
2024-11-20T02:22:33Z,aee7bbe1-0c45-c028-1e62-1f4cdb30c273,aee7bbe1-0c45-c028-6b38-46ef1accdec3,survey,70274-6,Generalized anxiety disorder 7 item (GAD-7) total score [Reported.PHQ],1.0,{score},numeric
2024-11-20T03:02:35Z,aee7bbe1-0c45-c028-1e62-1f4cdb30c273,aee7bbe1-0c45-c028-6b38-46ef1accdec3,survey,89204-2,Patient Health Questionnaire-9: Modified for Teens total score [Reported.PHQ.Teen],1.0,{score},numeric
2026-08-06T16:14:21Z,4f083ce3-f12b-bb4b-7353-e17f0cd55b0a,4f083ce3-f12b-bb4b-1405-0f00ba598bc4,social-history,82810-3,Pregnancy status,Pregnant,,text
2023-09-03T16:14:21Z,4f083ce3-f12b-bb4b-7353-e17f0cd55b0a,,,QALY,QALY,24.0,a,numeric
2024-09-03T16:14:21Z,4f083ce3-f12b-bb4b-7353-e17f0cd55b0a,,,QALY,QALY,25.0,a,numeric
2025-09-03T16:14:21Z,4f083ce3-f12b-bb4b-7353-e17f0cd55b0a,,,QALY,QALY,26.0,a,numeric
2026-09-03T16:14:21Z,4f083ce3-f12b-bb4b-7353-e17f0cd55b0a,,,QALY,QALY,27.0,a,numeric
2023-09-03T16:14:21Z,4f083ce3-f12b-bb4b-7353-e17f0cd55b0a,,,DALY,DALY,0.0,a,numeric
2024-09-03T16:14:21Z,4f083ce3-f12b-bb4b-7353-e17f0cd55b0a,,,DALY,DALY,0.0,a,numeric
2025-09-03T16:14:21Z,4f083ce3-f12b-bb4b-7353-e17f0cd55b0a,,,DALY,DALY,0.0,a,numeric
2026-09-03T16:14:21Z,4f083ce3-f12b-bb4b-7353-e17f0cd55b0a,,,DALY,DALY,0.0,a,numeric
2023-09-03T16:14:21Z,4f083ce3-f12b-bb4b-7353-e17f0cd55b0a,,,QOLS,QOLS,1.0,{score},numeric
2024-09-03T16:14:21Z,4f083ce3-f12b-bb4b-7353-e17f0cd55b0a,,,QOLS,QOLS,1.0,{score},numeric
2025-09-03T16:14:21Z,4f083ce3-f12b-bb4b-7353-e17f0cd55b0a,,,QOLS,QOLS,1.0,{score},numeric
2026-09-03T16:14:21Z,4f083ce3-f12b-bb4b-7353-e17f0cd55b0a,,,QOLS,QOLS,1.0,{score},numeric
2025-11-26T01:52:42Z,aee7bbe1-0c45-c028-1e62-1f4cdb30c273,aee7bbe1-0c45-c028-c67c-2de42fd83c5d,vital-signs,8302-2,Body Height,156.9,cm,numeric
2025-11-26T01:52:42Z,aee7bbe1-0c45-c028-1e62-1f4cdb30c273,aee7bbe1-0c45-c028-c67c-2de42fd83c5d,vital-signs,72514-3,Pain severity - 0-10 verbal numeric rating [Score] - Reported,3.0,{score},numeric
2025-11-26T01:52:42Z,aee7bbe1-0c45-c028-1e62-1f4cdb30c273,aee7bbe1-0c45-c028-c67c-2de42fd83c5d,vital-signs,29463-7,Body Weight,69.1,kg,numeric
2025-11-26T01:52:42Z,aee7bbe1-0c45-c028-1e62-1f4cdb30c273,aee7bbe1-0c45-c028-c67c-2de42fd83c5d,vital-signs,39156-5,Body mass index (BMI) [Ratio],28.1,kg/m2,numeric
2025-11-26T01:52:42Z,aee7bbe1-0c45-c028-1e62-1f4cdb30c273,aee7bbe1-0c45-c028-c67c-2de42fd83c5d,vital-signs,59576-9,Body mass index (BMI) [Percentile] Per age and sex,93.8,%,numeric
2025-11-26T01:52:42Z,aee7bbe1-0c45-c028-1e62-1f4cdb30c273,aee7bbe1-0c45-c028-c67c-2de42fd83c5d,vital-signs,8462-4,Diastolic Blood Pressure,81.0,mm[Hg],numeric
2025-11-26T01:52:42Z,aee7bbe1-0c45-c028-1e62-1f4cdb30c273,aee7bbe1-0c45-c028-c67c-2de42fd83c5d,vital-signs,8480-6,Systolic Blood Pressure,121.0,mm[Hg],numeric
2025-11-26T01:52:42Z,aee7bbe1-0c45-c028-1e62-1f4cdb30c273,aee7bbe1-0c45-c028-c67c-2de42fd83c5d,vital-signs,8867-4,Heart rate,96.0,/min,numeric
2025-11-26T01:52:42Z,aee7bbe1-0c45-c028-1e62-1f4cdb30c273,aee7bbe1-0c45-c028-c67c-2de42fd83c5d,vital-signs,9279-1,Respiratory rate,14.0,/min,numeric
2025-11-26T01:52:42Z,aee7bbe1-0c45-c028-1e62-1f4cdb30c273,aee7bbe1-0c45-c028-c67c-2de42fd83c5d,laboratory,6690-2,Leukocytes [#/volume] in Blood by Automated count,6.4,10*3/uL,numeric
2025-11-26T01:52:42Z,aee7bbe1-0c45-c028-1e62-1f4cdb30c273,aee7bbe1-0c45-c028-c67c-2de42fd83c5d,laboratory,789-8,Erythrocytes [#/volume] in Blood by Automated count,4.1,10*6/uL,numeric
2025-11-26T01:52:42Z,aee7bbe1-0c45-c028-1e62-1f4cdb30c273,aee7bbe1-0c45-c028-c67c-2de42fd83c5d,laboratory,718-7,Hemoglobin [Mass/volume] in Blood,16.2,g/dL,numeric
2025-11-26T01:52:42Z,aee7bbe1-0c45-c028-1e62-1f4cdb30c273,aee7bbe1-0c45-c028-c67c-2de42fd83c5d,laboratory,4544-3,Hematocrit [Volume Fraction] of Blood by Automated count,35.9,%,numeric
2025-11-26T01:52:42Z,aee7bbe1-0c45-c028-1e62-1f4cdb30c273,aee7bbe1-0c45-c028-c67c-2de42fd83c5d,laboratory,787-2,MCV [Entitic mean volume] in Red Blood Cells by Automated count,81.2,fL,numeric
2025-11-26T01:52:42Z,aee7bbe1-0c45-c028-1e62-1f4cdb30c273,aee7bbe1-0c45-c028-c67c-2de42fd83c5d,laboratory,785-6,MCH [Entitic mass] by Automated count,27.8,pg,numeric
2025-11-26T01:52:42Z,aee7bbe1-0c45-c028-1e62-1f4cdb30c273,aee7bbe1-0c45-c028-c67c-2de42fd83c5d,laboratory,786-4,MCHC [Entitic Mass/volume] in Red Blood Cells by Automated count,34.2,g/dL,numeric
2025-11-26T01:52:42Z,aee7bbe1-0c45-c028-1e62-1f4cdb30c273,aee7bbe1-0c45-c028-c67c-2de42fd83c5d,laboratory,788-0,Erythrocyte [DistWidth] in Blood by Automated count,44.4,fL,numeric
2025-11-26T01:52:42Z,aee7bbe1-0c45-c028-1e62-1f4cdb30c273,aee7bbe1-0c45-c028-c67c-2de42fd83c5d,laboratory,777-3,Platelets [#/volume] in Blood by Automated count,256.7,10*3/uL,numeric
2025-11-26T01:52:42Z,aee7bbe1-0c45-c028-1e62-1f4cdb30c273,aee7bbe1-0c45-c028-c67c-2de42fd83c5d,laboratory,32207-3,Platelet distribution width [Entitic volume] in Blood by Automated count,292.1,fL,numeric
2025-11-26T01:52:42Z,aee7bbe1-0c45-c028-1e62-1f4cdb30c273,aee7bbe1-0c45-c028-c67c-2de42fd83c5d,laboratory,32623-1,Platelet [Entitic mean volume] in Blood by Automated count,11.9,fL,numeric
2025-11-26T01:52:42Z,aee7bbe1-0c45-c028-1e62-1f4cdb30c273,aee7bbe1-0c45-c028-c67c-2de42fd83c5d,social-history,72166-2,Tobacco smoking status,Never smoked tobacco (finding),,text
2026-06-21T02:52:42Z,aee7bbe1-0c45-c028-1e62-1f4cdb30c273,aee7bbe1-0c45-c028-ba98-c1cfef766943,vital-signs,8310-5,Body temperature,37.6,Cel,numeric
2023-10-14T01:52:42Z,aee7bbe1-0c45-c028-1e62-1f4cdb30c273,,,QALY,QALY,13.0,a,numeric
2024-10-14T01:52:42Z,aee7bbe1-0c45-c028-1e62-1f4cdb30c273,,,QALY,QALY,14.0,a,numeric
2025-10-14T01:52:42Z,aee7bbe1-0c45-c028-1e62-1f4cdb30c273,,,QALY,QALY,15.0,a,numeric
2023-10-14T01:52:42Z,aee7bbe1-0c45-c028-1e62-1f4cdb30c273,,,DALY,DALY,0.0,a,numeric
2024-10-14T01:52:42Z,aee7bbe1-0c45-c028-1e62-1f4cdb30c273,,,DALY,DALY,0.0,a,numeric
2025-10-14T01:52:42Z,aee7bbe1-0c45-c028-1e62-1f4cdb30c273,,,DALY,DALY,0.0,a,numeric
2023-10-14T01:52:42Z,aee7bbe1-0c45-c028-1e62-1f4cdb30c273,,,QOLS,QOLS,1.0,{score},numeric
2024-10-14T01:52:42Z,aee7bbe1-0c45-c028-1e62-1f4cdb30c273,,,QOLS,QOLS,1.0,{score},numeric
2025-10-14T01:52:42Z,aee7bbe1-0c45-c028-1e62-1f4cdb30c273,,,QOLS,QOLS,1.0,{score},numeric
2024-07-13T16:22:38Z,76b20010-c318-5754-8c85-983aa538522f,76b20010-c318-5754-1e4c-a0bab0bf634b,vital-signs,8302-2,Body Height,164.3,cm,numeric
2024-07-13T16:22:38Z,76b20010-c318-5754-8c85-983aa538522f,76b20010-c318-5754-1e4c-a0bab0bf634b,vital-signs,72514-3,Pain severity - 0-10 verbal numeric rating [Score] - Reported,2.0,{score},numeric
2024-07-13T16:22:38Z,76b20010-c318-5754-8c85-983aa538522f,76b20010-c318-5754-1e4c-a0bab0bf634b,vital-signs,29463-7,Body Weight,61.5,kg,numeric
2024-07-13T16:22:38Z,76b20010-c318-5754-8c85-983aa538522f,76b20010-c318-5754-1e4c-a0bab0bf634b,vital-signs,39156-5,Body mass index (BMI) [Ratio],22.8,kg/m2,numeric
2024-07-13T16:22:38Z,76b20010-c318-5754-8c85-983aa538522f,76b20010-c318-5754-1e4c-a0bab0bf634b,vital-signs,8462-4,Diastolic Blood Pressure,84.0,mm[Hg],numeric
2024-07-13T16:22:38Z,76b20010-c318-5754-8c85-983aa538522f,76b20010-c318-5754-1e4c-a0bab0bf634b,vital-signs,8480-6,Systolic Blood Pressure,105.0,mm[Hg],numeric
2024-07-13T16:22:38Z,76b20010-c318-5754-8c85-983aa538522f,76b20010-c318-5754-1e4c-a0bab0bf634b,vital-signs,8867-4,Heart rate,93.0,/min,numeric
2024-07-13T16:22:38Z,76b20010-c318-5754-8c85-983aa538522f,76b20010-c318-5754-1e4c-a0bab0bf634b,vital-signs,9279-1,Respiratory rate,13.0,/min,numeric
2024-07-13T16:22:38Z,76b20010-c318-5754-8c85-983aa538522f,76b20010-c318-5754-1e4c-a0bab0bf634b,social-history,72166-2,Tobacco smoking status,Ex-smoker (finding),,text
2024-07-13T17:14:31Z,76b20010-c318-5754-8c85-983aa538522f,76b20010-c318-5754-1e4c-a0bab0bf634b,survey,76501-6,Within the last year  have you been afraid of your partner or ex-partner,No,,text
2024-07-13T17:14:31Z,76b20010-c318-5754-8c85-983aa538522f,76b20010-c318-5754-1e4c-a0bab0bf634b,survey,93026-3,Do you feel physically and emotionally safe where you currently live [PRAPARE],Yes,,text
2024-07-13T17:14:31Z,76b20010-c318-5754-8c85-983aa538522f,76b20010-c318-5754-1e4c-a0bab0bf634b,survey,93027-1,Are you a refugee,No,,text
2024-07-13T17:14:31Z,76b20010-c318-5754-8c85-983aa538522f,76b20010-c318-5754-1e4c-a0bab0bf634b,survey,93028-9,Have you spent more than 2 nights in a row in a jail  prison  detention center  or juvenile correctional facility in past 1 year [PRAPARE],Yes,,text
2024-07-13T17:14:31Z,76b20010-c318-5754-8c85-983aa538522f,76b20010-c318-5754-1e4c-a0bab0bf634b,survey,93038-8,Stress level,A little bit,,text
2024-07-13T17:14:31Z,76b20010-c318-5754-8c85-983aa538522f,76b20010-c318-5754-1e4c-a0bab0bf634b,survey,93029-7,How often do you see or talk to people that you care about and feel close to [PRAPARE],3 to 5 times a week,,text
2024-07-13T17:14:31Z,76b20010-c318-5754-8c85-983aa538522f,76b20010-c318-5754-1e4c-a0bab0bf634b,survey,93030-5,Has lack of transportation kept you from medical appointments  meetings  work  or from getting things needed for daily living,No,,text
2024-07-13T17:14:31Z,76b20010-c318-5754-8c85-983aa538522f,76b20010-c318-5754-1e4c-a0bab0bf634b,survey,93031-3,Have you or any family members you live with been unable to get any of the following when it was really needed in past 1 year [PRAPARE],I choose not to answer this question,,text
2024-07-13T17:14:31Z,76b20010-c318-5754-8c85-983aa538522f,76b20010-c318-5754-1e4c-a0bab0bf634b,survey,63586-2,What was your best estimate of the total income of all family members from all sources  before taxes  in last year [PhenX],960603,/a,text
2024-07-13T17:14:31Z,76b20010-c318-5754-8c85-983aa538522f,76b20010-c318-5754-1e4c-a0bab0bf634b,survey,76437-3,Primary insurance,Private insurance,,text
2024-07-13T17:14:31Z,76b20010-c318-5754-8c85-983aa538522f,76b20010-c318-5754-1e4c-a0bab0bf634b,survey,67875-5,Employment status - current,Full-time work,,text
2024-07-13T17:14:31Z,76b20010-c318-5754-8c85-983aa538522f,76b20010-c318-5754-1e4c-a0bab0bf634b,survey,82589-3,Highest level of education,More than high school,,text
2024-07-13T17:14:31Z,76b20010-c318-5754-8c85-983aa538522f,76b20010-c318-5754-1e4c-a0bab0bf634b,survey,56799-0,Address,368 Marquardt Highlands,,text
2024-07-13T17:14:31Z,76b20010-c318-5754-8c85-983aa538522f,76b20010-c318-5754-1e4c-a0bab0bf634b,survey,93033-9,Are you worried about losing your housing [PRAPARE],No,,text
2024-07-13T17:14:31Z,76b20010-c318-5754-8c85-983aa538522f,76b20010-c318-5754-1e4c-a0bab0bf634b,survey,71802-3,Housing status,I have housing,,text
2024-07-13T17:14:31Z,76b20010-c318-5754-8c85-983aa538522f,76b20010-c318-5754-1e4c-a0bab0bf634b,survey,63512-8,How many people are living or staying at this address [#],5.0,{#},numeric
2024-07-13T17:14:31Z,76b20010-c318-5754-8c85-983aa538522f,76b20010-c318-5754-1e4c-a0bab0bf634b,survey,54899-0,Preferred language,English,,text
2024-07-13T17:14:31Z,76b20010-c318-5754-8c85-983aa538522f,76b20010-c318-5754-1e4c-a0bab0bf634b,survey,93034-7,Discharged from the U.S. Armed Forces,No,,text
2024-07-13T17:14:31Z,76b20010-c318-5754-8c85-983aa538522f,76b20010-c318-5754-1e4c-a0bab0bf634b,survey,93035-4,Has season or migrant farm work been your or your family's main source of income at any point in past 2 years [PRAPARE],No,,text
2024-07-13T17:14:31Z,76b20010-c318-5754-8c85-983aa538522f,76b20010-c318-5754-1e4c-a0bab0bf634b,survey,32624-9,Race,White,,text
2024-07-13T17:14:31Z,76b20010-c318-5754-8c85-983aa538522f,76b20010-c318-5754-1e4c-a0bab0bf634b,survey,56051-6,Hispanic or Latino,No,,text
2024-07-13T17:31:39Z,76b20010-c318-5754-8c85-983aa538522f,76b20010-c318-5754-1e4c-a0bab0bf634b,survey,70274-6,Generalized anxiety disorder 7 item (GAD-7) total score [Reported.PHQ],9.0,{score},numeric
2024-07-13T18:10:01Z,76b20010-c318-5754-8c85-983aa538522f,76b20010-c318-5754-1e4c-a0bab0bf634b,survey,55758-7,Patient Health Questionnaire 2 item (PHQ-2) total score [Reported],0.0,{score},numeric
2025-06-28T16:22:38Z,76b20010-c318-5754-8c85-983aa538522f,76b20010-c318-5754-7e24-f25c850ef8d2,social-history,82810-3,Pregnancy status,Pregnant,,text
2025-07-19T16:22:38Z,76b20010-c318-5754-8c85-983aa538522f,76b20010-c318-5754-dda9-e7d53df63d3d,vital-signs,8302-2,Body Height,164.3,cm,numeric
2025-07-19T16:22:38Z,76b20010-c318-5754-8c85-983aa538522f,76b20010-c318-5754-dda9-e7d53df63d3d,vital-signs,72514-3,Pain severity - 0-10 verbal numeric rating [Score] - Reported,0.0,{score},numeric
2025-07-19T16:22:38Z,76b20010-c318-5754-8c85-983aa538522f,76b20010-c318-5754-dda9-e7d53df63d3d,vital-signs,29463-7,Body Weight,63.2,kg,numeric
2025-07-19T16:22:38Z,76b20010-c318-5754-8c85-983aa538522f,76b20010-c318-5754-dda9-e7d53df63d3d,vital-signs,39156-5,Body mass index (BMI) [Ratio],23.4,kg/m2,numeric
2025-07-19T16:22:38Z,76b20010-c318-5754-8c85-983aa538522f,76b20010-c318-5754-dda9-e7d53df63d3d,vital-signs,8462-4,Diastolic Blood Pressure,79.0,mm[Hg],numeric
2025-07-19T16:22:38Z,76b20010-c318-5754-8c85-983aa538522f,76b20010-c318-5754-dda9-e7d53df63d3d,vital-signs,8480-6,Systolic Blood Pressure,112.0,mm[Hg],numeric
2025-07-19T16:22:38Z,76b20010-c318-5754-8c85-983aa538522f,76b20010-c318-5754-dda9-e7d53df63d3d,vital-signs,8867-4,Heart rate,88.0,/min,numeric
2025-07-19T16:22:38Z,76b20010-c318-5754-8c85-983aa538522f,76b20010-c318-5754-dda9-e7d53df63d3d,vital-signs,9279-1,Respiratory rate,14.0,/min,numeric
2025-07-19T16:22:38Z,76b20010-c318-5754-8c85-983aa538522f,76b20010-c318-5754-dda9-e7d53df63d3d,social-history,72166-2,Tobacco smoking status,Ex-smoker (finding),,text
2025-07-19T17:09:14Z,76b20010-c318-5754-8c85-983aa538522f,76b20010-c318-5754-dda9-e7d53df63d3d,survey,76501-6,Within the last year  have you been afraid of your partner or ex-partner,No,,text
2025-07-19T17:09:14Z,76b20010-c318-5754-8c85-983aa538522f,76b20010-c318-5754-dda9-e7d53df63d3d,survey,93026-3,Do you feel physically and emotionally safe where you currently live [PRAPARE],Yes,,text
2025-07-19T17:09:14Z,76b20010-c318-5754-8c85-983aa538522f,76b20010-c318-5754-dda9-e7d53df63d3d,survey,93027-1,Are you a refugee,No,,text
2025-07-19T17:09:14Z,76b20010-c318-5754-8c85-983aa538522f,76b20010-c318-5754-dda9-e7d53df63d3d,survey,93028-9,Have you spent more than 2 nights in a row in a jail  prison  detention center  or juvenile correctional facility in past 1 year [PRAPARE],Yes,,text
2025-07-19T17:09:14Z,76b20010-c318-5754-8c85-983aa538522f,76b20010-c318-5754-dda9-e7d53df63d3d,survey,93038-8,Stress level,Quite a bit,,text
2025-07-19T17:09:14Z,76b20010-c318-5754-8c85-983aa538522f,76b20010-c318-5754-dda9-e7d53df63d3d,survey,93029-7,How often do you see or talk to people that you care about and feel close to [PRAPARE],Less than once a week,,text
2025-07-19T17:09:14Z,76b20010-c318-5754-8c85-983aa538522f,76b20010-c318-5754-dda9-e7d53df63d3d,survey,93030-5,Has lack of transportation kept you from medical appointments  meetings  work  or from getting things needed for daily living,No,,text
2025-07-19T17:09:14Z,76b20010-c318-5754-8c85-983aa538522f,76b20010-c318-5754-dda9-e7d53df63d3d,survey,93031-3,Have you or any family members you live with been unable to get any of the following when it was really needed in past 1 year [PRAPARE],I choose not to answer this question,,text
2025-07-19T17:09:14Z,76b20010-c318-5754-8c85-983aa538522f,76b20010-c318-5754-dda9-e7d53df63d3d,survey,63586-2,What was your best estimate of the total income of all family members from all sources  before taxes  in last year [PhenX],960603,/a,text
2025-07-19T17:09:14Z,76b20010-c318-5754-8c85-983aa538522f,76b20010-c318-5754-dda9-e7d53df63d3d,survey,76437-3,Primary insurance,Private insurance,,text
2025-07-19T17:09:14Z,76b20010-c318-5754-8c85-983aa538522f,76b20010-c318-5754-dda9-e7d53df63d3d,survey,67875-5,Employment status - current,Full-time work,,text
2025-07-19T17:09:14Z,76b20010-c318-5754-8c85-983aa538522f,76b20010-c318-5754-dda9-e7d53df63d3d,survey,82589-3,Highest level of education,More than high school,,text
2025-07-19T17:09:14Z,76b20010-c318-5754-8c85-983aa538522f,76b20010-c318-5754-dda9-e7d53df63d3d,survey,56799-0,Address,368 Marquardt Highlands,,text
2025-07-19T17:09:14Z,76b20010-c318-5754-8c85-983aa538522f,76b20010-c318-5754-dda9-e7d53df63d3d,survey,93033-9,Are you worried about losing your housing [PRAPARE],No,,text
2025-07-19T17:09:14Z,76b20010-c318-5754-8c85-983aa538522f,76b20010-c318-5754-dda9-e7d53df63d3d,survey,71802-3,Housing status,I have housing,,text
2025-07-19T17:09:14Z,76b20010-c318-5754-8c85-983aa538522f,76b20010-c318-5754-dda9-e7d53df63d3d,survey,63512-8,How many people are living or staying at this address [#],5.0,{#},numeric
2025-07-19T17:09:14Z,76b20010-c318-5754-8c85-983aa538522f,76b20010-c318-5754-dda9-e7d53df63d3d,survey,54899-0,Preferred language,English,,text
2025-07-19T17:09:14Z,76b20010-c318-5754-8c85-983aa538522f,76b20010-c318-5754-dda9-e7d53df63d3d,survey,93034-7,Discharged from the U.S. Armed Forces,No,,text
2025-07-19T17:09:14Z,76b20010-c318-5754-8c85-983aa538522f,76b20010-c318-5754-dda9-e7d53df63d3d,survey,93035-4,Has season or migrant farm work been your or your family's main source of income at any point in past 2 years [PRAPARE],No,,text
2025-07-19T17:09:14Z,76b20010-c318-5754-8c85-983aa538522f,76b20010-c318-5754-dda9-e7d53df63d3d,survey,32624-9,Race,White,,text
2025-07-19T17:09:14Z,76b20010-c318-5754-8c85-983aa538522f,76b20010-c318-5754-dda9-e7d53df63d3d,survey,56051-6,Hispanic or Latino,No,,text
2026-07-25T16:22:38Z,76b20010-c318-5754-8c85-983aa538522f,76b20010-c318-5754-284e-ec46603e304f,laboratory,4548-4,Hemoglobin A1c/Hemoglobin.total in Blood,5.9,%,numeric
2026-07-25T16:22:38Z,76b20010-c318-5754-8c85-983aa538522f,76b20010-c318-5754-284e-ec46603e304f,vital-signs,8302-2,Body Height,164.3,cm,numeric
2026-07-25T16:22:38Z,76b20010-c318-5754-8c85-983aa538522f,76b20010-c318-5754-284e-ec46603e304f,vital-signs,72514-3,Pain severity - 0-10 verbal numeric rating [Score] - Reported,2.0,{score},numeric
2026-07-25T16:22:38Z,76b20010-c318-5754-8c85-983aa538522f,76b20010-c318-5754-284e-ec46603e304f,vital-signs,29463-7,Body Weight,64.2,kg,numeric
2026-07-25T16:22:38Z,76b20010-c318-5754-8c85-983aa538522f,76b20010-c318-5754-284e-ec46603e304f,vital-signs,39156-5,Body mass index (BMI) [Ratio],23.8,kg/m2,numeric
2026-07-25T16:22:38Z,76b20010-c318-5754-8c85-983aa538522f,76b20010-c318-5754-284e-ec46603e304f,vital-signs,8462-4,Diastolic Blood Pressure,84.0,mm[Hg],numeric
2026-07-25T16:22:38Z,76b20010-c318-5754-8c85-983aa538522f,76b20010-c318-5754-284e-ec46603e304f,vital-signs,8480-6,Systolic Blood Pressure,108.0,mm[Hg],numeric
2026-07-25T16:22:38Z,76b20010-c318-5754-8c85-983aa538522f,76b20010-c318-5754-284e-ec46603e304f,vital-signs,8867-4,Heart rate,77.0,/min,numeric
2026-07-25T16:22:38Z,76b20010-c318-5754-8c85-983aa538522f,76b20010-c318-5754-284e-ec46603e304f,vital-signs,9279-1,Respiratory rate,13.0,/min,numeric
2026-07-25T16:22:38Z,76b20010-c318-5754-8c85-983aa538522f,76b20010-c318-5754-284e-ec46603e304f,laboratory,2339-0,Glucose [Mass/volume] in Blood,79.2,mg/dL,numeric
2026-07-25T16:22:38Z,76b20010-c318-5754-8c85-983aa538522f,76b20010-c318-5754-284e-ec46603e304f,laboratory,6299-2,Urea nitrogen [Mass/volume] in Blood,13.8,mg/dL,numeric
2026-07-25T16:22:38Z,76b20010-c318-5754-8c85-983aa538522f,76b20010-c318-5754-284e-ec46603e304f,laboratory,38483-4,Creatinine [Mass/volume] in Blood,0.9,mg/dL,numeric
2026-07-25T16:22:38Z,76b20010-c318-5754-8c85-983aa538522f,76b20010-c318-5754-284e-ec46603e304f,laboratory,49765-1,Calcium [Mass/volume] in Blood,9.2,mg/dL,numeric
2026-07-25T16:22:38Z,76b20010-c318-5754-8c85-983aa538522f,76b20010-c318-5754-284e-ec46603e304f,laboratory,2947-0,Sodium [Moles/volume] in Blood,136.1,mmol/L,numeric
2026-07-25T16:22:38Z,76b20010-c318-5754-8c85-983aa538522f,76b20010-c318-5754-284e-ec46603e304f,laboratory,6298-4,Potassium [Moles/volume] in Blood,5.1,mmol/L,numeric
2026-07-25T16:22:38Z,76b20010-c318-5754-8c85-983aa538522f,76b20010-c318-5754-284e-ec46603e304f,laboratory,2069-3,Chloride [Moles/volume] in Blood,102.9,mmol/L,numeric
2026-07-25T16:22:38Z,76b20010-c318-5754-8c85-983aa538522f,76b20010-c318-5754-284e-ec46603e304f,laboratory,20565-8,Carbon dioxide  total [Moles/volume] in Blood,20.5,mmol/L,numeric
2026-07-25T16:22:38Z,76b20010-c318-5754-8c85-983aa538522f,76b20010-c318-5754-284e-ec46603e304f,social-history,72166-2,Tobacco smoking status,Ex-smoker (finding),,text
2026-07-25T17:19:06Z,76b20010-c318-5754-8c85-983aa538522f,76b20010-c318-5754-284e-ec46603e304f,survey,76501-6,Within the last year  have you been afraid of your partner or ex-partner,No,,text
2026-07-25T17:19:06Z,76b20010-c318-5754-8c85-983aa538522f,76b20010-c318-5754-284e-ec46603e304f,survey,93026-3,Do you feel physically and emotionally safe where you currently live [PRAPARE],Yes,,text
2026-07-25T17:19:06Z,76b20010-c318-5754-8c85-983aa538522f,76b20010-c318-5754-284e-ec46603e304f,survey,93027-1,Are you a refugee,No,,text
2026-07-25T17:19:06Z,76b20010-c318-5754-8c85-983aa538522f,76b20010-c318-5754-284e-ec46603e304f,survey,93028-9,Have you spent more than 2 nights in a row in a jail  prison  detention center  or juvenile correctional facility in past 1 year [PRAPARE],Yes,,text
2026-07-25T17:19:06Z,76b20010-c318-5754-8c85-983aa538522f,76b20010-c318-5754-284e-ec46603e304f,survey,93038-8,Stress level,Not at all,,text
2026-07-25T17:19:06Z,76b20010-c318-5754-8c85-983aa538522f,76b20010-c318-5754-284e-ec46603e304f,survey,93029-7,How often do you see or talk to people that you care about and feel close to [PRAPARE],5 or more times a week,,text
2026-07-25T17:19:06Z,76b20010-c318-5754-8c85-983aa538522f,76b20010-c318-5754-284e-ec46603e304f,survey,93030-5,Has lack of transportation kept you from medical appointments  meetings  work  or from getting things needed for daily living,No,,text
2026-07-25T17:19:06Z,76b20010-c318-5754-8c85-983aa538522f,76b20010-c318-5754-284e-ec46603e304f,survey,93031-3,Have you or any family members you live with been unable to get any of the following when it was really needed in past 1 year [PRAPARE],I choose not to answer this question,,text
2026-07-25T17:19:06Z,76b20010-c318-5754-8c85-983aa538522f,76b20010-c318-5754-284e-ec46603e304f,survey,63586-2,What was your best estimate of the total income of all family members from all sources  before taxes  in last year [PhenX],960603,/a,text
2026-07-25T17:19:06Z,76b20010-c318-5754-8c85-983aa538522f,76b20010-c318-5754-284e-ec46603e304f,survey,76437-3,Primary insurance,Private insurance,,text
2026-07-25T17:19:06Z,76b20010-c318-5754-8c85-983aa538522f,76b20010-c318-5754-284e-ec46603e304f,survey,67875-5,Employment status - current,Full-time work,,text
2026-07-25T17:19:06Z,76b20010-c318-5754-8c85-983aa538522f,76b20010-c318-5754-284e-ec46603e304f,survey,82589-3,Highest level of education,More than high school,,text
2026-07-25T17:19:06Z,76b20010-c318-5754-8c85-983aa538522f,76b20010-c318-5754-284e-ec46603e304f,survey,56799-0,Address,368 Marquardt Highlands,,text
2026-07-25T17:19:06Z,76b20010-c318-5754-8c85-983aa538522f,76b20010-c318-5754-284e-ec46603e304f,survey,93033-9,Are you worried about losing your housing [PRAPARE],No,,text
2026-07-25T17:19:06Z,76b20010-c318-5754-8c85-983aa538522f,76b20010-c318-5754-284e-ec46603e304f,survey,71802-3,Housing status,I have housing,,text
2026-07-25T17:19:06Z,76b20010-c318-5754-8c85-983aa538522f,76b20010-c318-5754-284e-ec46603e304f,survey,63512-8,How many people are living or staying at this address [#],5.0,{#},numeric
2026-07-25T17:19:06Z,76b20010-c318-5754-8c85-983aa538522f,76b20010-c318-5754-284e-ec46603e304f,survey,54899-0,Preferred language,English,,text
2026-07-25T17:19:06Z,76b20010-c318-5754-8c85-983aa538522f,76b20010-c318-5754-284e-ec46603e304f,survey,93034-7,Discharged from the U.S. Armed Forces,No,,text
2026-07-25T17:19:06Z,76b20010-c318-5754-8c85-983aa538522f,76b20010-c318-5754-284e-ec46603e304f,survey,93035-4,Has season or migrant farm work been your or your family's main source of income at any point in past 2 years [PRAPARE],No,,text
2026-07-25T17:19:06Z,76b20010-c318-5754-8c85-983aa538522f,76b20010-c318-5754-284e-ec46603e304f,survey,32624-9,Race,White,,text
2026-07-25T17:19:06Z,76b20010-c318-5754-8c85-983aa538522f,76b20010-c318-5754-284e-ec46603e304f,survey,56051-6,Hispanic or Latino,No,,text
2026-07-25T17:40:56Z,76b20010-c318-5754-8c85-983aa538522f,76b20010-c318-5754-284e-ec46603e304f,survey,70274-6,Generalized anxiety disorder 7 item (GAD-7) total score [Reported.PHQ],0.0,{score},numeric
2026-07-25T18:16:47Z,76b20010-c318-5754-8c85-983aa538522f,76b20010-c318-5754-284e-ec46603e304f,survey,55758-7,Patient Health Questionnaire 2 item (PHQ-2) total score [Reported],1.0,{score},numeric
2026-07-25T18:54:33Z,76b20010-c318-5754-8c85-983aa538522f,76b20010-c318-5754-284e-ec46603e304f,survey,82667-7,Total score [DAST-10],2.0,{score},numeric
2026-08-01T16:22:38Z,76b20010-c318-5754-8c85-983aa538522f,76b20010-c318-5754-535e-2ade0195581f,laboratory,718-7,Hemoglobin [Mass/volume] in Blood,11.4,g/dL,numeric
2026-08-01T16:22:38Z,76b20010-c318-5754-8c85-983aa538522f,76b20010-c318-5754-535e-2ade0195581f,laboratory,20570-8,Hematocrit [Volume Fraction] of Blood by calculation,34.9,%,numeric
2026-08-01T16:22:38Z,76b20010-c318-5754-8c85-983aa538522f,76b20010-c318-5754-535e-2ade0195581f,laboratory,6690-2,Leukocytes [#/volume] in Blood by Automated count,9.5,10*3/uL,numeric
2024-08-25T00:47:24Z,46976cf7-b0bf-be20-39a5-9f425a52886d,46976cf7-b0bf-be20-e20b-846107d1bb3c,laboratory,4548-4,Hemoglobin A1c/Hemoglobin.total in Blood,5.8,%,numeric
2026-08-01T16:22:38Z,76b20010-c318-5754-8c85-983aa538522f,76b20010-c318-5754-535e-2ade0195581f,laboratory,789-8,Erythrocytes [#/volume] in Blood by Automated count,5.1,10*6/uL,numeric
2024-08-25T00:47:24Z,46976cf7-b0bf-be20-39a5-9f425a52886d,46976cf7-b0bf-be20-e20b-846107d1bb3c,vital-signs,8302-2,Body Height,152.6,cm,numeric
2024-08-25T00:47:24Z,46976cf7-b0bf-be20-39a5-9f425a52886d,46976cf7-b0bf-be20-e20b-846107d1bb3c,vital-signs,72514-3,Pain severity - 0-10 verbal numeric rating [Score] - Reported,4.0,{score},numeric
2024-08-25T00:47:24Z,46976cf7-b0bf-be20-39a5-9f425a52886d,46976cf7-b0bf-be20-e20b-846107d1bb3c,vital-signs,29463-7,Body Weight,63.9,kg,numeric
2026-08-01T16:22:38Z,76b20010-c318-5754-8c85-983aa538522f,76b20010-c318-5754-535e-2ade0195581f,laboratory,787-2,MCV [Entitic mean volume] in Red Blood Cells by Automated count,80.8,fL,numeric
2024-08-25T00:47:24Z,46976cf7-b0bf-be20-39a5-9f425a52886d,46976cf7-b0bf-be20-e20b-846107d1bb3c,vital-signs,39156-5,Body mass index (BMI) [Ratio],27.4,kg/m2,numeric
2026-08-01T16:22:38Z,76b20010-c318-5754-8c85-983aa538522f,76b20010-c318-5754-535e-2ade0195581f,laboratory,785-6,MCH [Entitic mass] by Automated count,28.8,pg,numeric
2024-08-25T00:47:24Z,46976cf7-b0bf-be20-39a5-9f425a52886d,46976cf7-b0bf-be20-e20b-846107d1bb3c,vital-signs,8462-4,Diastolic Blood Pressure,73.0,mm[Hg],numeric
2026-08-01T16:22:38Z,76b20010-c318-5754-8c85-983aa538522f,76b20010-c318-5754-535e-2ade0195581f,laboratory,786-4,MCHC [Entitic Mass/volume] in Red Blood Cells by Automated count,33.7,g/dL,numeric
2026-08-01T16:22:38Z,76b20010-c318-5754-8c85-983aa538522f,76b20010-c318-5754-535e-2ade0195581f,laboratory,788-0,Erythrocyte [DistWidth] in Blood by Automated count,42.5,fL,numeric
2024-08-25T00:47:24Z,46976cf7-b0bf-be20-39a5-9f425a52886d,46976cf7-b0bf-be20-e20b-846107d1bb3c,vital-signs,8480-6,Systolic Blood Pressure,136.0,mm[Hg],numeric
2026-08-01T16:22:38Z,76b20010-c318-5754-8c85-983aa538522f,76b20010-c318-5754-535e-2ade0195581f,laboratory,777-3,Platelets [#/volume] in Blood by Automated count,183.1,10*3/uL,numeric
2024-08-25T00:47:24Z,46976cf7-b0bf-be20-39a5-9f425a52886d,46976cf7-b0bf-be20-e20b-846107d1bb3c,vital-signs,8867-4,Heart rate,83.0,/min,numeric
2024-08-25T00:47:24Z,46976cf7-b0bf-be20-39a5-9f425a52886d,46976cf7-b0bf-be20-e20b-846107d1bb3c,vital-signs,9279-1,Respiratory rate,14.0,/min,numeric
2026-08-01T16:22:38Z,76b20010-c318-5754-8c85-983aa538522f,76b20010-c318-5754-535e-2ade0195581f,laboratory,32207-3,Platelet distribution width [Entitic volume] in Blood by Automated count,357.4,fL,numeric
2026-08-01T16:22:38Z,76b20010-c318-5754-8c85-983aa538522f,76b20010-c318-5754-535e-2ade0195581f,laboratory,32623-1,Platelet [Entitic mean volume] in Blood by Automated count,9.6,fL,numeric
2024-08-25T00:47:24Z,46976cf7-b0bf-be20-39a5-9f425a52886d,46976cf7-b0bf-be20-e20b-846107d1bb3c,laboratory,2339-0,Glucose [Mass/volume] in Blood,99.9,mg/dL,numeric
2026-08-29T16:22:38Z,76b20010-c318-5754-8c85-983aa538522f,76b20010-c318-5754-535e-2ade0195581f,social-history,82810-3,Pregnancy status,Pregnant,,text
2024-08-25T00:47:24Z,46976cf7-b0bf-be20-39a5-9f425a52886d,46976cf7-b0bf-be20-e20b-846107d1bb3c,laboratory,6299-2,Urea nitrogen [Mass/volume] in Blood,12.7,mg/dL,numeric
2024-08-25T00:47:24Z,46976cf7-b0bf-be20-39a5-9f425a52886d,46976cf7-b0bf-be20-e20b-846107d1bb3c,laboratory,38483-4,Creatinine [Mass/volume] in Blood,1.1,mg/dL,numeric
2024-08-25T00:47:24Z,46976cf7-b0bf-be20-39a5-9f425a52886d,46976cf7-b0bf-be20-e20b-846107d1bb3c,laboratory,49765-1,Calcium [Mass/volume] in Blood,9.1,mg/dL,numeric
2024-08-25T00:47:24Z,46976cf7-b0bf-be20-39a5-9f425a52886d,46976cf7-b0bf-be20-e20b-846107d1bb3c,laboratory,2947-0,Sodium [Moles/volume] in Blood,136.2,mmol/L,numeric
2024-08-25T00:47:24Z,46976cf7-b0bf-be20-39a5-9f425a52886d,46976cf7-b0bf-be20-e20b-846107d1bb3c,laboratory,6298-4,Potassium [Moles/volume] in Blood,4.4,mmol/L,numeric
2024-08-25T00:47:24Z,46976cf7-b0bf-be20-39a5-9f425a52886d,46976cf7-b0bf-be20-e20b-846107d1bb3c,laboratory,2069-3,Chloride [Moles/volume] in Blood,102.2,mmol/L,numeric
2024-08-25T00:47:24Z,46976cf7-b0bf-be20-39a5-9f425a52886d,46976cf7-b0bf-be20-e20b-846107d1bb3c,laboratory,20565-8,Carbon dioxide  total [Moles/volume] in Blood,21.4,mmol/L,numeric
2024-08-25T00:47:24Z,46976cf7-b0bf-be20-39a5-9f425a52886d,46976cf7-b0bf-be20-e20b-846107d1bb3c,laboratory,6690-2,Leukocytes [#/volume] in Blood by Automated count,9.3,10*3/uL,numeric
2024-08-25T00:47:24Z,46976cf7-b0bf-be20-39a5-9f425a52886d,46976cf7-b0bf-be20-e20b-846107d1bb3c,laboratory,789-8,Erythrocytes [#/volume] in Blood by Automated count,4.8,10*6/uL,numeric
2024-08-25T00:47:24Z,46976cf7-b0bf-be20-39a5-9f425a52886d,46976cf7-b0bf-be20-e20b-846107d1bb3c,laboratory,718-7,Hemoglobin [Mass/volume] in Blood,17.0,g/dL,numeric
2024-08-25T00:47:24Z,46976cf7-b0bf-be20-39a5-9f425a52886d,46976cf7-b0bf-be20-e20b-846107d1bb3c,laboratory,4544-3,Hematocrit [Volume Fraction] of Blood by Automated count,48.5,%,numeric
2024-08-25T00:47:24Z,46976cf7-b0bf-be20-39a5-9f425a52886d,46976cf7-b0bf-be20-e20b-846107d1bb3c,laboratory,787-2,MCV [Entitic mean volume] in Red Blood Cells by Automated count,85.8,fL,numeric
2024-08-25T00:47:24Z,46976cf7-b0bf-be20-39a5-9f425a52886d,46976cf7-b0bf-be20-e20b-846107d1bb3c,laboratory,785-6,MCH [Entitic mass] by Automated count,30.3,pg,numeric
2024-08-25T00:47:24Z,46976cf7-b0bf-be20-39a5-9f425a52886d,46976cf7-b0bf-be20-e20b-846107d1bb3c,laboratory,786-4,MCHC [Entitic Mass/volume] in Red Blood Cells by Automated count,33.8,g/dL,numeric
2024-08-25T00:47:24Z,46976cf7-b0bf-be20-39a5-9f425a52886d,46976cf7-b0bf-be20-e20b-846107d1bb3c,laboratory,788-0,Erythrocyte [DistWidth] in Blood by Automated count,41.5,fL,numeric
2024-08-25T00:47:24Z,46976cf7-b0bf-be20-39a5-9f425a52886d,46976cf7-b0bf-be20-e20b-846107d1bb3c,laboratory,777-3,Platelets [#/volume] in Blood by Automated count,418.3,10*3/uL,numeric
2024-08-25T00:47:24Z,46976cf7-b0bf-be20-39a5-9f425a52886d,46976cf7-b0bf-be20-e20b-846107d1bb3c,laboratory,32207-3,Platelet distribution width [Entitic volume] in Blood by Automated count,328.1,fL,numeric
2024-08-25T00:47:24Z,46976cf7-b0bf-be20-39a5-9f425a52886d,46976cf7-b0bf-be20-e20b-846107d1bb3c,laboratory,32623-1,Platelet [Entitic mean volume] in Blood by Automated count,11.5,fL,numeric
2024-08-25T00:47:24Z,46976cf7-b0bf-be20-39a5-9f425a52886d,46976cf7-b0bf-be20-e20b-846107d1bb3c,social-history,72166-2,Tobacco smoking status,Ex-smoker (finding),,text
2024-08-25T01:33:46Z,46976cf7-b0bf-be20-39a5-9f425a52886d,46976cf7-b0bf-be20-e20b-846107d1bb3c,survey,76501-6,Within the last year  have you been afraid of your partner or ex-partner,No,,text
2024-08-25T01:33:46Z,46976cf7-b0bf-be20-39a5-9f425a52886d,46976cf7-b0bf-be20-e20b-846107d1bb3c,survey,93026-3,Do you feel physically and emotionally safe where you currently live [PRAPARE],No,,text
2024-08-25T01:33:46Z,46976cf7-b0bf-be20-39a5-9f425a52886d,46976cf7-b0bf-be20-e20b-846107d1bb3c,survey,93027-1,Are you a refugee,No,,text
2024-08-25T01:33:46Z,46976cf7-b0bf-be20-39a5-9f425a52886d,46976cf7-b0bf-be20-e20b-846107d1bb3c,survey,93028-9,Have you spent more than 2 nights in a row in a jail  prison  detention center  or juvenile correctional facility in past 1 year [PRAPARE],No,,text
2024-08-25T01:33:46Z,46976cf7-b0bf-be20-39a5-9f425a52886d,46976cf7-b0bf-be20-e20b-846107d1bb3c,survey,93038-8,Stress level,Not at all,,text
2024-08-25T01:33:46Z,46976cf7-b0bf-be20-39a5-9f425a52886d,46976cf7-b0bf-be20-e20b-846107d1bb3c,survey,93029-7,How often do you see or talk to people that you care about and feel close to [PRAPARE],1 or 2 times a week,,text
2024-08-25T01:33:46Z,46976cf7-b0bf-be20-39a5-9f425a52886d,46976cf7-b0bf-be20-e20b-846107d1bb3c,survey,93030-5,Has lack of transportation kept you from medical appointments  meetings  work  or from getting things needed for daily living,No,,text
2024-08-25T01:33:46Z,46976cf7-b0bf-be20-39a5-9f425a52886d,46976cf7-b0bf-be20-e20b-846107d1bb3c,survey,93031-3,Have you or any family members you live with been unable to get any of the following when it was really needed in past 1 year [PRAPARE],I choose not to answer this question,,text
2024-08-25T01:33:46Z,46976cf7-b0bf-be20-39a5-9f425a52886d,46976cf7-b0bf-be20-e20b-846107d1bb3c,survey,63586-2,What was your best estimate of the total income of all family members from all sources  before taxes  in last year [PhenX],26183,/a,text
2024-08-25T01:33:46Z,46976cf7-b0bf-be20-39a5-9f425a52886d,46976cf7-b0bf-be20-e20b-846107d1bb3c,survey,76437-3,Primary insurance,Private insurance,,text
2024-08-25T01:33:46Z,46976cf7-b0bf-be20-39a5-9f425a52886d,46976cf7-b0bf-be20-e20b-846107d1bb3c,survey,67875-5,Employment status - current,Unemployed,,text
2024-08-25T01:33:46Z,46976cf7-b0bf-be20-39a5-9f425a52886d,46976cf7-b0bf-be20-e20b-846107d1bb3c,survey,82589-3,Highest level of education,More than high school,,text
2024-08-25T01:33:46Z,46976cf7-b0bf-be20-39a5-9f425a52886d,46976cf7-b0bf-be20-e20b-846107d1bb3c,survey,56799-0,Address,794 Dicki Neck Unit 4,,text
2024-08-25T01:33:46Z,46976cf7-b0bf-be20-39a5-9f425a52886d,46976cf7-b0bf-be20-e20b-846107d1bb3c,survey,93033-9,Are you worried about losing your housing [PRAPARE],Yes,,text
2024-08-25T01:33:46Z,46976cf7-b0bf-be20-39a5-9f425a52886d,46976cf7-b0bf-be20-e20b-846107d1bb3c,survey,71802-3,Housing status,I have housing,,text
2024-08-25T01:33:46Z,46976cf7-b0bf-be20-39a5-9f425a52886d,46976cf7-b0bf-be20-e20b-846107d1bb3c,survey,63512-8,How many people are living or staying at this address [#],2.0,{#},numeric
2023-04-21T16:22:38Z,76b20010-c318-5754-8c85-983aa538522f,,,QALY,QALY,20.9,a,numeric
2024-08-25T01:33:46Z,46976cf7-b0bf-be20-39a5-9f425a52886d,46976cf7-b0bf-be20-e20b-846107d1bb3c,survey,54899-0,Preferred language,English,,text
2024-08-25T01:33:46Z,46976cf7-b0bf-be20-39a5-9f425a52886d,46976cf7-b0bf-be20-e20b-846107d1bb3c,survey,93034-7,Discharged from the U.S. Armed Forces,No,,text
2024-08-25T01:33:46Z,46976cf7-b0bf-be20-39a5-9f425a52886d,46976cf7-b0bf-be20-e20b-846107d1bb3c,survey,93035-4,Has season or migrant farm work been your or your family's main source of income at any point in past 2 years [PRAPARE],No,,text
2024-04-21T16:22:38Z,76b20010-c318-5754-8c85-983aa538522f,,,QALY,QALY,21.8,a,numeric
2024-08-25T01:33:46Z,46976cf7-b0bf-be20-39a5-9f425a52886d,46976cf7-b0bf-be20-e20b-846107d1bb3c,survey,32624-9,Race,Asian,,text
2024-08-25T01:33:46Z,46976cf7-b0bf-be20-39a5-9f425a52886d,46976cf7-b0bf-be20-e20b-846107d1bb3c,survey,56051-6,Hispanic or Latino,No,,text
2025-04-21T16:22:38Z,76b20010-c318-5754-8c85-983aa538522f,,,QALY,QALY,22.8,a,numeric
2024-08-25T02:16:23Z,46976cf7-b0bf-be20-39a5-9f425a52886d,46976cf7-b0bf-be20-e20b-846107d1bb3c,survey,76504-0,Total score [HARK],0.0,{score},numeric
2026-04-21T16:22:38Z,76b20010-c318-5754-8c85-983aa538522f,,,QALY,QALY,23.8,a,numeric
2024-08-25T02:56:12Z,46976cf7-b0bf-be20-39a5-9f425a52886d,46976cf7-b0bf-be20-e20b-846107d1bb3c,survey,55758-7,Patient Health Questionnaire 2 item (PHQ-2) total score [Reported],2.0,{score},numeric
2024-08-25T03:29:52Z,46976cf7-b0bf-be20-39a5-9f425a52886d,46976cf7-b0bf-be20-e20b-846107d1bb3c,survey,75626-2,Total score [AUDIT-C],0.0,{score},numeric
2023-04-21T16:22:38Z,76b20010-c318-5754-8c85-983aa538522f,,,DALY,DALY,0.1,a,numeric
2024-04-21T16:22:38Z,76b20010-c318-5754-8c85-983aa538522f,,,DALY,DALY,0.2,a,numeric
2025-04-21T16:22:38Z,76b20010-c318-5754-8c85-983aa538522f,,,DALY,DALY,0.2,a,numeric
2026-04-21T16:22:38Z,76b20010-c318-5754-8c85-983aa538522f,,,DALY,DALY,0.2,a,numeric
2023-04-21T16:22:38Z,76b20010-c318-5754-8c85-983aa538522f,,,QOLS,QOLS,1.0,{score},numeric
2024-04-21T16:22:38Z,76b20010-c318-5754-8c85-983aa538522f,,,QOLS,QOLS,1.0,{score},numeric
2025-04-21T16:22:38Z,76b20010-c318-5754-8c85-983aa538522f,,,QOLS,QOLS,1.0,{score},numeric
2026-04-21T16:22:38Z,76b20010-c318-5754-8c85-983aa538522f,,,QOLS,QOLS,1.0,{score},numeric
2025-08-31T00:47:24Z,46976cf7-b0bf-be20-39a5-9f425a52886d,46976cf7-b0bf-be20-e16b-e2b944724e5b,laboratory,4548-4,Hemoglobin A1c/Hemoglobin.total in Blood,6.3,%,numeric
2025-08-31T00:47:24Z,46976cf7-b0bf-be20-39a5-9f425a52886d,46976cf7-b0bf-be20-e16b-e2b944724e5b,vital-signs,8302-2,Body Height,152.6,cm,numeric
2025-08-31T00:47:24Z,46976cf7-b0bf-be20-39a5-9f425a52886d,46976cf7-b0bf-be20-e16b-e2b944724e5b,vital-signs,72514-3,Pain severity - 0-10 verbal numeric rating [Score] - Reported,1.0,{score},numeric
2025-08-31T00:47:24Z,46976cf7-b0bf-be20-39a5-9f425a52886d,46976cf7-b0bf-be20-e16b-e2b944724e5b,vital-signs,29463-7,Body Weight,63.9,kg,numeric
2025-08-31T00:47:24Z,46976cf7-b0bf-be20-39a5-9f425a52886d,46976cf7-b0bf-be20-e16b-e2b944724e5b,vital-signs,39156-5,Body mass index (BMI) [Ratio],27.4,kg/m2,numeric
2025-08-31T00:47:24Z,46976cf7-b0bf-be20-39a5-9f425a52886d,46976cf7-b0bf-be20-e16b-e2b944724e5b,vital-signs,8462-4,Diastolic Blood Pressure,77.0,mm[Hg],numeric
2025-08-31T00:47:24Z,46976cf7-b0bf-be20-39a5-9f425a52886d,46976cf7-b0bf-be20-e16b-e2b944724e5b,vital-signs,8480-6,Systolic Blood Pressure,156.0,mm[Hg],numeric
2025-08-31T00:47:24Z,46976cf7-b0bf-be20-39a5-9f425a52886d,46976cf7-b0bf-be20-e16b-e2b944724e5b,vital-signs,8867-4,Heart rate,61.0,/min,numeric
2025-08-31T00:47:24Z,46976cf7-b0bf-be20-39a5-9f425a52886d,46976cf7-b0bf-be20-e16b-e2b944724e5b,vital-signs,9279-1,Respiratory rate,13.0,/min,numeric
2025-08-31T00:47:24Z,46976cf7-b0bf-be20-39a5-9f425a52886d,46976cf7-b0bf-be20-e16b-e2b944724e5b,laboratory,2339-0,Glucose [Mass/volume] in Blood,91.7,mg/dL,numeric
2025-08-31T00:47:24Z,46976cf7-b0bf-be20-39a5-9f425a52886d,46976cf7-b0bf-be20-e16b-e2b944724e5b,laboratory,6299-2,Urea nitrogen [Mass/volume] in Blood,14.7,mg/dL,numeric
2025-08-31T00:47:24Z,46976cf7-b0bf-be20-39a5-9f425a52886d,46976cf7-b0bf-be20-e16b-e2b944724e5b,laboratory,38483-4,Creatinine [Mass/volume] in Blood,0.8,mg/dL,numeric
2025-08-31T00:47:24Z,46976cf7-b0bf-be20-39a5-9f425a52886d,46976cf7-b0bf-be20-e16b-e2b944724e5b,laboratory,49765-1,Calcium [Mass/volume] in Blood,10.0,mg/dL,numeric
2025-08-31T00:47:24Z,46976cf7-b0bf-be20-39a5-9f425a52886d,46976cf7-b0bf-be20-e16b-e2b944724e5b,laboratory,2947-0,Sodium [Moles/volume] in Blood,138.4,mmol/L,numeric
2025-08-31T00:47:24Z,46976cf7-b0bf-be20-39a5-9f425a52886d,46976cf7-b0bf-be20-e16b-e2b944724e5b,laboratory,6298-4,Potassium [Moles/volume] in Blood,3.8,mmol/L,numeric
2025-08-31T00:47:24Z,46976cf7-b0bf-be20-39a5-9f425a52886d,46976cf7-b0bf-be20-e16b-e2b944724e5b,laboratory,2069-3,Chloride [Moles/volume] in Blood,101.2,mmol/L,numeric
2025-08-31T00:47:24Z,46976cf7-b0bf-be20-39a5-9f425a52886d,46976cf7-b0bf-be20-e16b-e2b944724e5b,laboratory,20565-8,Carbon dioxide  total [Moles/volume] in Blood,28.9,mmol/L,numeric
2025-08-31T00:47:24Z,46976cf7-b0bf-be20-39a5-9f425a52886d,46976cf7-b0bf-be20-e16b-e2b944724e5b,social-history,72166-2,Tobacco smoking status,Ex-smoker (finding),,text
2025-08-31T01:32:08Z,46976cf7-b0bf-be20-39a5-9f425a52886d,46976cf7-b0bf-be20-e16b-e2b944724e5b,survey,76501-6,Within the last year  have you been afraid of your partner or ex-partner,No,,text
2025-08-31T01:32:08Z,46976cf7-b0bf-be20-39a5-9f425a52886d,46976cf7-b0bf-be20-e16b-e2b944724e5b,survey,93026-3,Do you feel physically and emotionally safe where you currently live [PRAPARE],Yes,,text
2025-08-31T01:32:08Z,46976cf7-b0bf-be20-39a5-9f425a52886d,46976cf7-b0bf-be20-e16b-e2b944724e5b,survey,93027-1,Are you a refugee,No,,text
2025-08-31T01:32:08Z,46976cf7-b0bf-be20-39a5-9f425a52886d,46976cf7-b0bf-be20-e16b-e2b944724e5b,survey,93028-9,Have you spent more than 2 nights in a row in a jail  prison  detention center  or juvenile correctional facility in past 1 year [PRAPARE],No,,text
2025-08-31T01:32:08Z,46976cf7-b0bf-be20-39a5-9f425a52886d,46976cf7-b0bf-be20-e16b-e2b944724e5b,survey,93038-8,Stress level,A little bit,,text
2025-08-31T01:32:08Z,46976cf7-b0bf-be20-39a5-9f425a52886d,46976cf7-b0bf-be20-e16b-e2b944724e5b,survey,93029-7,How often do you see or talk to people that you care about and feel close to [PRAPARE],5 or more times a week,,text
2025-08-31T01:32:08Z,46976cf7-b0bf-be20-39a5-9f425a52886d,46976cf7-b0bf-be20-e16b-e2b944724e5b,survey,93030-5,Has lack of transportation kept you from medical appointments  meetings  work  or from getting things needed for daily living,No,,text
2025-08-31T01:32:08Z,46976cf7-b0bf-be20-39a5-9f425a52886d,46976cf7-b0bf-be20-e16b-e2b944724e5b,survey,93031-3,Have you or any family members you live with been unable to get any of the following when it was really needed in past 1 year [PRAPARE],Utilities,,text
2025-08-31T01:32:08Z,46976cf7-b0bf-be20-39a5-9f425a52886d,46976cf7-b0bf-be20-e16b-e2b944724e5b,survey,63586-2,What was your best estimate of the total income of all family members from all sources  before taxes  in last year [PhenX],26183,/a,text
2025-08-31T01:32:08Z,46976cf7-b0bf-be20-39a5-9f425a52886d,46976cf7-b0bf-be20-e16b-e2b944724e5b,survey,76437-3,Primary insurance,Private insurance,,text
2025-08-31T01:32:08Z,46976cf7-b0bf-be20-39a5-9f425a52886d,46976cf7-b0bf-be20-e16b-e2b944724e5b,survey,67875-5,Employment status - current,Full-time work,,text
2025-08-31T01:32:08Z,46976cf7-b0bf-be20-39a5-9f425a52886d,46976cf7-b0bf-be20-e16b-e2b944724e5b,survey,82589-3,Highest level of education,More than high school,,text
2025-08-31T01:32:08Z,46976cf7-b0bf-be20-39a5-9f425a52886d,46976cf7-b0bf-be20-e16b-e2b944724e5b,survey,56799-0,Address,794 Dicki Neck Unit 4,,text
2025-08-31T01:32:08Z,46976cf7-b0bf-be20-39a5-9f425a52886d,46976cf7-b0bf-be20-e16b-e2b944724e5b,survey,93033-9,Are you worried about losing your housing [PRAPARE],Yes,,text
2025-08-31T01:32:08Z,46976cf7-b0bf-be20-39a5-9f425a52886d,46976cf7-b0bf-be20-e16b-e2b944724e5b,survey,71802-3,Housing status,I have housing,,text
2025-08-31T01:32:08Z,46976cf7-b0bf-be20-39a5-9f425a52886d,46976cf7-b0bf-be20-e16b-e2b944724e5b,survey,63512-8,How many people are living or staying at this address [#],2.0,{#},numeric
2025-08-31T01:32:08Z,46976cf7-b0bf-be20-39a5-9f425a52886d,46976cf7-b0bf-be20-e16b-e2b944724e5b,survey,54899-0,Preferred language,English,,text
2025-08-31T01:32:08Z,46976cf7-b0bf-be20-39a5-9f425a52886d,46976cf7-b0bf-be20-e16b-e2b944724e5b,survey,93034-7,Discharged from the U.S. Armed Forces,No,,text
2025-08-31T01:32:08Z,46976cf7-b0bf-be20-39a5-9f425a52886d,46976cf7-b0bf-be20-e16b-e2b944724e5b,survey,93035-4,Has season or migrant farm work been your or your family's main source of income at any point in past 2 years [PRAPARE],No,,text
2025-08-31T01:32:08Z,46976cf7-b0bf-be20-39a5-9f425a52886d,46976cf7-b0bf-be20-e16b-e2b944724e5b,survey,32624-9,Race,Asian,,text
2025-08-31T01:32:08Z,46976cf7-b0bf-be20-39a5-9f425a52886d,46976cf7-b0bf-be20-e16b-e2b944724e5b,survey,56051-6,Hispanic or Latino,No,,text
2025-08-31T01:58:04Z,46976cf7-b0bf-be20-39a5-9f425a52886d,46976cf7-b0bf-be20-e16b-e2b944724e5b,survey,70274-6,Generalized anxiety disorder 7 item (GAD-7) total score [Reported.PHQ],8.0,{score},numeric
2025-08-31T02:36:55Z,46976cf7-b0bf-be20-39a5-9f425a52886d,46976cf7-b0bf-be20-e16b-e2b944724e5b,survey,55758-7,Patient Health Questionnaire 2 item (PHQ-2) total score [Reported],2.0,{score},numeric
2026-09-06T00:47:24Z,46976cf7-b0bf-be20-39a5-9f425a52886d,46976cf7-b0bf-be20-64a0-0c2a910cc846,laboratory,4548-4,Hemoglobin A1c/Hemoglobin.total in Blood,6.2,%,numeric
2026-09-06T00:47:24Z,46976cf7-b0bf-be20-39a5-9f425a52886d,46976cf7-b0bf-be20-64a0-0c2a910cc846,vital-signs,8302-2,Body Height,152.6,cm,numeric
2026-09-06T00:47:24Z,46976cf7-b0bf-be20-39a5-9f425a52886d,46976cf7-b0bf-be20-64a0-0c2a910cc846,vital-signs,72514-3,Pain severity - 0-10 verbal numeric rating [Score] - Reported,2.0,{score},numeric
2026-09-06T00:47:24Z,46976cf7-b0bf-be20-39a5-9f425a52886d,46976cf7-b0bf-be20-64a0-0c2a910cc846,vital-signs,29463-7,Body Weight,63.9,kg,numeric
2026-09-06T00:47:24Z,46976cf7-b0bf-be20-39a5-9f425a52886d,46976cf7-b0bf-be20-64a0-0c2a910cc846,vital-signs,39156-5,Body mass index (BMI) [Ratio],27.4,kg/m2,numeric
2026-09-06T00:47:24Z,46976cf7-b0bf-be20-39a5-9f425a52886d,46976cf7-b0bf-be20-64a0-0c2a910cc846,vital-signs,8462-4,Diastolic Blood Pressure,73.0,mm[Hg],numeric
2026-09-06T00:47:24Z,46976cf7-b0bf-be20-39a5-9f425a52886d,46976cf7-b0bf-be20-64a0-0c2a910cc846,vital-signs,8480-6,Systolic Blood Pressure,140.0,mm[Hg],numeric
2026-09-06T00:47:24Z,46976cf7-b0bf-be20-39a5-9f425a52886d,46976cf7-b0bf-be20-64a0-0c2a910cc846,vital-signs,8867-4,Heart rate,78.0,/min,numeric
2026-09-06T00:47:24Z,46976cf7-b0bf-be20-39a5-9f425a52886d,46976cf7-b0bf-be20-64a0-0c2a910cc846,vital-signs,9279-1,Respiratory rate,15.0,/min,numeric
2026-09-06T00:47:24Z,46976cf7-b0bf-be20-39a5-9f425a52886d,46976cf7-b0bf-be20-64a0-0c2a910cc846,laboratory,2339-0,Glucose [Mass/volume] in Blood,91.1,mg/dL,numeric
2026-09-06T00:47:24Z,46976cf7-b0bf-be20-39a5-9f425a52886d,46976cf7-b0bf-be20-64a0-0c2a910cc846,laboratory,6299-2,Urea nitrogen [Mass/volume] in Blood,19.6,mg/dL,numeric
2026-09-06T00:47:24Z,46976cf7-b0bf-be20-39a5-9f425a52886d,46976cf7-b0bf-be20-64a0-0c2a910cc846,laboratory,38483-4,Creatinine [Mass/volume] in Blood,1.3,mg/dL,numeric
2026-09-06T00:47:24Z,46976cf7-b0bf-be20-39a5-9f425a52886d,46976cf7-b0bf-be20-64a0-0c2a910cc846,laboratory,49765-1,Calcium [Mass/volume] in Blood,8.7,mg/dL,numeric
2026-09-06T00:47:24Z,46976cf7-b0bf-be20-39a5-9f425a52886d,46976cf7-b0bf-be20-64a0-0c2a910cc846,laboratory,2947-0,Sodium [Moles/volume] in Blood,136.9,mmol/L,numeric
2026-09-06T00:47:24Z,46976cf7-b0bf-be20-39a5-9f425a52886d,46976cf7-b0bf-be20-64a0-0c2a910cc846,laboratory,6298-4,Potassium [Moles/volume] in Blood,4.3,mmol/L,numeric
2026-09-06T00:47:24Z,46976cf7-b0bf-be20-39a5-9f425a52886d,46976cf7-b0bf-be20-64a0-0c2a910cc846,laboratory,2069-3,Chloride [Moles/volume] in Blood,105.2,mmol/L,numeric
2026-09-06T00:47:24Z,46976cf7-b0bf-be20-39a5-9f425a52886d,46976cf7-b0bf-be20-64a0-0c2a910cc846,laboratory,20565-8,Carbon dioxide  total [Moles/volume] in Blood,22.9,mmol/L,numeric
2026-09-06T00:47:24Z,46976cf7-b0bf-be20-39a5-9f425a52886d,46976cf7-b0bf-be20-64a0-0c2a910cc846,laboratory,2093-3,Cholesterol [Mass/volume] in Serum or Plasma,177.8,mg/dL,numeric
2026-09-06T00:47:24Z,46976cf7-b0bf-be20-39a5-9f425a52886d,46976cf7-b0bf-be20-64a0-0c2a910cc846,laboratory,2571-8,Triglyceride [Mass/volume] in Serum or Plasma,124.8,mg/dL,numeric
2026-09-06T00:47:24Z,46976cf7-b0bf-be20-39a5-9f425a52886d,46976cf7-b0bf-be20-64a0-0c2a910cc846,laboratory,18262-6,Cholesterol in LDL [Mass/volume] in Serum or Plasma by Direct assay,108.4,mg/dL,numeric
2026-09-06T00:47:24Z,46976cf7-b0bf-be20-39a5-9f425a52886d,46976cf7-b0bf-be20-64a0-0c2a910cc846,laboratory,2085-9,Cholesterol in HDL [Mass/volume] in Serum or Plasma,44.5,mg/dL,numeric
2026-09-06T00:47:24Z,46976cf7-b0bf-be20-39a5-9f425a52886d,46976cf7-b0bf-be20-64a0-0c2a910cc846,social-history,72166-2,Tobacco smoking status,Ex-smoker (finding),,text
2026-09-06T01:41:58Z,46976cf7-b0bf-be20-39a5-9f425a52886d,46976cf7-b0bf-be20-64a0-0c2a910cc846,survey,76501-6,Within the last year  have you been afraid of your partner or ex-partner,No,,text
2026-09-06T01:41:58Z,46976cf7-b0bf-be20-39a5-9f425a52886d,46976cf7-b0bf-be20-64a0-0c2a910cc846,survey,93026-3,Do you feel physically and emotionally safe where you currently live [PRAPARE],Yes,,text
2026-09-06T01:41:58Z,46976cf7-b0bf-be20-39a5-9f425a52886d,46976cf7-b0bf-be20-64a0-0c2a910cc846,survey,93027-1,Are you a refugee,No,,text
2026-09-06T01:41:58Z,46976cf7-b0bf-be20-39a5-9f425a52886d,46976cf7-b0bf-be20-64a0-0c2a910cc846,survey,93028-9,Have you spent more than 2 nights in a row in a jail  prison  detention center  or juvenile correctional facility in past 1 year [PRAPARE],No,,text
2026-09-06T01:41:58Z,46976cf7-b0bf-be20-39a5-9f425a52886d,46976cf7-b0bf-be20-64a0-0c2a910cc846,survey,93038-8,Stress level,Not at all,,text
2026-09-06T01:41:58Z,46976cf7-b0bf-be20-39a5-9f425a52886d,46976cf7-b0bf-be20-64a0-0c2a910cc846,survey,93029-7,How often do you see or talk to people that you care about and feel close to [PRAPARE],1 or 2 times a week,,text
2026-09-06T01:41:58Z,46976cf7-b0bf-be20-39a5-9f425a52886d,46976cf7-b0bf-be20-64a0-0c2a910cc846,survey,93030-5,Has lack of transportation kept you from medical appointments  meetings  work  or from getting things needed for daily living,No,,text
2026-09-06T01:41:58Z,46976cf7-b0bf-be20-39a5-9f425a52886d,46976cf7-b0bf-be20-64a0-0c2a910cc846,survey,93031-3,Have you or any family members you live with been unable to get any of the following when it was really needed in past 1 year [PRAPARE],I choose not to answer this question,,text
2026-09-06T01:41:58Z,46976cf7-b0bf-be20-39a5-9f425a52886d,46976cf7-b0bf-be20-64a0-0c2a910cc846,survey,63586-2,What was your best estimate of the total income of all family members from all sources  before taxes  in last year [PhenX],26183,/a,text
2026-09-06T01:41:58Z,46976cf7-b0bf-be20-39a5-9f425a52886d,46976cf7-b0bf-be20-64a0-0c2a910cc846,survey,76437-3,Primary insurance,Private insurance,,text
2026-09-06T01:41:58Z,46976cf7-b0bf-be20-39a5-9f425a52886d,46976cf7-b0bf-be20-64a0-0c2a910cc846,survey,67875-5,Employment status - current,Full-time work,,text
2026-09-06T01:41:58Z,46976cf7-b0bf-be20-39a5-9f425a52886d,46976cf7-b0bf-be20-64a0-0c2a910cc846,survey,82589-3,Highest level of education,More than high school,,text
2026-09-06T01:41:58Z,46976cf7-b0bf-be20-39a5-9f425a52886d,46976cf7-b0bf-be20-64a0-0c2a910cc846,survey,56799-0,Address,794 Dicki Neck Unit 4,,text
2026-09-06T01:41:58Z,46976cf7-b0bf-be20-39a5-9f425a52886d,46976cf7-b0bf-be20-64a0-0c2a910cc846,survey,93033-9,Are you worried about losing your housing [PRAPARE],Yes,,text
2026-09-06T01:41:58Z,46976cf7-b0bf-be20-39a5-9f425a52886d,46976cf7-b0bf-be20-64a0-0c2a910cc846,survey,71802-3,Housing status,I have housing,,text
2026-09-06T01:41:58Z,46976cf7-b0bf-be20-39a5-9f425a52886d,46976cf7-b0bf-be20-64a0-0c2a910cc846,survey,63512-8,How many people are living or staying at this address [#],2.0,{#},numeric
2026-09-06T01:41:58Z,46976cf7-b0bf-be20-39a5-9f425a52886d,46976cf7-b0bf-be20-64a0-0c2a910cc846,survey,54899-0,Preferred language,English,,text
2026-09-06T01:41:58Z,46976cf7-b0bf-be20-39a5-9f425a52886d,46976cf7-b0bf-be20-64a0-0c2a910cc846,survey,93034-7,Discharged from the U.S. Armed Forces,No,,text
2026-09-06T01:41:58Z,46976cf7-b0bf-be20-39a5-9f425a52886d,46976cf7-b0bf-be20-64a0-0c2a910cc846,survey,93035-4,Has season or migrant farm work been your or your family's main source of income at any point in past 2 years [PRAPARE],No,,text
2026-09-06T01:41:58Z,46976cf7-b0bf-be20-39a5-9f425a52886d,46976cf7-b0bf-be20-64a0-0c2a910cc846,survey,32624-9,Race,Asian,,text
2026-09-06T01:41:58Z,46976cf7-b0bf-be20-39a5-9f425a52886d,46976cf7-b0bf-be20-64a0-0c2a910cc846,survey,56051-6,Hispanic or Latino,No,,text
2026-09-06T02:08:50Z,46976cf7-b0bf-be20-39a5-9f425a52886d,46976cf7-b0bf-be20-64a0-0c2a910cc846,survey,70274-6,Generalized anxiety disorder 7 item (GAD-7) total score [Reported.PHQ],4.0,{score},numeric
2026-09-06T02:44:16Z,46976cf7-b0bf-be20-39a5-9f425a52886d,46976cf7-b0bf-be20-64a0-0c2a910cc846,survey,55758-7,Patient Health Questionnaire 2 item (PHQ-2) total score [Reported],1.0,{score},numeric
2023-12-21T00:47:24Z,46976cf7-b0bf-be20-39a5-9f425a52886d,,,QALY,QALY,35.6,a,numeric
2024-12-21T00:47:24Z,46976cf7-b0bf-be20-39a5-9f425a52886d,,,QALY,QALY,36.5,a,numeric
2025-12-21T00:47:24Z,46976cf7-b0bf-be20-39a5-9f425a52886d,,,QALY,QALY,37.5,a,numeric
2023-12-21T00:47:24Z,46976cf7-b0bf-be20-39a5-9f425a52886d,,,DALY,DALY,0.4,a,numeric
2024-12-21T00:47:24Z,46976cf7-b0bf-be20-39a5-9f425a52886d,,,DALY,DALY,0.5,a,numeric
2025-12-21T00:47:24Z,46976cf7-b0bf-be20-39a5-9f425a52886d,,,DALY,DALY,0.5,a,numeric
2023-12-21T00:47:24Z,46976cf7-b0bf-be20-39a5-9f425a52886d,,,QOLS,QOLS,1.0,{score},numeric
2024-12-21T00:47:24Z,46976cf7-b0bf-be20-39a5-9f425a52886d,,,QOLS,QOLS,1.0,{score},numeric
2025-12-21T00:47:24Z,46976cf7-b0bf-be20-39a5-9f425a52886d,,,QOLS,QOLS,1.0,{score},numeric
2024-01-01T22:30:59Z,ba419d35-0dfe-8af7-347c-eebf02485a56,ba419d35-0dfe-8af7-60df-98d56b815daf,laboratory,4548-4,Hemoglobin A1c/Hemoglobin.total in Blood,6.1,%,numeric
2024-01-01T22:30:59Z,ba419d35-0dfe-8af7-347c-eebf02485a56,ba419d35-0dfe-8af7-60df-98d56b815daf,vital-signs,8302-2,Body Height,159.6,cm,numeric
2024-01-01T22:30:59Z,ba419d35-0dfe-8af7-347c-eebf02485a56,ba419d35-0dfe-8af7-60df-98d56b815daf,vital-signs,72514-3,Pain severity - 0-10 verbal numeric rating [Score] - Reported,2.0,{score},numeric
2024-01-01T22:30:59Z,ba419d35-0dfe-8af7-347c-eebf02485a56,ba419d35-0dfe-8af7-60df-98d56b815daf,vital-signs,29463-7,Body Weight,73.5,kg,numeric
2024-01-01T22:30:59Z,ba419d35-0dfe-8af7-347c-eebf02485a56,ba419d35-0dfe-8af7-60df-98d56b815daf,vital-signs,39156-5,Body mass index (BMI) [Ratio],28.9,kg/m2,numeric
2024-01-01T22:30:59Z,ba419d35-0dfe-8af7-347c-eebf02485a56,ba419d35-0dfe-8af7-60df-98d56b815daf,vital-signs,8462-4,Diastolic Blood Pressure,79.0,mm[Hg],numeric
2024-01-01T22:30:59Z,ba419d35-0dfe-8af7-347c-eebf02485a56,ba419d35-0dfe-8af7-60df-98d56b815daf,vital-signs,8480-6,Systolic Blood Pressure,98.0,mm[Hg],numeric
2024-01-01T22:30:59Z,ba419d35-0dfe-8af7-347c-eebf02485a56,ba419d35-0dfe-8af7-60df-98d56b815daf,vital-signs,8867-4,Heart rate,94.0,/min,numeric
2024-01-01T22:30:59Z,ba419d35-0dfe-8af7-347c-eebf02485a56,ba419d35-0dfe-8af7-60df-98d56b815daf,vital-signs,9279-1,Respiratory rate,14.0,/min,numeric
2024-01-01T22:30:59Z,ba419d35-0dfe-8af7-347c-eebf02485a56,ba419d35-0dfe-8af7-60df-98d56b815daf,laboratory,2339-0,Glucose [Mass/volume] in Blood,75.0,mg/dL,numeric
2024-01-01T22:30:59Z,ba419d35-0dfe-8af7-347c-eebf02485a56,ba419d35-0dfe-8af7-60df-98d56b815daf,laboratory,6299-2,Urea nitrogen [Mass/volume] in Blood,10.4,mg/dL,numeric
2024-01-01T22:30:59Z,ba419d35-0dfe-8af7-347c-eebf02485a56,ba419d35-0dfe-8af7-60df-98d56b815daf,laboratory,38483-4,Creatinine [Mass/volume] in Blood,0.9,mg/dL,numeric
2024-01-01T22:30:59Z,ba419d35-0dfe-8af7-347c-eebf02485a56,ba419d35-0dfe-8af7-60df-98d56b815daf,laboratory,49765-1,Calcium [Mass/volume] in Blood,9.0,mg/dL,numeric
2024-01-01T22:30:59Z,ba419d35-0dfe-8af7-347c-eebf02485a56,ba419d35-0dfe-8af7-60df-98d56b815daf,laboratory,2947-0,Sodium [Moles/volume] in Blood,140.2,mmol/L,numeric
2024-01-01T22:30:59Z,ba419d35-0dfe-8af7-347c-eebf02485a56,ba419d35-0dfe-8af7-60df-98d56b815daf,laboratory,6298-4,Potassium [Moles/volume] in Blood,3.8,mmol/L,numeric
2024-01-01T22:30:59Z,ba419d35-0dfe-8af7-347c-eebf02485a56,ba419d35-0dfe-8af7-60df-98d56b815daf,laboratory,2069-3,Chloride [Moles/volume] in Blood,102.8,mmol/L,numeric
2024-01-01T22:30:59Z,ba419d35-0dfe-8af7-347c-eebf02485a56,ba419d35-0dfe-8af7-60df-98d56b815daf,laboratory,20565-8,Carbon dioxide  total [Moles/volume] in Blood,21.5,mmol/L,numeric
2024-01-01T22:30:59Z,ba419d35-0dfe-8af7-347c-eebf02485a56,ba419d35-0dfe-8af7-60df-98d56b815daf,laboratory,6690-2,Leukocytes [#/volume] in Blood by Automated count,4.7,10*3/uL,numeric
2024-01-01T22:30:59Z,ba419d35-0dfe-8af7-347c-eebf02485a56,ba419d35-0dfe-8af7-60df-98d56b815daf,laboratory,789-8,Erythrocytes [#/volume] in Blood by Automated count,5.4,10*6/uL,numeric
2024-01-01T22:30:59Z,ba419d35-0dfe-8af7-347c-eebf02485a56,ba419d35-0dfe-8af7-60df-98d56b815daf,laboratory,718-7,Hemoglobin [Mass/volume] in Blood,15.8,g/dL,numeric
2024-01-01T22:30:59Z,ba419d35-0dfe-8af7-347c-eebf02485a56,ba419d35-0dfe-8af7-60df-98d56b815daf,laboratory,4544-3,Hematocrit [Volume Fraction] of Blood by Automated count,41.7,%,numeric
2024-01-01T22:30:59Z,ba419d35-0dfe-8af7-347c-eebf02485a56,ba419d35-0dfe-8af7-60df-98d56b815daf,laboratory,787-2,MCV [Entitic mean volume] in Red Blood Cells by Automated count,86.1,fL,numeric
2024-01-01T22:30:59Z,ba419d35-0dfe-8af7-347c-eebf02485a56,ba419d35-0dfe-8af7-60df-98d56b815daf,laboratory,785-6,MCH [Entitic mass] by Automated count,32.9,pg,numeric
2024-01-01T22:30:59Z,ba419d35-0dfe-8af7-347c-eebf02485a56,ba419d35-0dfe-8af7-60df-98d56b815daf,laboratory,786-4,MCHC [Entitic Mass/volume] in Red Blood Cells by Automated count,35.6,g/dL,numeric
2024-01-01T22:30:59Z,ba419d35-0dfe-8af7-347c-eebf02485a56,ba419d35-0dfe-8af7-60df-98d56b815daf,laboratory,788-0,Erythrocyte [DistWidth] in Blood by Automated count,39.2,fL,numeric
2024-01-01T22:30:59Z,ba419d35-0dfe-8af7-347c-eebf02485a56,ba419d35-0dfe-8af7-60df-98d56b815daf,laboratory,777-3,Platelets [#/volume] in Blood by Automated count,359.7,10*3/uL,numeric
2024-01-01T22:30:59Z,ba419d35-0dfe-8af7-347c-eebf02485a56,ba419d35-0dfe-8af7-60df-98d56b815daf,laboratory,32207-3,Platelet distribution width [Entitic volume] in Blood by Automated count,311.8,fL,numeric
2024-01-01T22:30:59Z,ba419d35-0dfe-8af7-347c-eebf02485a56,ba419d35-0dfe-8af7-60df-98d56b815daf,laboratory,32623-1,Platelet [Entitic mean volume] in Blood by Automated count,10.8,fL,numeric
2024-01-01T22:30:59Z,ba419d35-0dfe-8af7-347c-eebf02485a56,ba419d35-0dfe-8af7-60df-98d56b815daf,social-history,72166-2,Tobacco smoking status,Never smoked tobacco (finding),,text
2024-01-01T23:19:08Z,ba419d35-0dfe-8af7-347c-eebf02485a56,ba419d35-0dfe-8af7-60df-98d56b815daf,survey,76501-6,Within the last year  have you been afraid of your partner or ex-partner,No,,text
2024-01-01T23:19:08Z,ba419d35-0dfe-8af7-347c-eebf02485a56,ba419d35-0dfe-8af7-60df-98d56b815daf,survey,93026-3,Do you feel physically and emotionally safe where you currently live [PRAPARE],Yes,,text
2024-01-01T23:19:08Z,ba419d35-0dfe-8af7-347c-eebf02485a56,ba419d35-0dfe-8af7-60df-98d56b815daf,survey,93027-1,Are you a refugee,No,,text
2024-01-01T23:19:08Z,ba419d35-0dfe-8af7-347c-eebf02485a56,ba419d35-0dfe-8af7-60df-98d56b815daf,survey,93028-9,Have you spent more than 2 nights in a row in a jail  prison  detention center  or juvenile correctional facility in past 1 year [PRAPARE],No,,text
2024-01-01T23:19:08Z,ba419d35-0dfe-8af7-347c-eebf02485a56,ba419d35-0dfe-8af7-60df-98d56b815daf,survey,93038-8,Stress level,A little bit,,text
2024-01-01T23:19:08Z,ba419d35-0dfe-8af7-347c-eebf02485a56,ba419d35-0dfe-8af7-60df-98d56b815daf,survey,93029-7,How often do you see or talk to people that you care about and feel close to [PRAPARE],5 or more times a week,,text
2024-01-01T23:19:08Z,ba419d35-0dfe-8af7-347c-eebf02485a56,ba419d35-0dfe-8af7-60df-98d56b815daf,survey,93030-5,Has lack of transportation kept you from medical appointments  meetings  work  or from getting things needed for daily living,No,,text
2024-01-01T23:19:08Z,ba419d35-0dfe-8af7-347c-eebf02485a56,ba419d35-0dfe-8af7-60df-98d56b815daf,survey,93031-3,Have you or any family members you live with been unable to get any of the following when it was really needed in past 1 year [PRAPARE],I choose not to answer this question,,text
2024-01-01T23:19:08Z,ba419d35-0dfe-8af7-347c-eebf02485a56,ba419d35-0dfe-8af7-60df-98d56b815daf,survey,63586-2,What was your best estimate of the total income of all family members from all sources  before taxes  in last year [PhenX],119733,/a,text
2024-01-01T23:19:08Z,ba419d35-0dfe-8af7-347c-eebf02485a56,ba419d35-0dfe-8af7-60df-98d56b815daf,survey,76437-3,Primary insurance,Medicare,,text
2024-01-01T23:19:08Z,ba419d35-0dfe-8af7-347c-eebf02485a56,ba419d35-0dfe-8af7-60df-98d56b815daf,survey,67875-5,Employment status - current,Full-time work,,text
2024-01-01T23:19:08Z,ba419d35-0dfe-8af7-347c-eebf02485a56,ba419d35-0dfe-8af7-60df-98d56b815daf,survey,82589-3,Highest level of education,More than high school,,text
2024-01-01T23:19:08Z,ba419d35-0dfe-8af7-347c-eebf02485a56,ba419d35-0dfe-8af7-60df-98d56b815daf,survey,56799-0,Address,1028 Hoeger Crossroad,,text
2024-01-01T23:19:08Z,ba419d35-0dfe-8af7-347c-eebf02485a56,ba419d35-0dfe-8af7-60df-98d56b815daf,survey,93033-9,Are you worried about losing your housing [PRAPARE],No,,text
2024-01-01T23:19:08Z,ba419d35-0dfe-8af7-347c-eebf02485a56,ba419d35-0dfe-8af7-60df-98d56b815daf,survey,71802-3,Housing status,I have housing,,text
2024-01-01T23:19:08Z,ba419d35-0dfe-8af7-347c-eebf02485a56,ba419d35-0dfe-8af7-60df-98d56b815daf,survey,63512-8,How many people are living or staying at this address [#],2.0,{#},numeric
2024-01-01T23:19:08Z,ba419d35-0dfe-8af7-347c-eebf02485a56,ba419d35-0dfe-8af7-60df-98d56b815daf,survey,54899-0,Preferred language,English,,text
2024-01-01T23:19:08Z,ba419d35-0dfe-8af7-347c-eebf02485a56,ba419d35-0dfe-8af7-60df-98d56b815daf,survey,93034-7,Discharged from the U.S. Armed Forces,No,,text
2024-01-01T23:19:08Z,ba419d35-0dfe-8af7-347c-eebf02485a56,ba419d35-0dfe-8af7-60df-98d56b815daf,survey,93035-4,Has season or migrant farm work been your or your family's main source of income at any point in past 2 years [PRAPARE],No,,text
2024-01-01T23:19:08Z,ba419d35-0dfe-8af7-347c-eebf02485a56,ba419d35-0dfe-8af7-60df-98d56b815daf,survey,32624-9,Race,White,,text
2024-01-01T23:19:08Z,ba419d35-0dfe-8af7-347c-eebf02485a56,ba419d35-0dfe-8af7-60df-98d56b815daf,survey,56051-6,Hispanic or Latino,No,,text
2024-01-01T23:38:55Z,ba419d35-0dfe-8af7-347c-eebf02485a56,ba419d35-0dfe-8af7-60df-98d56b815daf,survey,70274-6,Generalized anxiety disorder 7 item (GAD-7) total score [Reported.PHQ],2.0,{score},numeric
2024-01-02T00:12:55Z,ba419d35-0dfe-8af7-347c-eebf02485a56,ba419d35-0dfe-8af7-60df-98d56b815daf,survey,55758-7,Patient Health Questionnaire 2 item (PHQ-2) total score [Reported],0.0,{score},numeric
2024-01-02T00:56:28Z,ba419d35-0dfe-8af7-347c-eebf02485a56,ba419d35-0dfe-8af7-60df-98d56b815daf,survey,82667-7,Total score [DAST-10],2.0,{score},numeric
2024-05-20T22:30:59Z,ba419d35-0dfe-8af7-347c-eebf02485a56,ba419d35-0dfe-8af7-8f87-c048f773eb0a,laboratory,4548-4,Hemoglobin A1c/Hemoglobin.total in Blood,6.4,%,numeric
2024-05-20T22:30:59Z,ba419d35-0dfe-8af7-347c-eebf02485a56,ba419d35-0dfe-8af7-8f87-c048f773eb0a,vital-signs,8302-2,Body Height,159.6,cm,numeric
2024-05-20T22:30:59Z,ba419d35-0dfe-8af7-347c-eebf02485a56,ba419d35-0dfe-8af7-8f87-c048f773eb0a,vital-signs,72514-3,Pain severity - 0-10 verbal numeric rating [Score] - Reported,2.0,{score},numeric
2024-05-20T22:30:59Z,ba419d35-0dfe-8af7-347c-eebf02485a56,ba419d35-0dfe-8af7-8f87-c048f773eb0a,vital-signs,29463-7,Body Weight,70.9,kg,numeric
2024-05-20T22:30:59Z,ba419d35-0dfe-8af7-347c-eebf02485a56,ba419d35-0dfe-8af7-8f87-c048f773eb0a,vital-signs,39156-5,Body mass index (BMI) [Ratio],27.8,kg/m2,numeric
2024-05-20T22:30:59Z,ba419d35-0dfe-8af7-347c-eebf02485a56,ba419d35-0dfe-8af7-8f87-c048f773eb0a,vital-signs,8462-4,Diastolic Blood Pressure,74.0,mm[Hg],numeric
2024-05-20T22:30:59Z,ba419d35-0dfe-8af7-347c-eebf02485a56,ba419d35-0dfe-8af7-8f87-c048f773eb0a,vital-signs,8480-6,Systolic Blood Pressure,96.0,mm[Hg],numeric
2024-05-20T22:30:59Z,ba419d35-0dfe-8af7-347c-eebf02485a56,ba419d35-0dfe-8af7-8f87-c048f773eb0a,vital-signs,8867-4,Heart rate,68.0,/min,numeric
2024-05-20T22:30:59Z,ba419d35-0dfe-8af7-347c-eebf02485a56,ba419d35-0dfe-8af7-8f87-c048f773eb0a,vital-signs,9279-1,Respiratory rate,14.0,/min,numeric
2024-05-20T22:30:59Z,ba419d35-0dfe-8af7-347c-eebf02485a56,ba419d35-0dfe-8af7-8f87-c048f773eb0a,laboratory,2339-0,Glucose [Mass/volume] in Blood,76.1,mg/dL,numeric
2024-05-20T22:30:59Z,ba419d35-0dfe-8af7-347c-eebf02485a56,ba419d35-0dfe-8af7-8f87-c048f773eb0a,laboratory,6299-2,Urea nitrogen [Mass/volume] in Blood,7.1,mg/dL,numeric
2024-05-20T22:30:59Z,ba419d35-0dfe-8af7-347c-eebf02485a56,ba419d35-0dfe-8af7-8f87-c048f773eb0a,laboratory,38483-4,Creatinine [Mass/volume] in Blood,1.3,mg/dL,numeric
2024-05-20T22:30:59Z,ba419d35-0dfe-8af7-347c-eebf02485a56,ba419d35-0dfe-8af7-8f87-c048f773eb0a,laboratory,49765-1,Calcium [Mass/volume] in Blood,9.6,mg/dL,numeric
2024-05-20T22:30:59Z,ba419d35-0dfe-8af7-347c-eebf02485a56,ba419d35-0dfe-8af7-8f87-c048f773eb0a,laboratory,2947-0,Sodium [Moles/volume] in Blood,136.0,mmol/L,numeric
2024-05-20T22:30:59Z,ba419d35-0dfe-8af7-347c-eebf02485a56,ba419d35-0dfe-8af7-8f87-c048f773eb0a,laboratory,6298-4,Potassium [Moles/volume] in Blood,3.9,mmol/L,numeric
2024-05-20T22:30:59Z,ba419d35-0dfe-8af7-347c-eebf02485a56,ba419d35-0dfe-8af7-8f87-c048f773eb0a,laboratory,2069-3,Chloride [Moles/volume] in Blood,105.4,mmol/L,numeric
2024-05-20T22:30:59Z,ba419d35-0dfe-8af7-347c-eebf02485a56,ba419d35-0dfe-8af7-8f87-c048f773eb0a,laboratory,20565-8,Carbon dioxide  total [Moles/volume] in Blood,28.1,mmol/L,numeric
2024-05-20T22:30:59Z,ba419d35-0dfe-8af7-347c-eebf02485a56,ba419d35-0dfe-8af7-8f87-c048f773eb0a,social-history,72166-2,Tobacco smoking status,Never smoked tobacco (finding),,text
2024-05-20T23:23:48Z,ba419d35-0dfe-8af7-347c-eebf02485a56,ba419d35-0dfe-8af7-8f87-c048f773eb0a,survey,76501-6,Within the last year  have you been afraid of your partner or ex-partner,No,,text
2024-05-20T23:23:48Z,ba419d35-0dfe-8af7-347c-eebf02485a56,ba419d35-0dfe-8af7-8f87-c048f773eb0a,survey,93026-3,Do you feel physically and emotionally safe where you currently live [PRAPARE],No,,text
2024-05-20T23:23:48Z,ba419d35-0dfe-8af7-347c-eebf02485a56,ba419d35-0dfe-8af7-8f87-c048f773eb0a,survey,93027-1,Are you a refugee,No,,text
2024-05-20T23:23:48Z,ba419d35-0dfe-8af7-347c-eebf02485a56,ba419d35-0dfe-8af7-8f87-c048f773eb0a,survey,93028-9,Have you spent more than 2 nights in a row in a jail  prison  detention center  or juvenile correctional facility in past 1 year [PRAPARE],No,,text
2024-05-20T23:23:48Z,ba419d35-0dfe-8af7-347c-eebf02485a56,ba419d35-0dfe-8af7-8f87-c048f773eb0a,survey,93038-8,Stress level,Quite a bit,,text
2024-05-20T23:23:48Z,ba419d35-0dfe-8af7-347c-eebf02485a56,ba419d35-0dfe-8af7-8f87-c048f773eb0a,survey,93029-7,How often do you see or talk to people that you care about and feel close to [PRAPARE],1 or 2 times a week,,text
2024-05-20T23:23:48Z,ba419d35-0dfe-8af7-347c-eebf02485a56,ba419d35-0dfe-8af7-8f87-c048f773eb0a,survey,93030-5,Has lack of transportation kept you from medical appointments  meetings  work  or from getting things needed for daily living,No,,text
2024-05-20T23:23:48Z,ba419d35-0dfe-8af7-347c-eebf02485a56,ba419d35-0dfe-8af7-8f87-c048f773eb0a,survey,93031-3,Have you or any family members you live with been unable to get any of the following when it was really needed in past 1 year [PRAPARE],I choose not to answer this question,,text
2024-05-20T23:23:48Z,ba419d35-0dfe-8af7-347c-eebf02485a56,ba419d35-0dfe-8af7-8f87-c048f773eb0a,survey,63586-2,What was your best estimate of the total income of all family members from all sources  before taxes  in last year [PhenX],119733,/a,text
2024-05-20T23:23:48Z,ba419d35-0dfe-8af7-347c-eebf02485a56,ba419d35-0dfe-8af7-8f87-c048f773eb0a,survey,76437-3,Primary insurance,Medicare,,text
2024-05-20T23:23:48Z,ba419d35-0dfe-8af7-347c-eebf02485a56,ba419d35-0dfe-8af7-8f87-c048f773eb0a,survey,67875-5,Employment status - current,Part-time or temporary work,,text
2024-05-20T23:23:48Z,ba419d35-0dfe-8af7-347c-eebf02485a56,ba419d35-0dfe-8af7-8f87-c048f773eb0a,survey,82589-3,Highest level of education,More than high school,,text
2024-05-20T23:23:48Z,ba419d35-0dfe-8af7-347c-eebf02485a56,ba419d35-0dfe-8af7-8f87-c048f773eb0a,survey,56799-0,Address,1028 Hoeger Crossroad,,text
2024-05-20T23:23:48Z,ba419d35-0dfe-8af7-347c-eebf02485a56,ba419d35-0dfe-8af7-8f87-c048f773eb0a,survey,93033-9,Are you worried about losing your housing [PRAPARE],No,,text
2024-05-20T23:23:48Z,ba419d35-0dfe-8af7-347c-eebf02485a56,ba419d35-0dfe-8af7-8f87-c048f773eb0a,survey,71802-3,Housing status,I have housing,,text
2024-05-20T23:23:48Z,ba419d35-0dfe-8af7-347c-eebf02485a56,ba419d35-0dfe-8af7-8f87-c048f773eb0a,survey,63512-8,How many people are living or staying at this address [#],2.0,{#},numeric
2024-05-20T23:23:48Z,ba419d35-0dfe-8af7-347c-eebf02485a56,ba419d35-0dfe-8af7-8f87-c048f773eb0a,survey,54899-0,Preferred language,English,,text
2024-05-20T23:23:48Z,ba419d35-0dfe-8af7-347c-eebf02485a56,ba419d35-0dfe-8af7-8f87-c048f773eb0a,survey,93034-7,Discharged from the U.S. Armed Forces,No,,text
2024-05-20T23:23:48Z,ba419d35-0dfe-8af7-347c-eebf02485a56,ba419d35-0dfe-8af7-8f87-c048f773eb0a,survey,93035-4,Has season or migrant farm work been your or your family's main source of income at any point in past 2 years [PRAPARE],No,,text
2024-05-20T23:23:48Z,ba419d35-0dfe-8af7-347c-eebf02485a56,ba419d35-0dfe-8af7-8f87-c048f773eb0a,survey,32624-9,Race,White,,text
2024-05-20T23:23:48Z,ba419d35-0dfe-8af7-347c-eebf02485a56,ba419d35-0dfe-8af7-8f87-c048f773eb0a,survey,56051-6,Hispanic or Latino,No,,text
2024-05-20T23:52:36Z,ba419d35-0dfe-8af7-347c-eebf02485a56,ba419d35-0dfe-8af7-8f87-c048f773eb0a,survey,70274-6,Generalized anxiety disorder 7 item (GAD-7) total score [Reported.PHQ],8.0,{score},numeric
2024-05-21T00:21:40Z,ba419d35-0dfe-8af7-347c-eebf02485a56,ba419d35-0dfe-8af7-8f87-c048f773eb0a,survey,76504-0,Total score [HARK],3.0,{score},numeric
2024-05-21T01:01:50Z,ba419d35-0dfe-8af7-347c-eebf02485a56,ba419d35-0dfe-8af7-8f87-c048f773eb0a,survey,55758-7,Patient Health Questionnaire 2 item (PHQ-2) total score [Reported],1.0,{score},numeric
2024-05-21T01:37:18Z,ba419d35-0dfe-8af7-347c-eebf02485a56,ba419d35-0dfe-8af7-8f87-c048f773eb0a,survey,75626-2,Total score [AUDIT-C],1.0,{score},numeric
2025-05-26T22:30:59Z,ba419d35-0dfe-8af7-347c-eebf02485a56,ba419d35-0dfe-8af7-d211-d84757465ba3,laboratory,4548-4,Hemoglobin A1c/Hemoglobin.total in Blood,6.2,%,numeric
2025-05-26T22:30:59Z,ba419d35-0dfe-8af7-347c-eebf02485a56,ba419d35-0dfe-8af7-d211-d84757465ba3,vital-signs,8302-2,Body Height,159.6,cm,numeric
2025-05-26T22:30:59Z,ba419d35-0dfe-8af7-347c-eebf02485a56,ba419d35-0dfe-8af7-d211-d84757465ba3,vital-signs,72514-3,Pain severity - 0-10 verbal numeric rating [Score] - Reported,2.0,{score},numeric
2025-05-26T22:30:59Z,ba419d35-0dfe-8af7-347c-eebf02485a56,ba419d35-0dfe-8af7-d211-d84757465ba3,vital-signs,29463-7,Body Weight,71.9,kg,numeric
2025-05-26T22:30:59Z,ba419d35-0dfe-8af7-347c-eebf02485a56,ba419d35-0dfe-8af7-d211-d84757465ba3,vital-signs,39156-5,Body mass index (BMI) [Ratio],28.2,kg/m2,numeric
2025-05-26T22:30:59Z,ba419d35-0dfe-8af7-347c-eebf02485a56,ba419d35-0dfe-8af7-d211-d84757465ba3,vital-signs,8462-4,Diastolic Blood Pressure,76.0,mm[Hg],numeric
2025-05-26T22:30:59Z,ba419d35-0dfe-8af7-347c-eebf02485a56,ba419d35-0dfe-8af7-d211-d84757465ba3,vital-signs,8480-6,Systolic Blood Pressure,99.0,mm[Hg],numeric
2025-05-26T22:30:59Z,ba419d35-0dfe-8af7-347c-eebf02485a56,ba419d35-0dfe-8af7-d211-d84757465ba3,vital-signs,8867-4,Heart rate,69.0,/min,numeric
2025-05-26T22:30:59Z,ba419d35-0dfe-8af7-347c-eebf02485a56,ba419d35-0dfe-8af7-d211-d84757465ba3,vital-signs,9279-1,Respiratory rate,15.0,/min,numeric
2025-05-26T22:30:59Z,ba419d35-0dfe-8af7-347c-eebf02485a56,ba419d35-0dfe-8af7-d211-d84757465ba3,laboratory,2339-0,Glucose [Mass/volume] in Blood,69.6,mg/dL,numeric
2025-05-26T22:30:59Z,ba419d35-0dfe-8af7-347c-eebf02485a56,ba419d35-0dfe-8af7-d211-d84757465ba3,laboratory,6299-2,Urea nitrogen [Mass/volume] in Blood,10.7,mg/dL,numeric
2025-05-26T22:30:59Z,ba419d35-0dfe-8af7-347c-eebf02485a56,ba419d35-0dfe-8af7-d211-d84757465ba3,laboratory,38483-4,Creatinine [Mass/volume] in Blood,0.8,mg/dL,numeric
2025-05-26T22:30:59Z,ba419d35-0dfe-8af7-347c-eebf02485a56,ba419d35-0dfe-8af7-d211-d84757465ba3,laboratory,49765-1,Calcium [Mass/volume] in Blood,9.2,mg/dL,numeric
2025-05-26T22:30:59Z,ba419d35-0dfe-8af7-347c-eebf02485a56,ba419d35-0dfe-8af7-d211-d84757465ba3,laboratory,2947-0,Sodium [Moles/volume] in Blood,138.3,mmol/L,numeric
2025-05-26T22:30:59Z,ba419d35-0dfe-8af7-347c-eebf02485a56,ba419d35-0dfe-8af7-d211-d84757465ba3,laboratory,6298-4,Potassium [Moles/volume] in Blood,4.4,mmol/L,numeric
2025-05-26T22:30:59Z,ba419d35-0dfe-8af7-347c-eebf02485a56,ba419d35-0dfe-8af7-d211-d84757465ba3,laboratory,2069-3,Chloride [Moles/volume] in Blood,101.3,mmol/L,numeric
2025-05-26T22:30:59Z,ba419d35-0dfe-8af7-347c-eebf02485a56,ba419d35-0dfe-8af7-d211-d84757465ba3,laboratory,20565-8,Carbon dioxide  total [Moles/volume] in Blood,27.5,mmol/L,numeric
2025-05-26T22:30:59Z,ba419d35-0dfe-8af7-347c-eebf02485a56,ba419d35-0dfe-8af7-d211-d84757465ba3,social-history,72166-2,Tobacco smoking status,Never smoked tobacco (finding),,text
2025-05-26T23:18:08Z,ba419d35-0dfe-8af7-347c-eebf02485a56,ba419d35-0dfe-8af7-d211-d84757465ba3,survey,76501-6,Within the last year  have you been afraid of your partner or ex-partner,No,,text
2025-05-26T23:18:08Z,ba419d35-0dfe-8af7-347c-eebf02485a56,ba419d35-0dfe-8af7-d211-d84757465ba3,survey,93026-3,Do you feel physically and emotionally safe where you currently live [PRAPARE],Yes,,text
2025-05-26T23:18:08Z,ba419d35-0dfe-8af7-347c-eebf02485a56,ba419d35-0dfe-8af7-d211-d84757465ba3,survey,93027-1,Are you a refugee,No,,text
2025-05-26T23:18:08Z,ba419d35-0dfe-8af7-347c-eebf02485a56,ba419d35-0dfe-8af7-d211-d84757465ba3,survey,93028-9,Have you spent more than 2 nights in a row in a jail  prison  detention center  or juvenile correctional facility in past 1 year [PRAPARE],No,,text
2025-05-26T23:18:08Z,ba419d35-0dfe-8af7-347c-eebf02485a56,ba419d35-0dfe-8af7-d211-d84757465ba3,survey,93038-8,Stress level,Not at all,,text
2025-05-26T23:18:08Z,ba419d35-0dfe-8af7-347c-eebf02485a56,ba419d35-0dfe-8af7-d211-d84757465ba3,survey,93029-7,How often do you see or talk to people that you care about and feel close to [PRAPARE],3 to 5 times a week,,text
2025-05-26T23:18:08Z,ba419d35-0dfe-8af7-347c-eebf02485a56,ba419d35-0dfe-8af7-d211-d84757465ba3,survey,93030-5,Has lack of transportation kept you from medical appointments  meetings  work  or from getting things needed for daily living,No,,text
2025-05-26T23:18:08Z,ba419d35-0dfe-8af7-347c-eebf02485a56,ba419d35-0dfe-8af7-d211-d84757465ba3,survey,93031-3,Have you or any family members you live with been unable to get any of the following when it was really needed in past 1 year [PRAPARE],I choose not to answer this question,,text
2025-05-26T23:18:08Z,ba419d35-0dfe-8af7-347c-eebf02485a56,ba419d35-0dfe-8af7-d211-d84757465ba3,survey,63586-2,What was your best estimate of the total income of all family members from all sources  before taxes  in last year [PhenX],119733,/a,text
2025-05-26T23:18:08Z,ba419d35-0dfe-8af7-347c-eebf02485a56,ba419d35-0dfe-8af7-d211-d84757465ba3,survey,76437-3,Primary insurance,Medicare,,text
2025-05-26T23:18:08Z,ba419d35-0dfe-8af7-347c-eebf02485a56,ba419d35-0dfe-8af7-d211-d84757465ba3,survey,67875-5,Employment status - current,Part-time or temporary work,,text
2025-05-26T23:18:08Z,ba419d35-0dfe-8af7-347c-eebf02485a56,ba419d35-0dfe-8af7-d211-d84757465ba3,survey,82589-3,Highest level of education,More than high school,,text
2025-05-26T23:18:08Z,ba419d35-0dfe-8af7-347c-eebf02485a56,ba419d35-0dfe-8af7-d211-d84757465ba3,survey,56799-0,Address,1028 Hoeger Crossroad,,text
2025-05-26T23:18:08Z,ba419d35-0dfe-8af7-347c-eebf02485a56,ba419d35-0dfe-8af7-d211-d84757465ba3,survey,93033-9,Are you worried about losing your housing [PRAPARE],No,,text
2025-05-26T23:18:08Z,ba419d35-0dfe-8af7-347c-eebf02485a56,ba419d35-0dfe-8af7-d211-d84757465ba3,survey,71802-3,Housing status,I have housing,,text
2025-05-26T23:18:08Z,ba419d35-0dfe-8af7-347c-eebf02485a56,ba419d35-0dfe-8af7-d211-d84757465ba3,survey,63512-8,How many people are living or staying at this address [#],2.0,{#},numeric
2025-05-26T23:18:08Z,ba419d35-0dfe-8af7-347c-eebf02485a56,ba419d35-0dfe-8af7-d211-d84757465ba3,survey,54899-0,Preferred language,English,,text
2025-05-26T23:18:08Z,ba419d35-0dfe-8af7-347c-eebf02485a56,ba419d35-0dfe-8af7-d211-d84757465ba3,survey,93034-7,Discharged from the U.S. Armed Forces,No,,text
2025-05-26T23:18:08Z,ba419d35-0dfe-8af7-347c-eebf02485a56,ba419d35-0dfe-8af7-d211-d84757465ba3,survey,93035-4,Has season or migrant farm work been your or your family's main source of income at any point in past 2 years [PRAPARE],No,,text
2025-05-26T23:18:08Z,ba419d35-0dfe-8af7-347c-eebf02485a56,ba419d35-0dfe-8af7-d211-d84757465ba3,survey,32624-9,Race,White,,text
2025-05-26T23:18:08Z,ba419d35-0dfe-8af7-347c-eebf02485a56,ba419d35-0dfe-8af7-d211-d84757465ba3,survey,56051-6,Hispanic or Latino,No,,text
2025-05-26T23:53:25Z,ba419d35-0dfe-8af7-347c-eebf02485a56,ba419d35-0dfe-8af7-d211-d84757465ba3,survey,76504-0,Total score [HARK],0.0,{score},numeric
2025-05-27T00:27:15Z,ba419d35-0dfe-8af7-347c-eebf02485a56,ba419d35-0dfe-8af7-d211-d84757465ba3,survey,55758-7,Patient Health Questionnaire 2 item (PHQ-2) total score [Reported],1.0,{score},numeric
2025-05-27T00:58:02Z,ba419d35-0dfe-8af7-347c-eebf02485a56,ba419d35-0dfe-8af7-d211-d84757465ba3,survey,82667-7,Total score [DAST-10],1.0,{score},numeric
2026-06-01T22:30:59Z,ba419d35-0dfe-8af7-347c-eebf02485a56,ba419d35-0dfe-8af7-7d5c-d3b10644b283,laboratory,4548-4,Hemoglobin A1c/Hemoglobin.total in Blood,6.1,%,numeric
2026-06-01T22:30:59Z,ba419d35-0dfe-8af7-347c-eebf02485a56,ba419d35-0dfe-8af7-7d5c-d3b10644b283,vital-signs,8302-2,Body Height,159.6,cm,numeric
2026-06-01T22:30:59Z,ba419d35-0dfe-8af7-347c-eebf02485a56,ba419d35-0dfe-8af7-7d5c-d3b10644b283,vital-signs,72514-3,Pain severity - 0-10 verbal numeric rating [Score] - Reported,3.0,{score},numeric
2026-06-01T22:30:59Z,ba419d35-0dfe-8af7-347c-eebf02485a56,ba419d35-0dfe-8af7-7d5c-d3b10644b283,vital-signs,29463-7,Body Weight,73.7,kg,numeric
2026-06-01T22:30:59Z,ba419d35-0dfe-8af7-347c-eebf02485a56,ba419d35-0dfe-8af7-7d5c-d3b10644b283,vital-signs,39156-5,Body mass index (BMI) [Ratio],28.9,kg/m2,numeric
2026-06-01T22:30:59Z,ba419d35-0dfe-8af7-347c-eebf02485a56,ba419d35-0dfe-8af7-7d5c-d3b10644b283,vital-signs,8462-4,Diastolic Blood Pressure,78.0,mm[Hg],numeric
2026-06-01T22:30:59Z,ba419d35-0dfe-8af7-347c-eebf02485a56,ba419d35-0dfe-8af7-7d5c-d3b10644b283,vital-signs,8480-6,Systolic Blood Pressure,99.0,mm[Hg],numeric
2026-06-01T22:30:59Z,ba419d35-0dfe-8af7-347c-eebf02485a56,ba419d35-0dfe-8af7-7d5c-d3b10644b283,vital-signs,8867-4,Heart rate,77.0,/min,numeric
2026-06-01T22:30:59Z,ba419d35-0dfe-8af7-347c-eebf02485a56,ba419d35-0dfe-8af7-7d5c-d3b10644b283,vital-signs,9279-1,Respiratory rate,13.0,/min,numeric
2026-06-01T22:30:59Z,ba419d35-0dfe-8af7-347c-eebf02485a56,ba419d35-0dfe-8af7-7d5c-d3b10644b283,laboratory,2339-0,Glucose [Mass/volume] in Blood,65.1,mg/dL,numeric
2026-06-01T22:30:59Z,ba419d35-0dfe-8af7-347c-eebf02485a56,ba419d35-0dfe-8af7-7d5c-d3b10644b283,laboratory,6299-2,Urea nitrogen [Mass/volume] in Blood,15.7,mg/dL,numeric
2026-06-01T22:30:59Z,ba419d35-0dfe-8af7-347c-eebf02485a56,ba419d35-0dfe-8af7-7d5c-d3b10644b283,laboratory,38483-4,Creatinine [Mass/volume] in Blood,1.0,mg/dL,numeric
2026-06-01T22:30:59Z,ba419d35-0dfe-8af7-347c-eebf02485a56,ba419d35-0dfe-8af7-7d5c-d3b10644b283,laboratory,49765-1,Calcium [Mass/volume] in Blood,8.6,mg/dL,numeric
2026-06-01T22:30:59Z,ba419d35-0dfe-8af7-347c-eebf02485a56,ba419d35-0dfe-8af7-7d5c-d3b10644b283,laboratory,2947-0,Sodium [Moles/volume] in Blood,137.0,mmol/L,numeric
2026-06-01T22:30:59Z,ba419d35-0dfe-8af7-347c-eebf02485a56,ba419d35-0dfe-8af7-7d5c-d3b10644b283,laboratory,6298-4,Potassium [Moles/volume] in Blood,5.1,mmol/L,numeric
2026-06-01T22:30:59Z,ba419d35-0dfe-8af7-347c-eebf02485a56,ba419d35-0dfe-8af7-7d5c-d3b10644b283,laboratory,2069-3,Chloride [Moles/volume] in Blood,102.1,mmol/L,numeric
2026-06-01T22:30:59Z,ba419d35-0dfe-8af7-347c-eebf02485a56,ba419d35-0dfe-8af7-7d5c-d3b10644b283,laboratory,20565-8,Carbon dioxide  total [Moles/volume] in Blood,26.9,mmol/L,numeric
2026-06-01T22:30:59Z,ba419d35-0dfe-8af7-347c-eebf02485a56,ba419d35-0dfe-8af7-7d5c-d3b10644b283,laboratory,2093-3,Cholesterol [Mass/volume] in Serum or Plasma,203.3,mg/dL,numeric
2026-06-01T22:30:59Z,ba419d35-0dfe-8af7-347c-eebf02485a56,ba419d35-0dfe-8af7-7d5c-d3b10644b283,laboratory,2571-8,Triglyceride [Mass/volume] in Serum or Plasma,143.0,mg/dL,numeric
2026-06-01T22:30:59Z,ba419d35-0dfe-8af7-347c-eebf02485a56,ba419d35-0dfe-8af7-7d5c-d3b10644b283,laboratory,18262-6,Cholesterol in LDL [Mass/volume] in Serum or Plasma by Direct assay,115.0,mg/dL,numeric
2026-06-01T22:30:59Z,ba419d35-0dfe-8af7-347c-eebf02485a56,ba419d35-0dfe-8af7-7d5c-d3b10644b283,laboratory,2085-9,Cholesterol in HDL [Mass/volume] in Serum or Plasma,59.7,mg/dL,numeric
2026-06-01T22:30:59Z,ba419d35-0dfe-8af7-347c-eebf02485a56,ba419d35-0dfe-8af7-7d5c-d3b10644b283,social-history,72166-2,Tobacco smoking status,Never smoked tobacco (finding),,text
2026-06-01T23:02:02Z,ba419d35-0dfe-8af7-347c-eebf02485a56,ba419d35-0dfe-8af7-7d5c-d3b10644b283,survey,76501-6,Within the last year  have you been afraid of your partner or ex-partner,No,,text
2026-06-01T23:02:02Z,ba419d35-0dfe-8af7-347c-eebf02485a56,ba419d35-0dfe-8af7-7d5c-d3b10644b283,survey,93026-3,Do you feel physically and emotionally safe where you currently live [PRAPARE],Yes,,text
2026-06-01T23:02:02Z,ba419d35-0dfe-8af7-347c-eebf02485a56,ba419d35-0dfe-8af7-7d5c-d3b10644b283,survey,93027-1,Are you a refugee,No,,text
2026-06-01T23:02:02Z,ba419d35-0dfe-8af7-347c-eebf02485a56,ba419d35-0dfe-8af7-7d5c-d3b10644b283,survey,93028-9,Have you spent more than 2 nights in a row in a jail  prison  detention center  or juvenile correctional facility in past 1 year [PRAPARE],No,,text
2026-06-01T23:02:02Z,ba419d35-0dfe-8af7-347c-eebf02485a56,ba419d35-0dfe-8af7-7d5c-d3b10644b283,survey,93038-8,Stress level,Not at all,,text
2026-06-01T23:02:02Z,ba419d35-0dfe-8af7-347c-eebf02485a56,ba419d35-0dfe-8af7-7d5c-d3b10644b283,survey,93029-7,How often do you see or talk to people that you care about and feel close to [PRAPARE],5 or more times a week,,text
2026-06-01T23:02:02Z,ba419d35-0dfe-8af7-347c-eebf02485a56,ba419d35-0dfe-8af7-7d5c-d3b10644b283,survey,93030-5,Has lack of transportation kept you from medical appointments  meetings  work  or from getting things needed for daily living,No,,text
2026-06-01T23:02:02Z,ba419d35-0dfe-8af7-347c-eebf02485a56,ba419d35-0dfe-8af7-7d5c-d3b10644b283,survey,93031-3,Have you or any family members you live with been unable to get any of the following when it was really needed in past 1 year [PRAPARE],I choose not to answer this question,,text
2026-06-01T23:02:02Z,ba419d35-0dfe-8af7-347c-eebf02485a56,ba419d35-0dfe-8af7-7d5c-d3b10644b283,survey,63586-2,What was your best estimate of the total income of all family members from all sources  before taxes  in last year [PhenX],119733,/a,text
2026-06-01T23:02:02Z,ba419d35-0dfe-8af7-347c-eebf02485a56,ba419d35-0dfe-8af7-7d5c-d3b10644b283,survey,76437-3,Primary insurance,Medicare,,text
2026-06-01T23:02:02Z,ba419d35-0dfe-8af7-347c-eebf02485a56,ba419d35-0dfe-8af7-7d5c-d3b10644b283,survey,67875-5,Employment status - current,Full-time work,,text
2026-06-01T23:02:02Z,ba419d35-0dfe-8af7-347c-eebf02485a56,ba419d35-0dfe-8af7-7d5c-d3b10644b283,survey,82589-3,Highest level of education,More than high school,,text
2026-06-01T23:02:02Z,ba419d35-0dfe-8af7-347c-eebf02485a56,ba419d35-0dfe-8af7-7d5c-d3b10644b283,survey,56799-0,Address,1028 Hoeger Crossroad,,text
2026-06-01T23:02:02Z,ba419d35-0dfe-8af7-347c-eebf02485a56,ba419d35-0dfe-8af7-7d5c-d3b10644b283,survey,93033-9,Are you worried about losing your housing [PRAPARE],No,,text
2026-06-01T23:02:02Z,ba419d35-0dfe-8af7-347c-eebf02485a56,ba419d35-0dfe-8af7-7d5c-d3b10644b283,survey,71802-3,Housing status,I have housing,,text
2026-06-01T23:02:02Z,ba419d35-0dfe-8af7-347c-eebf02485a56,ba419d35-0dfe-8af7-7d5c-d3b10644b283,survey,63512-8,How many people are living or staying at this address [#],2.0,{#},numeric
2026-06-01T23:02:02Z,ba419d35-0dfe-8af7-347c-eebf02485a56,ba419d35-0dfe-8af7-7d5c-d3b10644b283,survey,54899-0,Preferred language,English,,text
2026-06-01T23:02:02Z,ba419d35-0dfe-8af7-347c-eebf02485a56,ba419d35-0dfe-8af7-7d5c-d3b10644b283,survey,93034-7,Discharged from the U.S. Armed Forces,No,,text
2026-06-01T23:02:02Z,ba419d35-0dfe-8af7-347c-eebf02485a56,ba419d35-0dfe-8af7-7d5c-d3b10644b283,survey,93035-4,Has season or migrant farm work been your or your family's main source of income at any point in past 2 years [PRAPARE],No,,text
2026-06-01T23:02:02Z,ba419d35-0dfe-8af7-347c-eebf02485a56,ba419d35-0dfe-8af7-7d5c-d3b10644b283,survey,32624-9,Race,White,,text
2026-06-01T23:02:02Z,ba419d35-0dfe-8af7-347c-eebf02485a56,ba419d35-0dfe-8af7-7d5c-d3b10644b283,survey,56051-6,Hispanic or Latino,No,,text
2026-06-01T23:30:13Z,ba419d35-0dfe-8af7-347c-eebf02485a56,ba419d35-0dfe-8af7-7d5c-d3b10644b283,survey,70274-6,Generalized anxiety disorder 7 item (GAD-7) total score [Reported.PHQ],8.0,{score},numeric
2026-06-02T00:04:43Z,ba419d35-0dfe-8af7-347c-eebf02485a56,ba419d35-0dfe-8af7-7d5c-d3b10644b283,survey,55758-7,Patient Health Questionnaire 2 item (PHQ-2) total score [Reported],1.0,{score},numeric
2026-06-02T00:41:55Z,ba419d35-0dfe-8af7-347c-eebf02485a56,ba419d35-0dfe-8af7-7d5c-d3b10644b283,survey,75626-2,Total score [AUDIT-C],1.0,{score},numeric
2023-05-14T22:30:59Z,ba419d35-0dfe-8af7-347c-eebf02485a56,,,QALY,QALY,42.5,a,numeric
2024-05-14T22:30:59Z,ba419d35-0dfe-8af7-347c-eebf02485a56,,,QALY,QALY,43.3,a,numeric
2025-05-14T22:30:59Z,ba419d35-0dfe-8af7-347c-eebf02485a56,,,QALY,QALY,44.0,a,numeric
2026-05-14T22:30:59Z,ba419d35-0dfe-8af7-347c-eebf02485a56,,,QALY,QALY,44.7,a,numeric
2023-05-14T22:30:59Z,ba419d35-0dfe-8af7-347c-eebf02485a56,,,DALY,DALY,6.5,a,numeric
2024-05-14T22:30:59Z,ba419d35-0dfe-8af7-347c-eebf02485a56,,,DALY,DALY,6.7,a,numeric
2025-05-14T22:30:59Z,ba419d35-0dfe-8af7-347c-eebf02485a56,,,DALY,DALY,7.0,a,numeric
2026-05-14T22:30:59Z,ba419d35-0dfe-8af7-347c-eebf02485a56,,,DALY,DALY,7.3,a,numeric
2023-05-14T22:30:59Z,ba419d35-0dfe-8af7-347c-eebf02485a56,,,QOLS,QOLS,0.7,{score},numeric
2024-05-14T22:30:59Z,ba419d35-0dfe-8af7-347c-eebf02485a56,,,QOLS,QOLS,0.7,{score},numeric
2025-05-14T22:30:59Z,ba419d35-0dfe-8af7-347c-eebf02485a56,,,QOLS,QOLS,0.7,{score},numeric
2026-05-14T22:30:59Z,ba419d35-0dfe-8af7-347c-eebf02485a56,,,QOLS,QOLS,0.7,{score},numeric
2023-10-11T09:38:04Z,aa616abe-1761-0c9a-7959-07544679dafd,aa616abe-1761-0c9a-0897-b0866ca5b812,laboratory,2339-0,Glucose [Mass/volume] in Blood,81.9,mg/dL,numeric
2023-10-11T09:38:04Z,aa616abe-1761-0c9a-7959-07544679dafd,aa616abe-1761-0c9a-0897-b0866ca5b812,laboratory,6299-2,Urea nitrogen [Mass/volume] in Blood,15.1,mg/dL,numeric
2023-10-11T09:38:04Z,aa616abe-1761-0c9a-7959-07544679dafd,aa616abe-1761-0c9a-0897-b0866ca5b812,laboratory,38483-4,Creatinine [Mass/volume] in Blood,3.1,mg/dL,numeric
2023-10-11T09:38:04Z,aa616abe-1761-0c9a-7959-07544679dafd,aa616abe-1761-0c9a-0897-b0866ca5b812,laboratory,49765-1,Calcium [Mass/volume] in Blood,8.7,mg/dL,numeric
2023-10-11T09:38:04Z,aa616abe-1761-0c9a-7959-07544679dafd,aa616abe-1761-0c9a-0897-b0866ca5b812,laboratory,2947-0,Sodium [Moles/volume] in Blood,143.4,mmol/L,numeric
2023-10-11T09:38:04Z,aa616abe-1761-0c9a-7959-07544679dafd,aa616abe-1761-0c9a-0897-b0866ca5b812,laboratory,6298-4,Potassium [Moles/volume] in Blood,3.7,mmol/L,numeric
2023-10-11T09:38:04Z,aa616abe-1761-0c9a-7959-07544679dafd,aa616abe-1761-0c9a-0897-b0866ca5b812,laboratory,2069-3,Chloride [Moles/volume] in Blood,108.3,mmol/L,numeric
2023-10-11T09:38:04Z,aa616abe-1761-0c9a-7959-07544679dafd,aa616abe-1761-0c9a-0897-b0866ca5b812,laboratory,20565-8,Carbon dioxide  total [Moles/volume] in Blood,28.5,mmol/L,numeric
2023-10-11T09:38:04Z,aa616abe-1761-0c9a-7959-07544679dafd,aa616abe-1761-0c9a-0897-b0866ca5b812,laboratory,33914-3,Glomerular filtration rate [Volume Rate/Area] in Serum or Plasma by Creatinine-based formula (MDRD)/1.73 sq M,70.5,mL/min,numeric
2023-10-11T09:38:04Z,aa616abe-1761-0c9a-7959-07544679dafd,aa616abe-1761-0c9a-0897-b0866ca5b812,laboratory,2885-2,Protein [Mass/volume] in Serum or Plasma,7.7,g/dL,numeric
2023-10-11T09:38:04Z,aa616abe-1761-0c9a-7959-07544679dafd,aa616abe-1761-0c9a-0897-b0866ca5b812,laboratory,1751-7,Albumin [Mass/volume] in Serum or Plasma,5.4,g/dL,numeric
2023-10-11T09:38:04Z,aa616abe-1761-0c9a-7959-07544679dafd,aa616abe-1761-0c9a-0897-b0866ca5b812,laboratory,10834-0,Globulin [Mass/volume] in Serum by calculation,2.5,g/L,numeric
2023-10-11T09:38:04Z,aa616abe-1761-0c9a-7959-07544679dafd,aa616abe-1761-0c9a-0897-b0866ca5b812,laboratory,1975-2,Bilirubin.total [Mass/volume] in Serum or Plasma,0.1,mg/dL,numeric
2023-10-11T09:38:04Z,aa616abe-1761-0c9a-7959-07544679dafd,aa616abe-1761-0c9a-0897-b0866ca5b812,laboratory,6768-6,Alkaline phosphatase [Enzymatic activity/volume] in Serum or Plasma,82.6,U/L,numeric
2023-10-11T09:38:04Z,aa616abe-1761-0c9a-7959-07544679dafd,aa616abe-1761-0c9a-0897-b0866ca5b812,laboratory,1742-6,Alanine aminotransferase [Enzymatic activity/volume] in Serum or Plasma,28.6,U/L,numeric
2023-10-11T09:38:04Z,aa616abe-1761-0c9a-7959-07544679dafd,aa616abe-1761-0c9a-0897-b0866ca5b812,laboratory,1920-8,Aspartate aminotransferase [Enzymatic activity/volume] in Serum or Plasma,15.3,U/L,numeric
2023-10-11T09:38:04Z,aa616abe-1761-0c9a-7959-07544679dafd,aa616abe-1761-0c9a-0897-b0866ca5b812,laboratory,2093-3,Cholesterol [Mass/volume] in Serum or Plasma,155.3,mg/dL,numeric
2023-10-11T09:38:04Z,aa616abe-1761-0c9a-7959-07544679dafd,aa616abe-1761-0c9a-0897-b0866ca5b812,laboratory,2571-8,Triglyceride [Mass/volume] in Serum or Plasma,164.5,mg/dL,numeric
2023-10-11T09:38:04Z,aa616abe-1761-0c9a-7959-07544679dafd,aa616abe-1761-0c9a-0897-b0866ca5b812,laboratory,18262-6,Cholesterol in LDL [Mass/volume] in Serum or Plasma by Direct assay,103.3,mg/dL,numeric
2023-10-11T09:38:04Z,aa616abe-1761-0c9a-7959-07544679dafd,aa616abe-1761-0c9a-0897-b0866ca5b812,laboratory,2085-9,Cholesterol in HDL [Mass/volume] in Serum or Plasma,30.4,mg/dL,numeric
2023-11-08T09:38:04Z,aa616abe-1761-0c9a-7959-07544679dafd,aa616abe-1761-0c9a-8cdd-8e3d599fa386,laboratory,2345-7,Glucose [Mass/volume] in Serum or Plasma,64.1,mg/dL,numeric
2023-11-08T09:38:04Z,aa616abe-1761-0c9a-7959-07544679dafd,aa616abe-1761-0c9a-8cdd-8e3d599fa386,laboratory,3094-0,Urea nitrogen [Mass/volume] in Serum or Plasma,14.5,mg/dL,numeric
2023-11-08T09:38:04Z,aa616abe-1761-0c9a-7959-07544679dafd,aa616abe-1761-0c9a-8cdd-8e3d599fa386,laboratory,2160-0,Creatinine [Mass/volume] in Serum or Plasma,2.1,mg/dL,numeric
2023-11-08T09:38:04Z,aa616abe-1761-0c9a-7959-07544679dafd,aa616abe-1761-0c9a-8cdd-8e3d599fa386,laboratory,17861-6,Calcium [Mass/volume] in Serum or Plasma,9.0,mg/dL,numeric
2023-11-08T09:38:04Z,aa616abe-1761-0c9a-7959-07544679dafd,aa616abe-1761-0c9a-8cdd-8e3d599fa386,laboratory,2951-2,Sodium [Moles/volume] in Serum or Plasma,137.1,mmol/L,numeric
2023-11-08T09:38:04Z,aa616abe-1761-0c9a-7959-07544679dafd,aa616abe-1761-0c9a-8cdd-8e3d599fa386,laboratory,2823-3,Potassium [Moles/volume] in Serum or Plasma,4.6,mmol/L,numeric
2023-11-08T09:38:04Z,aa616abe-1761-0c9a-7959-07544679dafd,aa616abe-1761-0c9a-8cdd-8e3d599fa386,laboratory,2075-0,Chloride [Moles/volume] in Serum or Plasma,105.3,mmol/L,numeric
2023-11-08T09:38:04Z,aa616abe-1761-0c9a-7959-07544679dafd,aa616abe-1761-0c9a-8cdd-8e3d599fa386,laboratory,2028-9,Carbon dioxide  total [Moles/volume] in Serum or Plasma,23.8,mmol/L,numeric
2023-11-08T09:38:04Z,aa616abe-1761-0c9a-7959-07544679dafd,aa616abe-1761-0c9a-8cdd-8e3d599fa386,laboratory,33914-3,Glomerular filtration rate [Volume Rate/Area] in Serum or Plasma by Creatinine-based formula (MDRD)/1.73 sq M,74.9,mL/min/{1.73_m2},numeric
2023-11-08T09:38:04Z,aa616abe-1761-0c9a-7959-07544679dafd,aa616abe-1761-0c9a-8cdd-8e3d599fa386,laboratory,5767-9,Appearance of Urine,Cloudy urine (finding),{nominal},text
2023-11-08T09:38:04Z,aa616abe-1761-0c9a-7959-07544679dafd,aa616abe-1761-0c9a-8cdd-8e3d599fa386,laboratory,34533-0,Odor of Urine,Urine smell ammoniacal (finding),{nominal},text
2023-11-08T09:38:04Z,aa616abe-1761-0c9a-7959-07544679dafd,aa616abe-1761-0c9a-8cdd-8e3d599fa386,laboratory,32167-9,Clarity of Urine,Translucent (qualifier value),{nominal},text
2023-11-08T09:38:04Z,aa616abe-1761-0c9a-7959-07544679dafd,aa616abe-1761-0c9a-8cdd-8e3d599fa386,laboratory,5778-6,Color of Urine,Brown color (qualifier value),{nominal},text
2023-11-08T09:38:04Z,aa616abe-1761-0c9a-7959-07544679dafd,aa616abe-1761-0c9a-8cdd-8e3d599fa386,laboratory,5792-7,Glucose [Mass/volume] in Urine by Test strip,2.1,mg/dL,numeric
2023-11-08T09:38:04Z,aa616abe-1761-0c9a-7959-07544679dafd,aa616abe-1761-0c9a-8cdd-8e3d599fa386,laboratory,25428-4,Glucose [Presence] in Urine by Test strip,Urine glucose test = ++ (finding),{nominal},text
2023-11-08T09:38:04Z,aa616abe-1761-0c9a-7959-07544679dafd,aa616abe-1761-0c9a-8cdd-8e3d599fa386,laboratory,20505-4,Bilirubin.total [Mass/volume] in Urine by Test strip,0.8,mg/dL,numeric
2023-11-08T09:38:04Z,aa616abe-1761-0c9a-7959-07544679dafd,aa616abe-1761-0c9a-8cdd-8e3d599fa386,laboratory,5770-3,Bilirubin.total [Presence] in Urine by Test strip,Finding of bilirubin in urine (finding),{nominal},text
2023-11-08T09:38:04Z,aa616abe-1761-0c9a-7959-07544679dafd,aa616abe-1761-0c9a-8cdd-8e3d599fa386,laboratory,5797-6,Ketones [Mass/volume] in Urine by Test strip,4.3,mg/dL,numeric
2023-11-08T09:38:04Z,aa616abe-1761-0c9a-7959-07544679dafd,aa616abe-1761-0c9a-8cdd-8e3d599fa386,laboratory,2514-8,Ketones [Presence] in Urine by Test strip,Urine ketone test = + (finding),{nominal},text
2023-11-08T09:38:04Z,aa616abe-1761-0c9a-7959-07544679dafd,aa616abe-1761-0c9a-8cdd-8e3d599fa386,laboratory,5811-5,Specific gravity of Urine by Test strip,1.0,{nominal},numeric
2023-11-08T09:38:04Z,aa616abe-1761-0c9a-7959-07544679dafd,aa616abe-1761-0c9a-8cdd-8e3d599fa386,laboratory,5803-2,pH of Urine by Test strip,6.8,pH,numeric
2023-11-08T09:38:04Z,aa616abe-1761-0c9a-7959-07544679dafd,aa616abe-1761-0c9a-8cdd-8e3d599fa386,laboratory,5804-0,Protein [Mass/volume] in Urine by Test strip,312.9,mg/dL,numeric
2023-11-08T09:38:04Z,aa616abe-1761-0c9a-7959-07544679dafd,aa616abe-1761-0c9a-8cdd-8e3d599fa386,laboratory,20454-5,Protein [Presence] in Urine by Test strip,Urine protein test = ++ (finding),{nominal},text
2023-11-08T09:38:04Z,aa616abe-1761-0c9a-7959-07544679dafd,aa616abe-1761-0c9a-8cdd-8e3d599fa386,laboratory,5802-4,Nitrite [Presence] in Urine by Test strip,Nitrite not detected in urine (finding),{nominal},text
2023-11-08T09:38:04Z,aa616abe-1761-0c9a-7959-07544679dafd,aa616abe-1761-0c9a-8cdd-8e3d599fa386,laboratory,5794-3,Hemoglobin [Presence] in Urine by Test strip,Blood not detected in urine (finding),{nominal},text
2023-11-08T09:38:04Z,aa616abe-1761-0c9a-7959-07544679dafd,aa616abe-1761-0c9a-8cdd-8e3d599fa386,laboratory,5799-2,Leukocyte esterase [Presence] in Urine by Test strip,Urine leukocytes not detected (finding),{nominal},text
2023-11-08T09:38:04Z,aa616abe-1761-0c9a-7959-07544679dafd,aa616abe-1761-0c9a-8cdd-8e3d599fa386,laboratory,4548-4,Hemoglobin A1c/Hemoglobin.total in Blood,5.4,%,numeric
2023-11-08T09:38:04Z,aa616abe-1761-0c9a-7959-07544679dafd,aa616abe-1761-0c9a-8cdd-8e3d599fa386,vital-signs,8302-2,Body Height,164.6,cm,numeric
2023-11-08T09:38:04Z,aa616abe-1761-0c9a-7959-07544679dafd,aa616abe-1761-0c9a-8cdd-8e3d599fa386,vital-signs,72514-3,Pain severity - 0-10 verbal numeric rating [Score] - Reported,3.0,{score},numeric
2023-11-08T09:38:04Z,aa616abe-1761-0c9a-7959-07544679dafd,aa616abe-1761-0c9a-8cdd-8e3d599fa386,vital-signs,29463-7,Body Weight,75.2,kg,numeric
2023-11-08T09:38:04Z,aa616abe-1761-0c9a-7959-07544679dafd,aa616abe-1761-0c9a-8cdd-8e3d599fa386,vital-signs,39156-5,Body mass index (BMI) [Ratio],27.8,kg/m2,numeric
2023-11-08T09:38:04Z,aa616abe-1761-0c9a-7959-07544679dafd,aa616abe-1761-0c9a-8cdd-8e3d599fa386,vital-signs,8462-4,Diastolic Blood Pressure,75.0,mm[Hg],numeric
2023-11-08T09:38:04Z,aa616abe-1761-0c9a-7959-07544679dafd,aa616abe-1761-0c9a-8cdd-8e3d599fa386,vital-signs,8480-6,Systolic Blood Pressure,105.0,mm[Hg],numeric
2023-11-08T09:38:04Z,aa616abe-1761-0c9a-7959-07544679dafd,aa616abe-1761-0c9a-8cdd-8e3d599fa386,vital-signs,8867-4,Heart rate,81.0,/min,numeric
2023-11-08T09:38:04Z,aa616abe-1761-0c9a-7959-07544679dafd,aa616abe-1761-0c9a-8cdd-8e3d599fa386,vital-signs,9279-1,Respiratory rate,16.0,/min,numeric
2023-11-08T09:38:04Z,aa616abe-1761-0c9a-7959-07544679dafd,aa616abe-1761-0c9a-8cdd-8e3d599fa386,laboratory,2339-0,Glucose [Mass/volume] in Blood,64.1,mg/dL,numeric
2023-11-08T09:38:04Z,aa616abe-1761-0c9a-7959-07544679dafd,aa616abe-1761-0c9a-8cdd-8e3d599fa386,laboratory,6299-2,Urea nitrogen [Mass/volume] in Blood,14.5,mg/dL,numeric
2023-11-08T09:38:04Z,aa616abe-1761-0c9a-7959-07544679dafd,aa616abe-1761-0c9a-8cdd-8e3d599fa386,laboratory,38483-4,Creatinine [Mass/volume] in Blood,1.7,mg/dL,numeric
2023-11-08T09:38:04Z,aa616abe-1761-0c9a-7959-07544679dafd,aa616abe-1761-0c9a-8cdd-8e3d599fa386,laboratory,49765-1,Calcium [Mass/volume] in Blood,9.0,mg/dL,numeric
2023-11-08T09:38:04Z,aa616abe-1761-0c9a-7959-07544679dafd,aa616abe-1761-0c9a-8cdd-8e3d599fa386,laboratory,2947-0,Sodium [Moles/volume] in Blood,137.1,mmol/L,numeric
2023-11-08T09:38:04Z,aa616abe-1761-0c9a-7959-07544679dafd,aa616abe-1761-0c9a-8cdd-8e3d599fa386,laboratory,6298-4,Potassium [Moles/volume] in Blood,4.6,mmol/L,numeric
2023-11-08T09:38:04Z,aa616abe-1761-0c9a-7959-07544679dafd,aa616abe-1761-0c9a-8cdd-8e3d599fa386,laboratory,2069-3,Chloride [Moles/volume] in Blood,105.3,mmol/L,numeric
2023-11-08T09:38:04Z,aa616abe-1761-0c9a-7959-07544679dafd,aa616abe-1761-0c9a-8cdd-8e3d599fa386,laboratory,20565-8,Carbon dioxide  total [Moles/volume] in Blood,23.8,mmol/L,numeric
2023-11-08T09:38:04Z,aa616abe-1761-0c9a-7959-07544679dafd,aa616abe-1761-0c9a-8cdd-8e3d599fa386,laboratory,2093-3,Cholesterol [Mass/volume] in Serum or Plasma,167.9,mg/dL,numeric
2023-11-08T09:38:04Z,aa616abe-1761-0c9a-7959-07544679dafd,aa616abe-1761-0c9a-8cdd-8e3d599fa386,laboratory,2571-8,Triglyceride [Mass/volume] in Serum or Plasma,148.3,mg/dL,numeric
2023-11-08T09:38:04Z,aa616abe-1761-0c9a-7959-07544679dafd,aa616abe-1761-0c9a-8cdd-8e3d599fa386,laboratory,18262-6,Cholesterol in LDL [Mass/volume] in Serum or Plasma by Direct assay,84.2,mg/dL,numeric
2023-11-08T09:38:04Z,aa616abe-1761-0c9a-7959-07544679dafd,aa616abe-1761-0c9a-8cdd-8e3d599fa386,laboratory,2085-9,Cholesterol in HDL [Mass/volume] in Serum or Plasma,54.0,mg/dL,numeric
2023-11-08T09:38:04Z,aa616abe-1761-0c9a-7959-07544679dafd,aa616abe-1761-0c9a-8cdd-8e3d599fa386,laboratory,14959-1,Microalbumin/Creatinine [Mass Ratio] in Urine,18.1,mg/g,numeric
2023-11-08T09:38:04Z,aa616abe-1761-0c9a-7959-07544679dafd,aa616abe-1761-0c9a-8cdd-8e3d599fa386,laboratory,33914-3,Glomerular filtration rate [Volume Rate/Area] in Serum or Plasma by Creatinine-based formula (MDRD)/1.73 sq M,36.0,mL/min/{1.73_m2},numeric
2023-11-08T09:38:04Z,aa616abe-1761-0c9a-7959-07544679dafd,aa616abe-1761-0c9a-8cdd-8e3d599fa386,social-history,72166-2,Tobacco smoking status,Never smoked tobacco (finding),,text
2023-11-08T10:16:15Z,aa616abe-1761-0c9a-7959-07544679dafd,aa616abe-1761-0c9a-8cdd-8e3d599fa386,survey,76501-6,Within the last year  have you been afraid of your partner or ex-partner,No,,text
2023-11-08T10:16:15Z,aa616abe-1761-0c9a-7959-07544679dafd,aa616abe-1761-0c9a-8cdd-8e3d599fa386,survey,93026-3,Do you feel physically and emotionally safe where you currently live [PRAPARE],Yes,,text
2023-11-08T10:16:15Z,aa616abe-1761-0c9a-7959-07544679dafd,aa616abe-1761-0c9a-8cdd-8e3d599fa386,survey,93027-1,Are you a refugee,No,,text
2023-11-08T10:16:15Z,aa616abe-1761-0c9a-7959-07544679dafd,aa616abe-1761-0c9a-8cdd-8e3d599fa386,survey,93028-9,Have you spent more than 2 nights in a row in a jail  prison  detention center  or juvenile correctional facility in past 1 year [PRAPARE],Yes,,text
2023-11-08T10:16:15Z,aa616abe-1761-0c9a-7959-07544679dafd,aa616abe-1761-0c9a-8cdd-8e3d599fa386,survey,93038-8,Stress level,Not at all,,text
2023-11-08T10:16:15Z,aa616abe-1761-0c9a-7959-07544679dafd,aa616abe-1761-0c9a-8cdd-8e3d599fa386,survey,93029-7,How often do you see or talk to people that you care about and feel close to [PRAPARE],5 or more times a week,,text
2023-11-08T10:16:15Z,aa616abe-1761-0c9a-7959-07544679dafd,aa616abe-1761-0c9a-8cdd-8e3d599fa386,survey,93030-5,Has lack of transportation kept you from medical appointments  meetings  work  or from getting things needed for daily living,No,,text
2023-11-08T10:16:15Z,aa616abe-1761-0c9a-7959-07544679dafd,aa616abe-1761-0c9a-8cdd-8e3d599fa386,survey,93031-3,Have you or any family members you live with been unable to get any of the following when it was really needed in past 1 year [PRAPARE],Food,,text
2023-11-08T10:16:15Z,aa616abe-1761-0c9a-7959-07544679dafd,aa616abe-1761-0c9a-8cdd-8e3d599fa386,survey,63586-2,What was your best estimate of the total income of all family members from all sources  before taxes  in last year [PhenX],15504,/a,text
2023-11-08T10:16:15Z,aa616abe-1761-0c9a-7959-07544679dafd,aa616abe-1761-0c9a-8cdd-8e3d599fa386,survey,76437-3,Primary insurance,Medicaid,,text
2023-11-08T10:16:15Z,aa616abe-1761-0c9a-7959-07544679dafd,aa616abe-1761-0c9a-8cdd-8e3d599fa386,survey,67875-5,Employment status - current,Full-time work,,text
2023-11-08T10:16:15Z,aa616abe-1761-0c9a-7959-07544679dafd,aa616abe-1761-0c9a-8cdd-8e3d599fa386,survey,82589-3,Highest level of education,High school diploma or GED,,text
2023-11-08T10:16:15Z,aa616abe-1761-0c9a-7959-07544679dafd,aa616abe-1761-0c9a-8cdd-8e3d599fa386,survey,56799-0,Address,997 Grant Row Unit 85,,text
2023-11-08T10:16:15Z,aa616abe-1761-0c9a-7959-07544679dafd,aa616abe-1761-0c9a-8cdd-8e3d599fa386,survey,93033-9,Are you worried about losing your housing [PRAPARE],No,,text
2023-11-08T10:16:15Z,aa616abe-1761-0c9a-7959-07544679dafd,aa616abe-1761-0c9a-8cdd-8e3d599fa386,survey,71802-3,Housing status,I have housing,,text
2023-11-08T10:16:15Z,aa616abe-1761-0c9a-7959-07544679dafd,aa616abe-1761-0c9a-8cdd-8e3d599fa386,survey,63512-8,How many people are living or staying at this address [#],6.0,{#},numeric
2023-11-08T10:16:15Z,aa616abe-1761-0c9a-7959-07544679dafd,aa616abe-1761-0c9a-8cdd-8e3d599fa386,survey,54899-0,Preferred language,English,,text
2023-11-08T10:16:15Z,aa616abe-1761-0c9a-7959-07544679dafd,aa616abe-1761-0c9a-8cdd-8e3d599fa386,survey,93034-7,Discharged from the U.S. Armed Forces,No,,text
2023-11-08T10:16:15Z,aa616abe-1761-0c9a-7959-07544679dafd,aa616abe-1761-0c9a-8cdd-8e3d599fa386,survey,93035-4,Has season or migrant farm work been your or your family's main source of income at any point in past 2 years [PRAPARE],No,,text
2023-11-08T10:16:15Z,aa616abe-1761-0c9a-7959-07544679dafd,aa616abe-1761-0c9a-8cdd-8e3d599fa386,survey,32624-9,Race,White,,text
2023-11-08T10:16:15Z,aa616abe-1761-0c9a-7959-07544679dafd,aa616abe-1761-0c9a-8cdd-8e3d599fa386,survey,56051-6,Hispanic or Latino,No,,text
2023-11-08T10:40:03Z,aa616abe-1761-0c9a-7959-07544679dafd,aa616abe-1761-0c9a-8cdd-8e3d599fa386,survey,70274-6,Generalized anxiety disorder 7 item (GAD-7) total score [Reported.PHQ],2.0,{score},numeric
2023-11-08T11:07:15Z,aa616abe-1761-0c9a-7959-07544679dafd,aa616abe-1761-0c9a-8cdd-8e3d599fa386,survey,59460-6,Fall risk total [Morse Fall Scale],38.0,{#},numeric
2023-11-08T11:07:15Z,aa616abe-1761-0c9a-7959-07544679dafd,aa616abe-1761-0c9a-8cdd-8e3d599fa386,survey,59461-4,Fall risk level [Morse Fall Scale],Moderate Risk (MFS Score 25 - 45),,text
2023-11-08T11:43:29Z,aa616abe-1761-0c9a-7959-07544679dafd,aa616abe-1761-0c9a-8cdd-8e3d599fa386,survey,55758-7,Patient Health Questionnaire 2 item (PHQ-2) total score [Reported],2.0,{score},numeric
2023-11-08T12:18:25Z,aa616abe-1761-0c9a-7959-07544679dafd,aa616abe-1761-0c9a-8cdd-8e3d599fa386,survey,82667-7,Total score [DAST-10],2.0,{score},numeric
2023-11-15T09:38:04Z,aa616abe-1761-0c9a-7959-07544679dafd,aa616abe-1761-0c9a-dff6-d2fd242f9d94,laboratory,2345-7,Glucose [Mass/volume] in Serum or Plasma,73.4,mg/dL,numeric
2023-11-15T09:38:04Z,aa616abe-1761-0c9a-7959-07544679dafd,aa616abe-1761-0c9a-dff6-d2fd242f9d94,laboratory,3094-0,Urea nitrogen [Mass/volume] in Serum or Plasma,12.0,mg/dL,numeric
2023-11-15T09:38:04Z,aa616abe-1761-0c9a-7959-07544679dafd,aa616abe-1761-0c9a-dff6-d2fd242f9d94,laboratory,2160-0,Creatinine [Mass/volume] in Serum or Plasma,1.9,mg/dL,numeric
2023-11-15T09:38:04Z,aa616abe-1761-0c9a-7959-07544679dafd,aa616abe-1761-0c9a-dff6-d2fd242f9d94,laboratory,17861-6,Calcium [Mass/volume] in Serum or Plasma,9.2,mg/dL,numeric
2023-11-15T09:38:04Z,aa616abe-1761-0c9a-7959-07544679dafd,aa616abe-1761-0c9a-dff6-d2fd242f9d94,laboratory,2951-2,Sodium [Moles/volume] in Serum or Plasma,136.5,mmol/L,numeric
2023-11-15T09:38:04Z,aa616abe-1761-0c9a-7959-07544679dafd,aa616abe-1761-0c9a-dff6-d2fd242f9d94,laboratory,2823-3,Potassium [Moles/volume] in Serum or Plasma,4.8,mmol/L,numeric
2023-11-15T09:38:04Z,aa616abe-1761-0c9a-7959-07544679dafd,aa616abe-1761-0c9a-dff6-d2fd242f9d94,laboratory,2075-0,Chloride [Moles/volume] in Serum or Plasma,109.9,mmol/L,numeric
2023-11-15T09:38:04Z,aa616abe-1761-0c9a-7959-07544679dafd,aa616abe-1761-0c9a-dff6-d2fd242f9d94,laboratory,2028-9,Carbon dioxide  total [Moles/volume] in Serum or Plasma,20.9,mmol/L,numeric
2023-11-15T09:38:04Z,aa616abe-1761-0c9a-7959-07544679dafd,aa616abe-1761-0c9a-dff6-d2fd242f9d94,laboratory,33914-3,Glomerular filtration rate [Volume Rate/Area] in Serum or Plasma by Creatinine-based formula (MDRD)/1.73 sq M,73.4,mL/min/{1.73_m2},numeric
2023-11-15T09:38:04Z,aa616abe-1761-0c9a-7959-07544679dafd,aa616abe-1761-0c9a-dff6-d2fd242f9d94,laboratory,5767-9,Appearance of Urine,Cloudy urine (finding),{nominal},text
2023-11-15T09:38:04Z,aa616abe-1761-0c9a-7959-07544679dafd,aa616abe-1761-0c9a-dff6-d2fd242f9d94,laboratory,34533-0,Odor of Urine,Urine smell ammoniacal (finding),{nominal},text
2023-11-15T09:38:04Z,aa616abe-1761-0c9a-7959-07544679dafd,aa616abe-1761-0c9a-dff6-d2fd242f9d94,laboratory,32167-9,Clarity of Urine,Translucent (qualifier value),{nominal},text
2023-11-15T09:38:04Z,aa616abe-1761-0c9a-7959-07544679dafd,aa616abe-1761-0c9a-dff6-d2fd242f9d94,laboratory,5778-6,Color of Urine,Brown color (qualifier value),{nominal},text
2023-11-15T09:38:04Z,aa616abe-1761-0c9a-7959-07544679dafd,aa616abe-1761-0c9a-dff6-d2fd242f9d94,laboratory,5792-7,Glucose [Mass/volume] in Urine by Test strip,0.6,mg/dL,numeric
2023-11-15T09:38:04Z,aa616abe-1761-0c9a-7959-07544679dafd,aa616abe-1761-0c9a-dff6-d2fd242f9d94,laboratory,25428-4,Glucose [Presence] in Urine by Test strip,Urine glucose test = ++ (finding),{nominal},text
2023-11-15T09:38:04Z,aa616abe-1761-0c9a-7959-07544679dafd,aa616abe-1761-0c9a-dff6-d2fd242f9d94,laboratory,20505-4,Bilirubin.total [Mass/volume] in Urine by Test strip,0.6,mg/dL,numeric
2023-11-15T09:38:04Z,aa616abe-1761-0c9a-7959-07544679dafd,aa616abe-1761-0c9a-dff6-d2fd242f9d94,laboratory,5770-3,Bilirubin.total [Presence] in Urine by Test strip,Finding of bilirubin in urine (finding),{nominal},text
2023-11-15T09:38:04Z,aa616abe-1761-0c9a-7959-07544679dafd,aa616abe-1761-0c9a-dff6-d2fd242f9d94,laboratory,5797-6,Ketones [Mass/volume] in Urine by Test strip,16.1,mg/dL,numeric
2023-11-15T09:38:04Z,aa616abe-1761-0c9a-7959-07544679dafd,aa616abe-1761-0c9a-dff6-d2fd242f9d94,laboratory,2514-8,Ketones [Presence] in Urine by Test strip,Urine ketone test = + (finding),{nominal},text
2023-11-15T09:38:04Z,aa616abe-1761-0c9a-7959-07544679dafd,aa616abe-1761-0c9a-dff6-d2fd242f9d94,laboratory,5811-5,Specific gravity of Urine by Test strip,1.0,{nominal},numeric
2023-11-15T09:38:04Z,aa616abe-1761-0c9a-7959-07544679dafd,aa616abe-1761-0c9a-dff6-d2fd242f9d94,laboratory,5803-2,pH of Urine by Test strip,5.7,pH,numeric
2023-11-15T09:38:04Z,aa616abe-1761-0c9a-7959-07544679dafd,aa616abe-1761-0c9a-dff6-d2fd242f9d94,laboratory,5804-0,Protein [Mass/volume] in Urine by Test strip,200.4,mg/dL,numeric
2023-11-15T09:38:04Z,aa616abe-1761-0c9a-7959-07544679dafd,aa616abe-1761-0c9a-dff6-d2fd242f9d94,laboratory,20454-5,Protein [Presence] in Urine by Test strip,Urine protein test = ++ (finding),{nominal},text
2023-11-15T09:38:04Z,aa616abe-1761-0c9a-7959-07544679dafd,aa616abe-1761-0c9a-dff6-d2fd242f9d94,laboratory,5802-4,Nitrite [Presence] in Urine by Test strip,Nitrite not detected in urine (finding),{nominal},text
2023-11-15T09:38:04Z,aa616abe-1761-0c9a-7959-07544679dafd,aa616abe-1761-0c9a-dff6-d2fd242f9d94,laboratory,5794-3,Hemoglobin [Presence] in Urine by Test strip,Blood not detected in urine (finding),{nominal},text
2023-11-15T09:38:04Z,aa616abe-1761-0c9a-7959-07544679dafd,aa616abe-1761-0c9a-dff6-d2fd242f9d94,laboratory,5799-2,Leukocyte esterase [Presence] in Urine by Test strip,Urine leukocytes not detected (finding),{nominal},text
2023-11-15T09:38:04Z,aa616abe-1761-0c9a-7959-07544679dafd,aa616abe-1761-0c9a-dff6-d2fd242f9d94,laboratory,4548-4,Hemoglobin A1c/Hemoglobin.total in Blood,5.4,%,numeric
2023-11-22T09:38:04Z,aa616abe-1761-0c9a-7959-07544679dafd,aa616abe-1761-0c9a-17b7-6db2e594fffb,laboratory,2345-7,Glucose [Mass/volume] in Serum or Plasma,83.3,mg/dL,numeric
2023-11-22T09:38:04Z,aa616abe-1761-0c9a-7959-07544679dafd,aa616abe-1761-0c9a-17b7-6db2e594fffb,laboratory,3094-0,Urea nitrogen [Mass/volume] in Serum or Plasma,12.2,mg/dL,numeric
2023-11-22T09:38:04Z,aa616abe-1761-0c9a-7959-07544679dafd,aa616abe-1761-0c9a-17b7-6db2e594fffb,laboratory,2160-0,Creatinine [Mass/volume] in Serum or Plasma,2.1,mg/dL,numeric
2023-11-22T09:38:04Z,aa616abe-1761-0c9a-7959-07544679dafd,aa616abe-1761-0c9a-17b7-6db2e594fffb,laboratory,17861-6,Calcium [Mass/volume] in Serum or Plasma,9.6,mg/dL,numeric
2023-11-22T09:38:04Z,aa616abe-1761-0c9a-7959-07544679dafd,aa616abe-1761-0c9a-17b7-6db2e594fffb,laboratory,2951-2,Sodium [Moles/volume] in Serum or Plasma,141.9,mmol/L,numeric
2023-11-22T09:38:04Z,aa616abe-1761-0c9a-7959-07544679dafd,aa616abe-1761-0c9a-17b7-6db2e594fffb,laboratory,2823-3,Potassium [Moles/volume] in Serum or Plasma,4.4,mmol/L,numeric
2023-11-22T09:38:04Z,aa616abe-1761-0c9a-7959-07544679dafd,aa616abe-1761-0c9a-17b7-6db2e594fffb,laboratory,2075-0,Chloride [Moles/volume] in Serum or Plasma,104.7,mmol/L,numeric
2023-11-22T09:38:04Z,aa616abe-1761-0c9a-7959-07544679dafd,aa616abe-1761-0c9a-17b7-6db2e594fffb,laboratory,2028-9,Carbon dioxide  total [Moles/volume] in Serum or Plasma,20.2,mmol/L,numeric
2023-11-22T09:38:04Z,aa616abe-1761-0c9a-7959-07544679dafd,aa616abe-1761-0c9a-17b7-6db2e594fffb,laboratory,33914-3,Glomerular filtration rate [Volume Rate/Area] in Serum or Plasma by Creatinine-based formula (MDRD)/1.73 sq M,67.9,mL/min/{1.73_m2},numeric
2023-11-22T09:38:04Z,aa616abe-1761-0c9a-7959-07544679dafd,aa616abe-1761-0c9a-17b7-6db2e594fffb,laboratory,5767-9,Appearance of Urine,Cloudy urine (finding),{nominal},text
2023-11-22T09:38:04Z,aa616abe-1761-0c9a-7959-07544679dafd,aa616abe-1761-0c9a-17b7-6db2e594fffb,laboratory,34533-0,Odor of Urine,Urine smell ammoniacal (finding),{nominal},text
2023-11-22T09:38:04Z,aa616abe-1761-0c9a-7959-07544679dafd,aa616abe-1761-0c9a-17b7-6db2e594fffb,laboratory,32167-9,Clarity of Urine,Translucent (qualifier value),{nominal},text
2023-11-22T09:38:04Z,aa616abe-1761-0c9a-7959-07544679dafd,aa616abe-1761-0c9a-17b7-6db2e594fffb,laboratory,5778-6,Color of Urine,Brown color (qualifier value),{nominal},text
2023-11-22T09:38:04Z,aa616abe-1761-0c9a-7959-07544679dafd,aa616abe-1761-0c9a-17b7-6db2e594fffb,laboratory,5792-7,Glucose [Mass/volume] in Urine by Test strip,1.8,mg/dL,numeric
2023-11-22T09:38:04Z,aa616abe-1761-0c9a-7959-07544679dafd,aa616abe-1761-0c9a-17b7-6db2e594fffb,laboratory,25428-4,Glucose [Presence] in Urine by Test strip,Urine glucose test = ++ (finding),{nominal},text
2023-11-22T09:38:04Z,aa616abe-1761-0c9a-7959-07544679dafd,aa616abe-1761-0c9a-17b7-6db2e594fffb,laboratory,20505-4,Bilirubin.total [Mass/volume] in Urine by Test strip,0.9,mg/dL,numeric
2023-11-22T09:38:04Z,aa616abe-1761-0c9a-7959-07544679dafd,aa616abe-1761-0c9a-17b7-6db2e594fffb,laboratory,5770-3,Bilirubin.total [Presence] in Urine by Test strip,Finding of bilirubin in urine (finding),{nominal},text
2023-11-22T09:38:04Z,aa616abe-1761-0c9a-7959-07544679dafd,aa616abe-1761-0c9a-17b7-6db2e594fffb,laboratory,5797-6,Ketones [Mass/volume] in Urine by Test strip,13.4,mg/dL,numeric
2023-11-22T09:38:04Z,aa616abe-1761-0c9a-7959-07544679dafd,aa616abe-1761-0c9a-17b7-6db2e594fffb,laboratory,2514-8,Ketones [Presence] in Urine by Test strip,Urine ketone test = + (finding),{nominal},text
2023-11-22T09:38:04Z,aa616abe-1761-0c9a-7959-07544679dafd,aa616abe-1761-0c9a-17b7-6db2e594fffb,laboratory,5811-5,Specific gravity of Urine by Test strip,1.0,{nominal},numeric
2023-11-22T09:38:04Z,aa616abe-1761-0c9a-7959-07544679dafd,aa616abe-1761-0c9a-17b7-6db2e594fffb,laboratory,5803-2,pH of Urine by Test strip,6.6,pH,numeric
2023-11-22T09:38:04Z,aa616abe-1761-0c9a-7959-07544679dafd,aa616abe-1761-0c9a-17b7-6db2e594fffb,laboratory,5804-0,Protein [Mass/volume] in Urine by Test strip,199.1,mg/dL,numeric
2023-11-22T09:38:04Z,aa616abe-1761-0c9a-7959-07544679dafd,aa616abe-1761-0c9a-17b7-6db2e594fffb,laboratory,20454-5,Protein [Presence] in Urine by Test strip,Urine protein test = ++ (finding),{nominal},text
2023-11-22T09:38:04Z,aa616abe-1761-0c9a-7959-07544679dafd,aa616abe-1761-0c9a-17b7-6db2e594fffb,laboratory,5802-4,Nitrite [Presence] in Urine by Test strip,Nitrite not detected in urine (finding),{nominal},text
2023-11-22T09:38:04Z,aa616abe-1761-0c9a-7959-07544679dafd,aa616abe-1761-0c9a-17b7-6db2e594fffb,laboratory,5794-3,Hemoglobin [Presence] in Urine by Test strip,Blood not detected in urine (finding),{nominal},text
2023-11-22T09:38:04Z,aa616abe-1761-0c9a-7959-07544679dafd,aa616abe-1761-0c9a-17b7-6db2e594fffb,laboratory,5799-2,Leukocyte esterase [Presence] in Urine by Test strip,Urine leukocytes not detected (finding),{nominal},text
2023-11-22T09:38:04Z,aa616abe-1761-0c9a-7959-07544679dafd,aa616abe-1761-0c9a-17b7-6db2e594fffb,laboratory,4548-4,Hemoglobin A1c/Hemoglobin.total in Blood,5.4,%,numeric
2023-11-22T09:38:04Z,aa616abe-1761-0c9a-7959-07544679dafd,aa616abe-1761-0c9a-17b7-6db2e594fffb,vital-signs,8302-2,Body Height,164.6,cm,numeric
2023-11-22T09:38:04Z,aa616abe-1761-0c9a-7959-07544679dafd,aa616abe-1761-0c9a-17b7-6db2e594fffb,vital-signs,72514-3,Pain severity - 0-10 verbal numeric rating [Score] - Reported,1.0,{score},numeric
2023-11-22T09:38:04Z,aa616abe-1761-0c9a-7959-07544679dafd,aa616abe-1761-0c9a-17b7-6db2e594fffb,vital-signs,29463-7,Body Weight,75.2,kg,numeric
2023-11-22T09:38:04Z,aa616abe-1761-0c9a-7959-07544679dafd,aa616abe-1761-0c9a-17b7-6db2e594fffb,vital-signs,39156-5,Body mass index (BMI) [Ratio],27.8,kg/m2,numeric
2023-11-22T09:38:04Z,aa616abe-1761-0c9a-7959-07544679dafd,aa616abe-1761-0c9a-17b7-6db2e594fffb,vital-signs,8462-4,Diastolic Blood Pressure,71.0,mm[Hg],numeric
2023-11-22T09:38:04Z,aa616abe-1761-0c9a-7959-07544679dafd,aa616abe-1761-0c9a-17b7-6db2e594fffb,vital-signs,8480-6,Systolic Blood Pressure,98.0,mm[Hg],numeric
2023-11-22T09:38:04Z,aa616abe-1761-0c9a-7959-07544679dafd,aa616abe-1761-0c9a-17b7-6db2e594fffb,vital-signs,8867-4,Heart rate,63.0,/min,numeric
2023-11-22T09:38:04Z,aa616abe-1761-0c9a-7959-07544679dafd,aa616abe-1761-0c9a-17b7-6db2e594fffb,vital-signs,9279-1,Respiratory rate,15.0,/min,numeric
2023-11-22T09:38:04Z,aa616abe-1761-0c9a-7959-07544679dafd,aa616abe-1761-0c9a-17b7-6db2e594fffb,laboratory,2339-0,Glucose [Mass/volume] in Blood,83.3,mg/dL,numeric
2023-11-22T09:38:04Z,aa616abe-1761-0c9a-7959-07544679dafd,aa616abe-1761-0c9a-17b7-6db2e594fffb,laboratory,6299-2,Urea nitrogen [Mass/volume] in Blood,12.2,mg/dL,numeric
2023-11-22T09:38:04Z,aa616abe-1761-0c9a-7959-07544679dafd,aa616abe-1761-0c9a-17b7-6db2e594fffb,laboratory,38483-4,Creatinine [Mass/volume] in Blood,1.1,mg/dL,numeric
2023-11-22T09:38:04Z,aa616abe-1761-0c9a-7959-07544679dafd,aa616abe-1761-0c9a-17b7-6db2e594fffb,laboratory,49765-1,Calcium [Mass/volume] in Blood,9.6,mg/dL,numeric
2023-11-22T09:38:04Z,aa616abe-1761-0c9a-7959-07544679dafd,aa616abe-1761-0c9a-17b7-6db2e594fffb,laboratory,2947-0,Sodium [Moles/volume] in Blood,141.9,mmol/L,numeric
2023-11-22T09:38:04Z,aa616abe-1761-0c9a-7959-07544679dafd,aa616abe-1761-0c9a-17b7-6db2e594fffb,laboratory,6298-4,Potassium [Moles/volume] in Blood,4.4,mmol/L,numeric
2023-11-22T09:38:04Z,aa616abe-1761-0c9a-7959-07544679dafd,aa616abe-1761-0c9a-17b7-6db2e594fffb,laboratory,2069-3,Chloride [Moles/volume] in Blood,104.7,mmol/L,numeric
2023-11-22T09:38:04Z,aa616abe-1761-0c9a-7959-07544679dafd,aa616abe-1761-0c9a-17b7-6db2e594fffb,laboratory,20565-8,Carbon dioxide  total [Moles/volume] in Blood,20.2,mmol/L,numeric
2023-11-22T09:38:04Z,aa616abe-1761-0c9a-7959-07544679dafd,aa616abe-1761-0c9a-17b7-6db2e594fffb,laboratory,2093-3,Cholesterol [Mass/volume] in Serum or Plasma,165.9,mg/dL,numeric
2023-11-22T09:38:04Z,aa616abe-1761-0c9a-7959-07544679dafd,aa616abe-1761-0c9a-17b7-6db2e594fffb,laboratory,2571-8,Triglyceride [Mass/volume] in Serum or Plasma,110.8,mg/dL,numeric
2023-11-22T09:38:04Z,aa616abe-1761-0c9a-7959-07544679dafd,aa616abe-1761-0c9a-17b7-6db2e594fffb,laboratory,18262-6,Cholesterol in LDL [Mass/volume] in Serum or Plasma by Direct assay,88.8,mg/dL,numeric
2023-11-22T09:38:04Z,aa616abe-1761-0c9a-7959-07544679dafd,aa616abe-1761-0c9a-17b7-6db2e594fffb,laboratory,2085-9,Cholesterol in HDL [Mass/volume] in Serum or Plasma,54.9,mg/dL,numeric
2023-11-22T09:38:04Z,aa616abe-1761-0c9a-7959-07544679dafd,aa616abe-1761-0c9a-17b7-6db2e594fffb,laboratory,14959-1,Microalbumin/Creatinine [Mass Ratio] in Urine,23.7,mg/g,numeric
2023-11-22T09:38:04Z,aa616abe-1761-0c9a-7959-07544679dafd,aa616abe-1761-0c9a-17b7-6db2e594fffb,laboratory,33914-3,Glomerular filtration rate [Volume Rate/Area] in Serum or Plasma by Creatinine-based formula (MDRD)/1.73 sq M,56.3,mL/min/{1.73_m2},numeric
2023-11-22T09:38:04Z,aa616abe-1761-0c9a-7959-07544679dafd,aa616abe-1761-0c9a-17b7-6db2e594fffb,social-history,72166-2,Tobacco smoking status,Never smoked tobacco (finding),,text
2023-11-22T10:14:54Z,aa616abe-1761-0c9a-7959-07544679dafd,aa616abe-1761-0c9a-17b7-6db2e594fffb,survey,76501-6,Within the last year  have you been afraid of your partner or ex-partner,No,,text
2023-11-22T10:14:54Z,aa616abe-1761-0c9a-7959-07544679dafd,aa616abe-1761-0c9a-17b7-6db2e594fffb,survey,93026-3,Do you feel physically and emotionally safe where you currently live [PRAPARE],Yes,,text
2023-11-22T10:14:54Z,aa616abe-1761-0c9a-7959-07544679dafd,aa616abe-1761-0c9a-17b7-6db2e594fffb,survey,93027-1,Are you a refugee,No,,text
2023-11-22T10:14:54Z,aa616abe-1761-0c9a-7959-07544679dafd,aa616abe-1761-0c9a-17b7-6db2e594fffb,survey,93028-9,Have you spent more than 2 nights in a row in a jail  prison  detention center  or juvenile correctional facility in past 1 year [PRAPARE],Yes,,text
2023-11-22T10:14:54Z,aa616abe-1761-0c9a-7959-07544679dafd,aa616abe-1761-0c9a-17b7-6db2e594fffb,survey,93038-8,Stress level,Very much,,text
2023-11-22T10:14:54Z,aa616abe-1761-0c9a-7959-07544679dafd,aa616abe-1761-0c9a-17b7-6db2e594fffb,survey,93029-7,How often do you see or talk to people that you care about and feel close to [PRAPARE],5 or more times a week,,text
2023-11-22T10:14:54Z,aa616abe-1761-0c9a-7959-07544679dafd,aa616abe-1761-0c9a-17b7-6db2e594fffb,survey,93030-5,Has lack of transportation kept you from medical appointments  meetings  work  or from getting things needed for daily living,No,,text
2023-11-22T10:14:54Z,aa616abe-1761-0c9a-7959-07544679dafd,aa616abe-1761-0c9a-17b7-6db2e594fffb,survey,93031-3,Have you or any family members you live with been unable to get any of the following when it was really needed in past 1 year [PRAPARE],I choose not to answer this question,,text
2023-11-22T10:14:54Z,aa616abe-1761-0c9a-7959-07544679dafd,aa616abe-1761-0c9a-17b7-6db2e594fffb,survey,63586-2,What was your best estimate of the total income of all family members from all sources  before taxes  in last year [PhenX],15504,/a,text
2023-11-22T10:14:54Z,aa616abe-1761-0c9a-7959-07544679dafd,aa616abe-1761-0c9a-17b7-6db2e594fffb,survey,76437-3,Primary insurance,Medicaid,,text
2023-11-22T10:14:54Z,aa616abe-1761-0c9a-7959-07544679dafd,aa616abe-1761-0c9a-17b7-6db2e594fffb,survey,67875-5,Employment status - current,Full-time work,,text
2023-11-22T10:14:54Z,aa616abe-1761-0c9a-7959-07544679dafd,aa616abe-1761-0c9a-17b7-6db2e594fffb,survey,82589-3,Highest level of education,High school diploma or GED,,text
2023-11-22T10:14:54Z,aa616abe-1761-0c9a-7959-07544679dafd,aa616abe-1761-0c9a-17b7-6db2e594fffb,survey,56799-0,Address,997 Grant Row Unit 85,,text
2023-11-22T10:14:54Z,aa616abe-1761-0c9a-7959-07544679dafd,aa616abe-1761-0c9a-17b7-6db2e594fffb,survey,93033-9,Are you worried about losing your housing [PRAPARE],No,,text
2023-11-22T10:14:54Z,aa616abe-1761-0c9a-7959-07544679dafd,aa616abe-1761-0c9a-17b7-6db2e594fffb,survey,71802-3,Housing status,I have housing,,text
2023-11-22T10:14:54Z,aa616abe-1761-0c9a-7959-07544679dafd,aa616abe-1761-0c9a-17b7-6db2e594fffb,survey,63512-8,How many people are living or staying at this address [#],6.0,{#},numeric
2023-11-22T10:14:54Z,aa616abe-1761-0c9a-7959-07544679dafd,aa616abe-1761-0c9a-17b7-6db2e594fffb,survey,54899-0,Preferred language,English,,text
2023-11-22T10:14:54Z,aa616abe-1761-0c9a-7959-07544679dafd,aa616abe-1761-0c9a-17b7-6db2e594fffb,survey,93034-7,Discharged from the U.S. Armed Forces,No,,text
2023-11-22T10:14:54Z,aa616abe-1761-0c9a-7959-07544679dafd,aa616abe-1761-0c9a-17b7-6db2e594fffb,survey,93035-4,Has season or migrant farm work been your or your family's main source of income at any point in past 2 years [PRAPARE],No,,text
2023-11-22T10:14:54Z,aa616abe-1761-0c9a-7959-07544679dafd,aa616abe-1761-0c9a-17b7-6db2e594fffb,survey,32624-9,Race,White,,text
2023-11-22T10:14:54Z,aa616abe-1761-0c9a-7959-07544679dafd,aa616abe-1761-0c9a-17b7-6db2e594fffb,survey,56051-6,Hispanic or Latino,No,,text
2023-11-22T10:54:27Z,aa616abe-1761-0c9a-7959-07544679dafd,aa616abe-1761-0c9a-17b7-6db2e594fffb,survey,55758-7,Patient Health Questionnaire 2 item (PHQ-2) total score [Reported],2.0,{score},numeric
2023-11-22T11:29:41Z,aa616abe-1761-0c9a-7959-07544679dafd,aa616abe-1761-0c9a-17b7-6db2e594fffb,survey,75626-2,Total score [AUDIT-C],4.0,{score},numeric
2023-12-20T09:38:04Z,aa616abe-1761-0c9a-7959-07544679dafd,aa616abe-1761-0c9a-565f-c4ea6986a7ae,laboratory,2345-7,Glucose [Mass/volume] in Serum or Plasma,93.3,mg/dL,numeric
2023-12-20T09:38:04Z,aa616abe-1761-0c9a-7959-07544679dafd,aa616abe-1761-0c9a-565f-c4ea6986a7ae,laboratory,3094-0,Urea nitrogen [Mass/volume] in Serum or Plasma,8.2,mg/dL,numeric
2023-12-20T09:38:04Z,aa616abe-1761-0c9a-7959-07544679dafd,aa616abe-1761-0c9a-565f-c4ea6986a7ae,laboratory,2160-0,Creatinine [Mass/volume] in Serum or Plasma,2.0,mg/dL,numeric
2023-12-20T09:38:04Z,aa616abe-1761-0c9a-7959-07544679dafd,aa616abe-1761-0c9a-565f-c4ea6986a7ae,laboratory,17861-6,Calcium [Mass/volume] in Serum or Plasma,10.0,mg/dL,numeric
2023-12-20T09:38:04Z,aa616abe-1761-0c9a-7959-07544679dafd,aa616abe-1761-0c9a-565f-c4ea6986a7ae,laboratory,2951-2,Sodium [Moles/volume] in Serum or Plasma,140.1,mmol/L,numeric
2023-12-20T09:38:04Z,aa616abe-1761-0c9a-7959-07544679dafd,aa616abe-1761-0c9a-565f-c4ea6986a7ae,laboratory,2823-3,Potassium [Moles/volume] in Serum or Plasma,3.8,mmol/L,numeric
2023-12-20T09:38:04Z,aa616abe-1761-0c9a-7959-07544679dafd,aa616abe-1761-0c9a-565f-c4ea6986a7ae,laboratory,2075-0,Chloride [Moles/volume] in Serum or Plasma,107.8,mmol/L,numeric
2023-12-20T09:38:04Z,aa616abe-1761-0c9a-7959-07544679dafd,aa616abe-1761-0c9a-565f-c4ea6986a7ae,laboratory,2028-9,Carbon dioxide  total [Moles/volume] in Serum or Plasma,27.0,mmol/L,numeric
2023-12-20T09:38:04Z,aa616abe-1761-0c9a-7959-07544679dafd,aa616abe-1761-0c9a-565f-c4ea6986a7ae,laboratory,33914-3,Glomerular filtration rate [Volume Rate/Area] in Serum or Plasma by Creatinine-based formula (MDRD)/1.73 sq M,75.5,mL/min/{1.73_m2},numeric
2023-12-20T09:38:04Z,aa616abe-1761-0c9a-7959-07544679dafd,aa616abe-1761-0c9a-565f-c4ea6986a7ae,laboratory,5767-9,Appearance of Urine,Cloudy urine (finding),{nominal},text
2023-12-20T09:38:04Z,aa616abe-1761-0c9a-7959-07544679dafd,aa616abe-1761-0c9a-565f-c4ea6986a7ae,laboratory,34533-0,Odor of Urine,Urine smell ammoniacal (finding),{nominal},text
2023-12-20T09:38:04Z,aa616abe-1761-0c9a-7959-07544679dafd,aa616abe-1761-0c9a-565f-c4ea6986a7ae,laboratory,32167-9,Clarity of Urine,Translucent (qualifier value),{nominal},text
2023-12-20T09:38:04Z,aa616abe-1761-0c9a-7959-07544679dafd,aa616abe-1761-0c9a-565f-c4ea6986a7ae,laboratory,5778-6,Color of Urine,Brown color (qualifier value),{nominal},text
2023-12-20T09:38:04Z,aa616abe-1761-0c9a-7959-07544679dafd,aa616abe-1761-0c9a-565f-c4ea6986a7ae,laboratory,5792-7,Glucose [Mass/volume] in Urine by Test strip,1.4,mg/dL,numeric
2023-12-20T09:38:04Z,aa616abe-1761-0c9a-7959-07544679dafd,aa616abe-1761-0c9a-565f-c4ea6986a7ae,laboratory,25428-4,Glucose [Presence] in Urine by Test strip,Urine glucose test = ++ (finding),{nominal},text
2023-12-20T09:38:04Z,aa616abe-1761-0c9a-7959-07544679dafd,aa616abe-1761-0c9a-565f-c4ea6986a7ae,laboratory,20505-4,Bilirubin.total [Mass/volume] in Urine by Test strip,0.8,mg/dL,numeric
2023-12-20T09:38:04Z,aa616abe-1761-0c9a-7959-07544679dafd,aa616abe-1761-0c9a-565f-c4ea6986a7ae,laboratory,5770-3,Bilirubin.total [Presence] in Urine by Test strip,Finding of bilirubin in urine (finding),{nominal},text
2023-12-20T09:38:04Z,aa616abe-1761-0c9a-7959-07544679dafd,aa616abe-1761-0c9a-565f-c4ea6986a7ae,laboratory,5797-6,Ketones [Mass/volume] in Urine by Test strip,4.1,mg/dL,numeric
2023-12-20T09:38:04Z,aa616abe-1761-0c9a-7959-07544679dafd,aa616abe-1761-0c9a-565f-c4ea6986a7ae,laboratory,2514-8,Ketones [Presence] in Urine by Test strip,Urine ketone test = + (finding),{nominal},text
2023-12-20T09:38:04Z,aa616abe-1761-0c9a-7959-07544679dafd,aa616abe-1761-0c9a-565f-c4ea6986a7ae,laboratory,5811-5,Specific gravity of Urine by Test strip,1.0,{nominal},numeric
2023-12-20T09:38:04Z,aa616abe-1761-0c9a-7959-07544679dafd,aa616abe-1761-0c9a-565f-c4ea6986a7ae,laboratory,5803-2,pH of Urine by Test strip,5.2,pH,numeric
2023-12-20T09:38:04Z,aa616abe-1761-0c9a-7959-07544679dafd,aa616abe-1761-0c9a-565f-c4ea6986a7ae,laboratory,5804-0,Protein [Mass/volume] in Urine by Test strip,306.4,mg/dL,numeric
2023-12-20T09:38:04Z,aa616abe-1761-0c9a-7959-07544679dafd,aa616abe-1761-0c9a-565f-c4ea6986a7ae,laboratory,20454-5,Protein [Presence] in Urine by Test strip,Urine protein test = ++ (finding),{nominal},text
2023-12-20T09:38:04Z,aa616abe-1761-0c9a-7959-07544679dafd,aa616abe-1761-0c9a-565f-c4ea6986a7ae,laboratory,5802-4,Nitrite [Presence] in Urine by Test strip,Nitrite not detected in urine (finding),{nominal},text
2023-12-20T09:38:04Z,aa616abe-1761-0c9a-7959-07544679dafd,aa616abe-1761-0c9a-565f-c4ea6986a7ae,laboratory,5794-3,Hemoglobin [Presence] in Urine by Test strip,Blood not detected in urine (finding),{nominal},text
2023-12-20T09:38:04Z,aa616abe-1761-0c9a-7959-07544679dafd,aa616abe-1761-0c9a-565f-c4ea6986a7ae,laboratory,5799-2,Leukocyte esterase [Presence] in Urine by Test strip,Urine leukocytes not detected (finding),{nominal},text
2023-12-20T09:38:04Z,aa616abe-1761-0c9a-7959-07544679dafd,aa616abe-1761-0c9a-565f-c4ea6986a7ae,laboratory,4548-4,Hemoglobin A1c/Hemoglobin.total in Blood,5.4,%,numeric
2023-12-20T09:38:04Z,aa616abe-1761-0c9a-7959-07544679dafd,aa616abe-1761-0c9a-565f-c4ea6986a7ae,vital-signs,8302-2,Body Height,164.6,cm,numeric
2023-12-20T09:38:04Z,aa616abe-1761-0c9a-7959-07544679dafd,aa616abe-1761-0c9a-565f-c4ea6986a7ae,vital-signs,72514-3,Pain severity - 0-10 verbal numeric rating [Score] - Reported,3.0,{score},numeric
2023-12-20T09:38:04Z,aa616abe-1761-0c9a-7959-07544679dafd,aa616abe-1761-0c9a-565f-c4ea6986a7ae,vital-signs,29463-7,Body Weight,75.2,kg,numeric
2023-12-20T09:38:04Z,aa616abe-1761-0c9a-7959-07544679dafd,aa616abe-1761-0c9a-565f-c4ea6986a7ae,vital-signs,39156-5,Body mass index (BMI) [Ratio],27.8,kg/m2,numeric
2023-12-20T09:38:04Z,aa616abe-1761-0c9a-7959-07544679dafd,aa616abe-1761-0c9a-565f-c4ea6986a7ae,vital-signs,8462-4,Diastolic Blood Pressure,71.0,mm[Hg],numeric
2023-12-20T09:38:04Z,aa616abe-1761-0c9a-7959-07544679dafd,aa616abe-1761-0c9a-565f-c4ea6986a7ae,vital-signs,8480-6,Systolic Blood Pressure,98.0,mm[Hg],numeric
2023-12-20T09:38:04Z,aa616abe-1761-0c9a-7959-07544679dafd,aa616abe-1761-0c9a-565f-c4ea6986a7ae,vital-signs,8867-4,Heart rate,95.0,/min,numeric
2023-12-20T09:38:04Z,aa616abe-1761-0c9a-7959-07544679dafd,aa616abe-1761-0c9a-565f-c4ea6986a7ae,vital-signs,9279-1,Respiratory rate,12.0,/min,numeric
2023-12-20T09:38:04Z,aa616abe-1761-0c9a-7959-07544679dafd,aa616abe-1761-0c9a-565f-c4ea6986a7ae,laboratory,2339-0,Glucose [Mass/volume] in Blood,93.3,mg/dL,numeric
2023-12-20T09:38:04Z,aa616abe-1761-0c9a-7959-07544679dafd,aa616abe-1761-0c9a-565f-c4ea6986a7ae,laboratory,6299-2,Urea nitrogen [Mass/volume] in Blood,8.2,mg/dL,numeric
2023-12-20T09:38:04Z,aa616abe-1761-0c9a-7959-07544679dafd,aa616abe-1761-0c9a-565f-c4ea6986a7ae,laboratory,38483-4,Creatinine [Mass/volume] in Blood,1.1,mg/dL,numeric
2023-12-20T09:38:04Z,aa616abe-1761-0c9a-7959-07544679dafd,aa616abe-1761-0c9a-565f-c4ea6986a7ae,laboratory,49765-1,Calcium [Mass/volume] in Blood,10.0,mg/dL,numeric
2023-12-20T09:38:04Z,aa616abe-1761-0c9a-7959-07544679dafd,aa616abe-1761-0c9a-565f-c4ea6986a7ae,laboratory,2947-0,Sodium [Moles/volume] in Blood,140.1,mmol/L,numeric
2023-12-20T09:38:04Z,aa616abe-1761-0c9a-7959-07544679dafd,aa616abe-1761-0c9a-565f-c4ea6986a7ae,laboratory,6298-4,Potassium [Moles/volume] in Blood,3.8,mmol/L,numeric
2023-12-20T09:38:04Z,aa616abe-1761-0c9a-7959-07544679dafd,aa616abe-1761-0c9a-565f-c4ea6986a7ae,laboratory,2069-3,Chloride [Moles/volume] in Blood,107.8,mmol/L,numeric
2023-12-20T09:38:04Z,aa616abe-1761-0c9a-7959-07544679dafd,aa616abe-1761-0c9a-565f-c4ea6986a7ae,laboratory,20565-8,Carbon dioxide  total [Moles/volume] in Blood,27.0,mmol/L,numeric
2023-12-20T09:38:04Z,aa616abe-1761-0c9a-7959-07544679dafd,aa616abe-1761-0c9a-565f-c4ea6986a7ae,laboratory,2093-3,Cholesterol [Mass/volume] in Serum or Plasma,186.6,mg/dL,numeric
2023-12-20T09:38:04Z,aa616abe-1761-0c9a-7959-07544679dafd,aa616abe-1761-0c9a-565f-c4ea6986a7ae,laboratory,2571-8,Triglyceride [Mass/volume] in Serum or Plasma,123.3,mg/dL,numeric
2023-12-20T09:38:04Z,aa616abe-1761-0c9a-7959-07544679dafd,aa616abe-1761-0c9a-565f-c4ea6986a7ae,laboratory,18262-6,Cholesterol in LDL [Mass/volume] in Serum or Plasma by Direct assay,111.6,mg/dL,numeric
2023-12-20T09:38:04Z,aa616abe-1761-0c9a-7959-07544679dafd,aa616abe-1761-0c9a-565f-c4ea6986a7ae,laboratory,2085-9,Cholesterol in HDL [Mass/volume] in Serum or Plasma,50.4,mg/dL,numeric
2023-12-20T09:38:04Z,aa616abe-1761-0c9a-7959-07544679dafd,aa616abe-1761-0c9a-565f-c4ea6986a7ae,laboratory,14959-1,Microalbumin/Creatinine [Mass Ratio] in Urine,26.9,mg/g,numeric
2023-12-20T09:38:04Z,aa616abe-1761-0c9a-7959-07544679dafd,aa616abe-1761-0c9a-565f-c4ea6986a7ae,laboratory,33914-3,Glomerular filtration rate [Volume Rate/Area] in Serum or Plasma by Creatinine-based formula (MDRD)/1.73 sq M,54.6,mL/min/{1.73_m2},numeric
2023-12-20T09:38:04Z,aa616abe-1761-0c9a-7959-07544679dafd,aa616abe-1761-0c9a-565f-c4ea6986a7ae,social-history,72166-2,Tobacco smoking status,Never smoked tobacco (finding),,text
2023-12-20T10:22:15Z,aa616abe-1761-0c9a-7959-07544679dafd,aa616abe-1761-0c9a-565f-c4ea6986a7ae,survey,76501-6,Within the last year  have you been afraid of your partner or ex-partner,No,,text
2023-12-20T10:22:15Z,aa616abe-1761-0c9a-7959-07544679dafd,aa616abe-1761-0c9a-565f-c4ea6986a7ae,survey,93026-3,Do you feel physically and emotionally safe where you currently live [PRAPARE],Yes,,text
2023-12-20T10:22:15Z,aa616abe-1761-0c9a-7959-07544679dafd,aa616abe-1761-0c9a-565f-c4ea6986a7ae,survey,93027-1,Are you a refugee,No,,text
2023-12-20T10:22:15Z,aa616abe-1761-0c9a-7959-07544679dafd,aa616abe-1761-0c9a-565f-c4ea6986a7ae,survey,93028-9,Have you spent more than 2 nights in a row in a jail  prison  detention center  or juvenile correctional facility in past 1 year [PRAPARE],Yes,,text
2023-12-20T10:22:15Z,aa616abe-1761-0c9a-7959-07544679dafd,aa616abe-1761-0c9a-565f-c4ea6986a7ae,survey,93038-8,Stress level,Not at all,,text
2023-12-20T10:22:15Z,aa616abe-1761-0c9a-7959-07544679dafd,aa616abe-1761-0c9a-565f-c4ea6986a7ae,survey,93029-7,How often do you see or talk to people that you care about and feel close to [PRAPARE],3 to 5 times a week,,text
2023-12-20T10:22:15Z,aa616abe-1761-0c9a-7959-07544679dafd,aa616abe-1761-0c9a-565f-c4ea6986a7ae,survey,93030-5,Has lack of transportation kept you from medical appointments  meetings  work  or from getting things needed for daily living,No,,text
2023-12-20T10:22:15Z,aa616abe-1761-0c9a-7959-07544679dafd,aa616abe-1761-0c9a-565f-c4ea6986a7ae,survey,93031-3,Have you or any family members you live with been unable to get any of the following when it was really needed in past 1 year [PRAPARE],I choose not to answer this question,,text
2023-12-20T10:22:15Z,aa616abe-1761-0c9a-7959-07544679dafd,aa616abe-1761-0c9a-565f-c4ea6986a7ae,survey,63586-2,What was your best estimate of the total income of all family members from all sources  before taxes  in last year [PhenX],15504,/a,text
2023-12-20T10:22:15Z,aa616abe-1761-0c9a-7959-07544679dafd,aa616abe-1761-0c9a-565f-c4ea6986a7ae,survey,76437-3,Primary insurance,Medicaid,,text
2023-12-20T10:22:15Z,aa616abe-1761-0c9a-7959-07544679dafd,aa616abe-1761-0c9a-565f-c4ea6986a7ae,survey,67875-5,Employment status - current,Full-time work,,text
2023-12-20T10:22:15Z,aa616abe-1761-0c9a-7959-07544679dafd,aa616abe-1761-0c9a-565f-c4ea6986a7ae,survey,82589-3,Highest level of education,High school diploma or GED,,text
2023-12-20T10:22:15Z,aa616abe-1761-0c9a-7959-07544679dafd,aa616abe-1761-0c9a-565f-c4ea6986a7ae,survey,56799-0,Address,997 Grant Row Unit 85,,text
2023-12-20T10:22:15Z,aa616abe-1761-0c9a-7959-07544679dafd,aa616abe-1761-0c9a-565f-c4ea6986a7ae,survey,93033-9,Are you worried about losing your housing [PRAPARE],No,,text
2023-12-20T10:22:15Z,aa616abe-1761-0c9a-7959-07544679dafd,aa616abe-1761-0c9a-565f-c4ea6986a7ae,survey,71802-3,Housing status,I have housing,,text
2023-12-20T10:22:15Z,aa616abe-1761-0c9a-7959-07544679dafd,aa616abe-1761-0c9a-565f-c4ea6986a7ae,survey,63512-8,How many people are living or staying at this address [#],6.0,{#},numeric
2023-12-20T10:22:15Z,aa616abe-1761-0c9a-7959-07544679dafd,aa616abe-1761-0c9a-565f-c4ea6986a7ae,survey,54899-0,Preferred language,English,,text
2023-12-20T10:22:15Z,aa616abe-1761-0c9a-7959-07544679dafd,aa616abe-1761-0c9a-565f-c4ea6986a7ae,survey,93034-7,Discharged from the U.S. Armed Forces,No,,text
2023-12-20T10:22:15Z,aa616abe-1761-0c9a-7959-07544679dafd,aa616abe-1761-0c9a-565f-c4ea6986a7ae,survey,93035-4,Has season or migrant farm work been your or your family's main source of income at any point in past 2 years [PRAPARE],No,,text
2023-12-20T10:22:15Z,aa616abe-1761-0c9a-7959-07544679dafd,aa616abe-1761-0c9a-565f-c4ea6986a7ae,survey,32624-9,Race,White,,text
2023-12-20T10:22:15Z,aa616abe-1761-0c9a-7959-07544679dafd,aa616abe-1761-0c9a-565f-c4ea6986a7ae,survey,56051-6,Hispanic or Latino,No,,text
2023-12-20T10:49:00Z,aa616abe-1761-0c9a-7959-07544679dafd,aa616abe-1761-0c9a-565f-c4ea6986a7ae,survey,70274-6,Generalized anxiety disorder 7 item (GAD-7) total score [Reported.PHQ],4.0,{score},numeric
2023-12-20T11:08:25Z,aa616abe-1761-0c9a-7959-07544679dafd,aa616abe-1761-0c9a-565f-c4ea6986a7ae,survey,59460-6,Fall risk total [Morse Fall Scale],119.0,{#},numeric
2023-12-20T11:08:25Z,aa616abe-1761-0c9a-7959-07544679dafd,aa616abe-1761-0c9a-565f-c4ea6986a7ae,survey,59461-4,Fall risk level [Morse Fall Scale],High Risk (MFS Score 50+),,text
2023-12-20T11:49:31Z,aa616abe-1761-0c9a-7959-07544679dafd,aa616abe-1761-0c9a-565f-c4ea6986a7ae,survey,55758-7,Patient Health Questionnaire 2 item (PHQ-2) total score [Reported],1.0,{score},numeric
2023-12-27T09:38:04Z,aa616abe-1761-0c9a-7959-07544679dafd,aa616abe-1761-0c9a-d97f-769ad3127616,laboratory,2345-7,Glucose [Mass/volume] in Serum or Plasma,68.0,mg/dL,numeric
2023-12-27T09:38:04Z,aa616abe-1761-0c9a-7959-07544679dafd,aa616abe-1761-0c9a-d97f-769ad3127616,laboratory,3094-0,Urea nitrogen [Mass/volume] in Serum or Plasma,7.0,mg/dL,numeric
2023-12-27T09:38:04Z,aa616abe-1761-0c9a-7959-07544679dafd,aa616abe-1761-0c9a-d97f-769ad3127616,laboratory,2160-0,Creatinine [Mass/volume] in Serum or Plasma,2.0,mg/dL,numeric
2023-12-27T09:38:04Z,aa616abe-1761-0c9a-7959-07544679dafd,aa616abe-1761-0c9a-d97f-769ad3127616,laboratory,17861-6,Calcium [Mass/volume] in Serum or Plasma,9.3,mg/dL,numeric
2023-12-27T09:38:04Z,aa616abe-1761-0c9a-7959-07544679dafd,aa616abe-1761-0c9a-d97f-769ad3127616,laboratory,2951-2,Sodium [Moles/volume] in Serum or Plasma,138.7,mmol/L,numeric
2023-12-27T09:38:04Z,aa616abe-1761-0c9a-7959-07544679dafd,aa616abe-1761-0c9a-d97f-769ad3127616,laboratory,2823-3,Potassium [Moles/volume] in Serum or Plasma,3.8,mmol/L,numeric
2023-12-27T09:38:04Z,aa616abe-1761-0c9a-7959-07544679dafd,aa616abe-1761-0c9a-d97f-769ad3127616,laboratory,2075-0,Chloride [Moles/volume] in Serum or Plasma,102.7,mmol/L,numeric
2023-12-27T09:38:04Z,aa616abe-1761-0c9a-7959-07544679dafd,aa616abe-1761-0c9a-d97f-769ad3127616,laboratory,2028-9,Carbon dioxide  total [Moles/volume] in Serum or Plasma,23.3,mmol/L,numeric
2023-12-27T09:38:04Z,aa616abe-1761-0c9a-7959-07544679dafd,aa616abe-1761-0c9a-d97f-769ad3127616,laboratory,33914-3,Glomerular filtration rate [Volume Rate/Area] in Serum or Plasma by Creatinine-based formula (MDRD)/1.73 sq M,67.1,mL/min/{1.73_m2},numeric
2023-12-27T09:38:04Z,aa616abe-1761-0c9a-7959-07544679dafd,aa616abe-1761-0c9a-d97f-769ad3127616,laboratory,5767-9,Appearance of Urine,Cloudy urine (finding),{nominal},text
2023-12-27T09:38:04Z,aa616abe-1761-0c9a-7959-07544679dafd,aa616abe-1761-0c9a-d97f-769ad3127616,laboratory,34533-0,Odor of Urine,Urine smell ammoniacal (finding),{nominal},text
2023-12-27T09:38:04Z,aa616abe-1761-0c9a-7959-07544679dafd,aa616abe-1761-0c9a-d97f-769ad3127616,laboratory,32167-9,Clarity of Urine,Translucent (qualifier value),{nominal},text
2023-12-27T09:38:04Z,aa616abe-1761-0c9a-7959-07544679dafd,aa616abe-1761-0c9a-d97f-769ad3127616,laboratory,5778-6,Color of Urine,Brown color (qualifier value),{nominal},text
2023-12-27T09:38:04Z,aa616abe-1761-0c9a-7959-07544679dafd,aa616abe-1761-0c9a-d97f-769ad3127616,laboratory,5792-7,Glucose [Mass/volume] in Urine by Test strip,2.4,mg/dL,numeric
2023-12-27T09:38:04Z,aa616abe-1761-0c9a-7959-07544679dafd,aa616abe-1761-0c9a-d97f-769ad3127616,laboratory,25428-4,Glucose [Presence] in Urine by Test strip,Urine glucose test = ++ (finding),{nominal},text
2023-12-27T09:38:04Z,aa616abe-1761-0c9a-7959-07544679dafd,aa616abe-1761-0c9a-d97f-769ad3127616,laboratory,20505-4,Bilirubin.total [Mass/volume] in Urine by Test strip,1.3,mg/dL,numeric
2023-12-27T09:38:04Z,aa616abe-1761-0c9a-7959-07544679dafd,aa616abe-1761-0c9a-d97f-769ad3127616,laboratory,5770-3,Bilirubin.total [Presence] in Urine by Test strip,Finding of bilirubin in urine (finding),{nominal},text
2023-12-27T09:38:04Z,aa616abe-1761-0c9a-7959-07544679dafd,aa616abe-1761-0c9a-d97f-769ad3127616,laboratory,5797-6,Ketones [Mass/volume] in Urine by Test strip,1.0,mg/dL,numeric
2023-12-27T09:38:04Z,aa616abe-1761-0c9a-7959-07544679dafd,aa616abe-1761-0c9a-d97f-769ad3127616,laboratory,2514-8,Ketones [Presence] in Urine by Test strip,Urine ketone test = + (finding),{nominal},text
2023-12-27T09:38:04Z,aa616abe-1761-0c9a-7959-07544679dafd,aa616abe-1761-0c9a-d97f-769ad3127616,laboratory,5811-5,Specific gravity of Urine by Test strip,1.0,{nominal},numeric
2023-12-27T09:38:04Z,aa616abe-1761-0c9a-7959-07544679dafd,aa616abe-1761-0c9a-d97f-769ad3127616,laboratory,5803-2,pH of Urine by Test strip,6.7,pH,numeric
2023-12-27T09:38:04Z,aa616abe-1761-0c9a-7959-07544679dafd,aa616abe-1761-0c9a-d97f-769ad3127616,laboratory,5804-0,Protein [Mass/volume] in Urine by Test strip,323.0,mg/dL,numeric
2023-12-27T09:38:04Z,aa616abe-1761-0c9a-7959-07544679dafd,aa616abe-1761-0c9a-d97f-769ad3127616,laboratory,20454-5,Protein [Presence] in Urine by Test strip,Urine protein test = ++ (finding),{nominal},text
2023-12-27T09:38:04Z,aa616abe-1761-0c9a-7959-07544679dafd,aa616abe-1761-0c9a-d97f-769ad3127616,laboratory,5802-4,Nitrite [Presence] in Urine by Test strip,Nitrite not detected in urine (finding),{nominal},text
2023-12-27T09:38:04Z,aa616abe-1761-0c9a-7959-07544679dafd,aa616abe-1761-0c9a-d97f-769ad3127616,laboratory,5794-3,Hemoglobin [Presence] in Urine by Test strip,Blood not detected in urine (finding),{nominal},text
2023-12-27T09:38:04Z,aa616abe-1761-0c9a-7959-07544679dafd,aa616abe-1761-0c9a-d97f-769ad3127616,laboratory,5799-2,Leukocyte esterase [Presence] in Urine by Test strip,Urine leukocytes not detected (finding),{nominal},text
2023-12-27T09:38:04Z,aa616abe-1761-0c9a-7959-07544679dafd,aa616abe-1761-0c9a-d97f-769ad3127616,laboratory,4548-4,Hemoglobin A1c/Hemoglobin.total in Blood,5.4,%,numeric
2024-01-17T09:38:04Z,aa616abe-1761-0c9a-7959-07544679dafd,aa616abe-1761-0c9a-0945-adec19b34f1c,laboratory,2345-7,Glucose [Mass/volume] in Serum or Plasma,68.8,mg/dL,numeric
2024-01-17T09:38:04Z,aa616abe-1761-0c9a-7959-07544679dafd,aa616abe-1761-0c9a-0945-adec19b34f1c,laboratory,3094-0,Urea nitrogen [Mass/volume] in Serum or Plasma,17.6,mg/dL,numeric
2024-01-17T09:38:04Z,aa616abe-1761-0c9a-7959-07544679dafd,aa616abe-1761-0c9a-0945-adec19b34f1c,laboratory,2160-0,Creatinine [Mass/volume] in Serum or Plasma,2.0,mg/dL,numeric
2024-01-17T09:38:04Z,aa616abe-1761-0c9a-7959-07544679dafd,aa616abe-1761-0c9a-0945-adec19b34f1c,laboratory,17861-6,Calcium [Mass/volume] in Serum or Plasma,8.6,mg/dL,numeric
2024-01-17T09:38:04Z,aa616abe-1761-0c9a-7959-07544679dafd,aa616abe-1761-0c9a-0945-adec19b34f1c,laboratory,2951-2,Sodium [Moles/volume] in Serum or Plasma,143.1,mmol/L,numeric
2024-01-17T09:38:04Z,aa616abe-1761-0c9a-7959-07544679dafd,aa616abe-1761-0c9a-0945-adec19b34f1c,laboratory,2823-3,Potassium [Moles/volume] in Serum or Plasma,4.1,mmol/L,numeric
2024-01-17T09:38:04Z,aa616abe-1761-0c9a-7959-07544679dafd,aa616abe-1761-0c9a-0945-adec19b34f1c,laboratory,2075-0,Chloride [Moles/volume] in Serum or Plasma,101.3,mmol/L,numeric
2024-01-17T09:38:04Z,aa616abe-1761-0c9a-7959-07544679dafd,aa616abe-1761-0c9a-0945-adec19b34f1c,laboratory,2028-9,Carbon dioxide  total [Moles/volume] in Serum or Plasma,27.9,mmol/L,numeric
2024-01-17T09:38:04Z,aa616abe-1761-0c9a-7959-07544679dafd,aa616abe-1761-0c9a-0945-adec19b34f1c,laboratory,33914-3,Glomerular filtration rate [Volume Rate/Area] in Serum or Plasma by Creatinine-based formula (MDRD)/1.73 sq M,87.4,mL/min/{1.73_m2},numeric
2024-01-17T09:38:04Z,aa616abe-1761-0c9a-7959-07544679dafd,aa616abe-1761-0c9a-0945-adec19b34f1c,laboratory,5767-9,Appearance of Urine,Cloudy urine (finding),{nominal},text
2024-01-17T09:38:04Z,aa616abe-1761-0c9a-7959-07544679dafd,aa616abe-1761-0c9a-0945-adec19b34f1c,laboratory,34533-0,Odor of Urine,Urine smell ammoniacal (finding),{nominal},text
2024-01-17T09:38:04Z,aa616abe-1761-0c9a-7959-07544679dafd,aa616abe-1761-0c9a-0945-adec19b34f1c,laboratory,32167-9,Clarity of Urine,Translucent (qualifier value),{nominal},text
2024-01-17T09:38:04Z,aa616abe-1761-0c9a-7959-07544679dafd,aa616abe-1761-0c9a-0945-adec19b34f1c,laboratory,5778-6,Color of Urine,Brown color (qualifier value),{nominal},text
2024-01-17T09:38:04Z,aa616abe-1761-0c9a-7959-07544679dafd,aa616abe-1761-0c9a-0945-adec19b34f1c,laboratory,5792-7,Glucose [Mass/volume] in Urine by Test strip,2.2,mg/dL,numeric
2024-01-17T09:38:04Z,aa616abe-1761-0c9a-7959-07544679dafd,aa616abe-1761-0c9a-0945-adec19b34f1c,laboratory,25428-4,Glucose [Presence] in Urine by Test strip,Urine glucose test = ++ (finding),{nominal},text
2024-01-17T09:38:04Z,aa616abe-1761-0c9a-7959-07544679dafd,aa616abe-1761-0c9a-0945-adec19b34f1c,laboratory,20505-4,Bilirubin.total [Mass/volume] in Urine by Test strip,1.4,mg/dL,numeric
2024-01-17T09:38:04Z,aa616abe-1761-0c9a-7959-07544679dafd,aa616abe-1761-0c9a-0945-adec19b34f1c,laboratory,5770-3,Bilirubin.total [Presence] in Urine by Test strip,Finding of bilirubin in urine (finding),{nominal},text
2024-01-17T09:38:04Z,aa616abe-1761-0c9a-7959-07544679dafd,aa616abe-1761-0c9a-0945-adec19b34f1c,laboratory,5797-6,Ketones [Mass/volume] in Urine by Test strip,5.8,mg/dL,numeric
2024-01-17T09:38:04Z,aa616abe-1761-0c9a-7959-07544679dafd,aa616abe-1761-0c9a-0945-adec19b34f1c,laboratory,2514-8,Ketones [Presence] in Urine by Test strip,Urine ketone test = + (finding),{nominal},text
2024-01-17T09:38:04Z,aa616abe-1761-0c9a-7959-07544679dafd,aa616abe-1761-0c9a-0945-adec19b34f1c,laboratory,5811-5,Specific gravity of Urine by Test strip,1.0,{nominal},numeric
2024-01-17T09:38:04Z,aa616abe-1761-0c9a-7959-07544679dafd,aa616abe-1761-0c9a-0945-adec19b34f1c,laboratory,5803-2,pH of Urine by Test strip,6.9,pH,numeric
2024-01-17T09:38:04Z,aa616abe-1761-0c9a-7959-07544679dafd,aa616abe-1761-0c9a-0945-adec19b34f1c,laboratory,5804-0,Protein [Mass/volume] in Urine by Test strip,309.9,mg/dL,numeric
2024-01-17T09:38:04Z,aa616abe-1761-0c9a-7959-07544679dafd,aa616abe-1761-0c9a-0945-adec19b34f1c,laboratory,20454-5,Protein [Presence] in Urine by Test strip,Urine protein test = ++ (finding),{nominal},text
2024-01-17T09:38:04Z,aa616abe-1761-0c9a-7959-07544679dafd,aa616abe-1761-0c9a-0945-adec19b34f1c,laboratory,5802-4,Nitrite [Presence] in Urine by Test strip,Nitrite not detected in urine (finding),{nominal},text
2024-01-17T09:38:04Z,aa616abe-1761-0c9a-7959-07544679dafd,aa616abe-1761-0c9a-0945-adec19b34f1c,laboratory,5794-3,Hemoglobin [Presence] in Urine by Test strip,Blood not detected in urine (finding),{nominal},text
2024-01-17T09:38:04Z,aa616abe-1761-0c9a-7959-07544679dafd,aa616abe-1761-0c9a-0945-adec19b34f1c,laboratory,5799-2,Leukocyte esterase [Presence] in Urine by Test strip,Urine leukocytes not detected (finding),{nominal},text
2024-01-17T09:38:04Z,aa616abe-1761-0c9a-7959-07544679dafd,aa616abe-1761-0c9a-0945-adec19b34f1c,laboratory,4548-4,Hemoglobin A1c/Hemoglobin.total in Blood,5.4,%,numeric
2024-01-17T09:38:04Z,aa616abe-1761-0c9a-7959-07544679dafd,aa616abe-1761-0c9a-0945-adec19b34f1c,vital-signs,8302-2,Body Height,164.6,cm,numeric
2024-01-17T09:38:04Z,aa616abe-1761-0c9a-7959-07544679dafd,aa616abe-1761-0c9a-0945-adec19b34f1c,vital-signs,72514-3,Pain severity - 0-10 verbal numeric rating [Score] - Reported,4.0,{score},numeric
2024-01-17T09:38:04Z,aa616abe-1761-0c9a-7959-07544679dafd,aa616abe-1761-0c9a-0945-adec19b34f1c,vital-signs,29463-7,Body Weight,75.2,kg,numeric
2024-01-17T09:38:04Z,aa616abe-1761-0c9a-7959-07544679dafd,aa616abe-1761-0c9a-0945-adec19b34f1c,vital-signs,39156-5,Body mass index (BMI) [Ratio],27.8,kg/m2,numeric
2024-01-17T09:38:04Z,aa616abe-1761-0c9a-7959-07544679dafd,aa616abe-1761-0c9a-0945-adec19b34f1c,vital-signs,8462-4,Diastolic Blood Pressure,76.0,mm[Hg],numeric
2024-01-17T09:38:04Z,aa616abe-1761-0c9a-7959-07544679dafd,aa616abe-1761-0c9a-0945-adec19b34f1c,vital-signs,8480-6,Systolic Blood Pressure,108.0,mm[Hg],numeric
2024-01-17T09:38:04Z,aa616abe-1761-0c9a-7959-07544679dafd,aa616abe-1761-0c9a-0945-adec19b34f1c,vital-signs,8867-4,Heart rate,73.0,/min,numeric
2024-01-17T09:38:04Z,aa616abe-1761-0c9a-7959-07544679dafd,aa616abe-1761-0c9a-0945-adec19b34f1c,vital-signs,9279-1,Respiratory rate,12.0,/min,numeric
2024-01-17T09:38:04Z,aa616abe-1761-0c9a-7959-07544679dafd,aa616abe-1761-0c9a-0945-adec19b34f1c,laboratory,2339-0,Glucose [Mass/volume] in Blood,68.8,mg/dL,numeric
2024-01-17T09:38:04Z,aa616abe-1761-0c9a-7959-07544679dafd,aa616abe-1761-0c9a-0945-adec19b34f1c,laboratory,6299-2,Urea nitrogen [Mass/volume] in Blood,17.6,mg/dL,numeric
2024-01-17T09:38:04Z,aa616abe-1761-0c9a-7959-07544679dafd,aa616abe-1761-0c9a-0945-adec19b34f1c,laboratory,38483-4,Creatinine [Mass/volume] in Blood,1.3,mg/dL,numeric
2024-01-17T09:38:04Z,aa616abe-1761-0c9a-7959-07544679dafd,aa616abe-1761-0c9a-0945-adec19b34f1c,laboratory,49765-1,Calcium [Mass/volume] in Blood,8.6,mg/dL,numeric
2024-01-17T09:38:04Z,aa616abe-1761-0c9a-7959-07544679dafd,aa616abe-1761-0c9a-0945-adec19b34f1c,laboratory,2947-0,Sodium [Moles/volume] in Blood,143.1,mmol/L,numeric
2024-01-17T09:38:04Z,aa616abe-1761-0c9a-7959-07544679dafd,aa616abe-1761-0c9a-0945-adec19b34f1c,laboratory,6298-4,Potassium [Moles/volume] in Blood,4.1,mmol/L,numeric
2024-01-17T09:38:04Z,aa616abe-1761-0c9a-7959-07544679dafd,aa616abe-1761-0c9a-0945-adec19b34f1c,laboratory,2069-3,Chloride [Moles/volume] in Blood,101.3,mmol/L,numeric
2024-01-17T09:38:04Z,aa616abe-1761-0c9a-7959-07544679dafd,aa616abe-1761-0c9a-0945-adec19b34f1c,laboratory,20565-8,Carbon dioxide  total [Moles/volume] in Blood,27.9,mmol/L,numeric
2024-01-17T09:38:04Z,aa616abe-1761-0c9a-7959-07544679dafd,aa616abe-1761-0c9a-0945-adec19b34f1c,laboratory,2093-3,Cholesterol [Mass/volume] in Serum or Plasma,184.5,mg/dL,numeric
2024-01-17T09:38:04Z,aa616abe-1761-0c9a-7959-07544679dafd,aa616abe-1761-0c9a-0945-adec19b34f1c,laboratory,2571-8,Triglyceride [Mass/volume] in Serum or Plasma,128.9,mg/dL,numeric
2024-01-17T09:38:04Z,aa616abe-1761-0c9a-7959-07544679dafd,aa616abe-1761-0c9a-0945-adec19b34f1c,laboratory,18262-6,Cholesterol in LDL [Mass/volume] in Serum or Plasma by Direct assay,104.3,mg/dL,numeric
2024-01-17T09:38:04Z,aa616abe-1761-0c9a-7959-07544679dafd,aa616abe-1761-0c9a-0945-adec19b34f1c,laboratory,2085-9,Cholesterol in HDL [Mass/volume] in Serum or Plasma,54.4,mg/dL,numeric
2024-01-17T09:38:04Z,aa616abe-1761-0c9a-7959-07544679dafd,aa616abe-1761-0c9a-0945-adec19b34f1c,laboratory,14959-1,Microalbumin/Creatinine [Mass Ratio] in Urine,27.2,mg/g,numeric
2024-01-17T09:38:04Z,aa616abe-1761-0c9a-7959-07544679dafd,aa616abe-1761-0c9a-0945-adec19b34f1c,laboratory,33914-3,Glomerular filtration rate [Volume Rate/Area] in Serum or Plasma by Creatinine-based formula (MDRD)/1.73 sq M,45.0,mL/min/{1.73_m2},numeric
2024-01-17T09:38:04Z,aa616abe-1761-0c9a-7959-07544679dafd,aa616abe-1761-0c9a-0945-adec19b34f1c,social-history,72166-2,Tobacco smoking status,Never smoked tobacco (finding),,text
2024-01-17T10:10:43Z,aa616abe-1761-0c9a-7959-07544679dafd,aa616abe-1761-0c9a-0945-adec19b34f1c,survey,76501-6,Within the last year  have you been afraid of your partner or ex-partner,No,,text
2024-01-17T10:10:43Z,aa616abe-1761-0c9a-7959-07544679dafd,aa616abe-1761-0c9a-0945-adec19b34f1c,survey,93026-3,Do you feel physically and emotionally safe where you currently live [PRAPARE],Yes,,text
2024-01-17T10:10:43Z,aa616abe-1761-0c9a-7959-07544679dafd,aa616abe-1761-0c9a-0945-adec19b34f1c,survey,93027-1,Are you a refugee,No,,text
2024-01-17T10:10:43Z,aa616abe-1761-0c9a-7959-07544679dafd,aa616abe-1761-0c9a-0945-adec19b34f1c,survey,93028-9,Have you spent more than 2 nights in a row in a jail  prison  detention center  or juvenile correctional facility in past 1 year [PRAPARE],Yes,,text
2024-01-17T10:10:43Z,aa616abe-1761-0c9a-7959-07544679dafd,aa616abe-1761-0c9a-0945-adec19b34f1c,survey,93038-8,Stress level,Not at all,,text
2024-01-17T10:10:43Z,aa616abe-1761-0c9a-7959-07544679dafd,aa616abe-1761-0c9a-0945-adec19b34f1c,survey,93029-7,How often do you see or talk to people that you care about and feel close to [PRAPARE],5 or more times a week,,text
2024-01-17T10:10:43Z,aa616abe-1761-0c9a-7959-07544679dafd,aa616abe-1761-0c9a-0945-adec19b34f1c,survey,93030-5,Has lack of transportation kept you from medical appointments  meetings  work  or from getting things needed for daily living,No,,text
2024-01-17T10:10:43Z,aa616abe-1761-0c9a-7959-07544679dafd,aa616abe-1761-0c9a-0945-adec19b34f1c,survey,93031-3,Have you or any family members you live with been unable to get any of the following when it was really needed in past 1 year [PRAPARE],Utilities,,text
2024-01-17T10:10:43Z,aa616abe-1761-0c9a-7959-07544679dafd,aa616abe-1761-0c9a-0945-adec19b34f1c,survey,63586-2,What was your best estimate of the total income of all family members from all sources  before taxes  in last year [PhenX],15504,/a,text
2024-01-17T10:10:43Z,aa616abe-1761-0c9a-7959-07544679dafd,aa616abe-1761-0c9a-0945-adec19b34f1c,survey,76437-3,Primary insurance,Medicaid,,text
2024-01-17T10:10:43Z,aa616abe-1761-0c9a-7959-07544679dafd,aa616abe-1761-0c9a-0945-adec19b34f1c,survey,67875-5,Employment status - current,Full-time work,,text
2024-01-17T10:10:43Z,aa616abe-1761-0c9a-7959-07544679dafd,aa616abe-1761-0c9a-0945-adec19b34f1c,survey,82589-3,Highest level of education,High school diploma or GED,,text
2024-01-17T10:10:43Z,aa616abe-1761-0c9a-7959-07544679dafd,aa616abe-1761-0c9a-0945-adec19b34f1c,survey,56799-0,Address,997 Grant Row Unit 85,,text
2024-01-17T10:10:43Z,aa616abe-1761-0c9a-7959-07544679dafd,aa616abe-1761-0c9a-0945-adec19b34f1c,survey,93033-9,Are you worried about losing your housing [PRAPARE],No,,text
2024-01-17T10:10:43Z,aa616abe-1761-0c9a-7959-07544679dafd,aa616abe-1761-0c9a-0945-adec19b34f1c,survey,71802-3,Housing status,I have housing,,text
2024-01-17T10:10:43Z,aa616abe-1761-0c9a-7959-07544679dafd,aa616abe-1761-0c9a-0945-adec19b34f1c,survey,63512-8,How many people are living or staying at this address [#],6.0,{#},numeric
2024-01-17T10:10:43Z,aa616abe-1761-0c9a-7959-07544679dafd,aa616abe-1761-0c9a-0945-adec19b34f1c,survey,54899-0,Preferred language,English,,text
2024-01-17T10:10:43Z,aa616abe-1761-0c9a-7959-07544679dafd,aa616abe-1761-0c9a-0945-adec19b34f1c,survey,93034-7,Discharged from the U.S. Armed Forces,No,,text
2024-01-17T10:10:43Z,aa616abe-1761-0c9a-7959-07544679dafd,aa616abe-1761-0c9a-0945-adec19b34f1c,survey,93035-4,Has season or migrant farm work been your or your family's main source of income at any point in past 2 years [PRAPARE],No,,text
2024-01-17T10:10:43Z,aa616abe-1761-0c9a-7959-07544679dafd,aa616abe-1761-0c9a-0945-adec19b34f1c,survey,32624-9,Race,White,,text
2024-01-17T10:10:43Z,aa616abe-1761-0c9a-7959-07544679dafd,aa616abe-1761-0c9a-0945-adec19b34f1c,survey,56051-6,Hispanic or Latino,No,,text
2024-01-17T10:27:55Z,aa616abe-1761-0c9a-7959-07544679dafd,aa616abe-1761-0c9a-0945-adec19b34f1c,survey,59460-6,Fall risk total [Morse Fall Scale],10.0,{#},numeric
2024-01-17T10:27:55Z,aa616abe-1761-0c9a-7959-07544679dafd,aa616abe-1761-0c9a-0945-adec19b34f1c,survey,59461-4,Fall risk level [Morse Fall Scale],Low Risk (MFS Score 0 - 24),,text
2024-01-17T10:55:10Z,aa616abe-1761-0c9a-7959-07544679dafd,aa616abe-1761-0c9a-0945-adec19b34f1c,survey,76504-0,Total score [HARK],0.0,{score},numeric
2024-01-17T11:33:44Z,aa616abe-1761-0c9a-7959-07544679dafd,aa616abe-1761-0c9a-0945-adec19b34f1c,survey,55758-7,Patient Health Questionnaire 2 item (PHQ-2) total score [Reported],0.0,{score},numeric
2024-01-24T09:38:04Z,aa616abe-1761-0c9a-7959-07544679dafd,aa616abe-1761-0c9a-edc8-7778a2da0abb,laboratory,2345-7,Glucose [Mass/volume] in Serum or Plasma,82.9,mg/dL,numeric
2024-01-24T09:38:04Z,aa616abe-1761-0c9a-7959-07544679dafd,aa616abe-1761-0c9a-edc8-7778a2da0abb,laboratory,3094-0,Urea nitrogen [Mass/volume] in Serum or Plasma,9.4,mg/dL,numeric
2024-01-24T09:38:04Z,aa616abe-1761-0c9a-7959-07544679dafd,aa616abe-1761-0c9a-edc8-7778a2da0abb,laboratory,2160-0,Creatinine [Mass/volume] in Serum or Plasma,2.1,mg/dL,numeric
2024-01-24T09:38:04Z,aa616abe-1761-0c9a-7959-07544679dafd,aa616abe-1761-0c9a-edc8-7778a2da0abb,laboratory,17861-6,Calcium [Mass/volume] in Serum or Plasma,9.1,mg/dL,numeric
2024-01-24T09:38:04Z,aa616abe-1761-0c9a-7959-07544679dafd,aa616abe-1761-0c9a-edc8-7778a2da0abb,laboratory,2951-2,Sodium [Moles/volume] in Serum or Plasma,142.3,mmol/L,numeric
2024-01-24T09:38:04Z,aa616abe-1761-0c9a-7959-07544679dafd,aa616abe-1761-0c9a-edc8-7778a2da0abb,laboratory,2823-3,Potassium [Moles/volume] in Serum or Plasma,4.3,mmol/L,numeric
2024-01-24T09:38:04Z,aa616abe-1761-0c9a-7959-07544679dafd,aa616abe-1761-0c9a-edc8-7778a2da0abb,laboratory,2075-0,Chloride [Moles/volume] in Serum or Plasma,101.8,mmol/L,numeric
2024-01-24T09:38:04Z,aa616abe-1761-0c9a-7959-07544679dafd,aa616abe-1761-0c9a-edc8-7778a2da0abb,laboratory,2028-9,Carbon dioxide  total [Moles/volume] in Serum or Plasma,25.9,mmol/L,numeric
2024-01-24T09:38:04Z,aa616abe-1761-0c9a-7959-07544679dafd,aa616abe-1761-0c9a-edc8-7778a2da0abb,laboratory,33914-3,Glomerular filtration rate [Volume Rate/Area] in Serum or Plasma by Creatinine-based formula (MDRD)/1.73 sq M,79.7,mL/min/{1.73_m2},numeric
2024-01-24T09:38:04Z,aa616abe-1761-0c9a-7959-07544679dafd,aa616abe-1761-0c9a-edc8-7778a2da0abb,laboratory,5767-9,Appearance of Urine,Cloudy urine (finding),{nominal},text
2024-01-24T09:38:04Z,aa616abe-1761-0c9a-7959-07544679dafd,aa616abe-1761-0c9a-edc8-7778a2da0abb,laboratory,34533-0,Odor of Urine,Urine smell ammoniacal (finding),{nominal},text
2024-01-24T09:38:04Z,aa616abe-1761-0c9a-7959-07544679dafd,aa616abe-1761-0c9a-edc8-7778a2da0abb,laboratory,32167-9,Clarity of Urine,Translucent (qualifier value),{nominal},text
2024-01-24T09:38:04Z,aa616abe-1761-0c9a-7959-07544679dafd,aa616abe-1761-0c9a-edc8-7778a2da0abb,laboratory,5778-6,Color of Urine,Brown color (qualifier value),{nominal},text
2024-01-24T09:38:04Z,aa616abe-1761-0c9a-7959-07544679dafd,aa616abe-1761-0c9a-edc8-7778a2da0abb,laboratory,5792-7,Glucose [Mass/volume] in Urine by Test strip,2.0,mg/dL,numeric
2024-01-24T09:38:04Z,aa616abe-1761-0c9a-7959-07544679dafd,aa616abe-1761-0c9a-edc8-7778a2da0abb,laboratory,25428-4,Glucose [Presence] in Urine by Test strip,Urine glucose test = ++ (finding),{nominal},text
2024-01-24T09:38:04Z,aa616abe-1761-0c9a-7959-07544679dafd,aa616abe-1761-0c9a-edc8-7778a2da0abb,laboratory,20505-4,Bilirubin.total [Mass/volume] in Urine by Test strip,0.9,mg/dL,numeric
2024-01-24T09:38:04Z,aa616abe-1761-0c9a-7959-07544679dafd,aa616abe-1761-0c9a-edc8-7778a2da0abb,laboratory,5770-3,Bilirubin.total [Presence] in Urine by Test strip,Finding of bilirubin in urine (finding),{nominal},text
2024-01-24T09:38:04Z,aa616abe-1761-0c9a-7959-07544679dafd,aa616abe-1761-0c9a-edc8-7778a2da0abb,laboratory,5797-6,Ketones [Mass/volume] in Urine by Test strip,4.3,mg/dL,numeric
2024-01-24T09:38:04Z,aa616abe-1761-0c9a-7959-07544679dafd,aa616abe-1761-0c9a-edc8-7778a2da0abb,laboratory,2514-8,Ketones [Presence] in Urine by Test strip,Urine ketone test = + (finding),{nominal},text
2024-01-24T09:38:04Z,aa616abe-1761-0c9a-7959-07544679dafd,aa616abe-1761-0c9a-edc8-7778a2da0abb,laboratory,5811-5,Specific gravity of Urine by Test strip,1.0,{nominal},numeric
2024-01-24T09:38:04Z,aa616abe-1761-0c9a-7959-07544679dafd,aa616abe-1761-0c9a-edc8-7778a2da0abb,laboratory,5803-2,pH of Urine by Test strip,5.4,pH,numeric
2024-01-24T09:38:04Z,aa616abe-1761-0c9a-7959-07544679dafd,aa616abe-1761-0c9a-edc8-7778a2da0abb,laboratory,5804-0,Protein [Mass/volume] in Urine by Test strip,330.7,mg/dL,numeric
2024-01-24T09:38:04Z,aa616abe-1761-0c9a-7959-07544679dafd,aa616abe-1761-0c9a-edc8-7778a2da0abb,laboratory,20454-5,Protein [Presence] in Urine by Test strip,Urine protein test = ++ (finding),{nominal},text
2024-01-24T09:38:04Z,aa616abe-1761-0c9a-7959-07544679dafd,aa616abe-1761-0c9a-edc8-7778a2da0abb,laboratory,5802-4,Nitrite [Presence] in Urine by Test strip,Nitrite not detected in urine (finding),{nominal},text
2024-01-24T09:38:04Z,aa616abe-1761-0c9a-7959-07544679dafd,aa616abe-1761-0c9a-edc8-7778a2da0abb,laboratory,5794-3,Hemoglobin [Presence] in Urine by Test strip,Blood not detected in urine (finding),{nominal},text
2024-01-24T09:38:04Z,aa616abe-1761-0c9a-7959-07544679dafd,aa616abe-1761-0c9a-edc8-7778a2da0abb,laboratory,5799-2,Leukocyte esterase [Presence] in Urine by Test strip,Urine leukocytes not detected (finding),{nominal},text
2024-01-24T09:38:04Z,aa616abe-1761-0c9a-7959-07544679dafd,aa616abe-1761-0c9a-edc8-7778a2da0abb,laboratory,4548-4,Hemoglobin A1c/Hemoglobin.total in Blood,5.4,%,numeric
2024-02-07T09:39:04Z,aa616abe-1761-0c9a-7959-07544679dafd,aa616abe-1761-0c9a-75bf-b4e9504dacfd,exam,413077008,LogMAR visual acuity left eye (observable entity),0,{logmar},text
2024-02-07T09:39:04Z,aa616abe-1761-0c9a-7959-07544679dafd,aa616abe-1761-0c9a-75bf-b4e9504dacfd,exam,413078003,LogMAR visual acuity right eye (observable entity),0,{logmar},text
2024-02-07T09:40:04Z,aa616abe-1761-0c9a-7959-07544679dafd,aa616abe-1761-0c9a-75bf-b4e9504dacfd,vital-signs,79893-4,Left eye Intraocular pressure,17.0,mm[Hg],numeric
2024-02-07T09:40:04Z,aa616abe-1761-0c9a-7959-07544679dafd,aa616abe-1761-0c9a-75bf-b4e9504dacfd,vital-signs,79892-6,Right eye Intraocular pressure,17.0,mm[Hg],numeric
2024-02-07T09:54:11Z,aa616abe-1761-0c9a-7959-07544679dafd,aa616abe-1761-0c9a-75bf-b4e9504dacfd,imaging,79819-9,Study observation Left retina by OCT,No abnormal findings,{nominal},text
2024-02-07T09:54:11Z,aa616abe-1761-0c9a-7959-07544679dafd,aa616abe-1761-0c9a-75bf-b4e9504dacfd,imaging,79818-1,Study observation Right retina by OCT,No abnormal findings,{nominal},text
2024-02-07T09:54:11Z,aa616abe-1761-0c9a-7959-07544679dafd,aa616abe-1761-0c9a-75bf-b4e9504dacfd,exam,71490-7,Left eye Diabetic retinopathy severity level by Ophthalmoscopy,Mild non-proliferative retinopathy,,text
2024-02-07T09:54:11Z,aa616abe-1761-0c9a-7959-07544679dafd,aa616abe-1761-0c9a-75bf-b4e9504dacfd,exam,71491-5,Right eye Diabetic retinopathy severity level by Ophthalmoscopy,Mild non-proliferative retinopathy,,text
2024-02-21T09:38:04Z,aa616abe-1761-0c9a-7959-07544679dafd,aa616abe-1761-0c9a-2681-bb2e644093cc,laboratory,2345-7,Glucose [Mass/volume] in Serum or Plasma,87.3,mg/dL,numeric
2024-02-21T09:38:04Z,aa616abe-1761-0c9a-7959-07544679dafd,aa616abe-1761-0c9a-2681-bb2e644093cc,laboratory,3094-0,Urea nitrogen [Mass/volume] in Serum or Plasma,15.9,mg/dL,numeric
2024-02-21T09:38:04Z,aa616abe-1761-0c9a-7959-07544679dafd,aa616abe-1761-0c9a-2681-bb2e644093cc,laboratory,2160-0,Creatinine [Mass/volume] in Serum or Plasma,2.1,mg/dL,numeric
2024-02-21T09:38:04Z,aa616abe-1761-0c9a-7959-07544679dafd,aa616abe-1761-0c9a-2681-bb2e644093cc,laboratory,17861-6,Calcium [Mass/volume] in Serum or Plasma,9.5,mg/dL,numeric
2024-02-21T09:38:04Z,aa616abe-1761-0c9a-7959-07544679dafd,aa616abe-1761-0c9a-2681-bb2e644093cc,laboratory,2951-2,Sodium [Moles/volume] in Serum or Plasma,139.6,mmol/L,numeric
2024-02-21T09:38:04Z,aa616abe-1761-0c9a-7959-07544679dafd,aa616abe-1761-0c9a-2681-bb2e644093cc,laboratory,2823-3,Potassium [Moles/volume] in Serum or Plasma,4.4,mmol/L,numeric
2024-02-21T09:38:04Z,aa616abe-1761-0c9a-7959-07544679dafd,aa616abe-1761-0c9a-2681-bb2e644093cc,laboratory,2075-0,Chloride [Moles/volume] in Serum or Plasma,110.5,mmol/L,numeric
2024-02-21T09:38:04Z,aa616abe-1761-0c9a-7959-07544679dafd,aa616abe-1761-0c9a-2681-bb2e644093cc,laboratory,2028-9,Carbon dioxide  total [Moles/volume] in Serum or Plasma,26.5,mmol/L,numeric
2024-02-21T09:38:04Z,aa616abe-1761-0c9a-7959-07544679dafd,aa616abe-1761-0c9a-2681-bb2e644093cc,laboratory,33914-3,Glomerular filtration rate [Volume Rate/Area] in Serum or Plasma by Creatinine-based formula (MDRD)/1.73 sq M,84.2,mL/min/{1.73_m2},numeric
2024-02-21T09:38:04Z,aa616abe-1761-0c9a-7959-07544679dafd,aa616abe-1761-0c9a-2681-bb2e644093cc,laboratory,5767-9,Appearance of Urine,Cloudy urine (finding),{nominal},text
2024-02-21T09:38:04Z,aa616abe-1761-0c9a-7959-07544679dafd,aa616abe-1761-0c9a-2681-bb2e644093cc,laboratory,34533-0,Odor of Urine,Urine smell ammoniacal (finding),{nominal},text
2024-02-21T09:38:04Z,aa616abe-1761-0c9a-7959-07544679dafd,aa616abe-1761-0c9a-2681-bb2e644093cc,laboratory,32167-9,Clarity of Urine,Translucent (qualifier value),{nominal},text
2024-02-21T09:38:04Z,aa616abe-1761-0c9a-7959-07544679dafd,aa616abe-1761-0c9a-2681-bb2e644093cc,laboratory,5778-6,Color of Urine,Brown color (qualifier value),{nominal},text
2024-02-21T09:38:04Z,aa616abe-1761-0c9a-7959-07544679dafd,aa616abe-1761-0c9a-2681-bb2e644093cc,laboratory,5792-7,Glucose [Mass/volume] in Urine by Test strip,2.4,mg/dL,numeric
2024-02-21T09:38:04Z,aa616abe-1761-0c9a-7959-07544679dafd,aa616abe-1761-0c9a-2681-bb2e644093cc,laboratory,25428-4,Glucose [Presence] in Urine by Test strip,Urine glucose test = ++ (finding),{nominal},text
2024-02-21T09:38:04Z,aa616abe-1761-0c9a-7959-07544679dafd,aa616abe-1761-0c9a-2681-bb2e644093cc,laboratory,20505-4,Bilirubin.total [Mass/volume] in Urine by Test strip,1.3,mg/dL,numeric
2024-02-21T09:38:04Z,aa616abe-1761-0c9a-7959-07544679dafd,aa616abe-1761-0c9a-2681-bb2e644093cc,laboratory,5770-3,Bilirubin.total [Presence] in Urine by Test strip,Finding of bilirubin in urine (finding),{nominal},text
2024-02-21T09:38:04Z,aa616abe-1761-0c9a-7959-07544679dafd,aa616abe-1761-0c9a-2681-bb2e644093cc,laboratory,5797-6,Ketones [Mass/volume] in Urine by Test strip,17.9,mg/dL,numeric
2024-02-21T09:38:04Z,aa616abe-1761-0c9a-7959-07544679dafd,aa616abe-1761-0c9a-2681-bb2e644093cc,laboratory,2514-8,Ketones [Presence] in Urine by Test strip,Urine ketone test = + (finding),{nominal},text
2024-02-21T09:38:04Z,aa616abe-1761-0c9a-7959-07544679dafd,aa616abe-1761-0c9a-2681-bb2e644093cc,laboratory,5811-5,Specific gravity of Urine by Test strip,1.0,{nominal},numeric
2024-02-21T09:38:04Z,aa616abe-1761-0c9a-7959-07544679dafd,aa616abe-1761-0c9a-2681-bb2e644093cc,laboratory,5803-2,pH of Urine by Test strip,6.0,pH,numeric
2024-02-21T09:38:04Z,aa616abe-1761-0c9a-7959-07544679dafd,aa616abe-1761-0c9a-2681-bb2e644093cc,laboratory,5804-0,Protein [Mass/volume] in Urine by Test strip,305.9,mg/dL,numeric
2024-02-21T09:38:04Z,aa616abe-1761-0c9a-7959-07544679dafd,aa616abe-1761-0c9a-2681-bb2e644093cc,laboratory,20454-5,Protein [Presence] in Urine by Test strip,Urine protein test = ++ (finding),{nominal},text
2024-02-21T09:38:04Z,aa616abe-1761-0c9a-7959-07544679dafd,aa616abe-1761-0c9a-2681-bb2e644093cc,laboratory,5802-4,Nitrite [Presence] in Urine by Test strip,Nitrite not detected in urine (finding),{nominal},text
2024-02-21T09:38:04Z,aa616abe-1761-0c9a-7959-07544679dafd,aa616abe-1761-0c9a-2681-bb2e644093cc,laboratory,5794-3,Hemoglobin [Presence] in Urine by Test strip,Blood not detected in urine (finding),{nominal},text
2024-02-21T09:38:04Z,aa616abe-1761-0c9a-7959-07544679dafd,aa616abe-1761-0c9a-2681-bb2e644093cc,laboratory,5799-2,Leukocyte esterase [Presence] in Urine by Test strip,Urine leukocytes not detected (finding),{nominal},text
2024-02-21T09:38:04Z,aa616abe-1761-0c9a-7959-07544679dafd,aa616abe-1761-0c9a-2681-bb2e644093cc,laboratory,4548-4,Hemoglobin A1c/Hemoglobin.total in Blood,5.4,%,numeric
2024-02-21T09:38:04Z,aa616abe-1761-0c9a-7959-07544679dafd,aa616abe-1761-0c9a-2681-bb2e644093cc,vital-signs,8302-2,Body Height,164.6,cm,numeric
2024-02-21T09:38:04Z,aa616abe-1761-0c9a-7959-07544679dafd,aa616abe-1761-0c9a-2681-bb2e644093cc,vital-signs,72514-3,Pain severity - 0-10 verbal numeric rating [Score] - Reported,4.0,{score},numeric
2024-02-21T09:38:04Z,aa616abe-1761-0c9a-7959-07544679dafd,aa616abe-1761-0c9a-2681-bb2e644093cc,vital-signs,29463-7,Body Weight,75.2,kg,numeric
2024-02-21T09:38:04Z,aa616abe-1761-0c9a-7959-07544679dafd,aa616abe-1761-0c9a-2681-bb2e644093cc,vital-signs,39156-5,Body mass index (BMI) [Ratio],27.8,kg/m2,numeric
2024-02-21T09:38:04Z,aa616abe-1761-0c9a-7959-07544679dafd,aa616abe-1761-0c9a-2681-bb2e644093cc,vital-signs,8462-4,Diastolic Blood Pressure,78.0,mm[Hg],numeric
2024-02-21T09:38:04Z,aa616abe-1761-0c9a-7959-07544679dafd,aa616abe-1761-0c9a-2681-bb2e644093cc,vital-signs,8480-6,Systolic Blood Pressure,117.0,mm[Hg],numeric
2024-02-21T09:38:04Z,aa616abe-1761-0c9a-7959-07544679dafd,aa616abe-1761-0c9a-2681-bb2e644093cc,vital-signs,8867-4,Heart rate,96.0,/min,numeric
2024-02-21T09:38:04Z,aa616abe-1761-0c9a-7959-07544679dafd,aa616abe-1761-0c9a-2681-bb2e644093cc,vital-signs,9279-1,Respiratory rate,13.0,/min,numeric
2024-02-21T09:38:04Z,aa616abe-1761-0c9a-7959-07544679dafd,aa616abe-1761-0c9a-2681-bb2e644093cc,laboratory,2339-0,Glucose [Mass/volume] in Blood,87.3,mg/dL,numeric
2024-02-21T09:38:04Z,aa616abe-1761-0c9a-7959-07544679dafd,aa616abe-1761-0c9a-2681-bb2e644093cc,laboratory,6299-2,Urea nitrogen [Mass/volume] in Blood,15.9,mg/dL,numeric
2024-02-21T09:38:04Z,aa616abe-1761-0c9a-7959-07544679dafd,aa616abe-1761-0c9a-2681-bb2e644093cc,laboratory,38483-4,Creatinine [Mass/volume] in Blood,1.0,mg/dL,numeric
2024-02-21T09:38:04Z,aa616abe-1761-0c9a-7959-07544679dafd,aa616abe-1761-0c9a-2681-bb2e644093cc,laboratory,49765-1,Calcium [Mass/volume] in Blood,9.5,mg/dL,numeric
2024-02-21T09:38:04Z,aa616abe-1761-0c9a-7959-07544679dafd,aa616abe-1761-0c9a-2681-bb2e644093cc,laboratory,2947-0,Sodium [Moles/volume] in Blood,139.6,mmol/L,numeric
2024-02-21T09:38:04Z,aa616abe-1761-0c9a-7959-07544679dafd,aa616abe-1761-0c9a-2681-bb2e644093cc,laboratory,6298-4,Potassium [Moles/volume] in Blood,4.4,mmol/L,numeric
2024-02-21T09:38:04Z,aa616abe-1761-0c9a-7959-07544679dafd,aa616abe-1761-0c9a-2681-bb2e644093cc,laboratory,2069-3,Chloride [Moles/volume] in Blood,110.5,mmol/L,numeric
2024-02-21T09:38:04Z,aa616abe-1761-0c9a-7959-07544679dafd,aa616abe-1761-0c9a-2681-bb2e644093cc,laboratory,20565-8,Carbon dioxide  total [Moles/volume] in Blood,26.5,mmol/L,numeric
2024-02-21T09:38:04Z,aa616abe-1761-0c9a-7959-07544679dafd,aa616abe-1761-0c9a-2681-bb2e644093cc,laboratory,2093-3,Cholesterol [Mass/volume] in Serum or Plasma,164.5,mg/dL,numeric
2024-02-21T09:38:04Z,aa616abe-1761-0c9a-7959-07544679dafd,aa616abe-1761-0c9a-2681-bb2e644093cc,laboratory,2571-8,Triglyceride [Mass/volume] in Serum or Plasma,129.4,mg/dL,numeric
2024-02-21T09:38:04Z,aa616abe-1761-0c9a-7959-07544679dafd,aa616abe-1761-0c9a-2681-bb2e644093cc,laboratory,18262-6,Cholesterol in LDL [Mass/volume] in Serum or Plasma by Direct assay,86.0,mg/dL,numeric
2024-02-21T09:38:04Z,aa616abe-1761-0c9a-7959-07544679dafd,aa616abe-1761-0c9a-2681-bb2e644093cc,laboratory,2085-9,Cholesterol in HDL [Mass/volume] in Serum or Plasma,52.6,mg/dL,numeric
2024-02-21T09:38:04Z,aa616abe-1761-0c9a-7959-07544679dafd,aa616abe-1761-0c9a-2681-bb2e644093cc,laboratory,14959-1,Microalbumin/Creatinine [Mass Ratio] in Urine,17.1,mg/g,numeric
2024-02-21T09:38:04Z,aa616abe-1761-0c9a-7959-07544679dafd,aa616abe-1761-0c9a-2681-bb2e644093cc,laboratory,33914-3,Glomerular filtration rate [Volume Rate/Area] in Serum or Plasma by Creatinine-based formula (MDRD)/1.73 sq M,57.9,mL/min/{1.73_m2},numeric
2024-02-21T09:38:04Z,aa616abe-1761-0c9a-7959-07544679dafd,aa616abe-1761-0c9a-2681-bb2e644093cc,social-history,72166-2,Tobacco smoking status,Never smoked tobacco (finding),,text
2024-02-21T10:33:31Z,aa616abe-1761-0c9a-7959-07544679dafd,aa616abe-1761-0c9a-2681-bb2e644093cc,survey,76501-6,Within the last year  have you been afraid of your partner or ex-partner,No,,text
2024-02-21T10:33:31Z,aa616abe-1761-0c9a-7959-07544679dafd,aa616abe-1761-0c9a-2681-bb2e644093cc,survey,93026-3,Do you feel physically and emotionally safe where you currently live [PRAPARE],Yes,,text
2024-02-21T10:33:31Z,aa616abe-1761-0c9a-7959-07544679dafd,aa616abe-1761-0c9a-2681-bb2e644093cc,survey,93027-1,Are you a refugee,No,,text
2024-02-21T10:33:31Z,aa616abe-1761-0c9a-7959-07544679dafd,aa616abe-1761-0c9a-2681-bb2e644093cc,survey,93028-9,Have you spent more than 2 nights in a row in a jail  prison  detention center  or juvenile correctional facility in past 1 year [PRAPARE],Yes,,text
2024-02-21T10:33:31Z,aa616abe-1761-0c9a-7959-07544679dafd,aa616abe-1761-0c9a-2681-bb2e644093cc,survey,93038-8,Stress level,A little bit,,text
2024-02-21T10:33:31Z,aa616abe-1761-0c9a-7959-07544679dafd,aa616abe-1761-0c9a-2681-bb2e644093cc,survey,93029-7,How often do you see or talk to people that you care about and feel close to [PRAPARE],5 or more times a week,,text
2024-02-21T10:33:31Z,aa616abe-1761-0c9a-7959-07544679dafd,aa616abe-1761-0c9a-2681-bb2e644093cc,survey,93030-5,Has lack of transportation kept you from medical appointments  meetings  work  or from getting things needed for daily living,No,,text
2024-02-21T10:33:31Z,aa616abe-1761-0c9a-7959-07544679dafd,aa616abe-1761-0c9a-2681-bb2e644093cc,survey,93031-3,Have you or any family members you live with been unable to get any of the following when it was really needed in past 1 year [PRAPARE],Phone,,text
2024-02-21T10:33:31Z,aa616abe-1761-0c9a-7959-07544679dafd,aa616abe-1761-0c9a-2681-bb2e644093cc,survey,63586-2,What was your best estimate of the total income of all family members from all sources  before taxes  in last year [PhenX],15504,/a,text
2024-02-21T10:33:31Z,aa616abe-1761-0c9a-7959-07544679dafd,aa616abe-1761-0c9a-2681-bb2e644093cc,survey,76437-3,Primary insurance,Medicaid,,text
2024-02-21T10:33:31Z,aa616abe-1761-0c9a-7959-07544679dafd,aa616abe-1761-0c9a-2681-bb2e644093cc,survey,67875-5,Employment status - current,Part-time or temporary work,,text
2024-02-21T10:33:31Z,aa616abe-1761-0c9a-7959-07544679dafd,aa616abe-1761-0c9a-2681-bb2e644093cc,survey,82589-3,Highest level of education,High school diploma or GED,,text
2024-02-21T10:33:31Z,aa616abe-1761-0c9a-7959-07544679dafd,aa616abe-1761-0c9a-2681-bb2e644093cc,survey,56799-0,Address,997 Grant Row Unit 85,,text
2024-02-21T10:33:31Z,aa616abe-1761-0c9a-7959-07544679dafd,aa616abe-1761-0c9a-2681-bb2e644093cc,survey,93033-9,Are you worried about losing your housing [PRAPARE],No,,text
2024-02-21T10:33:31Z,aa616abe-1761-0c9a-7959-07544679dafd,aa616abe-1761-0c9a-2681-bb2e644093cc,survey,71802-3,Housing status,I have housing,,text
2024-02-21T10:33:31Z,aa616abe-1761-0c9a-7959-07544679dafd,aa616abe-1761-0c9a-2681-bb2e644093cc,survey,63512-8,How many people are living or staying at this address [#],6.0,{#},numeric
2024-02-21T10:33:31Z,aa616abe-1761-0c9a-7959-07544679dafd,aa616abe-1761-0c9a-2681-bb2e644093cc,survey,54899-0,Preferred language,English,,text
2024-02-21T10:33:31Z,aa616abe-1761-0c9a-7959-07544679dafd,aa616abe-1761-0c9a-2681-bb2e644093cc,survey,93034-7,Discharged from the U.S. Armed Forces,No,,text
2024-02-21T10:33:31Z,aa616abe-1761-0c9a-7959-07544679dafd,aa616abe-1761-0c9a-2681-bb2e644093cc,survey,93035-4,Has season or migrant farm work been your or your family's main source of income at any point in past 2 years [PRAPARE],No,,text
2024-02-21T10:33:31Z,aa616abe-1761-0c9a-7959-07544679dafd,aa616abe-1761-0c9a-2681-bb2e644093cc,survey,32624-9,Race,White,,text
2024-02-21T10:33:31Z,aa616abe-1761-0c9a-7959-07544679dafd,aa616abe-1761-0c9a-2681-bb2e644093cc,survey,56051-6,Hispanic or Latino,No,,text
2024-02-21T10:59:55Z,aa616abe-1761-0c9a-7959-07544679dafd,aa616abe-1761-0c9a-2681-bb2e644093cc,survey,70274-6,Generalized anxiety disorder 7 item (GAD-7) total score [Reported.PHQ],1.0,{score},numeric
2024-02-21T11:21:16Z,aa616abe-1761-0c9a-7959-07544679dafd,aa616abe-1761-0c9a-2681-bb2e644093cc,survey,59460-6,Fall risk total [Morse Fall Scale],99.0,{#},numeric
2024-02-21T11:21:16Z,aa616abe-1761-0c9a-7959-07544679dafd,aa616abe-1761-0c9a-2681-bb2e644093cc,survey,59461-4,Fall risk level [Morse Fall Scale],High Risk (MFS Score 50+),,text
2024-02-21T12:05:35Z,aa616abe-1761-0c9a-7959-07544679dafd,aa616abe-1761-0c9a-2681-bb2e644093cc,survey,76504-0,Total score [HARK],0.0,{score},numeric
2024-02-21T12:41:20Z,aa616abe-1761-0c9a-7959-07544679dafd,aa616abe-1761-0c9a-2681-bb2e644093cc,survey,55758-7,Patient Health Questionnaire 2 item (PHQ-2) total score [Reported],1.0,{score},numeric
2024-02-21T13:12:40Z,aa616abe-1761-0c9a-7959-07544679dafd,aa616abe-1761-0c9a-2681-bb2e644093cc,survey,82667-7,Total score [DAST-10],1.0,{score},numeric
2024-02-28T09:38:04Z,aa616abe-1761-0c9a-7959-07544679dafd,aa616abe-1761-0c9a-80ad-6cc2bce866c1,laboratory,2345-7,Glucose [Mass/volume] in Serum or Plasma,94.9,mg/dL,numeric
2024-02-28T09:38:04Z,aa616abe-1761-0c9a-7959-07544679dafd,aa616abe-1761-0c9a-80ad-6cc2bce866c1,laboratory,3094-0,Urea nitrogen [Mass/volume] in Serum or Plasma,7.6,mg/dL,numeric
2024-02-28T09:38:04Z,aa616abe-1761-0c9a-7959-07544679dafd,aa616abe-1761-0c9a-80ad-6cc2bce866c1,laboratory,2160-0,Creatinine [Mass/volume] in Serum or Plasma,1.9,mg/dL,numeric
2024-02-28T09:38:04Z,aa616abe-1761-0c9a-7959-07544679dafd,aa616abe-1761-0c9a-80ad-6cc2bce866c1,laboratory,17861-6,Calcium [Mass/volume] in Serum or Plasma,9.4,mg/dL,numeric
2024-02-28T09:38:04Z,aa616abe-1761-0c9a-7959-07544679dafd,aa616abe-1761-0c9a-80ad-6cc2bce866c1,laboratory,2951-2,Sodium [Moles/volume] in Serum or Plasma,142.3,mmol/L,numeric
2024-02-28T09:38:04Z,aa616abe-1761-0c9a-7959-07544679dafd,aa616abe-1761-0c9a-80ad-6cc2bce866c1,laboratory,2823-3,Potassium [Moles/volume] in Serum or Plasma,4.3,mmol/L,numeric
2024-02-28T09:38:04Z,aa616abe-1761-0c9a-7959-07544679dafd,aa616abe-1761-0c9a-80ad-6cc2bce866c1,laboratory,2075-0,Chloride [Moles/volume] in Serum or Plasma,101.9,mmol/L,numeric
2024-02-28T09:38:04Z,aa616abe-1761-0c9a-7959-07544679dafd,aa616abe-1761-0c9a-80ad-6cc2bce866c1,laboratory,2028-9,Carbon dioxide  total [Moles/volume] in Serum or Plasma,27.5,mmol/L,numeric
2024-02-28T09:38:04Z,aa616abe-1761-0c9a-7959-07544679dafd,aa616abe-1761-0c9a-80ad-6cc2bce866c1,laboratory,33914-3,Glomerular filtration rate [Volume Rate/Area] in Serum or Plasma by Creatinine-based formula (MDRD)/1.73 sq M,88.3,mL/min/{1.73_m2},numeric
2024-02-28T09:38:04Z,aa616abe-1761-0c9a-7959-07544679dafd,aa616abe-1761-0c9a-80ad-6cc2bce866c1,laboratory,5767-9,Appearance of Urine,Cloudy urine (finding),{nominal},text
2024-02-28T09:38:04Z,aa616abe-1761-0c9a-7959-07544679dafd,aa616abe-1761-0c9a-80ad-6cc2bce866c1,laboratory,34533-0,Odor of Urine,Urine smell ammoniacal (finding),{nominal},text
2024-02-28T09:38:04Z,aa616abe-1761-0c9a-7959-07544679dafd,aa616abe-1761-0c9a-80ad-6cc2bce866c1,laboratory,32167-9,Clarity of Urine,Translucent (qualifier value),{nominal},text
2024-02-28T09:38:04Z,aa616abe-1761-0c9a-7959-07544679dafd,aa616abe-1761-0c9a-80ad-6cc2bce866c1,laboratory,5778-6,Color of Urine,Brown color (qualifier value),{nominal},text
2024-02-28T09:38:04Z,aa616abe-1761-0c9a-7959-07544679dafd,aa616abe-1761-0c9a-80ad-6cc2bce866c1,laboratory,5792-7,Glucose [Mass/volume] in Urine by Test strip,0.7,mg/dL,numeric
2024-02-28T09:38:04Z,aa616abe-1761-0c9a-7959-07544679dafd,aa616abe-1761-0c9a-80ad-6cc2bce866c1,laboratory,25428-4,Glucose [Presence] in Urine by Test strip,Urine glucose test = ++ (finding),{nominal},text
2024-02-28T09:38:04Z,aa616abe-1761-0c9a-7959-07544679dafd,aa616abe-1761-0c9a-80ad-6cc2bce866c1,laboratory,20505-4,Bilirubin.total [Mass/volume] in Urine by Test strip,0.9,mg/dL,numeric
2024-02-28T09:38:04Z,aa616abe-1761-0c9a-7959-07544679dafd,aa616abe-1761-0c9a-80ad-6cc2bce866c1,laboratory,5770-3,Bilirubin.total [Presence] in Urine by Test strip,Finding of bilirubin in urine (finding),{nominal},text
2024-02-28T09:38:04Z,aa616abe-1761-0c9a-7959-07544679dafd,aa616abe-1761-0c9a-80ad-6cc2bce866c1,laboratory,5797-6,Ketones [Mass/volume] in Urine by Test strip,17.6,mg/dL,numeric
2024-02-28T09:38:04Z,aa616abe-1761-0c9a-7959-07544679dafd,aa616abe-1761-0c9a-80ad-6cc2bce866c1,laboratory,2514-8,Ketones [Presence] in Urine by Test strip,Urine ketone test = + (finding),{nominal},text
2024-02-28T09:38:04Z,aa616abe-1761-0c9a-7959-07544679dafd,aa616abe-1761-0c9a-80ad-6cc2bce866c1,laboratory,5811-5,Specific gravity of Urine by Test strip,1.0,{nominal},numeric
2024-02-28T09:38:04Z,aa616abe-1761-0c9a-7959-07544679dafd,aa616abe-1761-0c9a-80ad-6cc2bce866c1,laboratory,5803-2,pH of Urine by Test strip,6.9,pH,numeric
2024-02-28T09:38:04Z,aa616abe-1761-0c9a-7959-07544679dafd,aa616abe-1761-0c9a-80ad-6cc2bce866c1,laboratory,5804-0,Protein [Mass/volume] in Urine by Test strip,192.7,mg/dL,numeric
2024-02-28T09:38:04Z,aa616abe-1761-0c9a-7959-07544679dafd,aa616abe-1761-0c9a-80ad-6cc2bce866c1,laboratory,20454-5,Protein [Presence] in Urine by Test strip,Urine protein test = ++ (finding),{nominal},text
2024-02-28T09:38:04Z,aa616abe-1761-0c9a-7959-07544679dafd,aa616abe-1761-0c9a-80ad-6cc2bce866c1,laboratory,5802-4,Nitrite [Presence] in Urine by Test strip,Nitrite not detected in urine (finding),{nominal},text
2024-02-28T09:38:04Z,aa616abe-1761-0c9a-7959-07544679dafd,aa616abe-1761-0c9a-80ad-6cc2bce866c1,laboratory,5794-3,Hemoglobin [Presence] in Urine by Test strip,Blood not detected in urine (finding),{nominal},text
2024-02-28T09:38:04Z,aa616abe-1761-0c9a-7959-07544679dafd,aa616abe-1761-0c9a-80ad-6cc2bce866c1,laboratory,5799-2,Leukocyte esterase [Presence] in Urine by Test strip,Urine leukocytes not detected (finding),{nominal},text
2024-02-28T09:38:04Z,aa616abe-1761-0c9a-7959-07544679dafd,aa616abe-1761-0c9a-80ad-6cc2bce866c1,laboratory,4548-4,Hemoglobin A1c/Hemoglobin.total in Blood,5.4,%,numeric
2024-03-06T09:38:04Z,aa616abe-1761-0c9a-7959-07544679dafd,aa616abe-1761-0c9a-734b-fc8587254c98,laboratory,2345-7,Glucose [Mass/volume] in Serum or Plasma,99.8,mg/dL,numeric
2024-03-06T09:38:04Z,aa616abe-1761-0c9a-7959-07544679dafd,aa616abe-1761-0c9a-734b-fc8587254c98,laboratory,3094-0,Urea nitrogen [Mass/volume] in Serum or Plasma,14.5,mg/dL,numeric
2024-03-06T09:38:04Z,aa616abe-1761-0c9a-7959-07544679dafd,aa616abe-1761-0c9a-734b-fc8587254c98,laboratory,2160-0,Creatinine [Mass/volume] in Serum or Plasma,1.9,mg/dL,numeric
2024-03-06T09:38:04Z,aa616abe-1761-0c9a-7959-07544679dafd,aa616abe-1761-0c9a-734b-fc8587254c98,laboratory,17861-6,Calcium [Mass/volume] in Serum or Plasma,8.8,mg/dL,numeric
2024-03-06T09:38:04Z,aa616abe-1761-0c9a-7959-07544679dafd,aa616abe-1761-0c9a-734b-fc8587254c98,laboratory,2951-2,Sodium [Moles/volume] in Serum or Plasma,137.2,mmol/L,numeric
2024-03-06T09:38:04Z,aa616abe-1761-0c9a-7959-07544679dafd,aa616abe-1761-0c9a-734b-fc8587254c98,laboratory,2823-3,Potassium [Moles/volume] in Serum or Plasma,4.5,mmol/L,numeric
2024-03-06T09:38:04Z,aa616abe-1761-0c9a-7959-07544679dafd,aa616abe-1761-0c9a-734b-fc8587254c98,laboratory,2075-0,Chloride [Moles/volume] in Serum or Plasma,107.2,mmol/L,numeric
2024-03-06T09:38:04Z,aa616abe-1761-0c9a-7959-07544679dafd,aa616abe-1761-0c9a-734b-fc8587254c98,laboratory,2028-9,Carbon dioxide  total [Moles/volume] in Serum or Plasma,22.1,mmol/L,numeric
2024-03-06T09:38:04Z,aa616abe-1761-0c9a-7959-07544679dafd,aa616abe-1761-0c9a-734b-fc8587254c98,laboratory,33914-3,Glomerular filtration rate [Volume Rate/Area] in Serum or Plasma by Creatinine-based formula (MDRD)/1.73 sq M,71.4,mL/min/{1.73_m2},numeric
2024-03-06T09:38:04Z,aa616abe-1761-0c9a-7959-07544679dafd,aa616abe-1761-0c9a-734b-fc8587254c98,laboratory,5767-9,Appearance of Urine,Cloudy urine (finding),{nominal},text
2024-03-06T09:38:04Z,aa616abe-1761-0c9a-7959-07544679dafd,aa616abe-1761-0c9a-734b-fc8587254c98,laboratory,34533-0,Odor of Urine,Urine smell ammoniacal (finding),{nominal},text
2024-03-06T09:38:04Z,aa616abe-1761-0c9a-7959-07544679dafd,aa616abe-1761-0c9a-734b-fc8587254c98,laboratory,32167-9,Clarity of Urine,Translucent (qualifier value),{nominal},text
2024-03-06T09:38:04Z,aa616abe-1761-0c9a-7959-07544679dafd,aa616abe-1761-0c9a-734b-fc8587254c98,laboratory,5778-6,Color of Urine,Brown color (qualifier value),{nominal},text
2024-03-06T09:38:04Z,aa616abe-1761-0c9a-7959-07544679dafd,aa616abe-1761-0c9a-734b-fc8587254c98,laboratory,5792-7,Glucose [Mass/volume] in Urine by Test strip,2.1,mg/dL,numeric
2024-03-06T09:38:04Z,aa616abe-1761-0c9a-7959-07544679dafd,aa616abe-1761-0c9a-734b-fc8587254c98,laboratory,25428-4,Glucose [Presence] in Urine by Test strip,Urine glucose test = ++ (finding),{nominal},text
2024-03-06T09:38:04Z,aa616abe-1761-0c9a-7959-07544679dafd,aa616abe-1761-0c9a-734b-fc8587254c98,laboratory,20505-4,Bilirubin.total [Mass/volume] in Urine by Test strip,1.4,mg/dL,numeric
2024-03-06T09:38:04Z,aa616abe-1761-0c9a-7959-07544679dafd,aa616abe-1761-0c9a-734b-fc8587254c98,laboratory,5770-3,Bilirubin.total [Presence] in Urine by Test strip,Finding of bilirubin in urine (finding),{nominal},text
2024-03-06T09:38:04Z,aa616abe-1761-0c9a-7959-07544679dafd,aa616abe-1761-0c9a-734b-fc8587254c98,laboratory,5797-6,Ketones [Mass/volume] in Urine by Test strip,16.1,mg/dL,numeric
2024-03-06T09:38:04Z,aa616abe-1761-0c9a-7959-07544679dafd,aa616abe-1761-0c9a-734b-fc8587254c98,laboratory,2514-8,Ketones [Presence] in Urine by Test strip,Urine ketone test = + (finding),{nominal},text
2024-03-06T09:38:04Z,aa616abe-1761-0c9a-7959-07544679dafd,aa616abe-1761-0c9a-734b-fc8587254c98,laboratory,5811-5,Specific gravity of Urine by Test strip,1.0,{nominal},numeric
2024-03-06T09:38:04Z,aa616abe-1761-0c9a-7959-07544679dafd,aa616abe-1761-0c9a-734b-fc8587254c98,laboratory,5803-2,pH of Urine by Test strip,6.2,pH,numeric
2024-03-06T09:38:04Z,aa616abe-1761-0c9a-7959-07544679dafd,aa616abe-1761-0c9a-734b-fc8587254c98,laboratory,5804-0,Protein [Mass/volume] in Urine by Test strip,255.6,mg/dL,numeric
2024-03-06T09:38:04Z,aa616abe-1761-0c9a-7959-07544679dafd,aa616abe-1761-0c9a-734b-fc8587254c98,laboratory,20454-5,Protein [Presence] in Urine by Test strip,Urine protein test = ++ (finding),{nominal},text
2024-03-06T09:38:04Z,aa616abe-1761-0c9a-7959-07544679dafd,aa616abe-1761-0c9a-734b-fc8587254c98,laboratory,5802-4,Nitrite [Presence] in Urine by Test strip,Nitrite not detected in urine (finding),{nominal},text
2024-03-06T09:38:04Z,aa616abe-1761-0c9a-7959-07544679dafd,aa616abe-1761-0c9a-734b-fc8587254c98,laboratory,5794-3,Hemoglobin [Presence] in Urine by Test strip,Blood not detected in urine (finding),{nominal},text
2024-03-06T09:38:04Z,aa616abe-1761-0c9a-7959-07544679dafd,aa616abe-1761-0c9a-734b-fc8587254c98,laboratory,5799-2,Leukocyte esterase [Presence] in Urine by Test strip,Urine leukocytes not detected (finding),{nominal},text
2024-03-06T09:38:04Z,aa616abe-1761-0c9a-7959-07544679dafd,aa616abe-1761-0c9a-734b-fc8587254c98,laboratory,4548-4,Hemoglobin A1c/Hemoglobin.total in Blood,5.4,%,numeric
2024-03-06T09:38:04Z,aa616abe-1761-0c9a-7959-07544679dafd,aa616abe-1761-0c9a-734b-fc8587254c98,vital-signs,8302-2,Body Height,164.6,cm,numeric
2024-03-06T09:38:04Z,aa616abe-1761-0c9a-7959-07544679dafd,aa616abe-1761-0c9a-734b-fc8587254c98,vital-signs,72514-3,Pain severity - 0-10 verbal numeric rating [Score] - Reported,1.0,{score},numeric
2024-03-06T09:38:04Z,aa616abe-1761-0c9a-7959-07544679dafd,aa616abe-1761-0c9a-734b-fc8587254c98,vital-signs,29463-7,Body Weight,75.2,kg,numeric
2024-03-06T09:38:04Z,aa616abe-1761-0c9a-7959-07544679dafd,aa616abe-1761-0c9a-734b-fc8587254c98,vital-signs,39156-5,Body mass index (BMI) [Ratio],27.8,kg/m2,numeric
2024-03-06T09:38:04Z,aa616abe-1761-0c9a-7959-07544679dafd,aa616abe-1761-0c9a-734b-fc8587254c98,vital-signs,8462-4,Diastolic Blood Pressure,71.0,mm[Hg],numeric
2024-03-06T09:38:04Z,aa616abe-1761-0c9a-7959-07544679dafd,aa616abe-1761-0c9a-734b-fc8587254c98,vital-signs,8480-6,Systolic Blood Pressure,93.0,mm[Hg],numeric
2024-03-06T09:38:04Z,aa616abe-1761-0c9a-7959-07544679dafd,aa616abe-1761-0c9a-734b-fc8587254c98,vital-signs,8867-4,Heart rate,86.0,/min,numeric
2024-03-06T09:38:04Z,aa616abe-1761-0c9a-7959-07544679dafd,aa616abe-1761-0c9a-734b-fc8587254c98,vital-signs,9279-1,Respiratory rate,16.0,/min,numeric
2024-03-06T09:38:04Z,aa616abe-1761-0c9a-7959-07544679dafd,aa616abe-1761-0c9a-734b-fc8587254c98,laboratory,2339-0,Glucose [Mass/volume] in Blood,99.8,mg/dL,numeric
2024-03-06T09:38:04Z,aa616abe-1761-0c9a-7959-07544679dafd,aa616abe-1761-0c9a-734b-fc8587254c98,laboratory,6299-2,Urea nitrogen [Mass/volume] in Blood,14.5,mg/dL,numeric
2024-03-06T09:38:04Z,aa616abe-1761-0c9a-7959-07544679dafd,aa616abe-1761-0c9a-734b-fc8587254c98,laboratory,38483-4,Creatinine [Mass/volume] in Blood,1.3,mg/dL,numeric
2024-03-06T09:38:04Z,aa616abe-1761-0c9a-7959-07544679dafd,aa616abe-1761-0c9a-734b-fc8587254c98,laboratory,49765-1,Calcium [Mass/volume] in Blood,8.8,mg/dL,numeric
2024-03-06T09:38:04Z,aa616abe-1761-0c9a-7959-07544679dafd,aa616abe-1761-0c9a-734b-fc8587254c98,laboratory,2947-0,Sodium [Moles/volume] in Blood,137.2,mmol/L,numeric
2024-03-06T09:38:04Z,aa616abe-1761-0c9a-7959-07544679dafd,aa616abe-1761-0c9a-734b-fc8587254c98,laboratory,6298-4,Potassium [Moles/volume] in Blood,4.5,mmol/L,numeric
2024-03-06T09:38:04Z,aa616abe-1761-0c9a-7959-07544679dafd,aa616abe-1761-0c9a-734b-fc8587254c98,laboratory,2069-3,Chloride [Moles/volume] in Blood,107.2,mmol/L,numeric
2024-03-06T09:38:04Z,aa616abe-1761-0c9a-7959-07544679dafd,aa616abe-1761-0c9a-734b-fc8587254c98,laboratory,20565-8,Carbon dioxide  total [Moles/volume] in Blood,22.1,mmol/L,numeric
2024-03-06T09:38:04Z,aa616abe-1761-0c9a-7959-07544679dafd,aa616abe-1761-0c9a-734b-fc8587254c98,laboratory,2093-3,Cholesterol [Mass/volume] in Serum or Plasma,160.5,mg/dL,numeric
2024-03-06T09:38:04Z,aa616abe-1761-0c9a-7959-07544679dafd,aa616abe-1761-0c9a-734b-fc8587254c98,laboratory,2571-8,Triglyceride [Mass/volume] in Serum or Plasma,132.5,mg/dL,numeric
2024-03-06T09:38:04Z,aa616abe-1761-0c9a-7959-07544679dafd,aa616abe-1761-0c9a-734b-fc8587254c98,laboratory,18262-6,Cholesterol in LDL [Mass/volume] in Serum or Plasma by Direct assay,86.3,mg/dL,numeric
2024-03-06T09:38:04Z,aa616abe-1761-0c9a-7959-07544679dafd,aa616abe-1761-0c9a-734b-fc8587254c98,laboratory,2085-9,Cholesterol in HDL [Mass/volume] in Serum or Plasma,47.7,mg/dL,numeric
2024-03-06T09:38:04Z,aa616abe-1761-0c9a-7959-07544679dafd,aa616abe-1761-0c9a-734b-fc8587254c98,laboratory,14959-1,Microalbumin/Creatinine [Mass Ratio] in Urine,23.8,mg/g,numeric
2024-03-06T09:38:04Z,aa616abe-1761-0c9a-7959-07544679dafd,aa616abe-1761-0c9a-734b-fc8587254c98,laboratory,33914-3,Glomerular filtration rate [Volume Rate/Area] in Serum or Plasma by Creatinine-based formula (MDRD)/1.73 sq M,46.6,mL/min/{1.73_m2},numeric
2024-03-06T09:38:04Z,aa616abe-1761-0c9a-7959-07544679dafd,aa616abe-1761-0c9a-734b-fc8587254c98,social-history,72166-2,Tobacco smoking status,Never smoked tobacco (finding),,text
2024-03-06T10:21:57Z,aa616abe-1761-0c9a-7959-07544679dafd,aa616abe-1761-0c9a-734b-fc8587254c98,survey,76501-6,Within the last year  have you been afraid of your partner or ex-partner,No,,text
2024-03-06T10:21:57Z,aa616abe-1761-0c9a-7959-07544679dafd,aa616abe-1761-0c9a-734b-fc8587254c98,survey,93026-3,Do you feel physically and emotionally safe where you currently live [PRAPARE],Yes,,text
2024-03-06T10:21:57Z,aa616abe-1761-0c9a-7959-07544679dafd,aa616abe-1761-0c9a-734b-fc8587254c98,survey,93027-1,Are you a refugee,No,,text
2024-03-06T10:21:57Z,aa616abe-1761-0c9a-7959-07544679dafd,aa616abe-1761-0c9a-734b-fc8587254c98,survey,93028-9,Have you spent more than 2 nights in a row in a jail  prison  detention center  or juvenile correctional facility in past 1 year [PRAPARE],Yes,,text
2024-03-06T10:21:57Z,aa616abe-1761-0c9a-7959-07544679dafd,aa616abe-1761-0c9a-734b-fc8587254c98,survey,93038-8,Stress level,Not at all,,text
2024-03-06T10:21:57Z,aa616abe-1761-0c9a-7959-07544679dafd,aa616abe-1761-0c9a-734b-fc8587254c98,survey,93029-7,How often do you see or talk to people that you care about and feel close to [PRAPARE],3 to 5 times a week,,text
2024-03-06T10:21:57Z,aa616abe-1761-0c9a-7959-07544679dafd,aa616abe-1761-0c9a-734b-fc8587254c98,survey,93030-5,Has lack of transportation kept you from medical appointments  meetings  work  or from getting things needed for daily living,No,,text
2024-03-06T10:21:57Z,aa616abe-1761-0c9a-7959-07544679dafd,aa616abe-1761-0c9a-734b-fc8587254c98,survey,93031-3,Have you or any family members you live with been unable to get any of the following when it was really needed in past 1 year [PRAPARE],Utilities,,text
2024-03-06T10:21:57Z,aa616abe-1761-0c9a-7959-07544679dafd,aa616abe-1761-0c9a-734b-fc8587254c98,survey,63586-2,What was your best estimate of the total income of all family members from all sources  before taxes  in last year [PhenX],15504,/a,text
2024-03-06T10:21:57Z,aa616abe-1761-0c9a-7959-07544679dafd,aa616abe-1761-0c9a-734b-fc8587254c98,survey,76437-3,Primary insurance,Medicaid,,text
2024-03-06T10:21:57Z,aa616abe-1761-0c9a-7959-07544679dafd,aa616abe-1761-0c9a-734b-fc8587254c98,survey,67875-5,Employment status - current,Full-time work,,text
2024-03-06T10:21:57Z,aa616abe-1761-0c9a-7959-07544679dafd,aa616abe-1761-0c9a-734b-fc8587254c98,survey,82589-3,Highest level of education,High school diploma or GED,,text
2024-03-06T10:21:57Z,aa616abe-1761-0c9a-7959-07544679dafd,aa616abe-1761-0c9a-734b-fc8587254c98,survey,56799-0,Address,997 Grant Row Unit 85,,text
2024-03-06T10:21:57Z,aa616abe-1761-0c9a-7959-07544679dafd,aa616abe-1761-0c9a-734b-fc8587254c98,survey,93033-9,Are you worried about losing your housing [PRAPARE],No,,text
2024-03-06T10:21:57Z,aa616abe-1761-0c9a-7959-07544679dafd,aa616abe-1761-0c9a-734b-fc8587254c98,survey,71802-3,Housing status,I have housing,,text
2024-03-06T10:21:57Z,aa616abe-1761-0c9a-7959-07544679dafd,aa616abe-1761-0c9a-734b-fc8587254c98,survey,63512-8,How many people are living or staying at this address [#],6.0,{#},numeric
2024-03-06T10:21:57Z,aa616abe-1761-0c9a-7959-07544679dafd,aa616abe-1761-0c9a-734b-fc8587254c98,survey,54899-0,Preferred language,English,,text
2024-03-06T10:21:57Z,aa616abe-1761-0c9a-7959-07544679dafd,aa616abe-1761-0c9a-734b-fc8587254c98,survey,93034-7,Discharged from the U.S. Armed Forces,No,,text
2024-03-06T10:21:57Z,aa616abe-1761-0c9a-7959-07544679dafd,aa616abe-1761-0c9a-734b-fc8587254c98,survey,93035-4,Has season or migrant farm work been your or your family's main source of income at any point in past 2 years [PRAPARE],No,,text
2024-03-06T10:21:57Z,aa616abe-1761-0c9a-7959-07544679dafd,aa616abe-1761-0c9a-734b-fc8587254c98,survey,32624-9,Race,White,,text
2024-03-06T10:21:57Z,aa616abe-1761-0c9a-7959-07544679dafd,aa616abe-1761-0c9a-734b-fc8587254c98,survey,56051-6,Hispanic or Latino,No,,text
2024-03-06T10:37:39Z,aa616abe-1761-0c9a-7959-07544679dafd,aa616abe-1761-0c9a-734b-fc8587254c98,survey,70274-6,Generalized anxiety disorder 7 item (GAD-7) total score [Reported.PHQ],0.0,{score},numeric
2024-03-06T10:57:50Z,aa616abe-1761-0c9a-7959-07544679dafd,aa616abe-1761-0c9a-734b-fc8587254c98,survey,59460-6,Fall risk total [Morse Fall Scale],35.0,{#},numeric
2024-03-06T10:57:50Z,aa616abe-1761-0c9a-7959-07544679dafd,aa616abe-1761-0c9a-734b-fc8587254c98,survey,59461-4,Fall risk level [Morse Fall Scale],Moderate Risk (MFS Score 25 - 45),,text
2024-03-06T11:32:47Z,aa616abe-1761-0c9a-7959-07544679dafd,aa616abe-1761-0c9a-734b-fc8587254c98,survey,75626-2,Total score [AUDIT-C],1.0,{score},numeric
2024-03-20T09:38:04Z,aa616abe-1761-0c9a-7959-07544679dafd,aa616abe-1761-0c9a-6ee0-acea6b0f4399,laboratory,2345-7,Glucose [Mass/volume] in Serum or Plasma,67.4,mg/dL,numeric
2024-03-20T09:38:04Z,aa616abe-1761-0c9a-7959-07544679dafd,aa616abe-1761-0c9a-6ee0-acea6b0f4399,laboratory,3094-0,Urea nitrogen [Mass/volume] in Serum or Plasma,10.5,mg/dL,numeric
2024-03-20T09:38:04Z,aa616abe-1761-0c9a-7959-07544679dafd,aa616abe-1761-0c9a-6ee0-acea6b0f4399,laboratory,2160-0,Creatinine [Mass/volume] in Serum or Plasma,1.9,mg/dL,numeric
2024-03-20T09:38:04Z,aa616abe-1761-0c9a-7959-07544679dafd,aa616abe-1761-0c9a-6ee0-acea6b0f4399,laboratory,17861-6,Calcium [Mass/volume] in Serum or Plasma,10.2,mg/dL,numeric
2024-03-20T09:38:04Z,aa616abe-1761-0c9a-7959-07544679dafd,aa616abe-1761-0c9a-6ee0-acea6b0f4399,laboratory,2951-2,Sodium [Moles/volume] in Serum or Plasma,139.1,mmol/L,numeric
2024-03-20T09:38:04Z,aa616abe-1761-0c9a-7959-07544679dafd,aa616abe-1761-0c9a-6ee0-acea6b0f4399,laboratory,2823-3,Potassium [Moles/volume] in Serum or Plasma,4.0,mmol/L,numeric
2024-03-20T09:38:04Z,aa616abe-1761-0c9a-7959-07544679dafd,aa616abe-1761-0c9a-6ee0-acea6b0f4399,laboratory,2075-0,Chloride [Moles/volume] in Serum or Plasma,107.6,mmol/L,numeric
2024-03-20T09:38:04Z,aa616abe-1761-0c9a-7959-07544679dafd,aa616abe-1761-0c9a-6ee0-acea6b0f4399,laboratory,2028-9,Carbon dioxide  total [Moles/volume] in Serum or Plasma,24.5,mmol/L,numeric
2024-03-20T09:38:04Z,aa616abe-1761-0c9a-7959-07544679dafd,aa616abe-1761-0c9a-6ee0-acea6b0f4399,laboratory,33914-3,Glomerular filtration rate [Volume Rate/Area] in Serum or Plasma by Creatinine-based formula (MDRD)/1.73 sq M,62.9,mL/min/{1.73_m2},numeric
2024-03-20T09:38:04Z,aa616abe-1761-0c9a-7959-07544679dafd,aa616abe-1761-0c9a-6ee0-acea6b0f4399,laboratory,5767-9,Appearance of Urine,Cloudy urine (finding),{nominal},text
2024-03-20T09:38:04Z,aa616abe-1761-0c9a-7959-07544679dafd,aa616abe-1761-0c9a-6ee0-acea6b0f4399,laboratory,34533-0,Odor of Urine,Urine smell ammoniacal (finding),{nominal},text
2024-03-20T09:38:04Z,aa616abe-1761-0c9a-7959-07544679dafd,aa616abe-1761-0c9a-6ee0-acea6b0f4399,laboratory,32167-9,Clarity of Urine,Translucent (qualifier value),{nominal},text
2024-03-20T09:38:04Z,aa616abe-1761-0c9a-7959-07544679dafd,aa616abe-1761-0c9a-6ee0-acea6b0f4399,laboratory,5778-6,Color of Urine,Brown color (qualifier value),{nominal},text
2024-03-20T09:38:04Z,aa616abe-1761-0c9a-7959-07544679dafd,aa616abe-1761-0c9a-6ee0-acea6b0f4399,laboratory,5792-7,Glucose [Mass/volume] in Urine by Test strip,1.1,mg/dL,numeric
2024-03-20T09:38:04Z,aa616abe-1761-0c9a-7959-07544679dafd,aa616abe-1761-0c9a-6ee0-acea6b0f4399,laboratory,25428-4,Glucose [Presence] in Urine by Test strip,Urine glucose test = ++ (finding),{nominal},text
2024-03-20T09:38:04Z,aa616abe-1761-0c9a-7959-07544679dafd,aa616abe-1761-0c9a-6ee0-acea6b0f4399,laboratory,20505-4,Bilirubin.total [Mass/volume] in Urine by Test strip,0.3,mg/dL,numeric
2024-03-20T09:38:04Z,aa616abe-1761-0c9a-7959-07544679dafd,aa616abe-1761-0c9a-6ee0-acea6b0f4399,laboratory,5770-3,Bilirubin.total [Presence] in Urine by Test strip,Finding of bilirubin in urine (finding),{nominal},text
2024-03-20T09:38:04Z,aa616abe-1761-0c9a-7959-07544679dafd,aa616abe-1761-0c9a-6ee0-acea6b0f4399,laboratory,5797-6,Ketones [Mass/volume] in Urine by Test strip,16.7,mg/dL,numeric
2024-03-20T09:38:04Z,aa616abe-1761-0c9a-7959-07544679dafd,aa616abe-1761-0c9a-6ee0-acea6b0f4399,laboratory,2514-8,Ketones [Presence] in Urine by Test strip,Urine ketone test = + (finding),{nominal},text
2024-03-20T09:38:04Z,aa616abe-1761-0c9a-7959-07544679dafd,aa616abe-1761-0c9a-6ee0-acea6b0f4399,laboratory,5811-5,Specific gravity of Urine by Test strip,1.0,{nominal},numeric
2024-03-20T09:38:04Z,aa616abe-1761-0c9a-7959-07544679dafd,aa616abe-1761-0c9a-6ee0-acea6b0f4399,laboratory,5803-2,pH of Urine by Test strip,6.2,pH,numeric
2024-03-20T09:38:04Z,aa616abe-1761-0c9a-7959-07544679dafd,aa616abe-1761-0c9a-6ee0-acea6b0f4399,laboratory,5804-0,Protein [Mass/volume] in Urine by Test strip,196.7,mg/dL,numeric
2024-03-20T09:38:04Z,aa616abe-1761-0c9a-7959-07544679dafd,aa616abe-1761-0c9a-6ee0-acea6b0f4399,laboratory,20454-5,Protein [Presence] in Urine by Test strip,Urine protein test = ++ (finding),{nominal},text
2024-03-20T09:38:04Z,aa616abe-1761-0c9a-7959-07544679dafd,aa616abe-1761-0c9a-6ee0-acea6b0f4399,laboratory,5802-4,Nitrite [Presence] in Urine by Test strip,Nitrite not detected in urine (finding),{nominal},text
2024-03-20T09:38:04Z,aa616abe-1761-0c9a-7959-07544679dafd,aa616abe-1761-0c9a-6ee0-acea6b0f4399,laboratory,5794-3,Hemoglobin [Presence] in Urine by Test strip,Blood not detected in urine (finding),{nominal},text
2024-03-20T09:38:04Z,aa616abe-1761-0c9a-7959-07544679dafd,aa616abe-1761-0c9a-6ee0-acea6b0f4399,laboratory,5799-2,Leukocyte esterase [Presence] in Urine by Test strip,Urine leukocytes not detected (finding),{nominal},text
2024-03-20T09:38:04Z,aa616abe-1761-0c9a-7959-07544679dafd,aa616abe-1761-0c9a-6ee0-acea6b0f4399,laboratory,4548-4,Hemoglobin A1c/Hemoglobin.total in Blood,5.4,%,numeric
2024-03-20T09:38:04Z,aa616abe-1761-0c9a-7959-07544679dafd,aa616abe-1761-0c9a-6ee0-acea6b0f4399,vital-signs,8302-2,Body Height,164.6,cm,numeric
2024-03-20T09:38:04Z,aa616abe-1761-0c9a-7959-07544679dafd,aa616abe-1761-0c9a-6ee0-acea6b0f4399,vital-signs,72514-3,Pain severity - 0-10 verbal numeric rating [Score] - Reported,2.0,{score},numeric
2024-03-20T09:38:04Z,aa616abe-1761-0c9a-7959-07544679dafd,aa616abe-1761-0c9a-6ee0-acea6b0f4399,vital-signs,29463-7,Body Weight,75.2,kg,numeric
2024-03-20T09:38:04Z,aa616abe-1761-0c9a-7959-07544679dafd,aa616abe-1761-0c9a-6ee0-acea6b0f4399,vital-signs,39156-5,Body mass index (BMI) [Ratio],27.8,kg/m2,numeric
2024-03-20T09:38:04Z,aa616abe-1761-0c9a-7959-07544679dafd,aa616abe-1761-0c9a-6ee0-acea6b0f4399,vital-signs,8462-4,Diastolic Blood Pressure,71.0,mm[Hg],numeric
2024-03-20T09:38:04Z,aa616abe-1761-0c9a-7959-07544679dafd,aa616abe-1761-0c9a-6ee0-acea6b0f4399,vital-signs,8480-6,Systolic Blood Pressure,110.0,mm[Hg],numeric
2024-03-20T09:38:04Z,aa616abe-1761-0c9a-7959-07544679dafd,aa616abe-1761-0c9a-6ee0-acea6b0f4399,vital-signs,8867-4,Heart rate,87.0,/min,numeric
2024-03-20T09:38:04Z,aa616abe-1761-0c9a-7959-07544679dafd,aa616abe-1761-0c9a-6ee0-acea6b0f4399,vital-signs,9279-1,Respiratory rate,14.0,/min,numeric
2024-03-20T09:38:04Z,aa616abe-1761-0c9a-7959-07544679dafd,aa616abe-1761-0c9a-6ee0-acea6b0f4399,laboratory,2339-0,Glucose [Mass/volume] in Blood,67.4,mg/dL,numeric
2024-03-20T09:38:04Z,aa616abe-1761-0c9a-7959-07544679dafd,aa616abe-1761-0c9a-6ee0-acea6b0f4399,laboratory,6299-2,Urea nitrogen [Mass/volume] in Blood,10.5,mg/dL,numeric
2024-03-20T09:38:04Z,aa616abe-1761-0c9a-7959-07544679dafd,aa616abe-1761-0c9a-6ee0-acea6b0f4399,laboratory,38483-4,Creatinine [Mass/volume] in Blood,1.4,mg/dL,numeric
2024-03-20T09:38:04Z,aa616abe-1761-0c9a-7959-07544679dafd,aa616abe-1761-0c9a-6ee0-acea6b0f4399,laboratory,49765-1,Calcium [Mass/volume] in Blood,10.2,mg/dL,numeric
2024-03-20T09:38:04Z,aa616abe-1761-0c9a-7959-07544679dafd,aa616abe-1761-0c9a-6ee0-acea6b0f4399,laboratory,2947-0,Sodium [Moles/volume] in Blood,139.1,mmol/L,numeric
2024-03-20T09:38:04Z,aa616abe-1761-0c9a-7959-07544679dafd,aa616abe-1761-0c9a-6ee0-acea6b0f4399,laboratory,6298-4,Potassium [Moles/volume] in Blood,4.0,mmol/L,numeric
2024-03-20T09:38:04Z,aa616abe-1761-0c9a-7959-07544679dafd,aa616abe-1761-0c9a-6ee0-acea6b0f4399,laboratory,2069-3,Chloride [Moles/volume] in Blood,107.6,mmol/L,numeric
2024-03-20T09:38:04Z,aa616abe-1761-0c9a-7959-07544679dafd,aa616abe-1761-0c9a-6ee0-acea6b0f4399,laboratory,20565-8,Carbon dioxide  total [Moles/volume] in Blood,24.5,mmol/L,numeric
2024-03-20T09:38:04Z,aa616abe-1761-0c9a-7959-07544679dafd,aa616abe-1761-0c9a-6ee0-acea6b0f4399,laboratory,2093-3,Cholesterol [Mass/volume] in Serum or Plasma,148.5,mg/dL,numeric
2024-03-20T09:38:04Z,aa616abe-1761-0c9a-7959-07544679dafd,aa616abe-1761-0c9a-6ee0-acea6b0f4399,laboratory,2571-8,Triglyceride [Mass/volume] in Serum or Plasma,136.4,mg/dL,numeric
2024-03-20T09:38:04Z,aa616abe-1761-0c9a-7959-07544679dafd,aa616abe-1761-0c9a-6ee0-acea6b0f4399,laboratory,18262-6,Cholesterol in LDL [Mass/volume] in Serum or Plasma by Direct assay,58.5,mg/dL,numeric
2024-03-20T09:38:04Z,aa616abe-1761-0c9a-7959-07544679dafd,aa616abe-1761-0c9a-6ee0-acea6b0f4399,laboratory,2085-9,Cholesterol in HDL [Mass/volume] in Serum or Plasma,62.7,mg/dL,numeric
2024-03-20T09:38:04Z,aa616abe-1761-0c9a-7959-07544679dafd,aa616abe-1761-0c9a-6ee0-acea6b0f4399,laboratory,14959-1,Microalbumin/Creatinine [Mass Ratio] in Urine,27.1,mg/g,numeric
2024-03-20T09:38:04Z,aa616abe-1761-0c9a-7959-07544679dafd,aa616abe-1761-0c9a-6ee0-acea6b0f4399,laboratory,33914-3,Glomerular filtration rate [Volume Rate/Area] in Serum or Plasma by Creatinine-based formula (MDRD)/1.73 sq M,42.2,mL/min/{1.73_m2},numeric
2024-03-20T09:38:04Z,aa616abe-1761-0c9a-7959-07544679dafd,aa616abe-1761-0c9a-6ee0-acea6b0f4399,social-history,72166-2,Tobacco smoking status,Never smoked tobacco (finding),,text
2024-03-20T10:10:59Z,aa616abe-1761-0c9a-7959-07544679dafd,aa616abe-1761-0c9a-6ee0-acea6b0f4399,survey,76501-6,Within the last year  have you been afraid of your partner or ex-partner,No,,text
2024-03-20T10:10:59Z,aa616abe-1761-0c9a-7959-07544679dafd,aa616abe-1761-0c9a-6ee0-acea6b0f4399,survey,93026-3,Do you feel physically and emotionally safe where you currently live [PRAPARE],Yes,,text
2024-03-20T10:10:59Z,aa616abe-1761-0c9a-7959-07544679dafd,aa616abe-1761-0c9a-6ee0-acea6b0f4399,survey,93027-1,Are you a refugee,No,,text
2024-03-20T10:10:59Z,aa616abe-1761-0c9a-7959-07544679dafd,aa616abe-1761-0c9a-6ee0-acea6b0f4399,survey,93028-9,Have you spent more than 2 nights in a row in a jail  prison  detention center  or juvenile correctional facility in past 1 year [PRAPARE],Yes,,text
2024-03-20T10:10:59Z,aa616abe-1761-0c9a-7959-07544679dafd,aa616abe-1761-0c9a-6ee0-acea6b0f4399,survey,93038-8,Stress level,Somewhat,,text
2024-03-20T10:10:59Z,aa616abe-1761-0c9a-7959-07544679dafd,aa616abe-1761-0c9a-6ee0-acea6b0f4399,survey,93029-7,How often do you see or talk to people that you care about and feel close to [PRAPARE],5 or more times a week,,text
2024-03-20T10:10:59Z,aa616abe-1761-0c9a-7959-07544679dafd,aa616abe-1761-0c9a-6ee0-acea6b0f4399,survey,93030-5,Has lack of transportation kept you from medical appointments  meetings  work  or from getting things needed for daily living,No,,text
2024-03-20T10:10:59Z,aa616abe-1761-0c9a-7959-07544679dafd,aa616abe-1761-0c9a-6ee0-acea6b0f4399,survey,93031-3,Have you or any family members you live with been unable to get any of the following when it was really needed in past 1 year [PRAPARE],Food,,text
2024-03-20T10:10:59Z,aa616abe-1761-0c9a-7959-07544679dafd,aa616abe-1761-0c9a-6ee0-acea6b0f4399,survey,63586-2,What was your best estimate of the total income of all family members from all sources  before taxes  in last year [PhenX],15504,/a,text
2024-03-20T10:10:59Z,aa616abe-1761-0c9a-7959-07544679dafd,aa616abe-1761-0c9a-6ee0-acea6b0f4399,survey,76437-3,Primary insurance,Medicaid,,text
2024-03-20T10:10:59Z,aa616abe-1761-0c9a-7959-07544679dafd,aa616abe-1761-0c9a-6ee0-acea6b0f4399,survey,67875-5,Employment status - current,Full-time work,,text
2024-03-20T10:10:59Z,aa616abe-1761-0c9a-7959-07544679dafd,aa616abe-1761-0c9a-6ee0-acea6b0f4399,survey,82589-3,Highest level of education,High school diploma or GED,,text
2024-03-20T10:10:59Z,aa616abe-1761-0c9a-7959-07544679dafd,aa616abe-1761-0c9a-6ee0-acea6b0f4399,survey,56799-0,Address,997 Grant Row Unit 85,,text
2024-03-20T10:10:59Z,aa616abe-1761-0c9a-7959-07544679dafd,aa616abe-1761-0c9a-6ee0-acea6b0f4399,survey,93033-9,Are you worried about losing your housing [PRAPARE],No,,text
2024-03-20T10:10:59Z,aa616abe-1761-0c9a-7959-07544679dafd,aa616abe-1761-0c9a-6ee0-acea6b0f4399,survey,71802-3,Housing status,I have housing,,text
2024-03-20T10:10:59Z,aa616abe-1761-0c9a-7959-07544679dafd,aa616abe-1761-0c9a-6ee0-acea6b0f4399,survey,63512-8,How many people are living or staying at this address [#],6.0,{#},numeric
2024-03-20T10:10:59Z,aa616abe-1761-0c9a-7959-07544679dafd,aa616abe-1761-0c9a-6ee0-acea6b0f4399,survey,54899-0,Preferred language,English,,text
2024-03-20T10:10:59Z,aa616abe-1761-0c9a-7959-07544679dafd,aa616abe-1761-0c9a-6ee0-acea6b0f4399,survey,93034-7,Discharged from the U.S. Armed Forces,No,,text
2024-03-20T10:10:59Z,aa616abe-1761-0c9a-7959-07544679dafd,aa616abe-1761-0c9a-6ee0-acea6b0f4399,survey,93035-4,Has season or migrant farm work been your or your family's main source of income at any point in past 2 years [PRAPARE],No,,text
2024-03-20T10:10:59Z,aa616abe-1761-0c9a-7959-07544679dafd,aa616abe-1761-0c9a-6ee0-acea6b0f4399,survey,32624-9,Race,White,,text
2024-03-20T10:10:59Z,aa616abe-1761-0c9a-7959-07544679dafd,aa616abe-1761-0c9a-6ee0-acea6b0f4399,survey,56051-6,Hispanic or Latino,No,,text
2024-03-20T10:40:32Z,aa616abe-1761-0c9a-7959-07544679dafd,aa616abe-1761-0c9a-6ee0-acea6b0f4399,survey,70274-6,Generalized anxiety disorder 7 item (GAD-7) total score [Reported.PHQ],0.0,{score},numeric
2024-03-20T10:57:08Z,aa616abe-1761-0c9a-7959-07544679dafd,aa616abe-1761-0c9a-6ee0-acea6b0f4399,survey,59460-6,Fall risk total [Morse Fall Scale],125.0,{#},numeric
2024-03-20T10:57:08Z,aa616abe-1761-0c9a-7959-07544679dafd,aa616abe-1761-0c9a-6ee0-acea6b0f4399,survey,59461-4,Fall risk level [Morse Fall Scale],High Risk (MFS Score 50+),,text
2024-03-20T11:25:17Z,aa616abe-1761-0c9a-7959-07544679dafd,aa616abe-1761-0c9a-6ee0-acea6b0f4399,survey,76504-0,Total score [HARK],0.0,{score},numeric
2024-03-20T12:08:19Z,aa616abe-1761-0c9a-7959-07544679dafd,aa616abe-1761-0c9a-6ee0-acea6b0f4399,survey,55758-7,Patient Health Questionnaire 2 item (PHQ-2) total score [Reported],1.0,{score},numeric
2024-03-27T09:38:04Z,aa616abe-1761-0c9a-7959-07544679dafd,aa616abe-1761-0c9a-b26c-d4d2ac8efffd,laboratory,2345-7,Glucose [Mass/volume] in Serum or Plasma,92.0,mg/dL,numeric
2024-03-27T09:38:04Z,aa616abe-1761-0c9a-7959-07544679dafd,aa616abe-1761-0c9a-b26c-d4d2ac8efffd,laboratory,3094-0,Urea nitrogen [Mass/volume] in Serum or Plasma,12.1,mg/dL,numeric
2024-03-27T09:38:04Z,aa616abe-1761-0c9a-7959-07544679dafd,aa616abe-1761-0c9a-b26c-d4d2ac8efffd,laboratory,2160-0,Creatinine [Mass/volume] in Serum or Plasma,1.9,mg/dL,numeric
2024-03-27T09:38:04Z,aa616abe-1761-0c9a-7959-07544679dafd,aa616abe-1761-0c9a-b26c-d4d2ac8efffd,laboratory,17861-6,Calcium [Mass/volume] in Serum or Plasma,10.0,mg/dL,numeric
2024-03-27T09:38:04Z,aa616abe-1761-0c9a-7959-07544679dafd,aa616abe-1761-0c9a-b26c-d4d2ac8efffd,laboratory,2951-2,Sodium [Moles/volume] in Serum or Plasma,136.3,mmol/L,numeric
2024-03-27T09:38:04Z,aa616abe-1761-0c9a-7959-07544679dafd,aa616abe-1761-0c9a-b26c-d4d2ac8efffd,laboratory,2823-3,Potassium [Moles/volume] in Serum or Plasma,3.9,mmol/L,numeric
2024-03-27T09:38:04Z,aa616abe-1761-0c9a-7959-07544679dafd,aa616abe-1761-0c9a-b26c-d4d2ac8efffd,laboratory,2075-0,Chloride [Moles/volume] in Serum or Plasma,101.5,mmol/L,numeric
2024-03-27T09:38:04Z,aa616abe-1761-0c9a-7959-07544679dafd,aa616abe-1761-0c9a-b26c-d4d2ac8efffd,laboratory,2028-9,Carbon dioxide  total [Moles/volume] in Serum or Plasma,26.8,mmol/L,numeric
2024-03-27T09:38:04Z,aa616abe-1761-0c9a-7959-07544679dafd,aa616abe-1761-0c9a-b26c-d4d2ac8efffd,laboratory,33914-3,Glomerular filtration rate [Volume Rate/Area] in Serum or Plasma by Creatinine-based formula (MDRD)/1.73 sq M,88.6,mL/min/{1.73_m2},numeric
2024-03-27T09:38:04Z,aa616abe-1761-0c9a-7959-07544679dafd,aa616abe-1761-0c9a-b26c-d4d2ac8efffd,laboratory,5767-9,Appearance of Urine,Cloudy urine (finding),{nominal},text
2024-03-27T09:38:04Z,aa616abe-1761-0c9a-7959-07544679dafd,aa616abe-1761-0c9a-b26c-d4d2ac8efffd,laboratory,34533-0,Odor of Urine,Urine smell ammoniacal (finding),{nominal},text
2024-03-27T09:38:04Z,aa616abe-1761-0c9a-7959-07544679dafd,aa616abe-1761-0c9a-b26c-d4d2ac8efffd,laboratory,32167-9,Clarity of Urine,Translucent (qualifier value),{nominal},text
2024-03-27T09:38:04Z,aa616abe-1761-0c9a-7959-07544679dafd,aa616abe-1761-0c9a-b26c-d4d2ac8efffd,laboratory,5778-6,Color of Urine,Brown color (qualifier value),{nominal},text
2024-03-27T09:38:04Z,aa616abe-1761-0c9a-7959-07544679dafd,aa616abe-1761-0c9a-b26c-d4d2ac8efffd,laboratory,5792-7,Glucose [Mass/volume] in Urine by Test strip,1.5,mg/dL,numeric
2024-03-27T09:38:04Z,aa616abe-1761-0c9a-7959-07544679dafd,aa616abe-1761-0c9a-b26c-d4d2ac8efffd,laboratory,25428-4,Glucose [Presence] in Urine by Test strip,Urine glucose test = ++ (finding),{nominal},text
2024-03-27T09:38:04Z,aa616abe-1761-0c9a-7959-07544679dafd,aa616abe-1761-0c9a-b26c-d4d2ac8efffd,laboratory,20505-4,Bilirubin.total [Mass/volume] in Urine by Test strip,0.4,mg/dL,numeric
2024-03-27T09:38:04Z,aa616abe-1761-0c9a-7959-07544679dafd,aa616abe-1761-0c9a-b26c-d4d2ac8efffd,laboratory,5770-3,Bilirubin.total [Presence] in Urine by Test strip,Finding of bilirubin in urine (finding),{nominal},text
2024-03-27T09:38:04Z,aa616abe-1761-0c9a-7959-07544679dafd,aa616abe-1761-0c9a-b26c-d4d2ac8efffd,laboratory,5797-6,Ketones [Mass/volume] in Urine by Test strip,7.8,mg/dL,numeric
2024-03-27T09:38:04Z,aa616abe-1761-0c9a-7959-07544679dafd,aa616abe-1761-0c9a-b26c-d4d2ac8efffd,laboratory,2514-8,Ketones [Presence] in Urine by Test strip,Urine ketone test = + (finding),{nominal},text
2024-03-27T09:38:04Z,aa616abe-1761-0c9a-7959-07544679dafd,aa616abe-1761-0c9a-b26c-d4d2ac8efffd,laboratory,5811-5,Specific gravity of Urine by Test strip,1.0,{nominal},numeric
2024-03-27T09:38:04Z,aa616abe-1761-0c9a-7959-07544679dafd,aa616abe-1761-0c9a-b26c-d4d2ac8efffd,laboratory,5803-2,pH of Urine by Test strip,6.9,pH,numeric
2024-03-27T09:38:04Z,aa616abe-1761-0c9a-7959-07544679dafd,aa616abe-1761-0c9a-b26c-d4d2ac8efffd,laboratory,5804-0,Protein [Mass/volume] in Urine by Test strip,340.7,mg/dL,numeric
2024-03-27T09:38:04Z,aa616abe-1761-0c9a-7959-07544679dafd,aa616abe-1761-0c9a-b26c-d4d2ac8efffd,laboratory,20454-5,Protein [Presence] in Urine by Test strip,Urine protein test = ++ (finding),{nominal},text
2024-03-27T09:38:04Z,aa616abe-1761-0c9a-7959-07544679dafd,aa616abe-1761-0c9a-b26c-d4d2ac8efffd,laboratory,5802-4,Nitrite [Presence] in Urine by Test strip,Nitrite not detected in urine (finding),{nominal},text
2024-03-27T09:38:04Z,aa616abe-1761-0c9a-7959-07544679dafd,aa616abe-1761-0c9a-b26c-d4d2ac8efffd,laboratory,5794-3,Hemoglobin [Presence] in Urine by Test strip,Blood not detected in urine (finding),{nominal},text
2024-03-27T09:38:04Z,aa616abe-1761-0c9a-7959-07544679dafd,aa616abe-1761-0c9a-b26c-d4d2ac8efffd,laboratory,5799-2,Leukocyte esterase [Presence] in Urine by Test strip,Urine leukocytes not detected (finding),{nominal},text
2024-03-27T09:38:04Z,aa616abe-1761-0c9a-7959-07544679dafd,aa616abe-1761-0c9a-b26c-d4d2ac8efffd,laboratory,4548-4,Hemoglobin A1c/Hemoglobin.total in Blood,5.4,%,numeric
2024-04-17T09:38:04Z,aa616abe-1761-0c9a-7959-07544679dafd,aa616abe-1761-0c9a-4bbf-bc034380cbe7,laboratory,2345-7,Glucose [Mass/volume] in Serum or Plasma,67.2,mg/dL,numeric
2024-04-17T09:38:04Z,aa616abe-1761-0c9a-7959-07544679dafd,aa616abe-1761-0c9a-4bbf-bc034380cbe7,laboratory,3094-0,Urea nitrogen [Mass/volume] in Serum or Plasma,15.6,mg/dL,numeric
2024-04-17T09:38:04Z,aa616abe-1761-0c9a-7959-07544679dafd,aa616abe-1761-0c9a-4bbf-bc034380cbe7,laboratory,2160-0,Creatinine [Mass/volume] in Serum or Plasma,1.8,mg/dL,numeric
2024-04-17T09:38:04Z,aa616abe-1761-0c9a-7959-07544679dafd,aa616abe-1761-0c9a-4bbf-bc034380cbe7,laboratory,17861-6,Calcium [Mass/volume] in Serum or Plasma,9.5,mg/dL,numeric
2024-04-17T09:38:04Z,aa616abe-1761-0c9a-7959-07544679dafd,aa616abe-1761-0c9a-4bbf-bc034380cbe7,laboratory,2951-2,Sodium [Moles/volume] in Serum or Plasma,142.7,mmol/L,numeric
2024-04-17T09:38:04Z,aa616abe-1761-0c9a-7959-07544679dafd,aa616abe-1761-0c9a-4bbf-bc034380cbe7,laboratory,2823-3,Potassium [Moles/volume] in Serum or Plasma,4.5,mmol/L,numeric
2024-04-17T09:38:04Z,aa616abe-1761-0c9a-7959-07544679dafd,aa616abe-1761-0c9a-4bbf-bc034380cbe7,laboratory,2075-0,Chloride [Moles/volume] in Serum or Plasma,105.6,mmol/L,numeric
2024-04-17T09:38:04Z,aa616abe-1761-0c9a-7959-07544679dafd,aa616abe-1761-0c9a-4bbf-bc034380cbe7,laboratory,2028-9,Carbon dioxide  total [Moles/volume] in Serum or Plasma,27.4,mmol/L,numeric
2024-04-17T09:38:04Z,aa616abe-1761-0c9a-7959-07544679dafd,aa616abe-1761-0c9a-4bbf-bc034380cbe7,laboratory,33914-3,Glomerular filtration rate [Volume Rate/Area] in Serum or Plasma by Creatinine-based formula (MDRD)/1.73 sq M,78.4,mL/min/{1.73_m2},numeric
2024-04-17T09:38:04Z,aa616abe-1761-0c9a-7959-07544679dafd,aa616abe-1761-0c9a-4bbf-bc034380cbe7,laboratory,5767-9,Appearance of Urine,Cloudy urine (finding),{nominal},text
2024-04-17T09:38:04Z,aa616abe-1761-0c9a-7959-07544679dafd,aa616abe-1761-0c9a-4bbf-bc034380cbe7,laboratory,34533-0,Odor of Urine,Urine smell ammoniacal (finding),{nominal},text
2024-04-17T09:38:04Z,aa616abe-1761-0c9a-7959-07544679dafd,aa616abe-1761-0c9a-4bbf-bc034380cbe7,laboratory,32167-9,Clarity of Urine,Translucent (qualifier value),{nominal},text
2024-04-17T09:38:04Z,aa616abe-1761-0c9a-7959-07544679dafd,aa616abe-1761-0c9a-4bbf-bc034380cbe7,laboratory,5778-6,Color of Urine,Brown color (qualifier value),{nominal},text
2024-04-17T09:38:04Z,aa616abe-1761-0c9a-7959-07544679dafd,aa616abe-1761-0c9a-4bbf-bc034380cbe7,laboratory,5792-7,Glucose [Mass/volume] in Urine by Test strip,2.2,mg/dL,numeric
2024-04-17T09:38:04Z,aa616abe-1761-0c9a-7959-07544679dafd,aa616abe-1761-0c9a-4bbf-bc034380cbe7,laboratory,25428-4,Glucose [Presence] in Urine by Test strip,Urine glucose test = ++ (finding),{nominal},text
2024-04-17T09:38:04Z,aa616abe-1761-0c9a-7959-07544679dafd,aa616abe-1761-0c9a-4bbf-bc034380cbe7,laboratory,20505-4,Bilirubin.total [Mass/volume] in Urine by Test strip,1.0,mg/dL,numeric
2024-04-17T09:38:04Z,aa616abe-1761-0c9a-7959-07544679dafd,aa616abe-1761-0c9a-4bbf-bc034380cbe7,laboratory,5770-3,Bilirubin.total [Presence] in Urine by Test strip,Finding of bilirubin in urine (finding),{nominal},text
2024-04-17T09:38:04Z,aa616abe-1761-0c9a-7959-07544679dafd,aa616abe-1761-0c9a-4bbf-bc034380cbe7,laboratory,5797-6,Ketones [Mass/volume] in Urine by Test strip,13.7,mg/dL,numeric
2024-04-17T09:38:04Z,aa616abe-1761-0c9a-7959-07544679dafd,aa616abe-1761-0c9a-4bbf-bc034380cbe7,laboratory,2514-8,Ketones [Presence] in Urine by Test strip,Urine ketone test = + (finding),{nominal},text
2024-04-17T09:38:04Z,aa616abe-1761-0c9a-7959-07544679dafd,aa616abe-1761-0c9a-4bbf-bc034380cbe7,laboratory,5811-5,Specific gravity of Urine by Test strip,1.0,{nominal},numeric
2024-04-17T09:38:04Z,aa616abe-1761-0c9a-7959-07544679dafd,aa616abe-1761-0c9a-4bbf-bc034380cbe7,laboratory,5803-2,pH of Urine by Test strip,6.2,pH,numeric
2024-04-17T09:38:04Z,aa616abe-1761-0c9a-7959-07544679dafd,aa616abe-1761-0c9a-4bbf-bc034380cbe7,laboratory,5804-0,Protein [Mass/volume] in Urine by Test strip,299.2,mg/dL,numeric
2024-04-17T09:38:04Z,aa616abe-1761-0c9a-7959-07544679dafd,aa616abe-1761-0c9a-4bbf-bc034380cbe7,laboratory,20454-5,Protein [Presence] in Urine by Test strip,Urine protein test = ++ (finding),{nominal},text
2024-04-17T09:38:04Z,aa616abe-1761-0c9a-7959-07544679dafd,aa616abe-1761-0c9a-4bbf-bc034380cbe7,laboratory,5802-4,Nitrite [Presence] in Urine by Test strip,Nitrite not detected in urine (finding),{nominal},text
2024-04-17T09:38:04Z,aa616abe-1761-0c9a-7959-07544679dafd,aa616abe-1761-0c9a-4bbf-bc034380cbe7,laboratory,5794-3,Hemoglobin [Presence] in Urine by Test strip,Blood not detected in urine (finding),{nominal},text
2024-04-17T09:38:04Z,aa616abe-1761-0c9a-7959-07544679dafd,aa616abe-1761-0c9a-4bbf-bc034380cbe7,laboratory,5799-2,Leukocyte esterase [Presence] in Urine by Test strip,Urine leukocytes not detected (finding),{nominal},text
2024-04-17T09:38:04Z,aa616abe-1761-0c9a-7959-07544679dafd,aa616abe-1761-0c9a-4bbf-bc034380cbe7,laboratory,4548-4,Hemoglobin A1c/Hemoglobin.total in Blood,5.4,%,numeric
2024-04-17T09:38:04Z,aa616abe-1761-0c9a-7959-07544679dafd,aa616abe-1761-0c9a-4bbf-bc034380cbe7,vital-signs,8302-2,Body Height,164.6,cm,numeric
2024-04-17T09:38:04Z,aa616abe-1761-0c9a-7959-07544679dafd,aa616abe-1761-0c9a-4bbf-bc034380cbe7,vital-signs,72514-3,Pain severity - 0-10 verbal numeric rating [Score] - Reported,1.0,{score},numeric
2024-04-17T09:38:04Z,aa616abe-1761-0c9a-7959-07544679dafd,aa616abe-1761-0c9a-4bbf-bc034380cbe7,vital-signs,29463-7,Body Weight,75.2,kg,numeric
2024-04-17T09:38:04Z,aa616abe-1761-0c9a-7959-07544679dafd,aa616abe-1761-0c9a-4bbf-bc034380cbe7,vital-signs,39156-5,Body mass index (BMI) [Ratio],27.8,kg/m2,numeric
2024-04-17T09:38:04Z,aa616abe-1761-0c9a-7959-07544679dafd,aa616abe-1761-0c9a-4bbf-bc034380cbe7,vital-signs,8462-4,Diastolic Blood Pressure,71.0,mm[Hg],numeric
2024-04-17T09:38:04Z,aa616abe-1761-0c9a-7959-07544679dafd,aa616abe-1761-0c9a-4bbf-bc034380cbe7,vital-signs,8480-6,Systolic Blood Pressure,97.0,mm[Hg],numeric
2024-04-17T09:38:04Z,aa616abe-1761-0c9a-7959-07544679dafd,aa616abe-1761-0c9a-4bbf-bc034380cbe7,vital-signs,8867-4,Heart rate,81.0,/min,numeric
2024-04-17T09:38:04Z,aa616abe-1761-0c9a-7959-07544679dafd,aa616abe-1761-0c9a-4bbf-bc034380cbe7,vital-signs,9279-1,Respiratory rate,14.0,/min,numeric
2024-04-17T09:38:04Z,aa616abe-1761-0c9a-7959-07544679dafd,aa616abe-1761-0c9a-4bbf-bc034380cbe7,laboratory,2339-0,Glucose [Mass/volume] in Blood,67.2,mg/dL,numeric
2024-04-17T09:38:04Z,aa616abe-1761-0c9a-7959-07544679dafd,aa616abe-1761-0c9a-4bbf-bc034380cbe7,laboratory,6299-2,Urea nitrogen [Mass/volume] in Blood,15.6,mg/dL,numeric
2024-04-17T09:38:04Z,aa616abe-1761-0c9a-7959-07544679dafd,aa616abe-1761-0c9a-4bbf-bc034380cbe7,laboratory,38483-4,Creatinine [Mass/volume] in Blood,1.9,mg/dL,numeric
2024-04-17T09:38:04Z,aa616abe-1761-0c9a-7959-07544679dafd,aa616abe-1761-0c9a-4bbf-bc034380cbe7,laboratory,49765-1,Calcium [Mass/volume] in Blood,9.5,mg/dL,numeric
2024-04-17T09:38:04Z,aa616abe-1761-0c9a-7959-07544679dafd,aa616abe-1761-0c9a-4bbf-bc034380cbe7,laboratory,2947-0,Sodium [Moles/volume] in Blood,142.7,mmol/L,numeric
2024-04-17T09:38:04Z,aa616abe-1761-0c9a-7959-07544679dafd,aa616abe-1761-0c9a-4bbf-bc034380cbe7,laboratory,6298-4,Potassium [Moles/volume] in Blood,4.5,mmol/L,numeric
2024-04-17T09:38:04Z,aa616abe-1761-0c9a-7959-07544679dafd,aa616abe-1761-0c9a-4bbf-bc034380cbe7,laboratory,2069-3,Chloride [Moles/volume] in Blood,105.6,mmol/L,numeric
2024-04-17T09:38:04Z,aa616abe-1761-0c9a-7959-07544679dafd,aa616abe-1761-0c9a-4bbf-bc034380cbe7,laboratory,20565-8,Carbon dioxide  total [Moles/volume] in Blood,27.4,mmol/L,numeric
2024-04-17T09:38:04Z,aa616abe-1761-0c9a-7959-07544679dafd,aa616abe-1761-0c9a-4bbf-bc034380cbe7,laboratory,2093-3,Cholesterol [Mass/volume] in Serum or Plasma,215.0,mg/dL,numeric
2024-04-17T09:38:04Z,aa616abe-1761-0c9a-7959-07544679dafd,aa616abe-1761-0c9a-4bbf-bc034380cbe7,laboratory,2571-8,Triglyceride [Mass/volume] in Serum or Plasma,147.3,mg/dL,numeric
2024-04-17T09:38:04Z,aa616abe-1761-0c9a-7959-07544679dafd,aa616abe-1761-0c9a-4bbf-bc034380cbe7,laboratory,18262-6,Cholesterol in LDL [Mass/volume] in Serum or Plasma by Direct assay,131.0,mg/dL,numeric
2024-04-17T09:38:04Z,aa616abe-1761-0c9a-7959-07544679dafd,aa616abe-1761-0c9a-4bbf-bc034380cbe7,laboratory,2085-9,Cholesterol in HDL [Mass/volume] in Serum or Plasma,54.5,mg/dL,numeric
2024-04-17T09:38:04Z,aa616abe-1761-0c9a-7959-07544679dafd,aa616abe-1761-0c9a-4bbf-bc034380cbe7,laboratory,14959-1,Microalbumin/Creatinine [Mass Ratio] in Urine,22.7,mg/g,numeric
2024-04-17T09:38:04Z,aa616abe-1761-0c9a-7959-07544679dafd,aa616abe-1761-0c9a-4bbf-bc034380cbe7,laboratory,33914-3,Glomerular filtration rate [Volume Rate/Area] in Serum or Plasma by Creatinine-based formula (MDRD)/1.73 sq M,31.7,mL/min/{1.73_m2},numeric
2024-04-17T09:38:04Z,aa616abe-1761-0c9a-7959-07544679dafd,aa616abe-1761-0c9a-4bbf-bc034380cbe7,social-history,72166-2,Tobacco smoking status,Never smoked tobacco (finding),,text
2024-04-17T10:10:20Z,aa616abe-1761-0c9a-7959-07544679dafd,aa616abe-1761-0c9a-4bbf-bc034380cbe7,survey,76501-6,Within the last year  have you been afraid of your partner or ex-partner,No,,text
2024-04-17T10:10:20Z,aa616abe-1761-0c9a-7959-07544679dafd,aa616abe-1761-0c9a-4bbf-bc034380cbe7,survey,93026-3,Do you feel physically and emotionally safe where you currently live [PRAPARE],Yes,,text
2024-04-17T10:10:20Z,aa616abe-1761-0c9a-7959-07544679dafd,aa616abe-1761-0c9a-4bbf-bc034380cbe7,survey,93027-1,Are you a refugee,No,,text
2024-04-17T10:10:20Z,aa616abe-1761-0c9a-7959-07544679dafd,aa616abe-1761-0c9a-4bbf-bc034380cbe7,survey,93028-9,Have you spent more than 2 nights in a row in a jail  prison  detention center  or juvenile correctional facility in past 1 year [PRAPARE],Yes,,text
2024-04-17T10:10:20Z,aa616abe-1761-0c9a-7959-07544679dafd,aa616abe-1761-0c9a-4bbf-bc034380cbe7,survey,93038-8,Stress level,Somewhat,,text
2024-04-17T10:10:20Z,aa616abe-1761-0c9a-7959-07544679dafd,aa616abe-1761-0c9a-4bbf-bc034380cbe7,survey,93029-7,How often do you see or talk to people that you care about and feel close to [PRAPARE],5 or more times a week,,text
2024-04-17T10:10:20Z,aa616abe-1761-0c9a-7959-07544679dafd,aa616abe-1761-0c9a-4bbf-bc034380cbe7,survey,93030-5,Has lack of transportation kept you from medical appointments  meetings  work  or from getting things needed for daily living,No,,text
2024-04-17T10:10:20Z,aa616abe-1761-0c9a-7959-07544679dafd,aa616abe-1761-0c9a-4bbf-bc034380cbe7,survey,93031-3,Have you or any family members you live with been unable to get any of the following when it was really needed in past 1 year [PRAPARE],Food,,text
2024-04-17T10:10:20Z,aa616abe-1761-0c9a-7959-07544679dafd,aa616abe-1761-0c9a-4bbf-bc034380cbe7,survey,63586-2,What was your best estimate of the total income of all family members from all sources  before taxes  in last year [PhenX],15504,/a,text
2024-04-17T10:10:20Z,aa616abe-1761-0c9a-7959-07544679dafd,aa616abe-1761-0c9a-4bbf-bc034380cbe7,survey,76437-3,Primary insurance,Medicaid,,text
2024-04-17T10:10:20Z,aa616abe-1761-0c9a-7959-07544679dafd,aa616abe-1761-0c9a-4bbf-bc034380cbe7,survey,67875-5,Employment status - current,Full-time work,,text
2024-04-17T10:10:20Z,aa616abe-1761-0c9a-7959-07544679dafd,aa616abe-1761-0c9a-4bbf-bc034380cbe7,survey,82589-3,Highest level of education,High school diploma or GED,,text
2024-04-17T10:10:20Z,aa616abe-1761-0c9a-7959-07544679dafd,aa616abe-1761-0c9a-4bbf-bc034380cbe7,survey,56799-0,Address,997 Grant Row Unit 85,,text
2024-04-17T10:10:20Z,aa616abe-1761-0c9a-7959-07544679dafd,aa616abe-1761-0c9a-4bbf-bc034380cbe7,survey,93033-9,Are you worried about losing your housing [PRAPARE],No,,text
2024-04-17T10:10:20Z,aa616abe-1761-0c9a-7959-07544679dafd,aa616abe-1761-0c9a-4bbf-bc034380cbe7,survey,71802-3,Housing status,I have housing,,text
2024-04-17T10:10:20Z,aa616abe-1761-0c9a-7959-07544679dafd,aa616abe-1761-0c9a-4bbf-bc034380cbe7,survey,63512-8,How many people are living or staying at this address [#],6.0,{#},numeric
2024-04-17T10:10:20Z,aa616abe-1761-0c9a-7959-07544679dafd,aa616abe-1761-0c9a-4bbf-bc034380cbe7,survey,54899-0,Preferred language,English,,text
2024-04-17T10:10:20Z,aa616abe-1761-0c9a-7959-07544679dafd,aa616abe-1761-0c9a-4bbf-bc034380cbe7,survey,93034-7,Discharged from the U.S. Armed Forces,No,,text
2024-04-17T10:10:20Z,aa616abe-1761-0c9a-7959-07544679dafd,aa616abe-1761-0c9a-4bbf-bc034380cbe7,survey,93035-4,Has season or migrant farm work been your or your family's main source of income at any point in past 2 years [PRAPARE],No,,text
2024-04-17T10:10:20Z,aa616abe-1761-0c9a-7959-07544679dafd,aa616abe-1761-0c9a-4bbf-bc034380cbe7,survey,32624-9,Race,White,,text
2024-04-17T10:10:20Z,aa616abe-1761-0c9a-7959-07544679dafd,aa616abe-1761-0c9a-4bbf-bc034380cbe7,survey,56051-6,Hispanic or Latino,No,,text
2024-04-17T10:27:51Z,aa616abe-1761-0c9a-7959-07544679dafd,aa616abe-1761-0c9a-4bbf-bc034380cbe7,survey,59460-6,Fall risk total [Morse Fall Scale],51.0,{#},numeric
2024-04-17T10:27:51Z,aa616abe-1761-0c9a-7959-07544679dafd,aa616abe-1761-0c9a-4bbf-bc034380cbe7,survey,59461-4,Fall risk level [Morse Fall Scale],High Risk (MFS Score 50+),,text
2024-04-24T09:38:04Z,aa616abe-1761-0c9a-7959-07544679dafd,aa616abe-1761-0c9a-c290-2f1d0f151f5b,laboratory,2345-7,Glucose [Mass/volume] in Serum or Plasma,65.6,mg/dL,numeric
2024-04-24T09:38:04Z,aa616abe-1761-0c9a-7959-07544679dafd,aa616abe-1761-0c9a-c290-2f1d0f151f5b,laboratory,3094-0,Urea nitrogen [Mass/volume] in Serum or Plasma,11.2,mg/dL,numeric
2024-04-24T09:38:04Z,aa616abe-1761-0c9a-7959-07544679dafd,aa616abe-1761-0c9a-c290-2f1d0f151f5b,laboratory,2160-0,Creatinine [Mass/volume] in Serum or Plasma,1.8,mg/dL,numeric
2024-04-24T09:38:04Z,aa616abe-1761-0c9a-7959-07544679dafd,aa616abe-1761-0c9a-c290-2f1d0f151f5b,laboratory,17861-6,Calcium [Mass/volume] in Serum or Plasma,8.9,mg/dL,numeric
2024-04-24T09:38:04Z,aa616abe-1761-0c9a-7959-07544679dafd,aa616abe-1761-0c9a-c290-2f1d0f151f5b,laboratory,2951-2,Sodium [Moles/volume] in Serum or Plasma,139.0,mmol/L,numeric
2024-04-24T09:38:04Z,aa616abe-1761-0c9a-7959-07544679dafd,aa616abe-1761-0c9a-c290-2f1d0f151f5b,laboratory,2823-3,Potassium [Moles/volume] in Serum or Plasma,3.8,mmol/L,numeric
2024-04-24T09:38:04Z,aa616abe-1761-0c9a-7959-07544679dafd,aa616abe-1761-0c9a-c290-2f1d0f151f5b,laboratory,2075-0,Chloride [Moles/volume] in Serum or Plasma,103.9,mmol/L,numeric
2024-04-24T09:38:04Z,aa616abe-1761-0c9a-7959-07544679dafd,aa616abe-1761-0c9a-c290-2f1d0f151f5b,laboratory,2028-9,Carbon dioxide  total [Moles/volume] in Serum or Plasma,25.8,mmol/L,numeric
2024-04-24T09:38:04Z,aa616abe-1761-0c9a-7959-07544679dafd,aa616abe-1761-0c9a-c290-2f1d0f151f5b,laboratory,33914-3,Glomerular filtration rate [Volume Rate/Area] in Serum or Plasma by Creatinine-based formula (MDRD)/1.73 sq M,63.8,mL/min/{1.73_m2},numeric
2024-04-24T09:38:04Z,aa616abe-1761-0c9a-7959-07544679dafd,aa616abe-1761-0c9a-c290-2f1d0f151f5b,laboratory,5767-9,Appearance of Urine,Cloudy urine (finding),{nominal},text
2024-04-24T09:38:04Z,aa616abe-1761-0c9a-7959-07544679dafd,aa616abe-1761-0c9a-c290-2f1d0f151f5b,laboratory,34533-0,Odor of Urine,Urine smell ammoniacal (finding),{nominal},text
2024-04-24T09:38:04Z,aa616abe-1761-0c9a-7959-07544679dafd,aa616abe-1761-0c9a-c290-2f1d0f151f5b,laboratory,32167-9,Clarity of Urine,Translucent (qualifier value),{nominal},text
2024-04-24T09:38:04Z,aa616abe-1761-0c9a-7959-07544679dafd,aa616abe-1761-0c9a-c290-2f1d0f151f5b,laboratory,5778-6,Color of Urine,Brown color (qualifier value),{nominal},text
2024-04-24T09:38:04Z,aa616abe-1761-0c9a-7959-07544679dafd,aa616abe-1761-0c9a-c290-2f1d0f151f5b,laboratory,5792-7,Glucose [Mass/volume] in Urine by Test strip,0.6,mg/dL,numeric
2024-04-24T09:38:04Z,aa616abe-1761-0c9a-7959-07544679dafd,aa616abe-1761-0c9a-c290-2f1d0f151f5b,laboratory,25428-4,Glucose [Presence] in Urine by Test strip,Urine glucose test = ++ (finding),{nominal},text
2024-04-24T09:38:04Z,aa616abe-1761-0c9a-7959-07544679dafd,aa616abe-1761-0c9a-c290-2f1d0f151f5b,laboratory,20505-4,Bilirubin.total [Mass/volume] in Urine by Test strip,1.2,mg/dL,numeric
2024-04-24T09:38:04Z,aa616abe-1761-0c9a-7959-07544679dafd,aa616abe-1761-0c9a-c290-2f1d0f151f5b,laboratory,5770-3,Bilirubin.total [Presence] in Urine by Test strip,Finding of bilirubin in urine (finding),{nominal},text
2024-04-24T09:38:04Z,aa616abe-1761-0c9a-7959-07544679dafd,aa616abe-1761-0c9a-c290-2f1d0f151f5b,laboratory,5797-6,Ketones [Mass/volume] in Urine by Test strip,1.3,mg/dL,numeric
2024-04-24T09:38:04Z,aa616abe-1761-0c9a-7959-07544679dafd,aa616abe-1761-0c9a-c290-2f1d0f151f5b,laboratory,2514-8,Ketones [Presence] in Urine by Test strip,Urine ketone test = + (finding),{nominal},text
2024-04-24T09:38:04Z,aa616abe-1761-0c9a-7959-07544679dafd,aa616abe-1761-0c9a-c290-2f1d0f151f5b,laboratory,5811-5,Specific gravity of Urine by Test strip,1.0,{nominal},numeric
2024-04-24T09:38:04Z,aa616abe-1761-0c9a-7959-07544679dafd,aa616abe-1761-0c9a-c290-2f1d0f151f5b,laboratory,5803-2,pH of Urine by Test strip,6.5,pH,numeric
2024-04-24T09:38:04Z,aa616abe-1761-0c9a-7959-07544679dafd,aa616abe-1761-0c9a-c290-2f1d0f151f5b,laboratory,5804-0,Protein [Mass/volume] in Urine by Test strip,192.9,mg/dL,numeric
2024-04-24T09:38:04Z,aa616abe-1761-0c9a-7959-07544679dafd,aa616abe-1761-0c9a-c290-2f1d0f151f5b,laboratory,20454-5,Protein [Presence] in Urine by Test strip,Urine protein test = ++ (finding),{nominal},text
2024-04-24T09:38:04Z,aa616abe-1761-0c9a-7959-07544679dafd,aa616abe-1761-0c9a-c290-2f1d0f151f5b,laboratory,5802-4,Nitrite [Presence] in Urine by Test strip,Nitrite not detected in urine (finding),{nominal},text
2024-04-24T09:38:04Z,aa616abe-1761-0c9a-7959-07544679dafd,aa616abe-1761-0c9a-c290-2f1d0f151f5b,laboratory,5794-3,Hemoglobin [Presence] in Urine by Test strip,Blood not detected in urine (finding),{nominal},text
2024-04-24T09:38:04Z,aa616abe-1761-0c9a-7959-07544679dafd,aa616abe-1761-0c9a-c290-2f1d0f151f5b,laboratory,5799-2,Leukocyte esterase [Presence] in Urine by Test strip,Urine leukocytes not detected (finding),{nominal},text
2024-04-24T09:38:04Z,aa616abe-1761-0c9a-7959-07544679dafd,aa616abe-1761-0c9a-c290-2f1d0f151f5b,laboratory,4548-4,Hemoglobin A1c/Hemoglobin.total in Blood,5.4,%,numeric
2024-05-15T09:38:04Z,aa616abe-1761-0c9a-7959-07544679dafd,aa616abe-1761-0c9a-e3b3-8841a497bd44,laboratory,2345-7,Glucose [Mass/volume] in Serum or Plasma,66.7,mg/dL,numeric
2024-05-15T09:38:04Z,aa616abe-1761-0c9a-7959-07544679dafd,aa616abe-1761-0c9a-e3b3-8841a497bd44,laboratory,3094-0,Urea nitrogen [Mass/volume] in Serum or Plasma,12.5,mg/dL,numeric
2024-05-15T09:38:04Z,aa616abe-1761-0c9a-7959-07544679dafd,aa616abe-1761-0c9a-e3b3-8841a497bd44,laboratory,2160-0,Creatinine [Mass/volume] in Serum or Plasma,1.9,mg/dL,numeric
2024-05-15T09:38:04Z,aa616abe-1761-0c9a-7959-07544679dafd,aa616abe-1761-0c9a-e3b3-8841a497bd44,laboratory,17861-6,Calcium [Mass/volume] in Serum or Plasma,9.8,mg/dL,numeric
2024-05-15T09:38:04Z,aa616abe-1761-0c9a-7959-07544679dafd,aa616abe-1761-0c9a-e3b3-8841a497bd44,laboratory,2951-2,Sodium [Moles/volume] in Serum or Plasma,138.0,mmol/L,numeric
2024-05-15T09:38:04Z,aa616abe-1761-0c9a-7959-07544679dafd,aa616abe-1761-0c9a-e3b3-8841a497bd44,laboratory,2823-3,Potassium [Moles/volume] in Serum or Plasma,4.2,mmol/L,numeric
2024-05-15T09:38:04Z,aa616abe-1761-0c9a-7959-07544679dafd,aa616abe-1761-0c9a-e3b3-8841a497bd44,laboratory,2075-0,Chloride [Moles/volume] in Serum or Plasma,101.7,mmol/L,numeric
2024-05-15T09:38:04Z,aa616abe-1761-0c9a-7959-07544679dafd,aa616abe-1761-0c9a-e3b3-8841a497bd44,laboratory,2028-9,Carbon dioxide  total [Moles/volume] in Serum or Plasma,25.4,mmol/L,numeric
2024-05-15T09:38:04Z,aa616abe-1761-0c9a-7959-07544679dafd,aa616abe-1761-0c9a-e3b3-8841a497bd44,laboratory,33914-3,Glomerular filtration rate [Volume Rate/Area] in Serum or Plasma by Creatinine-based formula (MDRD)/1.73 sq M,66.3,mL/min/{1.73_m2},numeric
2024-05-15T09:38:04Z,aa616abe-1761-0c9a-7959-07544679dafd,aa616abe-1761-0c9a-e3b3-8841a497bd44,laboratory,5767-9,Appearance of Urine,Cloudy urine (finding),{nominal},text
2024-05-15T09:38:04Z,aa616abe-1761-0c9a-7959-07544679dafd,aa616abe-1761-0c9a-e3b3-8841a497bd44,laboratory,34533-0,Odor of Urine,Urine smell ammoniacal (finding),{nominal},text
2024-05-15T09:38:04Z,aa616abe-1761-0c9a-7959-07544679dafd,aa616abe-1761-0c9a-e3b3-8841a497bd44,laboratory,32167-9,Clarity of Urine,Translucent (qualifier value),{nominal},text
2024-05-15T09:38:04Z,aa616abe-1761-0c9a-7959-07544679dafd,aa616abe-1761-0c9a-e3b3-8841a497bd44,laboratory,5778-6,Color of Urine,Brown color (qualifier value),{nominal},text
2024-05-15T09:38:04Z,aa616abe-1761-0c9a-7959-07544679dafd,aa616abe-1761-0c9a-e3b3-8841a497bd44,laboratory,5792-7,Glucose [Mass/volume] in Urine by Test strip,0.8,mg/dL,numeric
2024-05-15T09:38:04Z,aa616abe-1761-0c9a-7959-07544679dafd,aa616abe-1761-0c9a-e3b3-8841a497bd44,laboratory,25428-4,Glucose [Presence] in Urine by Test strip,Urine glucose test = ++ (finding),{nominal},text
2024-05-15T09:38:04Z,aa616abe-1761-0c9a-7959-07544679dafd,aa616abe-1761-0c9a-e3b3-8841a497bd44,laboratory,20505-4,Bilirubin.total [Mass/volume] in Urine by Test strip,1.1,mg/dL,numeric
2024-05-15T09:38:04Z,aa616abe-1761-0c9a-7959-07544679dafd,aa616abe-1761-0c9a-e3b3-8841a497bd44,laboratory,5770-3,Bilirubin.total [Presence] in Urine by Test strip,Finding of bilirubin in urine (finding),{nominal},text
2024-05-15T09:38:04Z,aa616abe-1761-0c9a-7959-07544679dafd,aa616abe-1761-0c9a-e3b3-8841a497bd44,laboratory,5797-6,Ketones [Mass/volume] in Urine by Test strip,5.0,mg/dL,numeric
2024-05-15T09:38:04Z,aa616abe-1761-0c9a-7959-07544679dafd,aa616abe-1761-0c9a-e3b3-8841a497bd44,laboratory,2514-8,Ketones [Presence] in Urine by Test strip,Urine ketone test = + (finding),{nominal},text
2024-05-15T09:38:04Z,aa616abe-1761-0c9a-7959-07544679dafd,aa616abe-1761-0c9a-e3b3-8841a497bd44,laboratory,5811-5,Specific gravity of Urine by Test strip,1.0,{nominal},numeric
2024-05-15T09:38:04Z,aa616abe-1761-0c9a-7959-07544679dafd,aa616abe-1761-0c9a-e3b3-8841a497bd44,laboratory,5803-2,pH of Urine by Test strip,6.0,pH,numeric
2024-05-15T09:38:04Z,aa616abe-1761-0c9a-7959-07544679dafd,aa616abe-1761-0c9a-e3b3-8841a497bd44,laboratory,5804-0,Protein [Mass/volume] in Urine by Test strip,189.7,mg/dL,numeric
2024-05-15T09:38:04Z,aa616abe-1761-0c9a-7959-07544679dafd,aa616abe-1761-0c9a-e3b3-8841a497bd44,laboratory,20454-5,Protein [Presence] in Urine by Test strip,Urine protein test = ++ (finding),{nominal},text
2024-05-15T09:38:04Z,aa616abe-1761-0c9a-7959-07544679dafd,aa616abe-1761-0c9a-e3b3-8841a497bd44,laboratory,5802-4,Nitrite [Presence] in Urine by Test strip,Nitrite not detected in urine (finding),{nominal},text
2024-05-15T09:38:04Z,aa616abe-1761-0c9a-7959-07544679dafd,aa616abe-1761-0c9a-e3b3-8841a497bd44,laboratory,5794-3,Hemoglobin [Presence] in Urine by Test strip,Blood not detected in urine (finding),{nominal},text
2024-05-15T09:38:04Z,aa616abe-1761-0c9a-7959-07544679dafd,aa616abe-1761-0c9a-e3b3-8841a497bd44,laboratory,5799-2,Leukocyte esterase [Presence] in Urine by Test strip,Urine leukocytes not detected (finding),{nominal},text
2024-05-15T09:38:04Z,aa616abe-1761-0c9a-7959-07544679dafd,aa616abe-1761-0c9a-e3b3-8841a497bd44,laboratory,4548-4,Hemoglobin A1c/Hemoglobin.total in Blood,5.4,%,numeric
2024-05-15T09:38:04Z,aa616abe-1761-0c9a-7959-07544679dafd,aa616abe-1761-0c9a-e3b3-8841a497bd44,vital-signs,8302-2,Body Height,164.6,cm,numeric
2024-05-15T09:38:04Z,aa616abe-1761-0c9a-7959-07544679dafd,aa616abe-1761-0c9a-e3b3-8841a497bd44,vital-signs,72514-3,Pain severity - 0-10 verbal numeric rating [Score] - Reported,2.0,{score},numeric
2024-05-15T09:38:04Z,aa616abe-1761-0c9a-7959-07544679dafd,aa616abe-1761-0c9a-e3b3-8841a497bd44,vital-signs,29463-7,Body Weight,75.2,kg,numeric
2024-05-15T09:38:04Z,aa616abe-1761-0c9a-7959-07544679dafd,aa616abe-1761-0c9a-e3b3-8841a497bd44,vital-signs,39156-5,Body mass index (BMI) [Ratio],27.8,kg/m2,numeric
2024-05-15T09:38:04Z,aa616abe-1761-0c9a-7959-07544679dafd,aa616abe-1761-0c9a-e3b3-8841a497bd44,vital-signs,8462-4,Diastolic Blood Pressure,75.0,mm[Hg],numeric
2024-05-15T09:38:04Z,aa616abe-1761-0c9a-7959-07544679dafd,aa616abe-1761-0c9a-e3b3-8841a497bd44,vital-signs,8480-6,Systolic Blood Pressure,93.0,mm[Hg],numeric
2024-05-15T09:38:04Z,aa616abe-1761-0c9a-7959-07544679dafd,aa616abe-1761-0c9a-e3b3-8841a497bd44,vital-signs,8867-4,Heart rate,90.0,/min,numeric
2024-05-15T09:38:04Z,aa616abe-1761-0c9a-7959-07544679dafd,aa616abe-1761-0c9a-e3b3-8841a497bd44,vital-signs,9279-1,Respiratory rate,15.0,/min,numeric
2024-05-15T09:38:04Z,aa616abe-1761-0c9a-7959-07544679dafd,aa616abe-1761-0c9a-e3b3-8841a497bd44,laboratory,2339-0,Glucose [Mass/volume] in Blood,66.7,mg/dL,numeric
2024-05-15T09:38:04Z,aa616abe-1761-0c9a-7959-07544679dafd,aa616abe-1761-0c9a-e3b3-8841a497bd44,laboratory,6299-2,Urea nitrogen [Mass/volume] in Blood,12.5,mg/dL,numeric
2024-05-15T09:38:04Z,aa616abe-1761-0c9a-7959-07544679dafd,aa616abe-1761-0c9a-e3b3-8841a497bd44,laboratory,38483-4,Creatinine [Mass/volume] in Blood,1.7,mg/dL,numeric
2024-05-15T09:38:04Z,aa616abe-1761-0c9a-7959-07544679dafd,aa616abe-1761-0c9a-e3b3-8841a497bd44,laboratory,49765-1,Calcium [Mass/volume] in Blood,9.8,mg/dL,numeric
2024-05-15T09:38:04Z,aa616abe-1761-0c9a-7959-07544679dafd,aa616abe-1761-0c9a-e3b3-8841a497bd44,laboratory,2947-0,Sodium [Moles/volume] in Blood,138.0,mmol/L,numeric
2024-05-15T09:38:04Z,aa616abe-1761-0c9a-7959-07544679dafd,aa616abe-1761-0c9a-e3b3-8841a497bd44,laboratory,6298-4,Potassium [Moles/volume] in Blood,4.2,mmol/L,numeric
2024-05-15T09:38:04Z,aa616abe-1761-0c9a-7959-07544679dafd,aa616abe-1761-0c9a-e3b3-8841a497bd44,laboratory,2069-3,Chloride [Moles/volume] in Blood,101.7,mmol/L,numeric
2024-05-15T09:38:04Z,aa616abe-1761-0c9a-7959-07544679dafd,aa616abe-1761-0c9a-e3b3-8841a497bd44,laboratory,20565-8,Carbon dioxide  total [Moles/volume] in Blood,25.4,mmol/L,numeric
2024-05-15T09:38:04Z,aa616abe-1761-0c9a-7959-07544679dafd,aa616abe-1761-0c9a-e3b3-8841a497bd44,laboratory,2093-3,Cholesterol [Mass/volume] in Serum or Plasma,164.6,mg/dL,numeric
2024-05-15T09:38:04Z,aa616abe-1761-0c9a-7959-07544679dafd,aa616abe-1761-0c9a-e3b3-8841a497bd44,laboratory,2571-8,Triglyceride [Mass/volume] in Serum or Plasma,141.1,mg/dL,numeric
2024-05-15T09:38:04Z,aa616abe-1761-0c9a-7959-07544679dafd,aa616abe-1761-0c9a-e3b3-8841a497bd44,laboratory,18262-6,Cholesterol in LDL [Mass/volume] in Serum or Plasma by Direct assay,92.7,mg/dL,numeric
2024-05-15T09:38:04Z,aa616abe-1761-0c9a-7959-07544679dafd,aa616abe-1761-0c9a-e3b3-8841a497bd44,laboratory,2085-9,Cholesterol in HDL [Mass/volume] in Serum or Plasma,43.7,mg/dL,numeric
2024-05-15T09:38:04Z,aa616abe-1761-0c9a-7959-07544679dafd,aa616abe-1761-0c9a-e3b3-8841a497bd44,laboratory,14959-1,Microalbumin/Creatinine [Mass Ratio] in Urine,19.9,mg/g,numeric
2024-05-15T09:38:04Z,aa616abe-1761-0c9a-7959-07544679dafd,aa616abe-1761-0c9a-e3b3-8841a497bd44,laboratory,33914-3,Glomerular filtration rate [Volume Rate/Area] in Serum or Plasma by Creatinine-based formula (MDRD)/1.73 sq M,35.1,mL/min/{1.73_m2},numeric
2024-05-15T09:38:04Z,aa616abe-1761-0c9a-7959-07544679dafd,aa616abe-1761-0c9a-e3b3-8841a497bd44,social-history,72166-2,Tobacco smoking status,Never smoked tobacco (finding),,text
2024-05-15T10:29:18Z,aa616abe-1761-0c9a-7959-07544679dafd,aa616abe-1761-0c9a-e3b3-8841a497bd44,survey,76501-6,Within the last year  have you been afraid of your partner or ex-partner,Yes,,text
2024-05-15T10:29:18Z,aa616abe-1761-0c9a-7959-07544679dafd,aa616abe-1761-0c9a-e3b3-8841a497bd44,survey,93026-3,Do you feel physically and emotionally safe where you currently live [PRAPARE],Yes,,text
2024-05-15T10:29:18Z,aa616abe-1761-0c9a-7959-07544679dafd,aa616abe-1761-0c9a-e3b3-8841a497bd44,survey,93027-1,Are you a refugee,No,,text
2024-05-15T10:29:18Z,aa616abe-1761-0c9a-7959-07544679dafd,aa616abe-1761-0c9a-e3b3-8841a497bd44,survey,93028-9,Have you spent more than 2 nights in a row in a jail  prison  detention center  or juvenile correctional facility in past 1 year [PRAPARE],Yes,,text
2024-05-15T10:29:18Z,aa616abe-1761-0c9a-7959-07544679dafd,aa616abe-1761-0c9a-e3b3-8841a497bd44,survey,93038-8,Stress level,Not at all,,text
2024-05-15T10:29:18Z,aa616abe-1761-0c9a-7959-07544679dafd,aa616abe-1761-0c9a-e3b3-8841a497bd44,survey,93029-7,How often do you see or talk to people that you care about and feel close to [PRAPARE],Less than once a week,,text
2024-05-15T10:29:18Z,aa616abe-1761-0c9a-7959-07544679dafd,aa616abe-1761-0c9a-e3b3-8841a497bd44,survey,93030-5,Has lack of transportation kept you from medical appointments  meetings  work  or from getting things needed for daily living,No,,text
2024-05-15T10:29:18Z,aa616abe-1761-0c9a-7959-07544679dafd,aa616abe-1761-0c9a-e3b3-8841a497bd44,survey,93031-3,Have you or any family members you live with been unable to get any of the following when it was really needed in past 1 year [PRAPARE],Food,,text
2024-05-15T10:29:18Z,aa616abe-1761-0c9a-7959-07544679dafd,aa616abe-1761-0c9a-e3b3-8841a497bd44,survey,63586-2,What was your best estimate of the total income of all family members from all sources  before taxes  in last year [PhenX],15504,/a,text
2024-05-15T10:29:18Z,aa616abe-1761-0c9a-7959-07544679dafd,aa616abe-1761-0c9a-e3b3-8841a497bd44,survey,76437-3,Primary insurance,Medicaid,,text
2024-05-15T10:29:18Z,aa616abe-1761-0c9a-7959-07544679dafd,aa616abe-1761-0c9a-e3b3-8841a497bd44,survey,67875-5,Employment status - current,Full-time work,,text
2024-05-15T10:29:18Z,aa616abe-1761-0c9a-7959-07544679dafd,aa616abe-1761-0c9a-e3b3-8841a497bd44,survey,82589-3,Highest level of education,High school diploma or GED,,text
2024-05-15T10:29:18Z,aa616abe-1761-0c9a-7959-07544679dafd,aa616abe-1761-0c9a-e3b3-8841a497bd44,survey,56799-0,Address,997 Grant Row Unit 85,,text
2024-05-15T10:29:18Z,aa616abe-1761-0c9a-7959-07544679dafd,aa616abe-1761-0c9a-e3b3-8841a497bd44,survey,93033-9,Are you worried about losing your housing [PRAPARE],No,,text
2024-05-15T10:29:18Z,aa616abe-1761-0c9a-7959-07544679dafd,aa616abe-1761-0c9a-e3b3-8841a497bd44,survey,71802-3,Housing status,I have housing,,text
2024-05-15T10:29:18Z,aa616abe-1761-0c9a-7959-07544679dafd,aa616abe-1761-0c9a-e3b3-8841a497bd44,survey,63512-8,How many people are living or staying at this address [#],6.0,{#},numeric
2024-05-15T10:29:18Z,aa616abe-1761-0c9a-7959-07544679dafd,aa616abe-1761-0c9a-e3b3-8841a497bd44,survey,54899-0,Preferred language,English,,text
2024-05-15T10:29:18Z,aa616abe-1761-0c9a-7959-07544679dafd,aa616abe-1761-0c9a-e3b3-8841a497bd44,survey,93034-7,Discharged from the U.S. Armed Forces,No,,text
2024-05-15T10:29:18Z,aa616abe-1761-0c9a-7959-07544679dafd,aa616abe-1761-0c9a-e3b3-8841a497bd44,survey,93035-4,Has season or migrant farm work been your or your family's main source of income at any point in past 2 years [PRAPARE],No,,text
2024-05-15T10:29:18Z,aa616abe-1761-0c9a-7959-07544679dafd,aa616abe-1761-0c9a-e3b3-8841a497bd44,survey,32624-9,Race,White,,text
2024-05-15T10:29:18Z,aa616abe-1761-0c9a-7959-07544679dafd,aa616abe-1761-0c9a-e3b3-8841a497bd44,survey,56051-6,Hispanic or Latino,No,,text
2024-05-15T10:54:39Z,aa616abe-1761-0c9a-7959-07544679dafd,aa616abe-1761-0c9a-e3b3-8841a497bd44,survey,70274-6,Generalized anxiety disorder 7 item (GAD-7) total score [Reported.PHQ],2.0,{score},numeric
2024-05-15T11:22:10Z,aa616abe-1761-0c9a-7959-07544679dafd,aa616abe-1761-0c9a-e3b3-8841a497bd44,survey,59460-6,Fall risk total [Morse Fall Scale],29.0,{#},numeric
2024-05-15T11:22:10Z,aa616abe-1761-0c9a-7959-07544679dafd,aa616abe-1761-0c9a-e3b3-8841a497bd44,survey,59461-4,Fall risk level [Morse Fall Scale],Moderate Risk (MFS Score 25 - 45),,text
2024-05-15T12:04:47Z,aa616abe-1761-0c9a-7959-07544679dafd,aa616abe-1761-0c9a-e3b3-8841a497bd44,survey,76504-0,Total score [HARK],0.0,{score},numeric
2024-06-05T09:38:04Z,aa616abe-1761-0c9a-7959-07544679dafd,aa616abe-1761-0c9a-6927-d146f96cd914,laboratory,2345-7,Glucose [Mass/volume] in Serum or Plasma,84.4,mg/dL,numeric
2024-06-05T09:38:04Z,aa616abe-1761-0c9a-7959-07544679dafd,aa616abe-1761-0c9a-6927-d146f96cd914,laboratory,3094-0,Urea nitrogen [Mass/volume] in Serum or Plasma,19.8,mg/dL,numeric
2024-06-05T09:38:04Z,aa616abe-1761-0c9a-7959-07544679dafd,aa616abe-1761-0c9a-6927-d146f96cd914,laboratory,2160-0,Creatinine [Mass/volume] in Serum or Plasma,2.0,mg/dL,numeric
2024-06-05T09:38:04Z,aa616abe-1761-0c9a-7959-07544679dafd,aa616abe-1761-0c9a-6927-d146f96cd914,laboratory,17861-6,Calcium [Mass/volume] in Serum or Plasma,10.0,mg/dL,numeric
2024-06-05T09:38:04Z,aa616abe-1761-0c9a-7959-07544679dafd,aa616abe-1761-0c9a-6927-d146f96cd914,laboratory,2951-2,Sodium [Moles/volume] in Serum or Plasma,139.7,mmol/L,numeric
2024-06-05T09:38:04Z,aa616abe-1761-0c9a-7959-07544679dafd,aa616abe-1761-0c9a-6927-d146f96cd914,laboratory,2823-3,Potassium [Moles/volume] in Serum or Plasma,3.8,mmol/L,numeric
2024-06-05T09:38:04Z,aa616abe-1761-0c9a-7959-07544679dafd,aa616abe-1761-0c9a-6927-d146f96cd914,laboratory,2075-0,Chloride [Moles/volume] in Serum or Plasma,107.3,mmol/L,numeric
2024-06-05T09:38:04Z,aa616abe-1761-0c9a-7959-07544679dafd,aa616abe-1761-0c9a-6927-d146f96cd914,laboratory,2028-9,Carbon dioxide  total [Moles/volume] in Serum or Plasma,22.1,mmol/L,numeric
2024-06-05T09:38:04Z,aa616abe-1761-0c9a-7959-07544679dafd,aa616abe-1761-0c9a-6927-d146f96cd914,laboratory,33914-3,Glomerular filtration rate [Volume Rate/Area] in Serum or Plasma by Creatinine-based formula (MDRD)/1.73 sq M,61.3,mL/min/{1.73_m2},numeric
2024-06-05T09:38:04Z,aa616abe-1761-0c9a-7959-07544679dafd,aa616abe-1761-0c9a-6927-d146f96cd914,laboratory,5767-9,Appearance of Urine,Cloudy urine (finding),{nominal},text
2024-06-05T09:38:04Z,aa616abe-1761-0c9a-7959-07544679dafd,aa616abe-1761-0c9a-6927-d146f96cd914,laboratory,34533-0,Odor of Urine,Urine smell ammoniacal (finding),{nominal},text
2024-06-05T09:38:04Z,aa616abe-1761-0c9a-7959-07544679dafd,aa616abe-1761-0c9a-6927-d146f96cd914,laboratory,32167-9,Clarity of Urine,Translucent (qualifier value),{nominal},text
2024-06-05T09:38:04Z,aa616abe-1761-0c9a-7959-07544679dafd,aa616abe-1761-0c9a-6927-d146f96cd914,laboratory,5778-6,Color of Urine,Brown color (qualifier value),{nominal},text
2024-06-05T09:38:04Z,aa616abe-1761-0c9a-7959-07544679dafd,aa616abe-1761-0c9a-6927-d146f96cd914,laboratory,5792-7,Glucose [Mass/volume] in Urine by Test strip,1.9,mg/dL,numeric
2024-06-05T09:38:04Z,aa616abe-1761-0c9a-7959-07544679dafd,aa616abe-1761-0c9a-6927-d146f96cd914,laboratory,25428-4,Glucose [Presence] in Urine by Test strip,Urine glucose test = ++ (finding),{nominal},text
2024-06-05T09:38:04Z,aa616abe-1761-0c9a-7959-07544679dafd,aa616abe-1761-0c9a-6927-d146f96cd914,laboratory,20505-4,Bilirubin.total [Mass/volume] in Urine by Test strip,0.5,mg/dL,numeric
2024-06-05T09:38:04Z,aa616abe-1761-0c9a-7959-07544679dafd,aa616abe-1761-0c9a-6927-d146f96cd914,laboratory,5770-3,Bilirubin.total [Presence] in Urine by Test strip,Finding of bilirubin in urine (finding),{nominal},text
2024-06-05T09:38:04Z,aa616abe-1761-0c9a-7959-07544679dafd,aa616abe-1761-0c9a-6927-d146f96cd914,laboratory,5797-6,Ketones [Mass/volume] in Urine by Test strip,4.1,mg/dL,numeric
2024-06-05T09:38:04Z,aa616abe-1761-0c9a-7959-07544679dafd,aa616abe-1761-0c9a-6927-d146f96cd914,laboratory,2514-8,Ketones [Presence] in Urine by Test strip,Urine ketone test = + (finding),{nominal},text
2024-06-05T09:38:04Z,aa616abe-1761-0c9a-7959-07544679dafd,aa616abe-1761-0c9a-6927-d146f96cd914,laboratory,5811-5,Specific gravity of Urine by Test strip,1.0,{nominal},numeric
2024-06-05T09:38:04Z,aa616abe-1761-0c9a-7959-07544679dafd,aa616abe-1761-0c9a-6927-d146f96cd914,laboratory,5803-2,pH of Urine by Test strip,5.6,pH,numeric
2024-06-05T09:38:04Z,aa616abe-1761-0c9a-7959-07544679dafd,aa616abe-1761-0c9a-6927-d146f96cd914,laboratory,5804-0,Protein [Mass/volume] in Urine by Test strip,315.9,mg/dL,numeric
2024-06-05T09:38:04Z,aa616abe-1761-0c9a-7959-07544679dafd,aa616abe-1761-0c9a-6927-d146f96cd914,laboratory,20454-5,Protein [Presence] in Urine by Test strip,Urine protein test = ++ (finding),{nominal},text
2024-06-05T09:38:04Z,aa616abe-1761-0c9a-7959-07544679dafd,aa616abe-1761-0c9a-6927-d146f96cd914,laboratory,5802-4,Nitrite [Presence] in Urine by Test strip,Nitrite not detected in urine (finding),{nominal},text
2024-06-05T09:38:04Z,aa616abe-1761-0c9a-7959-07544679dafd,aa616abe-1761-0c9a-6927-d146f96cd914,laboratory,5794-3,Hemoglobin [Presence] in Urine by Test strip,Blood not detected in urine (finding),{nominal},text
2024-06-05T09:38:04Z,aa616abe-1761-0c9a-7959-07544679dafd,aa616abe-1761-0c9a-6927-d146f96cd914,laboratory,5799-2,Leukocyte esterase [Presence] in Urine by Test strip,Urine leukocytes not detected (finding),{nominal},text
2024-06-05T09:38:04Z,aa616abe-1761-0c9a-7959-07544679dafd,aa616abe-1761-0c9a-6927-d146f96cd914,laboratory,4548-4,Hemoglobin A1c/Hemoglobin.total in Blood,5.4,%,numeric
2024-06-05T09:38:04Z,aa616abe-1761-0c9a-7959-07544679dafd,aa616abe-1761-0c9a-6927-d146f96cd914,vital-signs,8302-2,Body Height,164.6,cm,numeric
2024-06-05T09:38:04Z,aa616abe-1761-0c9a-7959-07544679dafd,aa616abe-1761-0c9a-6927-d146f96cd914,vital-signs,72514-3,Pain severity - 0-10 verbal numeric rating [Score] - Reported,2.0,{score},numeric
2024-06-05T09:38:04Z,aa616abe-1761-0c9a-7959-07544679dafd,aa616abe-1761-0c9a-6927-d146f96cd914,vital-signs,29463-7,Body Weight,75.2,kg,numeric
2024-06-05T09:38:04Z,aa616abe-1761-0c9a-7959-07544679dafd,aa616abe-1761-0c9a-6927-d146f96cd914,vital-signs,39156-5,Body mass index (BMI) [Ratio],27.8,kg/m2,numeric
2024-06-05T09:38:04Z,aa616abe-1761-0c9a-7959-07544679dafd,aa616abe-1761-0c9a-6927-d146f96cd914,vital-signs,8462-4,Diastolic Blood Pressure,81.0,mm[Hg],numeric
2024-06-05T09:38:04Z,aa616abe-1761-0c9a-7959-07544679dafd,aa616abe-1761-0c9a-6927-d146f96cd914,vital-signs,8480-6,Systolic Blood Pressure,97.0,mm[Hg],numeric
2024-06-05T09:38:04Z,aa616abe-1761-0c9a-7959-07544679dafd,aa616abe-1761-0c9a-6927-d146f96cd914,vital-signs,8867-4,Heart rate,61.0,/min,numeric
2024-06-05T09:38:04Z,aa616abe-1761-0c9a-7959-07544679dafd,aa616abe-1761-0c9a-6927-d146f96cd914,vital-signs,9279-1,Respiratory rate,13.0,/min,numeric
2024-06-05T09:38:04Z,aa616abe-1761-0c9a-7959-07544679dafd,aa616abe-1761-0c9a-6927-d146f96cd914,laboratory,2339-0,Glucose [Mass/volume] in Blood,84.4,mg/dL,numeric
2024-06-05T09:38:04Z,aa616abe-1761-0c9a-7959-07544679dafd,aa616abe-1761-0c9a-6927-d146f96cd914,laboratory,6299-2,Urea nitrogen [Mass/volume] in Blood,19.8,mg/dL,numeric
2024-06-05T09:38:04Z,aa616abe-1761-0c9a-7959-07544679dafd,aa616abe-1761-0c9a-6927-d146f96cd914,laboratory,38483-4,Creatinine [Mass/volume] in Blood,1.3,mg/dL,numeric
2024-06-05T09:38:04Z,aa616abe-1761-0c9a-7959-07544679dafd,aa616abe-1761-0c9a-6927-d146f96cd914,laboratory,49765-1,Calcium [Mass/volume] in Blood,10.0,mg/dL,numeric
2024-06-05T09:38:04Z,aa616abe-1761-0c9a-7959-07544679dafd,aa616abe-1761-0c9a-6927-d146f96cd914,laboratory,2947-0,Sodium [Moles/volume] in Blood,139.7,mmol/L,numeric
2024-06-05T09:38:04Z,aa616abe-1761-0c9a-7959-07544679dafd,aa616abe-1761-0c9a-6927-d146f96cd914,laboratory,6298-4,Potassium [Moles/volume] in Blood,3.8,mmol/L,numeric
2024-06-05T09:38:04Z,aa616abe-1761-0c9a-7959-07544679dafd,aa616abe-1761-0c9a-6927-d146f96cd914,laboratory,2069-3,Chloride [Moles/volume] in Blood,107.3,mmol/L,numeric
2024-06-05T09:38:04Z,aa616abe-1761-0c9a-7959-07544679dafd,aa616abe-1761-0c9a-6927-d146f96cd914,laboratory,20565-8,Carbon dioxide  total [Moles/volume] in Blood,22.1,mmol/L,numeric
2024-06-05T09:38:04Z,aa616abe-1761-0c9a-7959-07544679dafd,aa616abe-1761-0c9a-6927-d146f96cd914,laboratory,2093-3,Cholesterol [Mass/volume] in Serum or Plasma,242.9,mg/dL,numeric
2024-06-05T09:38:04Z,aa616abe-1761-0c9a-7959-07544679dafd,aa616abe-1761-0c9a-6927-d146f96cd914,laboratory,2571-8,Triglyceride [Mass/volume] in Serum or Plasma,132.7,mg/dL,numeric
2024-06-05T09:38:04Z,aa616abe-1761-0c9a-7959-07544679dafd,aa616abe-1761-0c9a-6927-d146f96cd914,laboratory,18262-6,Cholesterol in LDL [Mass/volume] in Serum or Plasma by Direct assay,160.4,mg/dL,numeric
2024-06-05T09:38:04Z,aa616abe-1761-0c9a-7959-07544679dafd,aa616abe-1761-0c9a-6927-d146f96cd914,laboratory,2085-9,Cholesterol in HDL [Mass/volume] in Serum or Plasma,55.9,mg/dL,numeric
2024-06-05T09:38:04Z,aa616abe-1761-0c9a-7959-07544679dafd,aa616abe-1761-0c9a-6927-d146f96cd914,laboratory,14959-1,Microalbumin/Creatinine [Mass Ratio] in Urine,25.9,mg/g,numeric
2024-06-05T09:38:04Z,aa616abe-1761-0c9a-7959-07544679dafd,aa616abe-1761-0c9a-6927-d146f96cd914,laboratory,33914-3,Glomerular filtration rate [Volume Rate/Area] in Serum or Plasma by Creatinine-based formula (MDRD)/1.73 sq M,46.2,mL/min/{1.73_m2},numeric
2024-06-05T09:38:04Z,aa616abe-1761-0c9a-7959-07544679dafd,aa616abe-1761-0c9a-6927-d146f96cd914,social-history,72166-2,Tobacco smoking status,Never smoked tobacco (finding),,text
2024-06-05T10:16:41Z,aa616abe-1761-0c9a-7959-07544679dafd,aa616abe-1761-0c9a-6927-d146f96cd914,survey,76501-6,Within the last year  have you been afraid of your partner or ex-partner,No,,text
2024-06-05T10:16:41Z,aa616abe-1761-0c9a-7959-07544679dafd,aa616abe-1761-0c9a-6927-d146f96cd914,survey,93026-3,Do you feel physically and emotionally safe where you currently live [PRAPARE],Yes,,text
2024-06-05T10:16:41Z,aa616abe-1761-0c9a-7959-07544679dafd,aa616abe-1761-0c9a-6927-d146f96cd914,survey,93027-1,Are you a refugee,No,,text
2024-06-05T10:16:41Z,aa616abe-1761-0c9a-7959-07544679dafd,aa616abe-1761-0c9a-6927-d146f96cd914,survey,93028-9,Have you spent more than 2 nights in a row in a jail  prison  detention center  or juvenile correctional facility in past 1 year [PRAPARE],Yes,,text
2024-06-05T10:16:41Z,aa616abe-1761-0c9a-7959-07544679dafd,aa616abe-1761-0c9a-6927-d146f96cd914,survey,93038-8,Stress level,A little bit,,text
2024-06-05T10:16:41Z,aa616abe-1761-0c9a-7959-07544679dafd,aa616abe-1761-0c9a-6927-d146f96cd914,survey,93029-7,How often do you see or talk to people that you care about and feel close to [PRAPARE],3 to 5 times a week,,text
2024-06-05T10:16:41Z,aa616abe-1761-0c9a-7959-07544679dafd,aa616abe-1761-0c9a-6927-d146f96cd914,survey,93030-5,Has lack of transportation kept you from medical appointments  meetings  work  or from getting things needed for daily living,No,,text
2024-06-05T10:16:41Z,aa616abe-1761-0c9a-7959-07544679dafd,aa616abe-1761-0c9a-6927-d146f96cd914,survey,93031-3,Have you or any family members you live with been unable to get any of the following when it was really needed in past 1 year [PRAPARE],Phone,,text
2024-06-05T10:16:41Z,aa616abe-1761-0c9a-7959-07544679dafd,aa616abe-1761-0c9a-6927-d146f96cd914,survey,63586-2,What was your best estimate of the total income of all family members from all sources  before taxes  in last year [PhenX],15504,/a,text
2024-06-05T10:16:41Z,aa616abe-1761-0c9a-7959-07544679dafd,aa616abe-1761-0c9a-6927-d146f96cd914,survey,76437-3,Primary insurance,Medicaid,,text
2024-06-05T10:16:41Z,aa616abe-1761-0c9a-7959-07544679dafd,aa616abe-1761-0c9a-6927-d146f96cd914,survey,67875-5,Employment status - current,Full-time work,,text
2024-06-05T10:16:41Z,aa616abe-1761-0c9a-7959-07544679dafd,aa616abe-1761-0c9a-6927-d146f96cd914,survey,82589-3,Highest level of education,High school diploma or GED,,text
2024-06-05T10:16:41Z,aa616abe-1761-0c9a-7959-07544679dafd,aa616abe-1761-0c9a-6927-d146f96cd914,survey,56799-0,Address,997 Grant Row Unit 85,,text
2024-06-05T10:16:41Z,aa616abe-1761-0c9a-7959-07544679dafd,aa616abe-1761-0c9a-6927-d146f96cd914,survey,93033-9,Are you worried about losing your housing [PRAPARE],No,,text
2024-06-05T10:16:41Z,aa616abe-1761-0c9a-7959-07544679dafd,aa616abe-1761-0c9a-6927-d146f96cd914,survey,71802-3,Housing status,I have housing,,text
2024-06-05T10:16:41Z,aa616abe-1761-0c9a-7959-07544679dafd,aa616abe-1761-0c9a-6927-d146f96cd914,survey,63512-8,How many people are living or staying at this address [#],6.0,{#},numeric
2024-06-05T10:16:41Z,aa616abe-1761-0c9a-7959-07544679dafd,aa616abe-1761-0c9a-6927-d146f96cd914,survey,54899-0,Preferred language,English,,text
2024-06-05T10:16:41Z,aa616abe-1761-0c9a-7959-07544679dafd,aa616abe-1761-0c9a-6927-d146f96cd914,survey,93034-7,Discharged from the U.S. Armed Forces,No,,text
2024-06-05T10:16:41Z,aa616abe-1761-0c9a-7959-07544679dafd,aa616abe-1761-0c9a-6927-d146f96cd914,survey,93035-4,Has season or migrant farm work been your or your family's main source of income at any point in past 2 years [PRAPARE],No,,text
2024-06-05T10:16:41Z,aa616abe-1761-0c9a-7959-07544679dafd,aa616abe-1761-0c9a-6927-d146f96cd914,survey,32624-9,Race,White,,text
2024-06-05T10:16:41Z,aa616abe-1761-0c9a-7959-07544679dafd,aa616abe-1761-0c9a-6927-d146f96cd914,survey,56051-6,Hispanic or Latino,No,,text
2024-06-05T10:58:48Z,aa616abe-1761-0c9a-7959-07544679dafd,aa616abe-1761-0c9a-6927-d146f96cd914,survey,55758-7,Patient Health Questionnaire 2 item (PHQ-2) total score [Reported],1.0,{score},numeric
2024-06-05T11:36:27Z,aa616abe-1761-0c9a-7959-07544679dafd,aa616abe-1761-0c9a-6927-d146f96cd914,survey,82667-7,Total score [DAST-10],1.0,{score},numeric
2024-07-03T09:38:04Z,aa616abe-1761-0c9a-7959-07544679dafd,aa616abe-1761-0c9a-bfe1-73049b0f2170,laboratory,2345-7,Glucose [Mass/volume] in Serum or Plasma,74.3,mg/dL,numeric
2024-07-03T09:38:04Z,aa616abe-1761-0c9a-7959-07544679dafd,aa616abe-1761-0c9a-bfe1-73049b0f2170,laboratory,3094-0,Urea nitrogen [Mass/volume] in Serum or Plasma,12.2,mg/dL,numeric
2024-07-03T09:38:04Z,aa616abe-1761-0c9a-7959-07544679dafd,aa616abe-1761-0c9a-bfe1-73049b0f2170,laboratory,2160-0,Creatinine [Mass/volume] in Serum or Plasma,2.0,mg/dL,numeric
2024-07-03T09:38:04Z,aa616abe-1761-0c9a-7959-07544679dafd,aa616abe-1761-0c9a-bfe1-73049b0f2170,laboratory,17861-6,Calcium [Mass/volume] in Serum or Plasma,10.2,mg/dL,numeric
2024-07-03T09:38:04Z,aa616abe-1761-0c9a-7959-07544679dafd,aa616abe-1761-0c9a-bfe1-73049b0f2170,laboratory,2951-2,Sodium [Moles/volume] in Serum or Plasma,137.6,mmol/L,numeric
2024-07-03T09:38:04Z,aa616abe-1761-0c9a-7959-07544679dafd,aa616abe-1761-0c9a-bfe1-73049b0f2170,laboratory,2823-3,Potassium [Moles/volume] in Serum or Plasma,4.7,mmol/L,numeric
2024-07-03T09:38:04Z,aa616abe-1761-0c9a-7959-07544679dafd,aa616abe-1761-0c9a-bfe1-73049b0f2170,laboratory,2075-0,Chloride [Moles/volume] in Serum or Plasma,102.6,mmol/L,numeric
2024-07-03T09:38:04Z,aa616abe-1761-0c9a-7959-07544679dafd,aa616abe-1761-0c9a-bfe1-73049b0f2170,laboratory,2028-9,Carbon dioxide  total [Moles/volume] in Serum or Plasma,28.0,mmol/L,numeric
2024-07-03T09:38:04Z,aa616abe-1761-0c9a-7959-07544679dafd,aa616abe-1761-0c9a-bfe1-73049b0f2170,laboratory,33914-3,Glomerular filtration rate [Volume Rate/Area] in Serum or Plasma by Creatinine-based formula (MDRD)/1.73 sq M,69.4,mL/min/{1.73_m2},numeric
2024-07-03T09:38:04Z,aa616abe-1761-0c9a-7959-07544679dafd,aa616abe-1761-0c9a-bfe1-73049b0f2170,laboratory,5767-9,Appearance of Urine,Cloudy urine (finding),{nominal},text
2024-07-03T09:38:04Z,aa616abe-1761-0c9a-7959-07544679dafd,aa616abe-1761-0c9a-bfe1-73049b0f2170,laboratory,34533-0,Odor of Urine,Urine smell ammoniacal (finding),{nominal},text
2024-07-03T09:38:04Z,aa616abe-1761-0c9a-7959-07544679dafd,aa616abe-1761-0c9a-bfe1-73049b0f2170,laboratory,32167-9,Clarity of Urine,Translucent (qualifier value),{nominal},text
2024-07-03T09:38:04Z,aa616abe-1761-0c9a-7959-07544679dafd,aa616abe-1761-0c9a-bfe1-73049b0f2170,laboratory,5778-6,Color of Urine,Brown color (qualifier value),{nominal},text
2024-07-03T09:38:04Z,aa616abe-1761-0c9a-7959-07544679dafd,aa616abe-1761-0c9a-bfe1-73049b0f2170,laboratory,5792-7,Glucose [Mass/volume] in Urine by Test strip,1.7,mg/dL,numeric
2024-07-03T09:38:04Z,aa616abe-1761-0c9a-7959-07544679dafd,aa616abe-1761-0c9a-bfe1-73049b0f2170,laboratory,25428-4,Glucose [Presence] in Urine by Test strip,Urine glucose test = ++ (finding),{nominal},text
2024-07-03T09:38:04Z,aa616abe-1761-0c9a-7959-07544679dafd,aa616abe-1761-0c9a-bfe1-73049b0f2170,laboratory,20505-4,Bilirubin.total [Mass/volume] in Urine by Test strip,1.4,mg/dL,numeric
2024-07-03T09:38:04Z,aa616abe-1761-0c9a-7959-07544679dafd,aa616abe-1761-0c9a-bfe1-73049b0f2170,laboratory,5770-3,Bilirubin.total [Presence] in Urine by Test strip,Finding of bilirubin in urine (finding),{nominal},text
2024-07-03T09:38:04Z,aa616abe-1761-0c9a-7959-07544679dafd,aa616abe-1761-0c9a-bfe1-73049b0f2170,laboratory,5797-6,Ketones [Mass/volume] in Urine by Test strip,1.1,mg/dL,numeric
2024-07-03T09:38:04Z,aa616abe-1761-0c9a-7959-07544679dafd,aa616abe-1761-0c9a-bfe1-73049b0f2170,laboratory,2514-8,Ketones [Presence] in Urine by Test strip,Urine ketone test = + (finding),{nominal},text
2024-07-03T09:38:04Z,aa616abe-1761-0c9a-7959-07544679dafd,aa616abe-1761-0c9a-bfe1-73049b0f2170,laboratory,5811-5,Specific gravity of Urine by Test strip,1.0,{nominal},numeric
2024-07-03T09:38:04Z,aa616abe-1761-0c9a-7959-07544679dafd,aa616abe-1761-0c9a-bfe1-73049b0f2170,laboratory,5803-2,pH of Urine by Test strip,6.9,pH,numeric
2024-07-03T09:38:04Z,aa616abe-1761-0c9a-7959-07544679dafd,aa616abe-1761-0c9a-bfe1-73049b0f2170,laboratory,5804-0,Protein [Mass/volume] in Urine by Test strip,161.4,mg/dL,numeric
2024-07-03T09:38:04Z,aa616abe-1761-0c9a-7959-07544679dafd,aa616abe-1761-0c9a-bfe1-73049b0f2170,laboratory,20454-5,Protein [Presence] in Urine by Test strip,Urine protein test = ++ (finding),{nominal},text
2024-07-03T09:38:04Z,aa616abe-1761-0c9a-7959-07544679dafd,aa616abe-1761-0c9a-bfe1-73049b0f2170,laboratory,5802-4,Nitrite [Presence] in Urine by Test strip,Nitrite not detected in urine (finding),{nominal},text
2024-07-03T09:38:04Z,aa616abe-1761-0c9a-7959-07544679dafd,aa616abe-1761-0c9a-bfe1-73049b0f2170,laboratory,5794-3,Hemoglobin [Presence] in Urine by Test strip,Blood not detected in urine (finding),{nominal},text
2024-07-03T09:38:04Z,aa616abe-1761-0c9a-7959-07544679dafd,aa616abe-1761-0c9a-bfe1-73049b0f2170,laboratory,5799-2,Leukocyte esterase [Presence] in Urine by Test strip,Urine leukocytes not detected (finding),{nominal},text
2024-07-03T09:38:04Z,aa616abe-1761-0c9a-7959-07544679dafd,aa616abe-1761-0c9a-bfe1-73049b0f2170,laboratory,4548-4,Hemoglobin A1c/Hemoglobin.total in Blood,5.4,%,numeric
2024-07-03T09:38:04Z,aa616abe-1761-0c9a-7959-07544679dafd,aa616abe-1761-0c9a-bfe1-73049b0f2170,vital-signs,8302-2,Body Height,164.6,cm,numeric
2024-07-03T09:38:04Z,aa616abe-1761-0c9a-7959-07544679dafd,aa616abe-1761-0c9a-bfe1-73049b0f2170,vital-signs,72514-3,Pain severity - 0-10 verbal numeric rating [Score] - Reported,1.0,{score},numeric
2024-07-03T09:38:04Z,aa616abe-1761-0c9a-7959-07544679dafd,aa616abe-1761-0c9a-bfe1-73049b0f2170,vital-signs,29463-7,Body Weight,75.2,kg,numeric
2024-07-03T09:38:04Z,aa616abe-1761-0c9a-7959-07544679dafd,aa616abe-1761-0c9a-bfe1-73049b0f2170,vital-signs,39156-5,Body mass index (BMI) [Ratio],27.8,kg/m2,numeric
2024-07-03T09:38:04Z,aa616abe-1761-0c9a-7959-07544679dafd,aa616abe-1761-0c9a-bfe1-73049b0f2170,vital-signs,8462-4,Diastolic Blood Pressure,72.0,mm[Hg],numeric
2024-07-03T09:38:04Z,aa616abe-1761-0c9a-7959-07544679dafd,aa616abe-1761-0c9a-bfe1-73049b0f2170,vital-signs,8480-6,Systolic Blood Pressure,109.0,mm[Hg],numeric
2024-07-03T09:38:04Z,aa616abe-1761-0c9a-7959-07544679dafd,aa616abe-1761-0c9a-bfe1-73049b0f2170,vital-signs,8867-4,Heart rate,95.0,/min,numeric
2024-07-03T09:38:04Z,aa616abe-1761-0c9a-7959-07544679dafd,aa616abe-1761-0c9a-bfe1-73049b0f2170,vital-signs,9279-1,Respiratory rate,14.0,/min,numeric
2024-07-03T09:38:04Z,aa616abe-1761-0c9a-7959-07544679dafd,aa616abe-1761-0c9a-bfe1-73049b0f2170,laboratory,2339-0,Glucose [Mass/volume] in Blood,74.3,mg/dL,numeric
2024-07-03T09:38:04Z,aa616abe-1761-0c9a-7959-07544679dafd,aa616abe-1761-0c9a-bfe1-73049b0f2170,laboratory,6299-2,Urea nitrogen [Mass/volume] in Blood,12.2,mg/dL,numeric
2024-07-03T09:38:04Z,aa616abe-1761-0c9a-7959-07544679dafd,aa616abe-1761-0c9a-bfe1-73049b0f2170,laboratory,38483-4,Creatinine [Mass/volume] in Blood,1.2,mg/dL,numeric
2024-07-03T09:38:04Z,aa616abe-1761-0c9a-7959-07544679dafd,aa616abe-1761-0c9a-bfe1-73049b0f2170,laboratory,49765-1,Calcium [Mass/volume] in Blood,10.2,mg/dL,numeric
2024-07-03T09:38:04Z,aa616abe-1761-0c9a-7959-07544679dafd,aa616abe-1761-0c9a-bfe1-73049b0f2170,laboratory,2947-0,Sodium [Moles/volume] in Blood,137.6,mmol/L,numeric
2024-07-03T09:38:04Z,aa616abe-1761-0c9a-7959-07544679dafd,aa616abe-1761-0c9a-bfe1-73049b0f2170,laboratory,6298-4,Potassium [Moles/volume] in Blood,4.7,mmol/L,numeric
2024-07-03T09:38:04Z,aa616abe-1761-0c9a-7959-07544679dafd,aa616abe-1761-0c9a-bfe1-73049b0f2170,laboratory,2069-3,Chloride [Moles/volume] in Blood,102.6,mmol/L,numeric
2024-07-03T09:38:04Z,aa616abe-1761-0c9a-7959-07544679dafd,aa616abe-1761-0c9a-bfe1-73049b0f2170,laboratory,20565-8,Carbon dioxide  total [Moles/volume] in Blood,28.0,mmol/L,numeric
2024-07-03T09:38:04Z,aa616abe-1761-0c9a-7959-07544679dafd,aa616abe-1761-0c9a-bfe1-73049b0f2170,laboratory,2093-3,Cholesterol [Mass/volume] in Serum or Plasma,164.3,mg/dL,numeric
2024-07-03T09:38:04Z,aa616abe-1761-0c9a-7959-07544679dafd,aa616abe-1761-0c9a-bfe1-73049b0f2170,laboratory,2571-8,Triglyceride [Mass/volume] in Serum or Plasma,117.0,mg/dL,numeric
2024-07-03T09:38:04Z,aa616abe-1761-0c9a-7959-07544679dafd,aa616abe-1761-0c9a-bfe1-73049b0f2170,laboratory,18262-6,Cholesterol in LDL [Mass/volume] in Serum or Plasma by Direct assay,83.9,mg/dL,numeric
2024-07-03T09:38:04Z,aa616abe-1761-0c9a-7959-07544679dafd,aa616abe-1761-0c9a-bfe1-73049b0f2170,laboratory,2085-9,Cholesterol in HDL [Mass/volume] in Serum or Plasma,57.0,mg/dL,numeric
2024-07-03T09:38:04Z,aa616abe-1761-0c9a-7959-07544679dafd,aa616abe-1761-0c9a-bfe1-73049b0f2170,laboratory,14959-1,Microalbumin/Creatinine [Mass Ratio] in Urine,19.0,mg/g,numeric
2024-07-03T09:38:04Z,aa616abe-1761-0c9a-7959-07544679dafd,aa616abe-1761-0c9a-bfe1-73049b0f2170,laboratory,33914-3,Glomerular filtration rate [Volume Rate/Area] in Serum or Plasma by Creatinine-based formula (MDRD)/1.73 sq M,51.4,mL/min/{1.73_m2},numeric
2024-07-03T09:38:04Z,aa616abe-1761-0c9a-7959-07544679dafd,aa616abe-1761-0c9a-bfe1-73049b0f2170,social-history,72166-2,Tobacco smoking status,Never smoked tobacco (finding),,text
2024-07-03T10:10:00Z,aa616abe-1761-0c9a-7959-07544679dafd,aa616abe-1761-0c9a-bfe1-73049b0f2170,survey,76501-6,Within the last year  have you been afraid of your partner or ex-partner,No,,text
2024-07-03T10:10:00Z,aa616abe-1761-0c9a-7959-07544679dafd,aa616abe-1761-0c9a-bfe1-73049b0f2170,survey,93026-3,Do you feel physically and emotionally safe where you currently live [PRAPARE],Yes,,text
2024-07-03T10:10:00Z,aa616abe-1761-0c9a-7959-07544679dafd,aa616abe-1761-0c9a-bfe1-73049b0f2170,survey,93027-1,Are you a refugee,No,,text
2024-07-03T10:10:00Z,aa616abe-1761-0c9a-7959-07544679dafd,aa616abe-1761-0c9a-bfe1-73049b0f2170,survey,93028-9,Have you spent more than 2 nights in a row in a jail  prison  detention center  or juvenile correctional facility in past 1 year [PRAPARE],Yes,,text
2024-07-03T10:10:00Z,aa616abe-1761-0c9a-7959-07544679dafd,aa616abe-1761-0c9a-bfe1-73049b0f2170,survey,93038-8,Stress level,A little bit,,text
2024-07-03T10:10:00Z,aa616abe-1761-0c9a-7959-07544679dafd,aa616abe-1761-0c9a-bfe1-73049b0f2170,survey,93029-7,How often do you see or talk to people that you care about and feel close to [PRAPARE],1 or 2 times a week,,text
2024-07-03T10:10:00Z,aa616abe-1761-0c9a-7959-07544679dafd,aa616abe-1761-0c9a-bfe1-73049b0f2170,survey,93030-5,Has lack of transportation kept you from medical appointments  meetings  work  or from getting things needed for daily living,No,,text
2024-07-03T10:10:00Z,aa616abe-1761-0c9a-7959-07544679dafd,aa616abe-1761-0c9a-bfe1-73049b0f2170,survey,93031-3,Have you or any family members you live with been unable to get any of the following when it was really needed in past 1 year [PRAPARE],Utilities,,text
2024-07-03T10:10:00Z,aa616abe-1761-0c9a-7959-07544679dafd,aa616abe-1761-0c9a-bfe1-73049b0f2170,survey,63586-2,What was your best estimate of the total income of all family members from all sources  before taxes  in last year [PhenX],15504,/a,text
2024-07-03T10:10:00Z,aa616abe-1761-0c9a-7959-07544679dafd,aa616abe-1761-0c9a-bfe1-73049b0f2170,survey,76437-3,Primary insurance,Medicaid,,text
2024-07-03T10:10:00Z,aa616abe-1761-0c9a-7959-07544679dafd,aa616abe-1761-0c9a-bfe1-73049b0f2170,survey,67875-5,Employment status - current,Full-time work,,text
2024-07-03T10:10:00Z,aa616abe-1761-0c9a-7959-07544679dafd,aa616abe-1761-0c9a-bfe1-73049b0f2170,survey,82589-3,Highest level of education,High school diploma or GED,,text
2024-07-03T10:10:00Z,aa616abe-1761-0c9a-7959-07544679dafd,aa616abe-1761-0c9a-bfe1-73049b0f2170,survey,56799-0,Address,997 Grant Row Unit 85,,text
2024-07-03T10:10:00Z,aa616abe-1761-0c9a-7959-07544679dafd,aa616abe-1761-0c9a-bfe1-73049b0f2170,survey,93033-9,Are you worried about losing your housing [PRAPARE],No,,text
2024-07-03T10:10:00Z,aa616abe-1761-0c9a-7959-07544679dafd,aa616abe-1761-0c9a-bfe1-73049b0f2170,survey,71802-3,Housing status,I have housing,,text
2024-07-03T10:10:00Z,aa616abe-1761-0c9a-7959-07544679dafd,aa616abe-1761-0c9a-bfe1-73049b0f2170,survey,63512-8,How many people are living or staying at this address [#],6.0,{#},numeric
2024-07-03T10:10:00Z,aa616abe-1761-0c9a-7959-07544679dafd,aa616abe-1761-0c9a-bfe1-73049b0f2170,survey,54899-0,Preferred language,English,,text
2024-07-03T10:10:00Z,aa616abe-1761-0c9a-7959-07544679dafd,aa616abe-1761-0c9a-bfe1-73049b0f2170,survey,93034-7,Discharged from the U.S. Armed Forces,No,,text
2024-07-03T10:10:00Z,aa616abe-1761-0c9a-7959-07544679dafd,aa616abe-1761-0c9a-bfe1-73049b0f2170,survey,93035-4,Has season or migrant farm work been your or your family's main source of income at any point in past 2 years [PRAPARE],No,,text
2024-07-03T10:10:00Z,aa616abe-1761-0c9a-7959-07544679dafd,aa616abe-1761-0c9a-bfe1-73049b0f2170,survey,32624-9,Race,White,,text
2024-07-03T10:10:00Z,aa616abe-1761-0c9a-7959-07544679dafd,aa616abe-1761-0c9a-bfe1-73049b0f2170,survey,56051-6,Hispanic or Latino,No,,text
2024-07-03T10:27:33Z,aa616abe-1761-0c9a-7959-07544679dafd,aa616abe-1761-0c9a-bfe1-73049b0f2170,survey,70274-6,Generalized anxiety disorder 7 item (GAD-7) total score [Reported.PHQ],3.0,{score},numeric
2024-07-03T11:06:06Z,aa616abe-1761-0c9a-7959-07544679dafd,aa616abe-1761-0c9a-bfe1-73049b0f2170,survey,55758-7,Patient Health Questionnaire 2 item (PHQ-2) total score [Reported],0.0,{score},numeric
2024-07-03T11:45:33Z,aa616abe-1761-0c9a-7959-07544679dafd,aa616abe-1761-0c9a-bfe1-73049b0f2170,survey,82667-7,Total score [DAST-10],1.0,{score},numeric
2024-07-17T09:38:04Z,aa616abe-1761-0c9a-7959-07544679dafd,aa616abe-1761-0c9a-5178-87a1d4c83d00,laboratory,2345-7,Glucose [Mass/volume] in Serum or Plasma,77.0,mg/dL,numeric
2024-07-17T09:38:04Z,aa616abe-1761-0c9a-7959-07544679dafd,aa616abe-1761-0c9a-5178-87a1d4c83d00,laboratory,3094-0,Urea nitrogen [Mass/volume] in Serum or Plasma,12.0,mg/dL,numeric
2024-07-17T09:38:04Z,aa616abe-1761-0c9a-7959-07544679dafd,aa616abe-1761-0c9a-5178-87a1d4c83d00,laboratory,2160-0,Creatinine [Mass/volume] in Serum or Plasma,1.9,mg/dL,numeric
2024-07-17T09:38:04Z,aa616abe-1761-0c9a-7959-07544679dafd,aa616abe-1761-0c9a-5178-87a1d4c83d00,laboratory,17861-6,Calcium [Mass/volume] in Serum or Plasma,9.3,mg/dL,numeric
2024-07-17T09:38:04Z,aa616abe-1761-0c9a-7959-07544679dafd,aa616abe-1761-0c9a-5178-87a1d4c83d00,laboratory,2951-2,Sodium [Moles/volume] in Serum or Plasma,138.6,mmol/L,numeric
2024-07-17T09:38:04Z,aa616abe-1761-0c9a-7959-07544679dafd,aa616abe-1761-0c9a-5178-87a1d4c83d00,laboratory,2823-3,Potassium [Moles/volume] in Serum or Plasma,3.9,mmol/L,numeric
2024-07-17T09:38:04Z,aa616abe-1761-0c9a-7959-07544679dafd,aa616abe-1761-0c9a-5178-87a1d4c83d00,laboratory,2075-0,Chloride [Moles/volume] in Serum or Plasma,107.9,mmol/L,numeric
2024-07-17T09:38:04Z,aa616abe-1761-0c9a-7959-07544679dafd,aa616abe-1761-0c9a-5178-87a1d4c83d00,laboratory,2028-9,Carbon dioxide  total [Moles/volume] in Serum or Plasma,25.3,mmol/L,numeric
2024-07-17T09:38:04Z,aa616abe-1761-0c9a-7959-07544679dafd,aa616abe-1761-0c9a-5178-87a1d4c83d00,laboratory,33914-3,Glomerular filtration rate [Volume Rate/Area] in Serum or Plasma by Creatinine-based formula (MDRD)/1.73 sq M,73.9,mL/min/{1.73_m2},numeric
2024-07-17T09:38:04Z,aa616abe-1761-0c9a-7959-07544679dafd,aa616abe-1761-0c9a-5178-87a1d4c83d00,laboratory,5767-9,Appearance of Urine,Cloudy urine (finding),{nominal},text
2024-07-17T09:38:04Z,aa616abe-1761-0c9a-7959-07544679dafd,aa616abe-1761-0c9a-5178-87a1d4c83d00,laboratory,34533-0,Odor of Urine,Urine smell ammoniacal (finding),{nominal},text
2024-07-17T09:38:04Z,aa616abe-1761-0c9a-7959-07544679dafd,aa616abe-1761-0c9a-5178-87a1d4c83d00,laboratory,32167-9,Clarity of Urine,Translucent (qualifier value),{nominal},text
2024-07-17T09:38:04Z,aa616abe-1761-0c9a-7959-07544679dafd,aa616abe-1761-0c9a-5178-87a1d4c83d00,laboratory,5778-6,Color of Urine,Brown color (qualifier value),{nominal},text
2024-07-17T09:38:04Z,aa616abe-1761-0c9a-7959-07544679dafd,aa616abe-1761-0c9a-5178-87a1d4c83d00,laboratory,5792-7,Glucose [Mass/volume] in Urine by Test strip,0.9,mg/dL,numeric
2024-07-17T09:38:04Z,aa616abe-1761-0c9a-7959-07544679dafd,aa616abe-1761-0c9a-5178-87a1d4c83d00,laboratory,25428-4,Glucose [Presence] in Urine by Test strip,Urine glucose test = ++ (finding),{nominal},text
2024-07-17T09:38:04Z,aa616abe-1761-0c9a-7959-07544679dafd,aa616abe-1761-0c9a-5178-87a1d4c83d00,laboratory,20505-4,Bilirubin.total [Mass/volume] in Urine by Test strip,1.5,mg/dL,numeric
2024-07-17T09:38:04Z,aa616abe-1761-0c9a-7959-07544679dafd,aa616abe-1761-0c9a-5178-87a1d4c83d00,laboratory,5770-3,Bilirubin.total [Presence] in Urine by Test strip,Finding of bilirubin in urine (finding),{nominal},text
2024-07-17T09:38:04Z,aa616abe-1761-0c9a-7959-07544679dafd,aa616abe-1761-0c9a-5178-87a1d4c83d00,laboratory,5797-6,Ketones [Mass/volume] in Urine by Test strip,14.3,mg/dL,numeric
2024-07-17T09:38:04Z,aa616abe-1761-0c9a-7959-07544679dafd,aa616abe-1761-0c9a-5178-87a1d4c83d00,laboratory,2514-8,Ketones [Presence] in Urine by Test strip,Urine ketone test = + (finding),{nominal},text
2024-07-17T09:38:04Z,aa616abe-1761-0c9a-7959-07544679dafd,aa616abe-1761-0c9a-5178-87a1d4c83d00,laboratory,5811-5,Specific gravity of Urine by Test strip,1.0,{nominal},numeric
2024-07-17T09:38:04Z,aa616abe-1761-0c9a-7959-07544679dafd,aa616abe-1761-0c9a-5178-87a1d4c83d00,laboratory,5803-2,pH of Urine by Test strip,6.4,pH,numeric
2024-07-17T09:38:04Z,aa616abe-1761-0c9a-7959-07544679dafd,aa616abe-1761-0c9a-5178-87a1d4c83d00,laboratory,5804-0,Protein [Mass/volume] in Urine by Test strip,323.5,mg/dL,numeric
2024-07-17T09:38:04Z,aa616abe-1761-0c9a-7959-07544679dafd,aa616abe-1761-0c9a-5178-87a1d4c83d00,laboratory,20454-5,Protein [Presence] in Urine by Test strip,Urine protein test = ++ (finding),{nominal},text
2024-07-17T09:38:04Z,aa616abe-1761-0c9a-7959-07544679dafd,aa616abe-1761-0c9a-5178-87a1d4c83d00,laboratory,5802-4,Nitrite [Presence] in Urine by Test strip,Nitrite not detected in urine (finding),{nominal},text
2024-07-17T09:38:04Z,aa616abe-1761-0c9a-7959-07544679dafd,aa616abe-1761-0c9a-5178-87a1d4c83d00,laboratory,5794-3,Hemoglobin [Presence] in Urine by Test strip,Blood not detected in urine (finding),{nominal},text
2024-07-17T09:38:04Z,aa616abe-1761-0c9a-7959-07544679dafd,aa616abe-1761-0c9a-5178-87a1d4c83d00,laboratory,5799-2,Leukocyte esterase [Presence] in Urine by Test strip,Urine leukocytes not detected (finding),{nominal},text
2024-07-17T09:38:04Z,aa616abe-1761-0c9a-7959-07544679dafd,aa616abe-1761-0c9a-5178-87a1d4c83d00,laboratory,4548-4,Hemoglobin A1c/Hemoglobin.total in Blood,5.4,%,numeric
2024-07-17T09:38:04Z,aa616abe-1761-0c9a-7959-07544679dafd,aa616abe-1761-0c9a-5178-87a1d4c83d00,vital-signs,8302-2,Body Height,164.6,cm,numeric
2024-07-17T09:38:04Z,aa616abe-1761-0c9a-7959-07544679dafd,aa616abe-1761-0c9a-5178-87a1d4c83d00,vital-signs,72514-3,Pain severity - 0-10 verbal numeric rating [Score] - Reported,2.0,{score},numeric
2024-07-17T09:38:04Z,aa616abe-1761-0c9a-7959-07544679dafd,aa616abe-1761-0c9a-5178-87a1d4c83d00,vital-signs,29463-7,Body Weight,75.2,kg,numeric
2024-07-17T09:38:04Z,aa616abe-1761-0c9a-7959-07544679dafd,aa616abe-1761-0c9a-5178-87a1d4c83d00,vital-signs,39156-5,Body mass index (BMI) [Ratio],27.8,kg/m2,numeric
2024-07-17T09:38:04Z,aa616abe-1761-0c9a-7959-07544679dafd,aa616abe-1761-0c9a-5178-87a1d4c83d00,vital-signs,8462-4,Diastolic Blood Pressure,77.0,mm[Hg],numeric
2024-07-17T09:38:04Z,aa616abe-1761-0c9a-7959-07544679dafd,aa616abe-1761-0c9a-5178-87a1d4c83d00,vital-signs,8480-6,Systolic Blood Pressure,94.0,mm[Hg],numeric
2024-07-17T09:38:04Z,aa616abe-1761-0c9a-7959-07544679dafd,aa616abe-1761-0c9a-5178-87a1d4c83d00,vital-signs,8867-4,Heart rate,77.0,/min,numeric
2024-07-17T09:38:04Z,aa616abe-1761-0c9a-7959-07544679dafd,aa616abe-1761-0c9a-5178-87a1d4c83d00,vital-signs,9279-1,Respiratory rate,16.0,/min,numeric
2024-07-17T09:38:04Z,aa616abe-1761-0c9a-7959-07544679dafd,aa616abe-1761-0c9a-5178-87a1d4c83d00,laboratory,2339-0,Glucose [Mass/volume] in Blood,77.0,mg/dL,numeric
2024-07-17T09:38:04Z,aa616abe-1761-0c9a-7959-07544679dafd,aa616abe-1761-0c9a-5178-87a1d4c83d00,laboratory,6299-2,Urea nitrogen [Mass/volume] in Blood,12.0,mg/dL,numeric
2024-07-17T09:38:04Z,aa616abe-1761-0c9a-7959-07544679dafd,aa616abe-1761-0c9a-5178-87a1d4c83d00,laboratory,38483-4,Creatinine [Mass/volume] in Blood,1.1,mg/dL,numeric
2024-07-17T09:38:04Z,aa616abe-1761-0c9a-7959-07544679dafd,aa616abe-1761-0c9a-5178-87a1d4c83d00,laboratory,49765-1,Calcium [Mass/volume] in Blood,9.3,mg/dL,numeric
2024-07-17T09:38:04Z,aa616abe-1761-0c9a-7959-07544679dafd,aa616abe-1761-0c9a-5178-87a1d4c83d00,laboratory,2947-0,Sodium [Moles/volume] in Blood,138.6,mmol/L,numeric
2024-07-17T09:38:04Z,aa616abe-1761-0c9a-7959-07544679dafd,aa616abe-1761-0c9a-5178-87a1d4c83d00,laboratory,6298-4,Potassium [Moles/volume] in Blood,3.9,mmol/L,numeric
2024-07-17T09:38:04Z,aa616abe-1761-0c9a-7959-07544679dafd,aa616abe-1761-0c9a-5178-87a1d4c83d00,laboratory,2069-3,Chloride [Moles/volume] in Blood,107.9,mmol/L,numeric
2024-07-17T09:38:04Z,aa616abe-1761-0c9a-7959-07544679dafd,aa616abe-1761-0c9a-5178-87a1d4c83d00,laboratory,20565-8,Carbon dioxide  total [Moles/volume] in Blood,25.3,mmol/L,numeric
2024-07-17T09:38:04Z,aa616abe-1761-0c9a-7959-07544679dafd,aa616abe-1761-0c9a-5178-87a1d4c83d00,laboratory,2093-3,Cholesterol [Mass/volume] in Serum or Plasma,143.2,mg/dL,numeric
2024-07-17T09:38:04Z,aa616abe-1761-0c9a-7959-07544679dafd,aa616abe-1761-0c9a-5178-87a1d4c83d00,laboratory,2571-8,Triglyceride [Mass/volume] in Serum or Plasma,129.1,mg/dL,numeric
2024-07-17T09:38:04Z,aa616abe-1761-0c9a-7959-07544679dafd,aa616abe-1761-0c9a-5178-87a1d4c83d00,laboratory,18262-6,Cholesterol in LDL [Mass/volume] in Serum or Plasma by Direct assay,60.9,mg/dL,numeric
2024-07-17T09:38:04Z,aa616abe-1761-0c9a-7959-07544679dafd,aa616abe-1761-0c9a-5178-87a1d4c83d00,laboratory,2085-9,Cholesterol in HDL [Mass/volume] in Serum or Plasma,56.5,mg/dL,numeric
2024-07-17T09:38:04Z,aa616abe-1761-0c9a-7959-07544679dafd,aa616abe-1761-0c9a-5178-87a1d4c83d00,laboratory,14959-1,Microalbumin/Creatinine [Mass Ratio] in Urine,21.4,mg/g,numeric
2024-07-17T09:38:04Z,aa616abe-1761-0c9a-7959-07544679dafd,aa616abe-1761-0c9a-5178-87a1d4c83d00,laboratory,33914-3,Glomerular filtration rate [Volume Rate/Area] in Serum or Plasma by Creatinine-based formula (MDRD)/1.73 sq M,54.0,mL/min/{1.73_m2},numeric
2024-07-17T09:38:04Z,aa616abe-1761-0c9a-7959-07544679dafd,aa616abe-1761-0c9a-5178-87a1d4c83d00,social-history,72166-2,Tobacco smoking status,Never smoked tobacco (finding),,text
2024-07-17T10:31:38Z,aa616abe-1761-0c9a-7959-07544679dafd,aa616abe-1761-0c9a-5178-87a1d4c83d00,survey,76501-6,Within the last year  have you been afraid of your partner or ex-partner,No,,text
2024-07-17T10:31:38Z,aa616abe-1761-0c9a-7959-07544679dafd,aa616abe-1761-0c9a-5178-87a1d4c83d00,survey,93026-3,Do you feel physically and emotionally safe where you currently live [PRAPARE],Yes,,text
2024-07-17T10:31:38Z,aa616abe-1761-0c9a-7959-07544679dafd,aa616abe-1761-0c9a-5178-87a1d4c83d00,survey,93027-1,Are you a refugee,No,,text
2024-07-17T10:31:38Z,aa616abe-1761-0c9a-7959-07544679dafd,aa616abe-1761-0c9a-5178-87a1d4c83d00,survey,93028-9,Have you spent more than 2 nights in a row in a jail  prison  detention center  or juvenile correctional facility in past 1 year [PRAPARE],Yes,,text
2024-07-17T10:31:38Z,aa616abe-1761-0c9a-7959-07544679dafd,aa616abe-1761-0c9a-5178-87a1d4c83d00,survey,93038-8,Stress level,Somewhat,,text
2024-07-17T10:31:38Z,aa616abe-1761-0c9a-7959-07544679dafd,aa616abe-1761-0c9a-5178-87a1d4c83d00,survey,93029-7,How often do you see or talk to people that you care about and feel close to [PRAPARE],5 or more times a week,,text
2024-07-17T10:31:38Z,aa616abe-1761-0c9a-7959-07544679dafd,aa616abe-1761-0c9a-5178-87a1d4c83d00,survey,93030-5,Has lack of transportation kept you from medical appointments  meetings  work  or from getting things needed for daily living,No,,text
2024-07-17T10:31:38Z,aa616abe-1761-0c9a-7959-07544679dafd,aa616abe-1761-0c9a-5178-87a1d4c83d00,survey,93031-3,Have you or any family members you live with been unable to get any of the following when it was really needed in past 1 year [PRAPARE],Medicine or Any Health Care (Medical  Dental  Mental Health  Vision),,text
2024-07-17T10:31:38Z,aa616abe-1761-0c9a-7959-07544679dafd,aa616abe-1761-0c9a-5178-87a1d4c83d00,survey,63586-2,What was your best estimate of the total income of all family members from all sources  before taxes  in last year [PhenX],15504,/a,text
2024-07-17T10:31:38Z,aa616abe-1761-0c9a-7959-07544679dafd,aa616abe-1761-0c9a-5178-87a1d4c83d00,survey,76437-3,Primary insurance,Medicaid,,text
2024-07-17T10:31:38Z,aa616abe-1761-0c9a-7959-07544679dafd,aa616abe-1761-0c9a-5178-87a1d4c83d00,survey,67875-5,Employment status - current,Full-time work,,text
2024-07-17T10:31:38Z,aa616abe-1761-0c9a-7959-07544679dafd,aa616abe-1761-0c9a-5178-87a1d4c83d00,survey,82589-3,Highest level of education,High school diploma or GED,,text
2024-07-17T10:31:38Z,aa616abe-1761-0c9a-7959-07544679dafd,aa616abe-1761-0c9a-5178-87a1d4c83d00,survey,56799-0,Address,997 Grant Row Unit 85,,text
2024-07-17T10:31:38Z,aa616abe-1761-0c9a-7959-07544679dafd,aa616abe-1761-0c9a-5178-87a1d4c83d00,survey,93033-9,Are you worried about losing your housing [PRAPARE],No,,text
2024-07-17T10:31:38Z,aa616abe-1761-0c9a-7959-07544679dafd,aa616abe-1761-0c9a-5178-87a1d4c83d00,survey,71802-3,Housing status,I have housing,,text
2024-07-17T10:31:38Z,aa616abe-1761-0c9a-7959-07544679dafd,aa616abe-1761-0c9a-5178-87a1d4c83d00,survey,63512-8,How many people are living or staying at this address [#],6.0,{#},numeric
2024-07-17T10:31:38Z,aa616abe-1761-0c9a-7959-07544679dafd,aa616abe-1761-0c9a-5178-87a1d4c83d00,survey,54899-0,Preferred language,English,,text
2024-07-17T10:31:38Z,aa616abe-1761-0c9a-7959-07544679dafd,aa616abe-1761-0c9a-5178-87a1d4c83d00,survey,93034-7,Discharged from the U.S. Armed Forces,No,,text
2024-07-17T10:31:38Z,aa616abe-1761-0c9a-7959-07544679dafd,aa616abe-1761-0c9a-5178-87a1d4c83d00,survey,93035-4,Has season or migrant farm work been your or your family's main source of income at any point in past 2 years [PRAPARE],No,,text
2024-07-17T10:31:38Z,aa616abe-1761-0c9a-7959-07544679dafd,aa616abe-1761-0c9a-5178-87a1d4c83d00,survey,32624-9,Race,White,,text
2024-07-17T10:31:38Z,aa616abe-1761-0c9a-7959-07544679dafd,aa616abe-1761-0c9a-5178-87a1d4c83d00,survey,56051-6,Hispanic or Latino,No,,text
2024-07-17T10:55:06Z,aa616abe-1761-0c9a-7959-07544679dafd,aa616abe-1761-0c9a-5178-87a1d4c83d00,survey,70274-6,Generalized anxiety disorder 7 item (GAD-7) total score [Reported.PHQ],2.0,{score},numeric
2024-07-17T11:21:53Z,aa616abe-1761-0c9a-7959-07544679dafd,aa616abe-1761-0c9a-5178-87a1d4c83d00,survey,59460-6,Fall risk total [Morse Fall Scale],91.0,{#},numeric
2024-07-17T11:21:53Z,aa616abe-1761-0c9a-7959-07544679dafd,aa616abe-1761-0c9a-5178-87a1d4c83d00,survey,59461-4,Fall risk level [Morse Fall Scale],High Risk (MFS Score 50+),,text
2024-07-17T11:57:44Z,aa616abe-1761-0c9a-7959-07544679dafd,aa616abe-1761-0c9a-5178-87a1d4c83d00,survey,76504-0,Total score [HARK],0.0,{score},numeric
2024-07-17T12:38:43Z,aa616abe-1761-0c9a-7959-07544679dafd,aa616abe-1761-0c9a-5178-87a1d4c83d00,survey,55758-7,Patient Health Questionnaire 2 item (PHQ-2) total score [Reported],2.0,{score},numeric
2024-07-17T13:18:11Z,aa616abe-1761-0c9a-7959-07544679dafd,aa616abe-1761-0c9a-5178-87a1d4c83d00,survey,75626-2,Total score [AUDIT-C],2.0,{score},numeric
2024-08-14T09:38:04Z,aa616abe-1761-0c9a-7959-07544679dafd,aa616abe-1761-0c9a-e5e3-e6534716a43e,laboratory,2345-7,Glucose [Mass/volume] in Serum or Plasma,94.4,mg/dL,numeric
2024-08-14T09:38:04Z,aa616abe-1761-0c9a-7959-07544679dafd,aa616abe-1761-0c9a-e5e3-e6534716a43e,laboratory,3094-0,Urea nitrogen [Mass/volume] in Serum or Plasma,9.6,mg/dL,numeric
2024-08-14T09:38:04Z,aa616abe-1761-0c9a-7959-07544679dafd,aa616abe-1761-0c9a-e5e3-e6534716a43e,laboratory,2160-0,Creatinine [Mass/volume] in Serum or Plasma,1.8,mg/dL,numeric
2024-08-14T09:38:04Z,aa616abe-1761-0c9a-7959-07544679dafd,aa616abe-1761-0c9a-e5e3-e6534716a43e,laboratory,17861-6,Calcium [Mass/volume] in Serum or Plasma,9.0,mg/dL,numeric
2024-08-14T09:38:04Z,aa616abe-1761-0c9a-7959-07544679dafd,aa616abe-1761-0c9a-e5e3-e6534716a43e,laboratory,2951-2,Sodium [Moles/volume] in Serum or Plasma,143.4,mmol/L,numeric
2024-08-14T09:38:04Z,aa616abe-1761-0c9a-7959-07544679dafd,aa616abe-1761-0c9a-e5e3-e6534716a43e,laboratory,2823-3,Potassium [Moles/volume] in Serum or Plasma,4.7,mmol/L,numeric
2024-08-14T09:38:04Z,aa616abe-1761-0c9a-7959-07544679dafd,aa616abe-1761-0c9a-e5e3-e6534716a43e,laboratory,2075-0,Chloride [Moles/volume] in Serum or Plasma,103.2,mmol/L,numeric
2024-08-14T09:38:04Z,aa616abe-1761-0c9a-7959-07544679dafd,aa616abe-1761-0c9a-e5e3-e6534716a43e,laboratory,2028-9,Carbon dioxide  total [Moles/volume] in Serum or Plasma,22.4,mmol/L,numeric
2024-08-14T09:38:04Z,aa616abe-1761-0c9a-7959-07544679dafd,aa616abe-1761-0c9a-e5e3-e6534716a43e,laboratory,33914-3,Glomerular filtration rate [Volume Rate/Area] in Serum or Plasma by Creatinine-based formula (MDRD)/1.73 sq M,64.1,mL/min/{1.73_m2},numeric
2024-08-14T09:38:04Z,aa616abe-1761-0c9a-7959-07544679dafd,aa616abe-1761-0c9a-e5e3-e6534716a43e,laboratory,5767-9,Appearance of Urine,Cloudy urine (finding),{nominal},text
2024-08-14T09:38:04Z,aa616abe-1761-0c9a-7959-07544679dafd,aa616abe-1761-0c9a-e5e3-e6534716a43e,laboratory,34533-0,Odor of Urine,Urine smell ammoniacal (finding),{nominal},text
2024-08-14T09:38:04Z,aa616abe-1761-0c9a-7959-07544679dafd,aa616abe-1761-0c9a-e5e3-e6534716a43e,laboratory,32167-9,Clarity of Urine,Translucent (qualifier value),{nominal},text
2024-08-14T09:38:04Z,aa616abe-1761-0c9a-7959-07544679dafd,aa616abe-1761-0c9a-e5e3-e6534716a43e,laboratory,5778-6,Color of Urine,Brown color (qualifier value),{nominal},text
2024-08-14T09:38:04Z,aa616abe-1761-0c9a-7959-07544679dafd,aa616abe-1761-0c9a-e5e3-e6534716a43e,laboratory,5792-7,Glucose [Mass/volume] in Urine by Test strip,2.3,mg/dL,numeric
2024-08-14T09:38:04Z,aa616abe-1761-0c9a-7959-07544679dafd,aa616abe-1761-0c9a-e5e3-e6534716a43e,laboratory,25428-4,Glucose [Presence] in Urine by Test strip,Urine glucose test = ++ (finding),{nominal},text
2024-08-14T09:38:04Z,aa616abe-1761-0c9a-7959-07544679dafd,aa616abe-1761-0c9a-e5e3-e6534716a43e,laboratory,20505-4,Bilirubin.total [Mass/volume] in Urine by Test strip,1.2,mg/dL,numeric
2024-08-14T09:38:04Z,aa616abe-1761-0c9a-7959-07544679dafd,aa616abe-1761-0c9a-e5e3-e6534716a43e,laboratory,5770-3,Bilirubin.total [Presence] in Urine by Test strip,Finding of bilirubin in urine (finding),{nominal},text
2024-08-14T09:38:04Z,aa616abe-1761-0c9a-7959-07544679dafd,aa616abe-1761-0c9a-e5e3-e6534716a43e,laboratory,5797-6,Ketones [Mass/volume] in Urine by Test strip,14.1,mg/dL,numeric
2024-08-14T09:38:04Z,aa616abe-1761-0c9a-7959-07544679dafd,aa616abe-1761-0c9a-e5e3-e6534716a43e,laboratory,2514-8,Ketones [Presence] in Urine by Test strip,Urine ketone test = + (finding),{nominal},text
2024-08-14T09:38:04Z,aa616abe-1761-0c9a-7959-07544679dafd,aa616abe-1761-0c9a-e5e3-e6534716a43e,laboratory,5811-5,Specific gravity of Urine by Test strip,1.0,{nominal},numeric
2024-08-14T09:38:04Z,aa616abe-1761-0c9a-7959-07544679dafd,aa616abe-1761-0c9a-e5e3-e6534716a43e,laboratory,5803-2,pH of Urine by Test strip,5.4,pH,numeric
2024-08-14T09:38:04Z,aa616abe-1761-0c9a-7959-07544679dafd,aa616abe-1761-0c9a-e5e3-e6534716a43e,laboratory,5804-0,Protein [Mass/volume] in Urine by Test strip,255.5,mg/dL,numeric
2024-08-14T09:38:04Z,aa616abe-1761-0c9a-7959-07544679dafd,aa616abe-1761-0c9a-e5e3-e6534716a43e,laboratory,20454-5,Protein [Presence] in Urine by Test strip,Urine protein test = ++ (finding),{nominal},text
2024-08-14T09:38:04Z,aa616abe-1761-0c9a-7959-07544679dafd,aa616abe-1761-0c9a-e5e3-e6534716a43e,laboratory,5802-4,Nitrite [Presence] in Urine by Test strip,Nitrite not detected in urine (finding),{nominal},text
2024-08-14T09:38:04Z,aa616abe-1761-0c9a-7959-07544679dafd,aa616abe-1761-0c9a-e5e3-e6534716a43e,laboratory,5794-3,Hemoglobin [Presence] in Urine by Test strip,Blood not detected in urine (finding),{nominal},text
2024-08-14T09:38:04Z,aa616abe-1761-0c9a-7959-07544679dafd,aa616abe-1761-0c9a-e5e3-e6534716a43e,laboratory,5799-2,Leukocyte esterase [Presence] in Urine by Test strip,Urine leukocytes not detected (finding),{nominal},text
2024-08-14T09:38:04Z,aa616abe-1761-0c9a-7959-07544679dafd,aa616abe-1761-0c9a-e5e3-e6534716a43e,laboratory,4548-4,Hemoglobin A1c/Hemoglobin.total in Blood,5.4,%,numeric
2024-08-14T09:38:04Z,aa616abe-1761-0c9a-7959-07544679dafd,aa616abe-1761-0c9a-e5e3-e6534716a43e,vital-signs,8302-2,Body Height,164.6,cm,numeric
2024-08-14T09:38:04Z,aa616abe-1761-0c9a-7959-07544679dafd,aa616abe-1761-0c9a-e5e3-e6534716a43e,vital-signs,72514-3,Pain severity - 0-10 verbal numeric rating [Score] - Reported,2.0,{score},numeric
2024-08-14T09:38:04Z,aa616abe-1761-0c9a-7959-07544679dafd,aa616abe-1761-0c9a-e5e3-e6534716a43e,vital-signs,29463-7,Body Weight,75.2,kg,numeric
2024-08-14T09:38:04Z,aa616abe-1761-0c9a-7959-07544679dafd,aa616abe-1761-0c9a-e5e3-e6534716a43e,vital-signs,39156-5,Body mass index (BMI) [Ratio],27.8,kg/m2,numeric
2024-08-14T09:38:04Z,aa616abe-1761-0c9a-7959-07544679dafd,aa616abe-1761-0c9a-e5e3-e6534716a43e,vital-signs,8462-4,Diastolic Blood Pressure,72.0,mm[Hg],numeric
2024-08-14T09:38:04Z,aa616abe-1761-0c9a-7959-07544679dafd,aa616abe-1761-0c9a-e5e3-e6534716a43e,vital-signs,8480-6,Systolic Blood Pressure,96.0,mm[Hg],numeric
2024-08-14T09:38:04Z,aa616abe-1761-0c9a-7959-07544679dafd,aa616abe-1761-0c9a-e5e3-e6534716a43e,vital-signs,8867-4,Heart rate,67.0,/min,numeric
2024-08-14T09:38:04Z,aa616abe-1761-0c9a-7959-07544679dafd,aa616abe-1761-0c9a-e5e3-e6534716a43e,vital-signs,9279-1,Respiratory rate,12.0,/min,numeric
2024-08-14T09:38:04Z,aa616abe-1761-0c9a-7959-07544679dafd,aa616abe-1761-0c9a-e5e3-e6534716a43e,laboratory,2339-0,Glucose [Mass/volume] in Blood,94.4,mg/dL,numeric
2024-08-14T09:38:04Z,aa616abe-1761-0c9a-7959-07544679dafd,aa616abe-1761-0c9a-e5e3-e6534716a43e,laboratory,6299-2,Urea nitrogen [Mass/volume] in Blood,9.6,mg/dL,numeric
2024-08-14T09:38:04Z,aa616abe-1761-0c9a-7959-07544679dafd,aa616abe-1761-0c9a-e5e3-e6534716a43e,laboratory,38483-4,Creatinine [Mass/volume] in Blood,1.7,mg/dL,numeric
2024-08-14T09:38:04Z,aa616abe-1761-0c9a-7959-07544679dafd,aa616abe-1761-0c9a-e5e3-e6534716a43e,laboratory,49765-1,Calcium [Mass/volume] in Blood,9.0,mg/dL,numeric
2024-08-14T09:38:04Z,aa616abe-1761-0c9a-7959-07544679dafd,aa616abe-1761-0c9a-e5e3-e6534716a43e,laboratory,2947-0,Sodium [Moles/volume] in Blood,143.4,mmol/L,numeric
2024-08-14T09:38:04Z,aa616abe-1761-0c9a-7959-07544679dafd,aa616abe-1761-0c9a-e5e3-e6534716a43e,laboratory,6298-4,Potassium [Moles/volume] in Blood,4.7,mmol/L,numeric
2024-08-14T09:38:04Z,aa616abe-1761-0c9a-7959-07544679dafd,aa616abe-1761-0c9a-e5e3-e6534716a43e,laboratory,2069-3,Chloride [Moles/volume] in Blood,103.2,mmol/L,numeric
2024-08-14T09:38:04Z,aa616abe-1761-0c9a-7959-07544679dafd,aa616abe-1761-0c9a-e5e3-e6534716a43e,laboratory,20565-8,Carbon dioxide  total [Moles/volume] in Blood,22.4,mmol/L,numeric
2024-08-14T09:38:04Z,aa616abe-1761-0c9a-7959-07544679dafd,aa616abe-1761-0c9a-e5e3-e6534716a43e,laboratory,2093-3,Cholesterol [Mass/volume] in Serum or Plasma,180.5,mg/dL,numeric
2024-08-14T09:38:04Z,aa616abe-1761-0c9a-7959-07544679dafd,aa616abe-1761-0c9a-e5e3-e6534716a43e,laboratory,2571-8,Triglyceride [Mass/volume] in Serum or Plasma,105.5,mg/dL,numeric
2024-08-14T09:38:04Z,aa616abe-1761-0c9a-7959-07544679dafd,aa616abe-1761-0c9a-e5e3-e6534716a43e,laboratory,18262-6,Cholesterol in LDL [Mass/volume] in Serum or Plasma by Direct assay,103.0,mg/dL,numeric
2024-08-14T09:38:04Z,aa616abe-1761-0c9a-7959-07544679dafd,aa616abe-1761-0c9a-e5e3-e6534716a43e,laboratory,2085-9,Cholesterol in HDL [Mass/volume] in Serum or Plasma,56.4,mg/dL,numeric
2024-08-14T09:38:04Z,aa616abe-1761-0c9a-7959-07544679dafd,aa616abe-1761-0c9a-e5e3-e6534716a43e,laboratory,14959-1,Microalbumin/Creatinine [Mass Ratio] in Urine,23.7,mg/g,numeric
2024-08-14T09:38:04Z,aa616abe-1761-0c9a-7959-07544679dafd,aa616abe-1761-0c9a-e5e3-e6534716a43e,laboratory,33914-3,Glomerular filtration rate [Volume Rate/Area] in Serum or Plasma by Creatinine-based formula (MDRD)/1.73 sq M,33.7,mL/min/{1.73_m2},numeric
2024-08-14T09:38:04Z,aa616abe-1761-0c9a-7959-07544679dafd,aa616abe-1761-0c9a-e5e3-e6534716a43e,social-history,72166-2,Tobacco smoking status,Never smoked tobacco (finding),,text
2024-08-14T10:22:15Z,aa616abe-1761-0c9a-7959-07544679dafd,aa616abe-1761-0c9a-e5e3-e6534716a43e,survey,76501-6,Within the last year  have you been afraid of your partner or ex-partner,No,,text
2024-08-14T10:22:15Z,aa616abe-1761-0c9a-7959-07544679dafd,aa616abe-1761-0c9a-e5e3-e6534716a43e,survey,93026-3,Do you feel physically and emotionally safe where you currently live [PRAPARE],Yes,,text
2024-08-14T10:22:15Z,aa616abe-1761-0c9a-7959-07544679dafd,aa616abe-1761-0c9a-e5e3-e6534716a43e,survey,93027-1,Are you a refugee,No,,text
2024-08-14T10:22:15Z,aa616abe-1761-0c9a-7959-07544679dafd,aa616abe-1761-0c9a-e5e3-e6534716a43e,survey,93028-9,Have you spent more than 2 nights in a row in a jail  prison  detention center  or juvenile correctional facility in past 1 year [PRAPARE],Yes,,text
2024-08-14T10:22:15Z,aa616abe-1761-0c9a-7959-07544679dafd,aa616abe-1761-0c9a-e5e3-e6534716a43e,survey,93038-8,Stress level,Not at all,,text
2024-08-14T10:22:15Z,aa616abe-1761-0c9a-7959-07544679dafd,aa616abe-1761-0c9a-e5e3-e6534716a43e,survey,93029-7,How often do you see or talk to people that you care about and feel close to [PRAPARE],Less than once a week,,text
2024-08-14T10:22:15Z,aa616abe-1761-0c9a-7959-07544679dafd,aa616abe-1761-0c9a-e5e3-e6534716a43e,survey,93030-5,Has lack of transportation kept you from medical appointments  meetings  work  or from getting things needed for daily living,No,,text
2024-08-14T10:22:15Z,aa616abe-1761-0c9a-7959-07544679dafd,aa616abe-1761-0c9a-e5e3-e6534716a43e,survey,93031-3,Have you or any family members you live with been unable to get any of the following when it was really needed in past 1 year [PRAPARE],I choose not to answer this question,,text
2024-08-14T10:22:15Z,aa616abe-1761-0c9a-7959-07544679dafd,aa616abe-1761-0c9a-e5e3-e6534716a43e,survey,63586-2,What was your best estimate of the total income of all family members from all sources  before taxes  in last year [PhenX],15504,/a,text
2024-08-14T10:22:15Z,aa616abe-1761-0c9a-7959-07544679dafd,aa616abe-1761-0c9a-e5e3-e6534716a43e,survey,76437-3,Primary insurance,Medicaid,,text
2024-08-14T10:22:15Z,aa616abe-1761-0c9a-7959-07544679dafd,aa616abe-1761-0c9a-e5e3-e6534716a43e,survey,67875-5,Employment status - current,Part-time or temporary work,,text
2024-08-14T10:22:15Z,aa616abe-1761-0c9a-7959-07544679dafd,aa616abe-1761-0c9a-e5e3-e6534716a43e,survey,82589-3,Highest level of education,High school diploma or GED,,text
2024-08-14T10:22:15Z,aa616abe-1761-0c9a-7959-07544679dafd,aa616abe-1761-0c9a-e5e3-e6534716a43e,survey,56799-0,Address,997 Grant Row Unit 85,,text
2024-08-14T10:22:15Z,aa616abe-1761-0c9a-7959-07544679dafd,aa616abe-1761-0c9a-e5e3-e6534716a43e,survey,93033-9,Are you worried about losing your housing [PRAPARE],No,,text
2024-08-14T10:22:15Z,aa616abe-1761-0c9a-7959-07544679dafd,aa616abe-1761-0c9a-e5e3-e6534716a43e,survey,71802-3,Housing status,I have housing,,text
2024-08-14T10:22:15Z,aa616abe-1761-0c9a-7959-07544679dafd,aa616abe-1761-0c9a-e5e3-e6534716a43e,survey,63512-8,How many people are living or staying at this address [#],6.0,{#},numeric
2024-08-14T10:22:15Z,aa616abe-1761-0c9a-7959-07544679dafd,aa616abe-1761-0c9a-e5e3-e6534716a43e,survey,54899-0,Preferred language,English,,text
2024-08-14T10:22:15Z,aa616abe-1761-0c9a-7959-07544679dafd,aa616abe-1761-0c9a-e5e3-e6534716a43e,survey,93034-7,Discharged from the U.S. Armed Forces,No,,text
2024-08-14T10:22:15Z,aa616abe-1761-0c9a-7959-07544679dafd,aa616abe-1761-0c9a-e5e3-e6534716a43e,survey,93035-4,Has season or migrant farm work been your or your family's main source of income at any point in past 2 years [PRAPARE],No,,text
2024-08-14T10:22:15Z,aa616abe-1761-0c9a-7959-07544679dafd,aa616abe-1761-0c9a-e5e3-e6534716a43e,survey,32624-9,Race,White,,text
2024-08-14T10:22:15Z,aa616abe-1761-0c9a-7959-07544679dafd,aa616abe-1761-0c9a-e5e3-e6534716a43e,survey,56051-6,Hispanic or Latino,No,,text
2024-08-14T10:42:04Z,aa616abe-1761-0c9a-7959-07544679dafd,aa616abe-1761-0c9a-e5e3-e6534716a43e,survey,70274-6,Generalized anxiety disorder 7 item (GAD-7) total score [Reported.PHQ],3.0,{score},numeric
2024-08-14T11:08:29Z,aa616abe-1761-0c9a-7959-07544679dafd,aa616abe-1761-0c9a-e5e3-e6534716a43e,survey,59460-6,Fall risk total [Morse Fall Scale],2.0,{#},numeric
2024-08-14T11:08:29Z,aa616abe-1761-0c9a-7959-07544679dafd,aa616abe-1761-0c9a-e5e3-e6534716a43e,survey,59461-4,Fall risk level [Morse Fall Scale],Low Risk (MFS Score 0 - 24),,text
2024-08-14T11:47:09Z,aa616abe-1761-0c9a-7959-07544679dafd,aa616abe-1761-0c9a-e5e3-e6534716a43e,survey,55758-7,Patient Health Questionnaire 2 item (PHQ-2) total score [Reported],6.0,{score},numeric
2024-08-14T12:07:36Z,aa616abe-1761-0c9a-7959-07544679dafd,aa616abe-1761-0c9a-e5e3-e6534716a43e,survey,44261-6,Patient Health Questionnaire 9 item (PHQ-9) total score [Reported],23.0,{score},numeric
2024-08-14T12:46:38Z,aa616abe-1761-0c9a-7959-07544679dafd,aa616abe-1761-0c9a-e5e3-e6534716a43e,survey,82667-7,Total score [DAST-10],0.0,{score},numeric
2024-08-21T09:38:04Z,aa616abe-1761-0c9a-7959-07544679dafd,aa616abe-1761-0c9a-d45d-e27640fc842e,laboratory,2345-7,Glucose [Mass/volume] in Serum or Plasma,82.0,mg/dL,numeric
2024-08-21T09:38:04Z,aa616abe-1761-0c9a-7959-07544679dafd,aa616abe-1761-0c9a-d45d-e27640fc842e,laboratory,3094-0,Urea nitrogen [Mass/volume] in Serum or Plasma,11.1,mg/dL,numeric
2024-08-21T09:38:04Z,aa616abe-1761-0c9a-7959-07544679dafd,aa616abe-1761-0c9a-d45d-e27640fc842e,laboratory,2160-0,Creatinine [Mass/volume] in Serum or Plasma,1.8,mg/dL,numeric
2024-08-21T09:38:04Z,aa616abe-1761-0c9a-7959-07544679dafd,aa616abe-1761-0c9a-d45d-e27640fc842e,laboratory,17861-6,Calcium [Mass/volume] in Serum or Plasma,9.2,mg/dL,numeric
2024-08-21T09:38:04Z,aa616abe-1761-0c9a-7959-07544679dafd,aa616abe-1761-0c9a-d45d-e27640fc842e,laboratory,2951-2,Sodium [Moles/volume] in Serum or Plasma,142.9,mmol/L,numeric
2024-08-21T09:38:04Z,aa616abe-1761-0c9a-7959-07544679dafd,aa616abe-1761-0c9a-d45d-e27640fc842e,laboratory,2823-3,Potassium [Moles/volume] in Serum or Plasma,3.7,mmol/L,numeric
2024-08-21T09:38:04Z,aa616abe-1761-0c9a-7959-07544679dafd,aa616abe-1761-0c9a-d45d-e27640fc842e,laboratory,2075-0,Chloride [Moles/volume] in Serum or Plasma,110.6,mmol/L,numeric
2024-08-21T09:38:04Z,aa616abe-1761-0c9a-7959-07544679dafd,aa616abe-1761-0c9a-d45d-e27640fc842e,laboratory,2028-9,Carbon dioxide  total [Moles/volume] in Serum or Plasma,21.2,mmol/L,numeric
2024-08-21T09:38:04Z,aa616abe-1761-0c9a-7959-07544679dafd,aa616abe-1761-0c9a-d45d-e27640fc842e,laboratory,33914-3,Glomerular filtration rate [Volume Rate/Area] in Serum or Plasma by Creatinine-based formula (MDRD)/1.73 sq M,78.9,mL/min/{1.73_m2},numeric
2024-08-21T09:38:04Z,aa616abe-1761-0c9a-7959-07544679dafd,aa616abe-1761-0c9a-d45d-e27640fc842e,laboratory,5767-9,Appearance of Urine,Cloudy urine (finding),{nominal},text
2024-08-21T09:38:04Z,aa616abe-1761-0c9a-7959-07544679dafd,aa616abe-1761-0c9a-d45d-e27640fc842e,laboratory,34533-0,Odor of Urine,Urine smell ammoniacal (finding),{nominal},text
2024-08-21T09:38:04Z,aa616abe-1761-0c9a-7959-07544679dafd,aa616abe-1761-0c9a-d45d-e27640fc842e,laboratory,32167-9,Clarity of Urine,Translucent (qualifier value),{nominal},text
2024-08-21T09:38:04Z,aa616abe-1761-0c9a-7959-07544679dafd,aa616abe-1761-0c9a-d45d-e27640fc842e,laboratory,5778-6,Color of Urine,Brown color (qualifier value),{nominal},text
2024-08-21T09:38:04Z,aa616abe-1761-0c9a-7959-07544679dafd,aa616abe-1761-0c9a-d45d-e27640fc842e,laboratory,5792-7,Glucose [Mass/volume] in Urine by Test strip,0.6,mg/dL,numeric
2024-08-21T09:38:04Z,aa616abe-1761-0c9a-7959-07544679dafd,aa616abe-1761-0c9a-d45d-e27640fc842e,laboratory,25428-4,Glucose [Presence] in Urine by Test strip,Urine glucose test = ++ (finding),{nominal},text
2024-08-21T09:38:04Z,aa616abe-1761-0c9a-7959-07544679dafd,aa616abe-1761-0c9a-d45d-e27640fc842e,laboratory,20505-4,Bilirubin.total [Mass/volume] in Urine by Test strip,1.4,mg/dL,numeric
2024-08-21T09:38:04Z,aa616abe-1761-0c9a-7959-07544679dafd,aa616abe-1761-0c9a-d45d-e27640fc842e,laboratory,5770-3,Bilirubin.total [Presence] in Urine by Test strip,Finding of bilirubin in urine (finding),{nominal},text
2024-08-21T09:38:04Z,aa616abe-1761-0c9a-7959-07544679dafd,aa616abe-1761-0c9a-d45d-e27640fc842e,laboratory,5797-6,Ketones [Mass/volume] in Urine by Test strip,3.7,mg/dL,numeric
2024-08-21T09:38:04Z,aa616abe-1761-0c9a-7959-07544679dafd,aa616abe-1761-0c9a-d45d-e27640fc842e,laboratory,2514-8,Ketones [Presence] in Urine by Test strip,Urine ketone test = + (finding),{nominal},text
2024-08-21T09:38:04Z,aa616abe-1761-0c9a-7959-07544679dafd,aa616abe-1761-0c9a-d45d-e27640fc842e,laboratory,5811-5,Specific gravity of Urine by Test strip,1.0,{nominal},numeric
2024-08-21T09:38:04Z,aa616abe-1761-0c9a-7959-07544679dafd,aa616abe-1761-0c9a-d45d-e27640fc842e,laboratory,5803-2,pH of Urine by Test strip,5.2,pH,numeric
2024-08-21T09:38:04Z,aa616abe-1761-0c9a-7959-07544679dafd,aa616abe-1761-0c9a-d45d-e27640fc842e,laboratory,5804-0,Protein [Mass/volume] in Urine by Test strip,167.6,mg/dL,numeric
2024-08-21T09:38:04Z,aa616abe-1761-0c9a-7959-07544679dafd,aa616abe-1761-0c9a-d45d-e27640fc842e,laboratory,20454-5,Protein [Presence] in Urine by Test strip,Urine protein test = ++ (finding),{nominal},text
2024-08-21T09:38:04Z,aa616abe-1761-0c9a-7959-07544679dafd,aa616abe-1761-0c9a-d45d-e27640fc842e,laboratory,5802-4,Nitrite [Presence] in Urine by Test strip,Nitrite not detected in urine (finding),{nominal},text
2024-08-21T09:38:04Z,aa616abe-1761-0c9a-7959-07544679dafd,aa616abe-1761-0c9a-d45d-e27640fc842e,laboratory,5794-3,Hemoglobin [Presence] in Urine by Test strip,Blood not detected in urine (finding),{nominal},text
2024-08-21T09:38:04Z,aa616abe-1761-0c9a-7959-07544679dafd,aa616abe-1761-0c9a-d45d-e27640fc842e,laboratory,5799-2,Leukocyte esterase [Presence] in Urine by Test strip,Urine leukocytes not detected (finding),{nominal},text
2024-08-21T09:38:04Z,aa616abe-1761-0c9a-7959-07544679dafd,aa616abe-1761-0c9a-d45d-e27640fc842e,laboratory,4548-4,Hemoglobin A1c/Hemoglobin.total in Blood,5.4,%,numeric
2024-08-28T09:38:04Z,aa616abe-1761-0c9a-7959-07544679dafd,aa616abe-1761-0c9a-150f-5f5a0d7846e6,laboratory,2345-7,Glucose [Mass/volume] in Serum or Plasma,98.6,mg/dL,numeric
2024-08-28T09:38:04Z,aa616abe-1761-0c9a-7959-07544679dafd,aa616abe-1761-0c9a-150f-5f5a0d7846e6,laboratory,3094-0,Urea nitrogen [Mass/volume] in Serum or Plasma,14.2,mg/dL,numeric
2024-08-28T09:38:04Z,aa616abe-1761-0c9a-7959-07544679dafd,aa616abe-1761-0c9a-150f-5f5a0d7846e6,laboratory,2160-0,Creatinine [Mass/volume] in Serum or Plasma,2.0,mg/dL,numeric
2024-08-28T09:38:04Z,aa616abe-1761-0c9a-7959-07544679dafd,aa616abe-1761-0c9a-150f-5f5a0d7846e6,laboratory,17861-6,Calcium [Mass/volume] in Serum or Plasma,9.6,mg/dL,numeric
2024-08-28T09:38:04Z,aa616abe-1761-0c9a-7959-07544679dafd,aa616abe-1761-0c9a-150f-5f5a0d7846e6,laboratory,2951-2,Sodium [Moles/volume] in Serum or Plasma,140.5,mmol/L,numeric
2024-08-28T09:38:04Z,aa616abe-1761-0c9a-7959-07544679dafd,aa616abe-1761-0c9a-150f-5f5a0d7846e6,laboratory,2823-3,Potassium [Moles/volume] in Serum or Plasma,4.6,mmol/L,numeric
2024-08-28T09:38:04Z,aa616abe-1761-0c9a-7959-07544679dafd,aa616abe-1761-0c9a-150f-5f5a0d7846e6,laboratory,2075-0,Chloride [Moles/volume] in Serum or Plasma,102.1,mmol/L,numeric
2024-08-28T09:38:04Z,aa616abe-1761-0c9a-7959-07544679dafd,aa616abe-1761-0c9a-150f-5f5a0d7846e6,laboratory,2028-9,Carbon dioxide  total [Moles/volume] in Serum or Plasma,23.7,mmol/L,numeric
2024-08-28T09:38:04Z,aa616abe-1761-0c9a-7959-07544679dafd,aa616abe-1761-0c9a-150f-5f5a0d7846e6,laboratory,33914-3,Glomerular filtration rate [Volume Rate/Area] in Serum or Plasma by Creatinine-based formula (MDRD)/1.73 sq M,85.7,mL/min/{1.73_m2},numeric
2024-08-28T09:38:04Z,aa616abe-1761-0c9a-7959-07544679dafd,aa616abe-1761-0c9a-150f-5f5a0d7846e6,laboratory,5767-9,Appearance of Urine,Cloudy urine (finding),{nominal},text
2024-08-28T09:38:04Z,aa616abe-1761-0c9a-7959-07544679dafd,aa616abe-1761-0c9a-150f-5f5a0d7846e6,laboratory,34533-0,Odor of Urine,Urine smell ammoniacal (finding),{nominal},text
2024-08-28T09:38:04Z,aa616abe-1761-0c9a-7959-07544679dafd,aa616abe-1761-0c9a-150f-5f5a0d7846e6,laboratory,32167-9,Clarity of Urine,Translucent (qualifier value),{nominal},text
2024-08-28T09:38:04Z,aa616abe-1761-0c9a-7959-07544679dafd,aa616abe-1761-0c9a-150f-5f5a0d7846e6,laboratory,5778-6,Color of Urine,Brown color (qualifier value),{nominal},text
2024-08-28T09:38:04Z,aa616abe-1761-0c9a-7959-07544679dafd,aa616abe-1761-0c9a-150f-5f5a0d7846e6,laboratory,5792-7,Glucose [Mass/volume] in Urine by Test strip,1.0,mg/dL,numeric
2024-08-28T09:38:04Z,aa616abe-1761-0c9a-7959-07544679dafd,aa616abe-1761-0c9a-150f-5f5a0d7846e6,laboratory,25428-4,Glucose [Presence] in Urine by Test strip,Urine glucose test = ++ (finding),{nominal},text
2024-08-28T09:38:04Z,aa616abe-1761-0c9a-7959-07544679dafd,aa616abe-1761-0c9a-150f-5f5a0d7846e6,laboratory,20505-4,Bilirubin.total [Mass/volume] in Urine by Test strip,0.3,mg/dL,numeric
2024-08-28T09:38:04Z,aa616abe-1761-0c9a-7959-07544679dafd,aa616abe-1761-0c9a-150f-5f5a0d7846e6,laboratory,5770-3,Bilirubin.total [Presence] in Urine by Test strip,Finding of bilirubin in urine (finding),{nominal},text
2024-08-28T09:38:04Z,aa616abe-1761-0c9a-7959-07544679dafd,aa616abe-1761-0c9a-150f-5f5a0d7846e6,laboratory,5797-6,Ketones [Mass/volume] in Urine by Test strip,0.6,mg/dL,numeric
2024-08-28T09:38:04Z,aa616abe-1761-0c9a-7959-07544679dafd,aa616abe-1761-0c9a-150f-5f5a0d7846e6,laboratory,2514-8,Ketones [Presence] in Urine by Test strip,Urine ketone test = + (finding),{nominal},text
2024-08-28T09:38:04Z,aa616abe-1761-0c9a-7959-07544679dafd,aa616abe-1761-0c9a-150f-5f5a0d7846e6,laboratory,5811-5,Specific gravity of Urine by Test strip,1.0,{nominal},numeric
2024-08-28T09:38:04Z,aa616abe-1761-0c9a-7959-07544679dafd,aa616abe-1761-0c9a-150f-5f5a0d7846e6,laboratory,5803-2,pH of Urine by Test strip,6.1,pH,numeric
2024-08-28T09:38:04Z,aa616abe-1761-0c9a-7959-07544679dafd,aa616abe-1761-0c9a-150f-5f5a0d7846e6,laboratory,5804-0,Protein [Mass/volume] in Urine by Test strip,237.6,mg/dL,numeric
2024-08-28T09:38:04Z,aa616abe-1761-0c9a-7959-07544679dafd,aa616abe-1761-0c9a-150f-5f5a0d7846e6,laboratory,20454-5,Protein [Presence] in Urine by Test strip,Urine protein test = ++ (finding),{nominal},text
2024-08-28T09:38:04Z,aa616abe-1761-0c9a-7959-07544679dafd,aa616abe-1761-0c9a-150f-5f5a0d7846e6,laboratory,5802-4,Nitrite [Presence] in Urine by Test strip,Nitrite not detected in urine (finding),{nominal},text
2024-08-28T09:38:04Z,aa616abe-1761-0c9a-7959-07544679dafd,aa616abe-1761-0c9a-150f-5f5a0d7846e6,laboratory,5794-3,Hemoglobin [Presence] in Urine by Test strip,Blood not detected in urine (finding),{nominal},text
2024-08-28T09:38:04Z,aa616abe-1761-0c9a-7959-07544679dafd,aa616abe-1761-0c9a-150f-5f5a0d7846e6,laboratory,5799-2,Leukocyte esterase [Presence] in Urine by Test strip,Urine leukocytes not detected (finding),{nominal},text
2024-08-28T09:38:04Z,aa616abe-1761-0c9a-7959-07544679dafd,aa616abe-1761-0c9a-150f-5f5a0d7846e6,laboratory,4548-4,Hemoglobin A1c/Hemoglobin.total in Blood,5.4,%,numeric
2024-08-28T09:38:04Z,aa616abe-1761-0c9a-7959-07544679dafd,aa616abe-1761-0c9a-150f-5f5a0d7846e6,vital-signs,8302-2,Body Height,164.6,cm,numeric
2024-08-28T09:38:04Z,aa616abe-1761-0c9a-7959-07544679dafd,aa616abe-1761-0c9a-150f-5f5a0d7846e6,vital-signs,72514-3,Pain severity - 0-10 verbal numeric rating [Score] - Reported,4.0,{score},numeric
2024-08-28T09:38:04Z,aa616abe-1761-0c9a-7959-07544679dafd,aa616abe-1761-0c9a-150f-5f5a0d7846e6,vital-signs,29463-7,Body Weight,75.2,kg,numeric
2024-08-28T09:38:04Z,aa616abe-1761-0c9a-7959-07544679dafd,aa616abe-1761-0c9a-150f-5f5a0d7846e6,vital-signs,39156-5,Body mass index (BMI) [Ratio],27.8,kg/m2,numeric
2024-08-28T09:38:04Z,aa616abe-1761-0c9a-7959-07544679dafd,aa616abe-1761-0c9a-150f-5f5a0d7846e6,vital-signs,8462-4,Diastolic Blood Pressure,71.0,mm[Hg],numeric
2024-08-28T09:38:04Z,aa616abe-1761-0c9a-7959-07544679dafd,aa616abe-1761-0c9a-150f-5f5a0d7846e6,vital-signs,8480-6,Systolic Blood Pressure,95.0,mm[Hg],numeric
2024-08-28T09:38:04Z,aa616abe-1761-0c9a-7959-07544679dafd,aa616abe-1761-0c9a-150f-5f5a0d7846e6,vital-signs,8867-4,Heart rate,92.0,/min,numeric
2024-08-28T09:38:04Z,aa616abe-1761-0c9a-7959-07544679dafd,aa616abe-1761-0c9a-150f-5f5a0d7846e6,vital-signs,9279-1,Respiratory rate,13.0,/min,numeric
2024-08-28T09:38:04Z,aa616abe-1761-0c9a-7959-07544679dafd,aa616abe-1761-0c9a-150f-5f5a0d7846e6,laboratory,2339-0,Glucose [Mass/volume] in Blood,98.6,mg/dL,numeric
2024-08-28T09:38:04Z,aa616abe-1761-0c9a-7959-07544679dafd,aa616abe-1761-0c9a-150f-5f5a0d7846e6,laboratory,6299-2,Urea nitrogen [Mass/volume] in Blood,14.2,mg/dL,numeric
2024-08-28T09:38:04Z,aa616abe-1761-0c9a-7959-07544679dafd,aa616abe-1761-0c9a-150f-5f5a0d7846e6,laboratory,38483-4,Creatinine [Mass/volume] in Blood,1.0,mg/dL,numeric
2024-08-28T09:38:04Z,aa616abe-1761-0c9a-7959-07544679dafd,aa616abe-1761-0c9a-150f-5f5a0d7846e6,laboratory,49765-1,Calcium [Mass/volume] in Blood,9.6,mg/dL,numeric
2024-08-28T09:38:04Z,aa616abe-1761-0c9a-7959-07544679dafd,aa616abe-1761-0c9a-150f-5f5a0d7846e6,laboratory,2947-0,Sodium [Moles/volume] in Blood,140.5,mmol/L,numeric
2024-08-28T09:38:04Z,aa616abe-1761-0c9a-7959-07544679dafd,aa616abe-1761-0c9a-150f-5f5a0d7846e6,laboratory,6298-4,Potassium [Moles/volume] in Blood,4.6,mmol/L,numeric
2024-08-28T09:38:04Z,aa616abe-1761-0c9a-7959-07544679dafd,aa616abe-1761-0c9a-150f-5f5a0d7846e6,laboratory,2069-3,Chloride [Moles/volume] in Blood,102.1,mmol/L,numeric
2024-08-28T09:38:04Z,aa616abe-1761-0c9a-7959-07544679dafd,aa616abe-1761-0c9a-150f-5f5a0d7846e6,laboratory,20565-8,Carbon dioxide  total [Moles/volume] in Blood,23.7,mmol/L,numeric
2024-08-28T09:38:04Z,aa616abe-1761-0c9a-7959-07544679dafd,aa616abe-1761-0c9a-150f-5f5a0d7846e6,laboratory,2093-3,Cholesterol [Mass/volume] in Serum or Plasma,166.4,mg/dL,numeric
2024-08-28T09:38:04Z,aa616abe-1761-0c9a-7959-07544679dafd,aa616abe-1761-0c9a-150f-5f5a0d7846e6,laboratory,2571-8,Triglyceride [Mass/volume] in Serum or Plasma,143.4,mg/dL,numeric
2024-08-28T09:38:04Z,aa616abe-1761-0c9a-7959-07544679dafd,aa616abe-1761-0c9a-150f-5f5a0d7846e6,laboratory,18262-6,Cholesterol in LDL [Mass/volume] in Serum or Plasma by Direct assay,85.5,mg/dL,numeric
2024-08-28T09:38:04Z,aa616abe-1761-0c9a-7959-07544679dafd,aa616abe-1761-0c9a-150f-5f5a0d7846e6,laboratory,2085-9,Cholesterol in HDL [Mass/volume] in Serum or Plasma,52.2,mg/dL,numeric
2024-08-28T09:38:04Z,aa616abe-1761-0c9a-7959-07544679dafd,aa616abe-1761-0c9a-150f-5f5a0d7846e6,laboratory,14959-1,Microalbumin/Creatinine [Mass Ratio] in Urine,24.9,mg/g,numeric
2024-08-28T09:38:04Z,aa616abe-1761-0c9a-7959-07544679dafd,aa616abe-1761-0c9a-150f-5f5a0d7846e6,laboratory,33914-3,Glomerular filtration rate [Volume Rate/Area] in Serum or Plasma by Creatinine-based formula (MDRD)/1.73 sq M,56.4,mL/min/{1.73_m2},numeric
2024-08-28T09:38:04Z,aa616abe-1761-0c9a-7959-07544679dafd,aa616abe-1761-0c9a-150f-5f5a0d7846e6,social-history,72166-2,Tobacco smoking status,Never smoked tobacco (finding),,text
2024-08-28T10:35:14Z,aa616abe-1761-0c9a-7959-07544679dafd,aa616abe-1761-0c9a-150f-5f5a0d7846e6,survey,76501-6,Within the last year  have you been afraid of your partner or ex-partner,Yes,,text
2024-08-28T10:35:14Z,aa616abe-1761-0c9a-7959-07544679dafd,aa616abe-1761-0c9a-150f-5f5a0d7846e6,survey,93026-3,Do you feel physically and emotionally safe where you currently live [PRAPARE],Yes,,text
2024-08-28T10:35:14Z,aa616abe-1761-0c9a-7959-07544679dafd,aa616abe-1761-0c9a-150f-5f5a0d7846e6,survey,93027-1,Are you a refugee,No,,text
2024-08-28T10:35:14Z,aa616abe-1761-0c9a-7959-07544679dafd,aa616abe-1761-0c9a-150f-5f5a0d7846e6,survey,93028-9,Have you spent more than 2 nights in a row in a jail  prison  detention center  or juvenile correctional facility in past 1 year [PRAPARE],Yes,,text
2024-08-28T10:35:14Z,aa616abe-1761-0c9a-7959-07544679dafd,aa616abe-1761-0c9a-150f-5f5a0d7846e6,survey,93038-8,Stress level,Very much,,text
2024-08-28T10:35:14Z,aa616abe-1761-0c9a-7959-07544679dafd,aa616abe-1761-0c9a-150f-5f5a0d7846e6,survey,93029-7,How often do you see or talk to people that you care about and feel close to [PRAPARE],3 to 5 times a week,,text
2024-08-28T10:35:14Z,aa616abe-1761-0c9a-7959-07544679dafd,aa616abe-1761-0c9a-150f-5f5a0d7846e6,survey,93030-5,Has lack of transportation kept you from medical appointments  meetings  work  or from getting things needed for daily living,No,,text
2024-08-28T10:35:14Z,aa616abe-1761-0c9a-7959-07544679dafd,aa616abe-1761-0c9a-150f-5f5a0d7846e6,survey,93031-3,Have you or any family members you live with been unable to get any of the following when it was really needed in past 1 year [PRAPARE],Other,,text
2024-08-28T10:35:14Z,aa616abe-1761-0c9a-7959-07544679dafd,aa616abe-1761-0c9a-150f-5f5a0d7846e6,survey,63586-2,What was your best estimate of the total income of all family members from all sources  before taxes  in last year [PhenX],15504,/a,text
2024-08-28T10:35:14Z,aa616abe-1761-0c9a-7959-07544679dafd,aa616abe-1761-0c9a-150f-5f5a0d7846e6,survey,76437-3,Primary insurance,Medicaid,,text
2024-08-28T10:35:14Z,aa616abe-1761-0c9a-7959-07544679dafd,aa616abe-1761-0c9a-150f-5f5a0d7846e6,survey,67875-5,Employment status - current,Full-time work,,text
2024-08-28T10:35:14Z,aa616abe-1761-0c9a-7959-07544679dafd,aa616abe-1761-0c9a-150f-5f5a0d7846e6,survey,82589-3,Highest level of education,High school diploma or GED,,text
2024-08-28T10:35:14Z,aa616abe-1761-0c9a-7959-07544679dafd,aa616abe-1761-0c9a-150f-5f5a0d7846e6,survey,56799-0,Address,997 Grant Row Unit 85,,text
2024-08-28T10:35:14Z,aa616abe-1761-0c9a-7959-07544679dafd,aa616abe-1761-0c9a-150f-5f5a0d7846e6,survey,93033-9,Are you worried about losing your housing [PRAPARE],No,,text
2024-08-28T10:35:14Z,aa616abe-1761-0c9a-7959-07544679dafd,aa616abe-1761-0c9a-150f-5f5a0d7846e6,survey,71802-3,Housing status,I have housing,,text
2024-08-28T10:35:14Z,aa616abe-1761-0c9a-7959-07544679dafd,aa616abe-1761-0c9a-150f-5f5a0d7846e6,survey,63512-8,How many people are living or staying at this address [#],6.0,{#},numeric
2024-08-28T10:35:14Z,aa616abe-1761-0c9a-7959-07544679dafd,aa616abe-1761-0c9a-150f-5f5a0d7846e6,survey,54899-0,Preferred language,English,,text
2024-08-28T10:35:14Z,aa616abe-1761-0c9a-7959-07544679dafd,aa616abe-1761-0c9a-150f-5f5a0d7846e6,survey,93034-7,Discharged from the U.S. Armed Forces,No,,text
2024-08-28T10:35:14Z,aa616abe-1761-0c9a-7959-07544679dafd,aa616abe-1761-0c9a-150f-5f5a0d7846e6,survey,93035-4,Has season or migrant farm work been your or your family's main source of income at any point in past 2 years [PRAPARE],No,,text
2024-08-28T10:35:14Z,aa616abe-1761-0c9a-7959-07544679dafd,aa616abe-1761-0c9a-150f-5f5a0d7846e6,survey,32624-9,Race,White,,text
2024-08-28T10:35:14Z,aa616abe-1761-0c9a-7959-07544679dafd,aa616abe-1761-0c9a-150f-5f5a0d7846e6,survey,56051-6,Hispanic or Latino,No,,text
2024-08-28T11:08:51Z,aa616abe-1761-0c9a-7959-07544679dafd,aa616abe-1761-0c9a-150f-5f5a0d7846e6,survey,55758-7,Patient Health Questionnaire 2 item (PHQ-2) total score [Reported],0.0,{score},numeric
2024-08-28T11:43:42Z,aa616abe-1761-0c9a-7959-07544679dafd,aa616abe-1761-0c9a-150f-5f5a0d7846e6,survey,82667-7,Total score [DAST-10],1.0,{score},numeric
2024-09-04T09:38:04Z,aa616abe-1761-0c9a-7959-07544679dafd,aa616abe-1761-0c9a-0c2a-99fcc7c8673c,laboratory,2345-7,Glucose [Mass/volume] in Serum or Plasma,91.8,mg/dL,numeric
2024-09-04T09:38:04Z,aa616abe-1761-0c9a-7959-07544679dafd,aa616abe-1761-0c9a-0c2a-99fcc7c8673c,laboratory,3094-0,Urea nitrogen [Mass/volume] in Serum or Plasma,12.8,mg/dL,numeric
2024-09-04T09:38:04Z,aa616abe-1761-0c9a-7959-07544679dafd,aa616abe-1761-0c9a-0c2a-99fcc7c8673c,laboratory,2160-0,Creatinine [Mass/volume] in Serum or Plasma,2.1,mg/dL,numeric
2024-09-04T09:38:04Z,aa616abe-1761-0c9a-7959-07544679dafd,aa616abe-1761-0c9a-0c2a-99fcc7c8673c,laboratory,17861-6,Calcium [Mass/volume] in Serum or Plasma,9.1,mg/dL,numeric
2024-09-04T09:38:04Z,aa616abe-1761-0c9a-7959-07544679dafd,aa616abe-1761-0c9a-0c2a-99fcc7c8673c,laboratory,2951-2,Sodium [Moles/volume] in Serum or Plasma,140.7,mmol/L,numeric
2024-09-04T09:38:04Z,aa616abe-1761-0c9a-7959-07544679dafd,aa616abe-1761-0c9a-0c2a-99fcc7c8673c,laboratory,2823-3,Potassium [Moles/volume] in Serum or Plasma,3.9,mmol/L,numeric
2024-09-04T09:38:04Z,aa616abe-1761-0c9a-7959-07544679dafd,aa616abe-1761-0c9a-0c2a-99fcc7c8673c,laboratory,2075-0,Chloride [Moles/volume] in Serum or Plasma,106.8,mmol/L,numeric
2024-09-04T09:38:04Z,aa616abe-1761-0c9a-7959-07544679dafd,aa616abe-1761-0c9a-0c2a-99fcc7c8673c,laboratory,2028-9,Carbon dioxide  total [Moles/volume] in Serum or Plasma,24.4,mmol/L,numeric
2024-09-04T09:38:04Z,aa616abe-1761-0c9a-7959-07544679dafd,aa616abe-1761-0c9a-0c2a-99fcc7c8673c,laboratory,33914-3,Glomerular filtration rate [Volume Rate/Area] in Serum or Plasma by Creatinine-based formula (MDRD)/1.73 sq M,70.0,mL/min/{1.73_m2},numeric
2024-09-04T09:38:04Z,aa616abe-1761-0c9a-7959-07544679dafd,aa616abe-1761-0c9a-0c2a-99fcc7c8673c,laboratory,5767-9,Appearance of Urine,Cloudy urine (finding),{nominal},text
2024-09-04T09:38:04Z,aa616abe-1761-0c9a-7959-07544679dafd,aa616abe-1761-0c9a-0c2a-99fcc7c8673c,laboratory,34533-0,Odor of Urine,Urine smell ammoniacal (finding),{nominal},text
2024-09-04T09:38:04Z,aa616abe-1761-0c9a-7959-07544679dafd,aa616abe-1761-0c9a-0c2a-99fcc7c8673c,laboratory,32167-9,Clarity of Urine,Translucent (qualifier value),{nominal},text
2024-09-04T09:38:04Z,aa616abe-1761-0c9a-7959-07544679dafd,aa616abe-1761-0c9a-0c2a-99fcc7c8673c,laboratory,5778-6,Color of Urine,Brown color (qualifier value),{nominal},text
2024-09-04T09:38:04Z,aa616abe-1761-0c9a-7959-07544679dafd,aa616abe-1761-0c9a-0c2a-99fcc7c8673c,laboratory,5792-7,Glucose [Mass/volume] in Urine by Test strip,1.3,mg/dL,numeric
2024-09-04T09:38:04Z,aa616abe-1761-0c9a-7959-07544679dafd,aa616abe-1761-0c9a-0c2a-99fcc7c8673c,laboratory,25428-4,Glucose [Presence] in Urine by Test strip,Urine glucose test = ++ (finding),{nominal},text
2024-09-04T09:38:04Z,aa616abe-1761-0c9a-7959-07544679dafd,aa616abe-1761-0c9a-0c2a-99fcc7c8673c,laboratory,20505-4,Bilirubin.total [Mass/volume] in Urine by Test strip,1.2,mg/dL,numeric
2024-09-04T09:38:04Z,aa616abe-1761-0c9a-7959-07544679dafd,aa616abe-1761-0c9a-0c2a-99fcc7c8673c,laboratory,5770-3,Bilirubin.total [Presence] in Urine by Test strip,Finding of bilirubin in urine (finding),{nominal},text
2024-09-04T09:38:04Z,aa616abe-1761-0c9a-7959-07544679dafd,aa616abe-1761-0c9a-0c2a-99fcc7c8673c,laboratory,5797-6,Ketones [Mass/volume] in Urine by Test strip,1.0,mg/dL,numeric
2024-09-04T09:38:04Z,aa616abe-1761-0c9a-7959-07544679dafd,aa616abe-1761-0c9a-0c2a-99fcc7c8673c,laboratory,2514-8,Ketones [Presence] in Urine by Test strip,Urine ketone test = + (finding),{nominal},text
2024-09-04T09:38:04Z,aa616abe-1761-0c9a-7959-07544679dafd,aa616abe-1761-0c9a-0c2a-99fcc7c8673c,laboratory,5811-5,Specific gravity of Urine by Test strip,1.0,{nominal},numeric
2024-09-04T09:38:04Z,aa616abe-1761-0c9a-7959-07544679dafd,aa616abe-1761-0c9a-0c2a-99fcc7c8673c,laboratory,5803-2,pH of Urine by Test strip,5.5,pH,numeric
2024-09-04T09:38:04Z,aa616abe-1761-0c9a-7959-07544679dafd,aa616abe-1761-0c9a-0c2a-99fcc7c8673c,laboratory,5804-0,Protein [Mass/volume] in Urine by Test strip,261.1,mg/dL,numeric
2024-09-04T09:38:04Z,aa616abe-1761-0c9a-7959-07544679dafd,aa616abe-1761-0c9a-0c2a-99fcc7c8673c,laboratory,20454-5,Protein [Presence] in Urine by Test strip,Urine protein test = ++ (finding),{nominal},text
2024-09-04T09:38:04Z,aa616abe-1761-0c9a-7959-07544679dafd,aa616abe-1761-0c9a-0c2a-99fcc7c8673c,laboratory,5802-4,Nitrite [Presence] in Urine by Test strip,Nitrite not detected in urine (finding),{nominal},text
2024-09-04T09:38:04Z,aa616abe-1761-0c9a-7959-07544679dafd,aa616abe-1761-0c9a-0c2a-99fcc7c8673c,laboratory,5794-3,Hemoglobin [Presence] in Urine by Test strip,Blood not detected in urine (finding),{nominal},text
2024-09-04T09:38:04Z,aa616abe-1761-0c9a-7959-07544679dafd,aa616abe-1761-0c9a-0c2a-99fcc7c8673c,laboratory,5799-2,Leukocyte esterase [Presence] in Urine by Test strip,Urine leukocytes not detected (finding),{nominal},text
2024-09-04T09:38:04Z,aa616abe-1761-0c9a-7959-07544679dafd,aa616abe-1761-0c9a-0c2a-99fcc7c8673c,laboratory,4548-4,Hemoglobin A1c/Hemoglobin.total in Blood,5.4,%,numeric
2024-09-11T09:38:04Z,aa616abe-1761-0c9a-7959-07544679dafd,aa616abe-1761-0c9a-753d-8998877cbb64,laboratory,2345-7,Glucose [Mass/volume] in Serum or Plasma,88.2,mg/dL,numeric
2024-09-11T09:38:04Z,aa616abe-1761-0c9a-7959-07544679dafd,aa616abe-1761-0c9a-753d-8998877cbb64,laboratory,3094-0,Urea nitrogen [Mass/volume] in Serum or Plasma,10.2,mg/dL,numeric
2024-09-11T09:38:04Z,aa616abe-1761-0c9a-7959-07544679dafd,aa616abe-1761-0c9a-753d-8998877cbb64,laboratory,2160-0,Creatinine [Mass/volume] in Serum or Plasma,2.0,mg/dL,numeric
2024-09-11T09:38:04Z,aa616abe-1761-0c9a-7959-07544679dafd,aa616abe-1761-0c9a-753d-8998877cbb64,laboratory,17861-6,Calcium [Mass/volume] in Serum or Plasma,9.8,mg/dL,numeric
2024-09-11T09:38:04Z,aa616abe-1761-0c9a-7959-07544679dafd,aa616abe-1761-0c9a-753d-8998877cbb64,laboratory,2951-2,Sodium [Moles/volume] in Serum or Plasma,144.0,mmol/L,numeric
2024-09-11T09:38:04Z,aa616abe-1761-0c9a-7959-07544679dafd,aa616abe-1761-0c9a-753d-8998877cbb64,laboratory,2823-3,Potassium [Moles/volume] in Serum or Plasma,3.9,mmol/L,numeric
2024-09-11T09:38:04Z,aa616abe-1761-0c9a-7959-07544679dafd,aa616abe-1761-0c9a-753d-8998877cbb64,laboratory,2075-0,Chloride [Moles/volume] in Serum or Plasma,106.0,mmol/L,numeric
2024-09-11T09:38:04Z,aa616abe-1761-0c9a-7959-07544679dafd,aa616abe-1761-0c9a-753d-8998877cbb64,laboratory,2028-9,Carbon dioxide  total [Moles/volume] in Serum or Plasma,26.9,mmol/L,numeric
2024-09-11T09:38:04Z,aa616abe-1761-0c9a-7959-07544679dafd,aa616abe-1761-0c9a-753d-8998877cbb64,laboratory,33914-3,Glomerular filtration rate [Volume Rate/Area] in Serum or Plasma by Creatinine-based formula (MDRD)/1.73 sq M,73.2,mL/min/{1.73_m2},numeric
2024-09-11T09:38:04Z,aa616abe-1761-0c9a-7959-07544679dafd,aa616abe-1761-0c9a-753d-8998877cbb64,laboratory,5767-9,Appearance of Urine,Cloudy urine (finding),{nominal},text
2024-09-11T09:38:04Z,aa616abe-1761-0c9a-7959-07544679dafd,aa616abe-1761-0c9a-753d-8998877cbb64,laboratory,34533-0,Odor of Urine,Urine smell ammoniacal (finding),{nominal},text
2024-09-11T09:38:04Z,aa616abe-1761-0c9a-7959-07544679dafd,aa616abe-1761-0c9a-753d-8998877cbb64,laboratory,32167-9,Clarity of Urine,Translucent (qualifier value),{nominal},text
2024-09-11T09:38:04Z,aa616abe-1761-0c9a-7959-07544679dafd,aa616abe-1761-0c9a-753d-8998877cbb64,laboratory,5778-6,Color of Urine,Brown color (qualifier value),{nominal},text
2024-09-11T09:38:04Z,aa616abe-1761-0c9a-7959-07544679dafd,aa616abe-1761-0c9a-753d-8998877cbb64,laboratory,5792-7,Glucose [Mass/volume] in Urine by Test strip,1.3,mg/dL,numeric
2024-09-11T09:38:04Z,aa616abe-1761-0c9a-7959-07544679dafd,aa616abe-1761-0c9a-753d-8998877cbb64,laboratory,25428-4,Glucose [Presence] in Urine by Test strip,Urine glucose test = ++ (finding),{nominal},text
2024-09-11T09:38:04Z,aa616abe-1761-0c9a-7959-07544679dafd,aa616abe-1761-0c9a-753d-8998877cbb64,laboratory,20505-4,Bilirubin.total [Mass/volume] in Urine by Test strip,0.2,mg/dL,numeric
2024-09-11T09:38:04Z,aa616abe-1761-0c9a-7959-07544679dafd,aa616abe-1761-0c9a-753d-8998877cbb64,laboratory,5770-3,Bilirubin.total [Presence] in Urine by Test strip,Finding of bilirubin in urine (finding),{nominal},text
2024-09-11T09:38:04Z,aa616abe-1761-0c9a-7959-07544679dafd,aa616abe-1761-0c9a-753d-8998877cbb64,laboratory,5797-6,Ketones [Mass/volume] in Urine by Test strip,12.6,mg/dL,numeric
2024-09-11T09:38:04Z,aa616abe-1761-0c9a-7959-07544679dafd,aa616abe-1761-0c9a-753d-8998877cbb64,laboratory,2514-8,Ketones [Presence] in Urine by Test strip,Urine ketone test = + (finding),{nominal},text
2024-09-11T09:38:04Z,aa616abe-1761-0c9a-7959-07544679dafd,aa616abe-1761-0c9a-753d-8998877cbb64,laboratory,5811-5,Specific gravity of Urine by Test strip,1.0,{nominal},numeric
2024-09-11T09:38:04Z,aa616abe-1761-0c9a-7959-07544679dafd,aa616abe-1761-0c9a-753d-8998877cbb64,laboratory,5803-2,pH of Urine by Test strip,6.3,pH,numeric
2024-09-11T09:38:04Z,aa616abe-1761-0c9a-7959-07544679dafd,aa616abe-1761-0c9a-753d-8998877cbb64,laboratory,5804-0,Protein [Mass/volume] in Urine by Test strip,162.5,mg/dL,numeric
2024-09-11T09:38:04Z,aa616abe-1761-0c9a-7959-07544679dafd,aa616abe-1761-0c9a-753d-8998877cbb64,laboratory,20454-5,Protein [Presence] in Urine by Test strip,Urine protein test = ++ (finding),{nominal},text
2024-09-11T09:38:04Z,aa616abe-1761-0c9a-7959-07544679dafd,aa616abe-1761-0c9a-753d-8998877cbb64,laboratory,5802-4,Nitrite [Presence] in Urine by Test strip,Nitrite not detected in urine (finding),{nominal},text
2024-09-11T09:38:04Z,aa616abe-1761-0c9a-7959-07544679dafd,aa616abe-1761-0c9a-753d-8998877cbb64,laboratory,5794-3,Hemoglobin [Presence] in Urine by Test strip,Blood not detected in urine (finding),{nominal},text
2024-09-11T09:38:04Z,aa616abe-1761-0c9a-7959-07544679dafd,aa616abe-1761-0c9a-753d-8998877cbb64,laboratory,5799-2,Leukocyte esterase [Presence] in Urine by Test strip,Urine leukocytes not detected (finding),{nominal},text
2024-09-11T09:38:04Z,aa616abe-1761-0c9a-7959-07544679dafd,aa616abe-1761-0c9a-753d-8998877cbb64,laboratory,4548-4,Hemoglobin A1c/Hemoglobin.total in Blood,5.4,%,numeric
2024-09-11T09:38:04Z,aa616abe-1761-0c9a-7959-07544679dafd,aa616abe-1761-0c9a-753d-8998877cbb64,vital-signs,8302-2,Body Height,164.6,cm,numeric
2024-09-11T09:38:04Z,aa616abe-1761-0c9a-7959-07544679dafd,aa616abe-1761-0c9a-753d-8998877cbb64,vital-signs,72514-3,Pain severity - 0-10 verbal numeric rating [Score] - Reported,0.0,{score},numeric
2024-09-11T09:38:04Z,aa616abe-1761-0c9a-7959-07544679dafd,aa616abe-1761-0c9a-753d-8998877cbb64,vital-signs,29463-7,Body Weight,75.2,kg,numeric
2024-09-11T09:38:04Z,aa616abe-1761-0c9a-7959-07544679dafd,aa616abe-1761-0c9a-753d-8998877cbb64,vital-signs,39156-5,Body mass index (BMI) [Ratio],27.8,kg/m2,numeric
2024-09-11T09:38:04Z,aa616abe-1761-0c9a-7959-07544679dafd,aa616abe-1761-0c9a-753d-8998877cbb64,vital-signs,8462-4,Diastolic Blood Pressure,77.0,mm[Hg],numeric
2024-09-11T09:38:04Z,aa616abe-1761-0c9a-7959-07544679dafd,aa616abe-1761-0c9a-753d-8998877cbb64,vital-signs,8480-6,Systolic Blood Pressure,97.0,mm[Hg],numeric
2024-09-11T09:38:04Z,aa616abe-1761-0c9a-7959-07544679dafd,aa616abe-1761-0c9a-753d-8998877cbb64,vital-signs,8867-4,Heart rate,70.0,/min,numeric
2024-09-11T09:38:04Z,aa616abe-1761-0c9a-7959-07544679dafd,aa616abe-1761-0c9a-753d-8998877cbb64,vital-signs,9279-1,Respiratory rate,15.0,/min,numeric
2024-09-11T09:38:04Z,aa616abe-1761-0c9a-7959-07544679dafd,aa616abe-1761-0c9a-753d-8998877cbb64,laboratory,2339-0,Glucose [Mass/volume] in Blood,88.2,mg/dL,numeric
2024-09-11T09:38:04Z,aa616abe-1761-0c9a-7959-07544679dafd,aa616abe-1761-0c9a-753d-8998877cbb64,laboratory,6299-2,Urea nitrogen [Mass/volume] in Blood,10.2,mg/dL,numeric
2024-09-11T09:38:04Z,aa616abe-1761-0c9a-7959-07544679dafd,aa616abe-1761-0c9a-753d-8998877cbb64,laboratory,38483-4,Creatinine [Mass/volume] in Blood,1.4,mg/dL,numeric
2024-09-11T09:38:04Z,aa616abe-1761-0c9a-7959-07544679dafd,aa616abe-1761-0c9a-753d-8998877cbb64,laboratory,49765-1,Calcium [Mass/volume] in Blood,9.8,mg/dL,numeric
2024-09-11T09:38:04Z,aa616abe-1761-0c9a-7959-07544679dafd,aa616abe-1761-0c9a-753d-8998877cbb64,laboratory,2947-0,Sodium [Moles/volume] in Blood,144.0,mmol/L,numeric
2024-09-11T09:38:04Z,aa616abe-1761-0c9a-7959-07544679dafd,aa616abe-1761-0c9a-753d-8998877cbb64,laboratory,6298-4,Potassium [Moles/volume] in Blood,3.9,mmol/L,numeric
2024-09-11T09:38:04Z,aa616abe-1761-0c9a-7959-07544679dafd,aa616abe-1761-0c9a-753d-8998877cbb64,laboratory,2069-3,Chloride [Moles/volume] in Blood,106.0,mmol/L,numeric
2024-09-11T09:38:04Z,aa616abe-1761-0c9a-7959-07544679dafd,aa616abe-1761-0c9a-753d-8998877cbb64,laboratory,20565-8,Carbon dioxide  total [Moles/volume] in Blood,26.9,mmol/L,numeric
2024-09-11T09:38:04Z,aa616abe-1761-0c9a-7959-07544679dafd,aa616abe-1761-0c9a-753d-8998877cbb64,laboratory,2093-3,Cholesterol [Mass/volume] in Serum or Plasma,117.0,mg/dL,numeric
2024-09-11T09:38:04Z,aa616abe-1761-0c9a-7959-07544679dafd,aa616abe-1761-0c9a-753d-8998877cbb64,laboratory,2571-8,Triglyceride [Mass/volume] in Serum or Plasma,118.9,mg/dL,numeric
2024-09-11T09:38:04Z,aa616abe-1761-0c9a-7959-07544679dafd,aa616abe-1761-0c9a-753d-8998877cbb64,laboratory,18262-6,Cholesterol in LDL [Mass/volume] in Serum or Plasma by Direct assay,25.6,mg/dL,numeric
2024-09-11T09:38:04Z,aa616abe-1761-0c9a-7959-07544679dafd,aa616abe-1761-0c9a-753d-8998877cbb64,laboratory,2085-9,Cholesterol in HDL [Mass/volume] in Serum or Plasma,67.6,mg/dL,numeric
2024-09-11T09:38:04Z,aa616abe-1761-0c9a-7959-07544679dafd,aa616abe-1761-0c9a-753d-8998877cbb64,laboratory,14959-1,Microalbumin/Creatinine [Mass Ratio] in Urine,23.8,mg/g,numeric
2024-09-11T09:38:04Z,aa616abe-1761-0c9a-7959-07544679dafd,aa616abe-1761-0c9a-753d-8998877cbb64,laboratory,33914-3,Glomerular filtration rate [Volume Rate/Area] in Serum or Plasma by Creatinine-based formula (MDRD)/1.73 sq M,42.0,mL/min/{1.73_m2},numeric
2024-09-11T09:38:04Z,aa616abe-1761-0c9a-7959-07544679dafd,aa616abe-1761-0c9a-753d-8998877cbb64,social-history,72166-2,Tobacco smoking status,Never smoked tobacco (finding),,text
2024-09-11T10:23:10Z,aa616abe-1761-0c9a-7959-07544679dafd,aa616abe-1761-0c9a-753d-8998877cbb64,survey,76501-6,Within the last year  have you been afraid of your partner or ex-partner,No,,text
2024-09-11T10:23:10Z,aa616abe-1761-0c9a-7959-07544679dafd,aa616abe-1761-0c9a-753d-8998877cbb64,survey,93026-3,Do you feel physically and emotionally safe where you currently live [PRAPARE],Yes,,text
2024-09-11T10:23:10Z,aa616abe-1761-0c9a-7959-07544679dafd,aa616abe-1761-0c9a-753d-8998877cbb64,survey,93027-1,Are you a refugee,No,,text
2024-09-11T10:23:10Z,aa616abe-1761-0c9a-7959-07544679dafd,aa616abe-1761-0c9a-753d-8998877cbb64,survey,93028-9,Have you spent more than 2 nights in a row in a jail  prison  detention center  or juvenile correctional facility in past 1 year [PRAPARE],Yes,,text
2024-09-11T10:23:10Z,aa616abe-1761-0c9a-7959-07544679dafd,aa616abe-1761-0c9a-753d-8998877cbb64,survey,93038-8,Stress level,A little bit,,text
2024-09-11T10:23:10Z,aa616abe-1761-0c9a-7959-07544679dafd,aa616abe-1761-0c9a-753d-8998877cbb64,survey,93029-7,How often do you see or talk to people that you care about and feel close to [PRAPARE],1 or 2 times a week,,text
2024-09-11T10:23:10Z,aa616abe-1761-0c9a-7959-07544679dafd,aa616abe-1761-0c9a-753d-8998877cbb64,survey,93030-5,Has lack of transportation kept you from medical appointments  meetings  work  or from getting things needed for daily living,No,,text
2024-09-11T10:23:10Z,aa616abe-1761-0c9a-7959-07544679dafd,aa616abe-1761-0c9a-753d-8998877cbb64,survey,93031-3,Have you or any family members you live with been unable to get any of the following when it was really needed in past 1 year [PRAPARE],Utilities,,text
2024-09-11T10:23:10Z,aa616abe-1761-0c9a-7959-07544679dafd,aa616abe-1761-0c9a-753d-8998877cbb64,survey,63586-2,What was your best estimate of the total income of all family members from all sources  before taxes  in last year [PhenX],15504,/a,text
2024-09-11T10:23:10Z,aa616abe-1761-0c9a-7959-07544679dafd,aa616abe-1761-0c9a-753d-8998877cbb64,survey,76437-3,Primary insurance,Medicaid,,text
2024-09-11T10:23:10Z,aa616abe-1761-0c9a-7959-07544679dafd,aa616abe-1761-0c9a-753d-8998877cbb64,survey,67875-5,Employment status - current,Full-time work,,text
2024-09-11T10:23:10Z,aa616abe-1761-0c9a-7959-07544679dafd,aa616abe-1761-0c9a-753d-8998877cbb64,survey,82589-3,Highest level of education,High school diploma or GED,,text
2024-09-11T10:23:10Z,aa616abe-1761-0c9a-7959-07544679dafd,aa616abe-1761-0c9a-753d-8998877cbb64,survey,56799-0,Address,997 Grant Row Unit 85,,text
2024-09-11T10:23:10Z,aa616abe-1761-0c9a-7959-07544679dafd,aa616abe-1761-0c9a-753d-8998877cbb64,survey,93033-9,Are you worried about losing your housing [PRAPARE],No,,text
2024-09-11T10:23:10Z,aa616abe-1761-0c9a-7959-07544679dafd,aa616abe-1761-0c9a-753d-8998877cbb64,survey,71802-3,Housing status,I have housing,,text
2024-09-11T10:23:10Z,aa616abe-1761-0c9a-7959-07544679dafd,aa616abe-1761-0c9a-753d-8998877cbb64,survey,63512-8,How many people are living or staying at this address [#],6.0,{#},numeric
2024-09-11T10:23:10Z,aa616abe-1761-0c9a-7959-07544679dafd,aa616abe-1761-0c9a-753d-8998877cbb64,survey,54899-0,Preferred language,English,,text
2024-09-11T10:23:10Z,aa616abe-1761-0c9a-7959-07544679dafd,aa616abe-1761-0c9a-753d-8998877cbb64,survey,93034-7,Discharged from the U.S. Armed Forces,No,,text
2024-09-11T10:23:10Z,aa616abe-1761-0c9a-7959-07544679dafd,aa616abe-1761-0c9a-753d-8998877cbb64,survey,93035-4,Has season or migrant farm work been your or your family's main source of income at any point in past 2 years [PRAPARE],No,,text
2024-09-11T10:23:10Z,aa616abe-1761-0c9a-7959-07544679dafd,aa616abe-1761-0c9a-753d-8998877cbb64,survey,32624-9,Race,White,,text
2024-09-11T10:23:10Z,aa616abe-1761-0c9a-7959-07544679dafd,aa616abe-1761-0c9a-753d-8998877cbb64,survey,56051-6,Hispanic or Latino,No,,text
2024-09-11T10:40:23Z,aa616abe-1761-0c9a-7959-07544679dafd,aa616abe-1761-0c9a-753d-8998877cbb64,survey,70274-6,Generalized anxiety disorder 7 item (GAD-7) total score [Reported.PHQ],3.0,{score},numeric
2024-09-11T11:07:31Z,aa616abe-1761-0c9a-7959-07544679dafd,aa616abe-1761-0c9a-753d-8998877cbb64,survey,59460-6,Fall risk total [Morse Fall Scale],90.0,{#},numeric
2024-09-11T11:07:31Z,aa616abe-1761-0c9a-7959-07544679dafd,aa616abe-1761-0c9a-753d-8998877cbb64,survey,59461-4,Fall risk level [Morse Fall Scale],High Risk (MFS Score 50+),,text
2024-09-11T11:49:44Z,aa616abe-1761-0c9a-7959-07544679dafd,aa616abe-1761-0c9a-753d-8998877cbb64,survey,55758-7,Patient Health Questionnaire 2 item (PHQ-2) total score [Reported],0.0,{score},numeric
2024-09-11T12:28:37Z,aa616abe-1761-0c9a-7959-07544679dafd,aa616abe-1761-0c9a-753d-8998877cbb64,survey,82667-7,Total score [DAST-10],1.0,{score},numeric
2024-09-18T09:38:04Z,aa616abe-1761-0c9a-7959-07544679dafd,aa616abe-1761-0c9a-646f-8da248890bd0,laboratory,2345-7,Glucose [Mass/volume] in Serum or Plasma,91.0,mg/dL,numeric
2024-09-18T09:38:04Z,aa616abe-1761-0c9a-7959-07544679dafd,aa616abe-1761-0c9a-646f-8da248890bd0,laboratory,3094-0,Urea nitrogen [Mass/volume] in Serum or Plasma,7.8,mg/dL,numeric
2024-09-18T09:38:04Z,aa616abe-1761-0c9a-7959-07544679dafd,aa616abe-1761-0c9a-646f-8da248890bd0,laboratory,2160-0,Creatinine [Mass/volume] in Serum or Plasma,1.8,mg/dL,numeric
2024-09-18T09:38:04Z,aa616abe-1761-0c9a-7959-07544679dafd,aa616abe-1761-0c9a-646f-8da248890bd0,laboratory,17861-6,Calcium [Mass/volume] in Serum or Plasma,10.1,mg/dL,numeric
2024-09-18T09:38:04Z,aa616abe-1761-0c9a-7959-07544679dafd,aa616abe-1761-0c9a-646f-8da248890bd0,laboratory,2951-2,Sodium [Moles/volume] in Serum or Plasma,139.7,mmol/L,numeric
2024-09-18T09:38:04Z,aa616abe-1761-0c9a-7959-07544679dafd,aa616abe-1761-0c9a-646f-8da248890bd0,laboratory,2823-3,Potassium [Moles/volume] in Serum or Plasma,4.9,mmol/L,numeric
2024-09-18T09:38:04Z,aa616abe-1761-0c9a-7959-07544679dafd,aa616abe-1761-0c9a-646f-8da248890bd0,laboratory,2075-0,Chloride [Moles/volume] in Serum or Plasma,107.8,mmol/L,numeric
2024-09-18T09:38:04Z,aa616abe-1761-0c9a-7959-07544679dafd,aa616abe-1761-0c9a-646f-8da248890bd0,laboratory,2028-9,Carbon dioxide  total [Moles/volume] in Serum or Plasma,24.5,mmol/L,numeric
2024-09-18T09:38:04Z,aa616abe-1761-0c9a-7959-07544679dafd,aa616abe-1761-0c9a-646f-8da248890bd0,laboratory,33914-3,Glomerular filtration rate [Volume Rate/Area] in Serum or Plasma by Creatinine-based formula (MDRD)/1.73 sq M,75.3,mL/min/{1.73_m2},numeric
2024-09-18T09:38:04Z,aa616abe-1761-0c9a-7959-07544679dafd,aa616abe-1761-0c9a-646f-8da248890bd0,laboratory,5767-9,Appearance of Urine,Cloudy urine (finding),{nominal},text
2024-09-18T09:38:04Z,aa616abe-1761-0c9a-7959-07544679dafd,aa616abe-1761-0c9a-646f-8da248890bd0,laboratory,34533-0,Odor of Urine,Urine smell ammoniacal (finding),{nominal},text
2024-09-18T09:38:04Z,aa616abe-1761-0c9a-7959-07544679dafd,aa616abe-1761-0c9a-646f-8da248890bd0,laboratory,32167-9,Clarity of Urine,Translucent (qualifier value),{nominal},text
2024-09-18T09:38:04Z,aa616abe-1761-0c9a-7959-07544679dafd,aa616abe-1761-0c9a-646f-8da248890bd0,laboratory,5778-6,Color of Urine,Brown color (qualifier value),{nominal},text
2024-09-18T09:38:04Z,aa616abe-1761-0c9a-7959-07544679dafd,aa616abe-1761-0c9a-646f-8da248890bd0,laboratory,5792-7,Glucose [Mass/volume] in Urine by Test strip,1.1,mg/dL,numeric
2024-09-18T09:38:04Z,aa616abe-1761-0c9a-7959-07544679dafd,aa616abe-1761-0c9a-646f-8da248890bd0,laboratory,25428-4,Glucose [Presence] in Urine by Test strip,Urine glucose test = ++ (finding),{nominal},text
2024-09-18T09:38:04Z,aa616abe-1761-0c9a-7959-07544679dafd,aa616abe-1761-0c9a-646f-8da248890bd0,laboratory,20505-4,Bilirubin.total [Mass/volume] in Urine by Test strip,0.8,mg/dL,numeric
2024-09-18T09:38:04Z,aa616abe-1761-0c9a-7959-07544679dafd,aa616abe-1761-0c9a-646f-8da248890bd0,laboratory,5770-3,Bilirubin.total [Presence] in Urine by Test strip,Finding of bilirubin in urine (finding),{nominal},text
2024-09-18T09:38:04Z,aa616abe-1761-0c9a-7959-07544679dafd,aa616abe-1761-0c9a-646f-8da248890bd0,laboratory,5797-6,Ketones [Mass/volume] in Urine by Test strip,17.8,mg/dL,numeric
2024-09-18T09:38:04Z,aa616abe-1761-0c9a-7959-07544679dafd,aa616abe-1761-0c9a-646f-8da248890bd0,laboratory,2514-8,Ketones [Presence] in Urine by Test strip,Urine ketone test = + (finding),{nominal},text
2024-09-18T09:38:04Z,aa616abe-1761-0c9a-7959-07544679dafd,aa616abe-1761-0c9a-646f-8da248890bd0,laboratory,5811-5,Specific gravity of Urine by Test strip,1.0,{nominal},numeric
2024-09-18T09:38:04Z,aa616abe-1761-0c9a-7959-07544679dafd,aa616abe-1761-0c9a-646f-8da248890bd0,laboratory,5803-2,pH of Urine by Test strip,6.4,pH,numeric
2024-09-18T09:38:04Z,aa616abe-1761-0c9a-7959-07544679dafd,aa616abe-1761-0c9a-646f-8da248890bd0,laboratory,5804-0,Protein [Mass/volume] in Urine by Test strip,244.9,mg/dL,numeric
2024-09-18T09:38:04Z,aa616abe-1761-0c9a-7959-07544679dafd,aa616abe-1761-0c9a-646f-8da248890bd0,laboratory,20454-5,Protein [Presence] in Urine by Test strip,Urine protein test = ++ (finding),{nominal},text
2024-09-18T09:38:04Z,aa616abe-1761-0c9a-7959-07544679dafd,aa616abe-1761-0c9a-646f-8da248890bd0,laboratory,5802-4,Nitrite [Presence] in Urine by Test strip,Nitrite not detected in urine (finding),{nominal},text
2024-09-18T09:38:04Z,aa616abe-1761-0c9a-7959-07544679dafd,aa616abe-1761-0c9a-646f-8da248890bd0,laboratory,5794-3,Hemoglobin [Presence] in Urine by Test strip,Blood not detected in urine (finding),{nominal},text
2024-09-18T09:38:04Z,aa616abe-1761-0c9a-7959-07544679dafd,aa616abe-1761-0c9a-646f-8da248890bd0,laboratory,5799-2,Leukocyte esterase [Presence] in Urine by Test strip,Urine leukocytes not detected (finding),{nominal},text
2024-09-18T09:38:04Z,aa616abe-1761-0c9a-7959-07544679dafd,aa616abe-1761-0c9a-646f-8da248890bd0,laboratory,4548-4,Hemoglobin A1c/Hemoglobin.total in Blood,5.4,%,numeric
2024-09-25T09:38:04Z,aa616abe-1761-0c9a-7959-07544679dafd,aa616abe-1761-0c9a-225e-607c10b55761,laboratory,2345-7,Glucose [Mass/volume] in Serum or Plasma,79.4,mg/dL,numeric
2024-09-25T09:38:04Z,aa616abe-1761-0c9a-7959-07544679dafd,aa616abe-1761-0c9a-225e-607c10b55761,laboratory,3094-0,Urea nitrogen [Mass/volume] in Serum or Plasma,14.8,mg/dL,numeric
2024-09-25T09:38:04Z,aa616abe-1761-0c9a-7959-07544679dafd,aa616abe-1761-0c9a-225e-607c10b55761,laboratory,2160-0,Creatinine [Mass/volume] in Serum or Plasma,1.8,mg/dL,numeric
2024-09-25T09:38:04Z,aa616abe-1761-0c9a-7959-07544679dafd,aa616abe-1761-0c9a-225e-607c10b55761,laboratory,17861-6,Calcium [Mass/volume] in Serum or Plasma,8.9,mg/dL,numeric
2024-09-25T09:38:04Z,aa616abe-1761-0c9a-7959-07544679dafd,aa616abe-1761-0c9a-225e-607c10b55761,laboratory,2951-2,Sodium [Moles/volume] in Serum or Plasma,138.5,mmol/L,numeric
2024-09-25T09:38:04Z,aa616abe-1761-0c9a-7959-07544679dafd,aa616abe-1761-0c9a-225e-607c10b55761,laboratory,2823-3,Potassium [Moles/volume] in Serum or Plasma,5.1,mmol/L,numeric
2024-09-25T09:38:04Z,aa616abe-1761-0c9a-7959-07544679dafd,aa616abe-1761-0c9a-225e-607c10b55761,laboratory,2075-0,Chloride [Moles/volume] in Serum or Plasma,107.2,mmol/L,numeric
2024-09-25T09:38:04Z,aa616abe-1761-0c9a-7959-07544679dafd,aa616abe-1761-0c9a-225e-607c10b55761,laboratory,2028-9,Carbon dioxide  total [Moles/volume] in Serum or Plasma,28.7,mmol/L,numeric
2024-09-25T09:38:04Z,aa616abe-1761-0c9a-7959-07544679dafd,aa616abe-1761-0c9a-225e-607c10b55761,laboratory,33914-3,Glomerular filtration rate [Volume Rate/Area] in Serum or Plasma by Creatinine-based formula (MDRD)/1.73 sq M,84.9,mL/min/{1.73_m2},numeric
2024-09-25T09:38:04Z,aa616abe-1761-0c9a-7959-07544679dafd,aa616abe-1761-0c9a-225e-607c10b55761,laboratory,5767-9,Appearance of Urine,Cloudy urine (finding),{nominal},text
2024-09-25T09:38:04Z,aa616abe-1761-0c9a-7959-07544679dafd,aa616abe-1761-0c9a-225e-607c10b55761,laboratory,34533-0,Odor of Urine,Urine smell ammoniacal (finding),{nominal},text
2024-09-25T09:38:04Z,aa616abe-1761-0c9a-7959-07544679dafd,aa616abe-1761-0c9a-225e-607c10b55761,laboratory,32167-9,Clarity of Urine,Translucent (qualifier value),{nominal},text
2024-09-25T09:38:04Z,aa616abe-1761-0c9a-7959-07544679dafd,aa616abe-1761-0c9a-225e-607c10b55761,laboratory,5778-6,Color of Urine,Brown color (qualifier value),{nominal},text
2024-09-25T09:38:04Z,aa616abe-1761-0c9a-7959-07544679dafd,aa616abe-1761-0c9a-225e-607c10b55761,laboratory,5792-7,Glucose [Mass/volume] in Urine by Test strip,1.4,mg/dL,numeric
2024-09-25T09:38:04Z,aa616abe-1761-0c9a-7959-07544679dafd,aa616abe-1761-0c9a-225e-607c10b55761,laboratory,25428-4,Glucose [Presence] in Urine by Test strip,Urine glucose test = ++ (finding),{nominal},text
2024-09-25T09:38:04Z,aa616abe-1761-0c9a-7959-07544679dafd,aa616abe-1761-0c9a-225e-607c10b55761,laboratory,20505-4,Bilirubin.total [Mass/volume] in Urine by Test strip,0.3,mg/dL,numeric
2024-09-25T09:38:04Z,aa616abe-1761-0c9a-7959-07544679dafd,aa616abe-1761-0c9a-225e-607c10b55761,laboratory,5770-3,Bilirubin.total [Presence] in Urine by Test strip,Finding of bilirubin in urine (finding),{nominal},text
2024-09-25T09:38:04Z,aa616abe-1761-0c9a-7959-07544679dafd,aa616abe-1761-0c9a-225e-607c10b55761,laboratory,5797-6,Ketones [Mass/volume] in Urine by Test strip,4.1,mg/dL,numeric
2024-09-25T09:38:04Z,aa616abe-1761-0c9a-7959-07544679dafd,aa616abe-1761-0c9a-225e-607c10b55761,laboratory,2514-8,Ketones [Presence] in Urine by Test strip,Urine ketone test = + (finding),{nominal},text
2024-09-25T09:38:04Z,aa616abe-1761-0c9a-7959-07544679dafd,aa616abe-1761-0c9a-225e-607c10b55761,laboratory,5811-5,Specific gravity of Urine by Test strip,1.0,{nominal},numeric
2024-09-25T09:38:04Z,aa616abe-1761-0c9a-7959-07544679dafd,aa616abe-1761-0c9a-225e-607c10b55761,laboratory,5803-2,pH of Urine by Test strip,5.6,pH,numeric
2024-09-25T09:38:04Z,aa616abe-1761-0c9a-7959-07544679dafd,aa616abe-1761-0c9a-225e-607c10b55761,laboratory,5804-0,Protein [Mass/volume] in Urine by Test strip,232.2,mg/dL,numeric
2024-09-25T09:38:04Z,aa616abe-1761-0c9a-7959-07544679dafd,aa616abe-1761-0c9a-225e-607c10b55761,laboratory,20454-5,Protein [Presence] in Urine by Test strip,Urine protein test = ++ (finding),{nominal},text
2024-09-25T09:38:04Z,aa616abe-1761-0c9a-7959-07544679dafd,aa616abe-1761-0c9a-225e-607c10b55761,laboratory,5802-4,Nitrite [Presence] in Urine by Test strip,Nitrite not detected in urine (finding),{nominal},text
2024-09-25T09:38:04Z,aa616abe-1761-0c9a-7959-07544679dafd,aa616abe-1761-0c9a-225e-607c10b55761,laboratory,5794-3,Hemoglobin [Presence] in Urine by Test strip,Blood not detected in urine (finding),{nominal},text
2024-09-25T09:38:04Z,aa616abe-1761-0c9a-7959-07544679dafd,aa616abe-1761-0c9a-225e-607c10b55761,laboratory,5799-2,Leukocyte esterase [Presence] in Urine by Test strip,Urine leukocytes not detected (finding),{nominal},text
2024-09-25T09:38:04Z,aa616abe-1761-0c9a-7959-07544679dafd,aa616abe-1761-0c9a-225e-607c10b55761,laboratory,4548-4,Hemoglobin A1c/Hemoglobin.total in Blood,5.4,%,numeric
2024-09-25T09:38:04Z,aa616abe-1761-0c9a-7959-07544679dafd,aa616abe-1761-0c9a-225e-607c10b55761,vital-signs,8302-2,Body Height,164.6,cm,numeric
2024-09-25T09:38:04Z,aa616abe-1761-0c9a-7959-07544679dafd,aa616abe-1761-0c9a-225e-607c10b55761,vital-signs,72514-3,Pain severity - 0-10 verbal numeric rating [Score] - Reported,3.0,{score},numeric
2024-09-25T09:38:04Z,aa616abe-1761-0c9a-7959-07544679dafd,aa616abe-1761-0c9a-225e-607c10b55761,vital-signs,29463-7,Body Weight,75.2,kg,numeric
2024-09-25T09:38:04Z,aa616abe-1761-0c9a-7959-07544679dafd,aa616abe-1761-0c9a-225e-607c10b55761,vital-signs,39156-5,Body mass index (BMI) [Ratio],27.8,kg/m2,numeric
2024-09-25T09:38:04Z,aa616abe-1761-0c9a-7959-07544679dafd,aa616abe-1761-0c9a-225e-607c10b55761,vital-signs,8462-4,Diastolic Blood Pressure,72.0,mm[Hg],numeric
2024-09-25T09:38:04Z,aa616abe-1761-0c9a-7959-07544679dafd,aa616abe-1761-0c9a-225e-607c10b55761,vital-signs,8480-6,Systolic Blood Pressure,103.0,mm[Hg],numeric
2024-09-25T09:38:04Z,aa616abe-1761-0c9a-7959-07544679dafd,aa616abe-1761-0c9a-225e-607c10b55761,vital-signs,8867-4,Heart rate,92.0,/min,numeric
2024-09-25T09:38:04Z,aa616abe-1761-0c9a-7959-07544679dafd,aa616abe-1761-0c9a-225e-607c10b55761,vital-signs,9279-1,Respiratory rate,15.0,/min,numeric
2024-09-25T09:38:04Z,aa616abe-1761-0c9a-7959-07544679dafd,aa616abe-1761-0c9a-225e-607c10b55761,laboratory,2339-0,Glucose [Mass/volume] in Blood,79.4,mg/dL,numeric
2024-09-25T09:38:04Z,aa616abe-1761-0c9a-7959-07544679dafd,aa616abe-1761-0c9a-225e-607c10b55761,laboratory,6299-2,Urea nitrogen [Mass/volume] in Blood,14.8,mg/dL,numeric
2024-09-25T09:38:04Z,aa616abe-1761-0c9a-7959-07544679dafd,aa616abe-1761-0c9a-225e-607c10b55761,laboratory,38483-4,Creatinine [Mass/volume] in Blood,1.5,mg/dL,numeric
2024-09-25T09:38:04Z,aa616abe-1761-0c9a-7959-07544679dafd,aa616abe-1761-0c9a-225e-607c10b55761,laboratory,49765-1,Calcium [Mass/volume] in Blood,8.9,mg/dL,numeric
2024-09-25T09:38:04Z,aa616abe-1761-0c9a-7959-07544679dafd,aa616abe-1761-0c9a-225e-607c10b55761,laboratory,2947-0,Sodium [Moles/volume] in Blood,138.5,mmol/L,numeric
2024-09-25T09:38:04Z,aa616abe-1761-0c9a-7959-07544679dafd,aa616abe-1761-0c9a-225e-607c10b55761,laboratory,6298-4,Potassium [Moles/volume] in Blood,5.1,mmol/L,numeric
2024-09-25T09:38:04Z,aa616abe-1761-0c9a-7959-07544679dafd,aa616abe-1761-0c9a-225e-607c10b55761,laboratory,2069-3,Chloride [Moles/volume] in Blood,107.2,mmol/L,numeric
2024-09-25T09:38:04Z,aa616abe-1761-0c9a-7959-07544679dafd,aa616abe-1761-0c9a-225e-607c10b55761,laboratory,20565-8,Carbon dioxide  total [Moles/volume] in Blood,28.7,mmol/L,numeric
2024-09-25T09:38:04Z,aa616abe-1761-0c9a-7959-07544679dafd,aa616abe-1761-0c9a-225e-607c10b55761,laboratory,2093-3,Cholesterol [Mass/volume] in Serum or Plasma,205.4,mg/dL,numeric
2024-09-25T09:38:04Z,aa616abe-1761-0c9a-7959-07544679dafd,aa616abe-1761-0c9a-225e-607c10b55761,laboratory,2571-8,Triglyceride [Mass/volume] in Serum or Plasma,116.8,mg/dL,numeric
2024-09-25T09:38:04Z,aa616abe-1761-0c9a-7959-07544679dafd,aa616abe-1761-0c9a-225e-607c10b55761,laboratory,18262-6,Cholesterol in LDL [Mass/volume] in Serum or Plasma by Direct assay,135.6,mg/dL,numeric
2024-09-25T09:38:04Z,aa616abe-1761-0c9a-7959-07544679dafd,aa616abe-1761-0c9a-225e-607c10b55761,laboratory,2085-9,Cholesterol in HDL [Mass/volume] in Serum or Plasma,46.4,mg/dL,numeric
2024-09-25T09:38:04Z,aa616abe-1761-0c9a-7959-07544679dafd,aa616abe-1761-0c9a-225e-607c10b55761,laboratory,14959-1,Microalbumin/Creatinine [Mass Ratio] in Urine,23.3,mg/g,numeric
2024-09-25T09:38:04Z,aa616abe-1761-0c9a-7959-07544679dafd,aa616abe-1761-0c9a-225e-607c10b55761,laboratory,33914-3,Glomerular filtration rate [Volume Rate/Area] in Serum or Plasma by Creatinine-based formula (MDRD)/1.73 sq M,40.5,mL/min/{1.73_m2},numeric
2024-09-25T09:38:04Z,aa616abe-1761-0c9a-7959-07544679dafd,aa616abe-1761-0c9a-225e-607c10b55761,social-history,72166-2,Tobacco smoking status,Never smoked tobacco (finding),,text
2024-09-25T10:11:53Z,aa616abe-1761-0c9a-7959-07544679dafd,aa616abe-1761-0c9a-225e-607c10b55761,survey,76501-6,Within the last year  have you been afraid of your partner or ex-partner,No,,text
2024-09-25T10:11:53Z,aa616abe-1761-0c9a-7959-07544679dafd,aa616abe-1761-0c9a-225e-607c10b55761,survey,93026-3,Do you feel physically and emotionally safe where you currently live [PRAPARE],Yes,,text
2024-09-25T10:11:53Z,aa616abe-1761-0c9a-7959-07544679dafd,aa616abe-1761-0c9a-225e-607c10b55761,survey,93027-1,Are you a refugee,No,,text
2024-09-25T10:11:53Z,aa616abe-1761-0c9a-7959-07544679dafd,aa616abe-1761-0c9a-225e-607c10b55761,survey,93028-9,Have you spent more than 2 nights in a row in a jail  prison  detention center  or juvenile correctional facility in past 1 year [PRAPARE],Yes,,text
2024-09-25T10:11:53Z,aa616abe-1761-0c9a-7959-07544679dafd,aa616abe-1761-0c9a-225e-607c10b55761,survey,93038-8,Stress level,Not at all,,text
2024-09-25T10:11:53Z,aa616abe-1761-0c9a-7959-07544679dafd,aa616abe-1761-0c9a-225e-607c10b55761,survey,93029-7,How often do you see or talk to people that you care about and feel close to [PRAPARE],5 or more times a week,,text
2024-09-25T10:11:53Z,aa616abe-1761-0c9a-7959-07544679dafd,aa616abe-1761-0c9a-225e-607c10b55761,survey,93030-5,Has lack of transportation kept you from medical appointments  meetings  work  or from getting things needed for daily living,No,,text
2024-09-25T10:11:53Z,aa616abe-1761-0c9a-7959-07544679dafd,aa616abe-1761-0c9a-225e-607c10b55761,survey,93031-3,Have you or any family members you live with been unable to get any of the following when it was really needed in past 1 year [PRAPARE],I choose not to answer this question,,text
2024-09-25T10:11:53Z,aa616abe-1761-0c9a-7959-07544679dafd,aa616abe-1761-0c9a-225e-607c10b55761,survey,63586-2,What was your best estimate of the total income of all family members from all sources  before taxes  in last year [PhenX],15504,/a,text
2024-09-25T10:11:53Z,aa616abe-1761-0c9a-7959-07544679dafd,aa616abe-1761-0c9a-225e-607c10b55761,survey,76437-3,Primary insurance,Medicaid,,text
2024-09-25T10:11:53Z,aa616abe-1761-0c9a-7959-07544679dafd,aa616abe-1761-0c9a-225e-607c10b55761,survey,67875-5,Employment status - current,Full-time work,,text
2024-09-25T10:11:53Z,aa616abe-1761-0c9a-7959-07544679dafd,aa616abe-1761-0c9a-225e-607c10b55761,survey,82589-3,Highest level of education,High school diploma or GED,,text
2024-09-25T10:11:53Z,aa616abe-1761-0c9a-7959-07544679dafd,aa616abe-1761-0c9a-225e-607c10b55761,survey,56799-0,Address,997 Grant Row Unit 85,,text
2024-09-25T10:11:53Z,aa616abe-1761-0c9a-7959-07544679dafd,aa616abe-1761-0c9a-225e-607c10b55761,survey,93033-9,Are you worried about losing your housing [PRAPARE],No,,text
2024-09-25T10:11:53Z,aa616abe-1761-0c9a-7959-07544679dafd,aa616abe-1761-0c9a-225e-607c10b55761,survey,71802-3,Housing status,I have housing,,text
2024-09-25T10:11:53Z,aa616abe-1761-0c9a-7959-07544679dafd,aa616abe-1761-0c9a-225e-607c10b55761,survey,63512-8,How many people are living or staying at this address [#],6.0,{#},numeric
2024-09-25T10:11:53Z,aa616abe-1761-0c9a-7959-07544679dafd,aa616abe-1761-0c9a-225e-607c10b55761,survey,54899-0,Preferred language,English,,text
2024-09-25T10:11:53Z,aa616abe-1761-0c9a-7959-07544679dafd,aa616abe-1761-0c9a-225e-607c10b55761,survey,93034-7,Discharged from the U.S. Armed Forces,No,,text
2024-09-25T10:11:53Z,aa616abe-1761-0c9a-7959-07544679dafd,aa616abe-1761-0c9a-225e-607c10b55761,survey,93035-4,Has season or migrant farm work been your or your family's main source of income at any point in past 2 years [PRAPARE],No,,text
2024-09-25T10:11:53Z,aa616abe-1761-0c9a-7959-07544679dafd,aa616abe-1761-0c9a-225e-607c10b55761,survey,32624-9,Race,White,,text
2024-09-25T10:11:53Z,aa616abe-1761-0c9a-7959-07544679dafd,aa616abe-1761-0c9a-225e-607c10b55761,survey,56051-6,Hispanic or Latino,No,,text
2024-09-25T10:44:44Z,aa616abe-1761-0c9a-7959-07544679dafd,aa616abe-1761-0c9a-225e-607c10b55761,survey,55758-7,Patient Health Questionnaire 2 item (PHQ-2) total score [Reported],0.0,{score},numeric
2024-09-25T11:22:24Z,aa616abe-1761-0c9a-7959-07544679dafd,aa616abe-1761-0c9a-225e-607c10b55761,survey,75626-2,Total score [AUDIT-C],1.0,{score},numeric
2024-10-02T09:38:04Z,aa616abe-1761-0c9a-7959-07544679dafd,aa616abe-1761-0c9a-78bd-fe9c63a0faa0,laboratory,2345-7,Glucose [Mass/volume] in Serum or Plasma,78.0,mg/dL,numeric
2024-10-02T09:38:04Z,aa616abe-1761-0c9a-7959-07544679dafd,aa616abe-1761-0c9a-78bd-fe9c63a0faa0,laboratory,3094-0,Urea nitrogen [Mass/volume] in Serum or Plasma,19.3,mg/dL,numeric
2024-10-02T09:38:04Z,aa616abe-1761-0c9a-7959-07544679dafd,aa616abe-1761-0c9a-78bd-fe9c63a0faa0,laboratory,2160-0,Creatinine [Mass/volume] in Serum or Plasma,1.9,mg/dL,numeric
2024-10-02T09:38:04Z,aa616abe-1761-0c9a-7959-07544679dafd,aa616abe-1761-0c9a-78bd-fe9c63a0faa0,laboratory,17861-6,Calcium [Mass/volume] in Serum or Plasma,9.8,mg/dL,numeric
2024-10-02T09:38:04Z,aa616abe-1761-0c9a-7959-07544679dafd,aa616abe-1761-0c9a-78bd-fe9c63a0faa0,laboratory,2951-2,Sodium [Moles/volume] in Serum or Plasma,140.1,mmol/L,numeric
2024-10-02T09:38:04Z,aa616abe-1761-0c9a-7959-07544679dafd,aa616abe-1761-0c9a-78bd-fe9c63a0faa0,laboratory,2823-3,Potassium [Moles/volume] in Serum or Plasma,5.2,mmol/L,numeric
2024-10-02T09:38:04Z,aa616abe-1761-0c9a-7959-07544679dafd,aa616abe-1761-0c9a-78bd-fe9c63a0faa0,laboratory,2075-0,Chloride [Moles/volume] in Serum or Plasma,104.5,mmol/L,numeric
2024-10-02T09:38:04Z,aa616abe-1761-0c9a-7959-07544679dafd,aa616abe-1761-0c9a-78bd-fe9c63a0faa0,laboratory,2028-9,Carbon dioxide  total [Moles/volume] in Serum or Plasma,25.8,mmol/L,numeric
2024-10-02T09:38:04Z,aa616abe-1761-0c9a-7959-07544679dafd,aa616abe-1761-0c9a-78bd-fe9c63a0faa0,laboratory,33914-3,Glomerular filtration rate [Volume Rate/Area] in Serum or Plasma by Creatinine-based formula (MDRD)/1.73 sq M,73.7,mL/min/{1.73_m2},numeric
2024-10-02T09:38:04Z,aa616abe-1761-0c9a-7959-07544679dafd,aa616abe-1761-0c9a-78bd-fe9c63a0faa0,laboratory,5767-9,Appearance of Urine,Cloudy urine (finding),{nominal},text
2024-10-02T09:38:04Z,aa616abe-1761-0c9a-7959-07544679dafd,aa616abe-1761-0c9a-78bd-fe9c63a0faa0,laboratory,34533-0,Odor of Urine,Urine smell ammoniacal (finding),{nominal},text
2024-10-02T09:38:04Z,aa616abe-1761-0c9a-7959-07544679dafd,aa616abe-1761-0c9a-78bd-fe9c63a0faa0,laboratory,32167-9,Clarity of Urine,Translucent (qualifier value),{nominal},text
2024-10-02T09:38:04Z,aa616abe-1761-0c9a-7959-07544679dafd,aa616abe-1761-0c9a-78bd-fe9c63a0faa0,laboratory,5778-6,Color of Urine,Brown color (qualifier value),{nominal},text
2024-10-02T09:38:04Z,aa616abe-1761-0c9a-7959-07544679dafd,aa616abe-1761-0c9a-78bd-fe9c63a0faa0,laboratory,5792-7,Glucose [Mass/volume] in Urine by Test strip,1.8,mg/dL,numeric
2024-10-02T09:38:04Z,aa616abe-1761-0c9a-7959-07544679dafd,aa616abe-1761-0c9a-78bd-fe9c63a0faa0,laboratory,25428-4,Glucose [Presence] in Urine by Test strip,Urine glucose test = ++ (finding),{nominal},text
2024-10-02T09:38:04Z,aa616abe-1761-0c9a-7959-07544679dafd,aa616abe-1761-0c9a-78bd-fe9c63a0faa0,laboratory,20505-4,Bilirubin.total [Mass/volume] in Urine by Test strip,0.5,mg/dL,numeric
2024-10-02T09:38:04Z,aa616abe-1761-0c9a-7959-07544679dafd,aa616abe-1761-0c9a-78bd-fe9c63a0faa0,laboratory,5770-3,Bilirubin.total [Presence] in Urine by Test strip,Finding of bilirubin in urine (finding),{nominal},text
2024-10-02T09:38:04Z,aa616abe-1761-0c9a-7959-07544679dafd,aa616abe-1761-0c9a-78bd-fe9c63a0faa0,laboratory,5797-6,Ketones [Mass/volume] in Urine by Test strip,1.8,mg/dL,numeric
2024-10-02T09:38:04Z,aa616abe-1761-0c9a-7959-07544679dafd,aa616abe-1761-0c9a-78bd-fe9c63a0faa0,laboratory,2514-8,Ketones [Presence] in Urine by Test strip,Urine ketone test = + (finding),{nominal},text
2024-10-02T09:38:04Z,aa616abe-1761-0c9a-7959-07544679dafd,aa616abe-1761-0c9a-78bd-fe9c63a0faa0,laboratory,5811-5,Specific gravity of Urine by Test strip,1.0,{nominal},numeric
2024-10-02T09:38:04Z,aa616abe-1761-0c9a-7959-07544679dafd,aa616abe-1761-0c9a-78bd-fe9c63a0faa0,laboratory,5803-2,pH of Urine by Test strip,6.6,pH,numeric
2024-10-02T09:38:04Z,aa616abe-1761-0c9a-7959-07544679dafd,aa616abe-1761-0c9a-78bd-fe9c63a0faa0,laboratory,5804-0,Protein [Mass/volume] in Urine by Test strip,283.1,mg/dL,numeric
2024-10-02T09:38:04Z,aa616abe-1761-0c9a-7959-07544679dafd,aa616abe-1761-0c9a-78bd-fe9c63a0faa0,laboratory,20454-5,Protein [Presence] in Urine by Test strip,Urine protein test = ++ (finding),{nominal},text
2024-10-02T09:38:04Z,aa616abe-1761-0c9a-7959-07544679dafd,aa616abe-1761-0c9a-78bd-fe9c63a0faa0,laboratory,5802-4,Nitrite [Presence] in Urine by Test strip,Nitrite not detected in urine (finding),{nominal},text
2024-10-02T09:38:04Z,aa616abe-1761-0c9a-7959-07544679dafd,aa616abe-1761-0c9a-78bd-fe9c63a0faa0,laboratory,5794-3,Hemoglobin [Presence] in Urine by Test strip,Blood not detected in urine (finding),{nominal},text
2024-10-02T09:38:04Z,aa616abe-1761-0c9a-7959-07544679dafd,aa616abe-1761-0c9a-78bd-fe9c63a0faa0,laboratory,5799-2,Leukocyte esterase [Presence] in Urine by Test strip,Urine leukocytes not detected (finding),{nominal},text
2024-10-02T09:38:04Z,aa616abe-1761-0c9a-7959-07544679dafd,aa616abe-1761-0c9a-78bd-fe9c63a0faa0,laboratory,4548-4,Hemoglobin A1c/Hemoglobin.total in Blood,5.4,%,numeric
2024-10-09T09:38:04Z,aa616abe-1761-0c9a-7959-07544679dafd,aa616abe-1761-0c9a-56f4-8c5848aab430,laboratory,2345-7,Glucose [Mass/volume] in Serum or Plasma,65.7,mg/dL,numeric
2024-10-09T09:38:04Z,aa616abe-1761-0c9a-7959-07544679dafd,aa616abe-1761-0c9a-56f4-8c5848aab430,laboratory,3094-0,Urea nitrogen [Mass/volume] in Serum or Plasma,16.7,mg/dL,numeric
2024-10-09T09:38:04Z,aa616abe-1761-0c9a-7959-07544679dafd,aa616abe-1761-0c9a-56f4-8c5848aab430,laboratory,2160-0,Creatinine [Mass/volume] in Serum or Plasma,2.1,mg/dL,numeric
2024-10-09T09:38:04Z,aa616abe-1761-0c9a-7959-07544679dafd,aa616abe-1761-0c9a-56f4-8c5848aab430,laboratory,17861-6,Calcium [Mass/volume] in Serum or Plasma,9.6,mg/dL,numeric
2024-10-09T09:38:04Z,aa616abe-1761-0c9a-7959-07544679dafd,aa616abe-1761-0c9a-56f4-8c5848aab430,laboratory,2951-2,Sodium [Moles/volume] in Serum or Plasma,140.9,mmol/L,numeric
2024-10-09T09:38:04Z,aa616abe-1761-0c9a-7959-07544679dafd,aa616abe-1761-0c9a-56f4-8c5848aab430,laboratory,2823-3,Potassium [Moles/volume] in Serum or Plasma,4.4,mmol/L,numeric
2024-10-09T09:38:04Z,aa616abe-1761-0c9a-7959-07544679dafd,aa616abe-1761-0c9a-56f4-8c5848aab430,laboratory,2075-0,Chloride [Moles/volume] in Serum or Plasma,110.0,mmol/L,numeric
2024-10-09T09:38:04Z,aa616abe-1761-0c9a-7959-07544679dafd,aa616abe-1761-0c9a-56f4-8c5848aab430,laboratory,2028-9,Carbon dioxide  total [Moles/volume] in Serum or Plasma,27.3,mmol/L,numeric
2024-10-09T09:38:04Z,aa616abe-1761-0c9a-7959-07544679dafd,aa616abe-1761-0c9a-56f4-8c5848aab430,laboratory,33914-3,Glomerular filtration rate [Volume Rate/Area] in Serum or Plasma by Creatinine-based formula (MDRD)/1.73 sq M,86.5,mL/min/{1.73_m2},numeric
2024-10-09T09:38:04Z,aa616abe-1761-0c9a-7959-07544679dafd,aa616abe-1761-0c9a-56f4-8c5848aab430,laboratory,5767-9,Appearance of Urine,Cloudy urine (finding),{nominal},text
2024-10-09T09:38:04Z,aa616abe-1761-0c9a-7959-07544679dafd,aa616abe-1761-0c9a-56f4-8c5848aab430,laboratory,34533-0,Odor of Urine,Urine smell ammoniacal (finding),{nominal},text
2024-10-09T09:38:04Z,aa616abe-1761-0c9a-7959-07544679dafd,aa616abe-1761-0c9a-56f4-8c5848aab430,laboratory,32167-9,Clarity of Urine,Translucent (qualifier value),{nominal},text
2024-10-09T09:38:04Z,aa616abe-1761-0c9a-7959-07544679dafd,aa616abe-1761-0c9a-56f4-8c5848aab430,laboratory,5778-6,Color of Urine,Brown color (qualifier value),{nominal},text
2024-10-09T09:38:04Z,aa616abe-1761-0c9a-7959-07544679dafd,aa616abe-1761-0c9a-56f4-8c5848aab430,laboratory,5792-7,Glucose [Mass/volume] in Urine by Test strip,0.9,mg/dL,numeric
2024-10-09T09:38:04Z,aa616abe-1761-0c9a-7959-07544679dafd,aa616abe-1761-0c9a-56f4-8c5848aab430,laboratory,25428-4,Glucose [Presence] in Urine by Test strip,Urine glucose test = ++ (finding),{nominal},text
2024-10-09T09:38:04Z,aa616abe-1761-0c9a-7959-07544679dafd,aa616abe-1761-0c9a-56f4-8c5848aab430,laboratory,20505-4,Bilirubin.total [Mass/volume] in Urine by Test strip,1.4,mg/dL,numeric
2024-10-09T09:38:04Z,aa616abe-1761-0c9a-7959-07544679dafd,aa616abe-1761-0c9a-56f4-8c5848aab430,laboratory,5770-3,Bilirubin.total [Presence] in Urine by Test strip,Finding of bilirubin in urine (finding),{nominal},text
2024-10-09T09:38:04Z,aa616abe-1761-0c9a-7959-07544679dafd,aa616abe-1761-0c9a-56f4-8c5848aab430,laboratory,5797-6,Ketones [Mass/volume] in Urine by Test strip,6.5,mg/dL,numeric
2024-10-09T09:38:04Z,aa616abe-1761-0c9a-7959-07544679dafd,aa616abe-1761-0c9a-56f4-8c5848aab430,laboratory,2514-8,Ketones [Presence] in Urine by Test strip,Urine ketone test = + (finding),{nominal},text
2024-10-09T09:38:04Z,aa616abe-1761-0c9a-7959-07544679dafd,aa616abe-1761-0c9a-56f4-8c5848aab430,laboratory,5811-5,Specific gravity of Urine by Test strip,1.0,{nominal},numeric
2024-10-09T09:38:04Z,aa616abe-1761-0c9a-7959-07544679dafd,aa616abe-1761-0c9a-56f4-8c5848aab430,laboratory,5803-2,pH of Urine by Test strip,6.3,pH,numeric
2024-10-09T09:38:04Z,aa616abe-1761-0c9a-7959-07544679dafd,aa616abe-1761-0c9a-56f4-8c5848aab430,laboratory,5804-0,Protein [Mass/volume] in Urine by Test strip,273.5,mg/dL,numeric
2024-10-09T09:38:04Z,aa616abe-1761-0c9a-7959-07544679dafd,aa616abe-1761-0c9a-56f4-8c5848aab430,laboratory,20454-5,Protein [Presence] in Urine by Test strip,Urine protein test = ++ (finding),{nominal},text
2024-10-09T09:38:04Z,aa616abe-1761-0c9a-7959-07544679dafd,aa616abe-1761-0c9a-56f4-8c5848aab430,laboratory,5802-4,Nitrite [Presence] in Urine by Test strip,Nitrite not detected in urine (finding),{nominal},text
2024-10-09T09:38:04Z,aa616abe-1761-0c9a-7959-07544679dafd,aa616abe-1761-0c9a-56f4-8c5848aab430,laboratory,5794-3,Hemoglobin [Presence] in Urine by Test strip,Blood not detected in urine (finding),{nominal},text
2024-10-09T09:38:04Z,aa616abe-1761-0c9a-7959-07544679dafd,aa616abe-1761-0c9a-56f4-8c5848aab430,laboratory,5799-2,Leukocyte esterase [Presence] in Urine by Test strip,Urine leukocytes not detected (finding),{nominal},text
2024-10-09T09:38:04Z,aa616abe-1761-0c9a-7959-07544679dafd,aa616abe-1761-0c9a-56f4-8c5848aab430,laboratory,4548-4,Hemoglobin A1c/Hemoglobin.total in Blood,5.4,%,numeric
2024-10-09T09:38:04Z,aa616abe-1761-0c9a-7959-07544679dafd,aa616abe-1761-0c9a-56f4-8c5848aab430,vital-signs,8302-2,Body Height,164.6,cm,numeric
2024-10-09T09:38:04Z,aa616abe-1761-0c9a-7959-07544679dafd,aa616abe-1761-0c9a-56f4-8c5848aab430,vital-signs,72514-3,Pain severity - 0-10 verbal numeric rating [Score] - Reported,1.0,{score},numeric
2024-10-09T09:38:04Z,aa616abe-1761-0c9a-7959-07544679dafd,aa616abe-1761-0c9a-56f4-8c5848aab430,vital-signs,29463-7,Body Weight,75.2,kg,numeric
2024-10-09T09:38:04Z,aa616abe-1761-0c9a-7959-07544679dafd,aa616abe-1761-0c9a-56f4-8c5848aab430,vital-signs,39156-5,Body mass index (BMI) [Ratio],27.8,kg/m2,numeric
2024-10-09T09:38:04Z,aa616abe-1761-0c9a-7959-07544679dafd,aa616abe-1761-0c9a-56f4-8c5848aab430,vital-signs,8462-4,Diastolic Blood Pressure,75.0,mm[Hg],numeric
2024-10-09T09:38:04Z,aa616abe-1761-0c9a-7959-07544679dafd,aa616abe-1761-0c9a-56f4-8c5848aab430,vital-signs,8480-6,Systolic Blood Pressure,106.0,mm[Hg],numeric
2024-10-09T09:38:04Z,aa616abe-1761-0c9a-7959-07544679dafd,aa616abe-1761-0c9a-56f4-8c5848aab430,vital-signs,8867-4,Heart rate,69.0,/min,numeric
2024-10-09T09:38:04Z,aa616abe-1761-0c9a-7959-07544679dafd,aa616abe-1761-0c9a-56f4-8c5848aab430,vital-signs,9279-1,Respiratory rate,14.0,/min,numeric
2024-10-09T09:38:04Z,aa616abe-1761-0c9a-7959-07544679dafd,aa616abe-1761-0c9a-56f4-8c5848aab430,laboratory,2339-0,Glucose [Mass/volume] in Blood,65.7,mg/dL,numeric
2024-10-09T09:38:04Z,aa616abe-1761-0c9a-7959-07544679dafd,aa616abe-1761-0c9a-56f4-8c5848aab430,laboratory,6299-2,Urea nitrogen [Mass/volume] in Blood,16.7,mg/dL,numeric
2024-10-09T09:38:04Z,aa616abe-1761-0c9a-7959-07544679dafd,aa616abe-1761-0c9a-56f4-8c5848aab430,laboratory,38483-4,Creatinine [Mass/volume] in Blood,1.6,mg/dL,numeric
2024-10-09T09:38:04Z,aa616abe-1761-0c9a-7959-07544679dafd,aa616abe-1761-0c9a-56f4-8c5848aab430,laboratory,49765-1,Calcium [Mass/volume] in Blood,9.6,mg/dL,numeric
2024-10-09T09:38:04Z,aa616abe-1761-0c9a-7959-07544679dafd,aa616abe-1761-0c9a-56f4-8c5848aab430,laboratory,2947-0,Sodium [Moles/volume] in Blood,140.9,mmol/L,numeric
2024-10-09T09:38:04Z,aa616abe-1761-0c9a-7959-07544679dafd,aa616abe-1761-0c9a-56f4-8c5848aab430,laboratory,6298-4,Potassium [Moles/volume] in Blood,4.4,mmol/L,numeric
2024-10-09T09:38:04Z,aa616abe-1761-0c9a-7959-07544679dafd,aa616abe-1761-0c9a-56f4-8c5848aab430,laboratory,2069-3,Chloride [Moles/volume] in Blood,110.0,mmol/L,numeric
2024-10-09T09:38:04Z,aa616abe-1761-0c9a-7959-07544679dafd,aa616abe-1761-0c9a-56f4-8c5848aab430,laboratory,20565-8,Carbon dioxide  total [Moles/volume] in Blood,27.3,mmol/L,numeric
2024-10-09T09:38:04Z,aa616abe-1761-0c9a-7959-07544679dafd,aa616abe-1761-0c9a-56f4-8c5848aab430,laboratory,2093-3,Cholesterol [Mass/volume] in Serum or Plasma,209.6,mg/dL,numeric
2024-10-09T09:38:04Z,aa616abe-1761-0c9a-7959-07544679dafd,aa616abe-1761-0c9a-56f4-8c5848aab430,laboratory,2571-8,Triglyceride [Mass/volume] in Serum or Plasma,116.6,mg/dL,numeric
2024-10-09T09:38:04Z,aa616abe-1761-0c9a-7959-07544679dafd,aa616abe-1761-0c9a-56f4-8c5848aab430,laboratory,18262-6,Cholesterol in LDL [Mass/volume] in Serum or Plasma by Direct assay,128.9,mg/dL,numeric
2024-10-09T09:38:04Z,aa616abe-1761-0c9a-7959-07544679dafd,aa616abe-1761-0c9a-56f4-8c5848aab430,laboratory,2085-9,Cholesterol in HDL [Mass/volume] in Serum or Plasma,57.4,mg/dL,numeric
2024-10-09T09:38:04Z,aa616abe-1761-0c9a-7959-07544679dafd,aa616abe-1761-0c9a-56f4-8c5848aab430,laboratory,14959-1,Microalbumin/Creatinine [Mass Ratio] in Urine,19.8,mg/g,numeric
2024-10-09T09:38:04Z,aa616abe-1761-0c9a-7959-07544679dafd,aa616abe-1761-0c9a-56f4-8c5848aab430,laboratory,33914-3,Glomerular filtration rate [Volume Rate/Area] in Serum or Plasma by Creatinine-based formula (MDRD)/1.73 sq M,36.0,mL/min/{1.73_m2},numeric
2024-10-09T09:38:04Z,aa616abe-1761-0c9a-7959-07544679dafd,aa616abe-1761-0c9a-56f4-8c5848aab430,social-history,72166-2,Tobacco smoking status,Never smoked tobacco (finding),,text
2024-10-09T10:08:44Z,aa616abe-1761-0c9a-7959-07544679dafd,aa616abe-1761-0c9a-56f4-8c5848aab430,survey,76501-6,Within the last year  have you been afraid of your partner or ex-partner,No,,text
2024-10-09T10:08:44Z,aa616abe-1761-0c9a-7959-07544679dafd,aa616abe-1761-0c9a-56f4-8c5848aab430,survey,93026-3,Do you feel physically and emotionally safe where you currently live [PRAPARE],Yes,,text
2024-10-09T10:08:44Z,aa616abe-1761-0c9a-7959-07544679dafd,aa616abe-1761-0c9a-56f4-8c5848aab430,survey,93027-1,Are you a refugee,No,,text
2024-10-09T10:08:44Z,aa616abe-1761-0c9a-7959-07544679dafd,aa616abe-1761-0c9a-56f4-8c5848aab430,survey,93028-9,Have you spent more than 2 nights in a row in a jail  prison  detention center  or juvenile correctional facility in past 1 year [PRAPARE],Yes,,text
2024-10-09T10:08:44Z,aa616abe-1761-0c9a-7959-07544679dafd,aa616abe-1761-0c9a-56f4-8c5848aab430,survey,93038-8,Stress level,A little bit,,text
2024-10-09T10:08:44Z,aa616abe-1761-0c9a-7959-07544679dafd,aa616abe-1761-0c9a-56f4-8c5848aab430,survey,93029-7,How often do you see or talk to people that you care about and feel close to [PRAPARE],Less than once a week,,text
2024-10-09T10:08:44Z,aa616abe-1761-0c9a-7959-07544679dafd,aa616abe-1761-0c9a-56f4-8c5848aab430,survey,93030-5,Has lack of transportation kept you from medical appointments  meetings  work  or from getting things needed for daily living,No,,text
2024-10-09T10:08:44Z,aa616abe-1761-0c9a-7959-07544679dafd,aa616abe-1761-0c9a-56f4-8c5848aab430,survey,93031-3,Have you or any family members you live with been unable to get any of the following when it was really needed in past 1 year [PRAPARE],I choose not to answer this question,,text
2024-10-09T10:08:44Z,aa616abe-1761-0c9a-7959-07544679dafd,aa616abe-1761-0c9a-56f4-8c5848aab430,survey,63586-2,What was your best estimate of the total income of all family members from all sources  before taxes  in last year [PhenX],15504,/a,text
2024-10-09T10:08:44Z,aa616abe-1761-0c9a-7959-07544679dafd,aa616abe-1761-0c9a-56f4-8c5848aab430,survey,76437-3,Primary insurance,Medicaid,,text
2024-10-09T10:08:44Z,aa616abe-1761-0c9a-7959-07544679dafd,aa616abe-1761-0c9a-56f4-8c5848aab430,survey,67875-5,Employment status - current,Full-time work,,text
2024-10-09T10:08:44Z,aa616abe-1761-0c9a-7959-07544679dafd,aa616abe-1761-0c9a-56f4-8c5848aab430,survey,82589-3,Highest level of education,High school diploma or GED,,text
2024-10-09T10:08:44Z,aa616abe-1761-0c9a-7959-07544679dafd,aa616abe-1761-0c9a-56f4-8c5848aab430,survey,56799-0,Address,997 Grant Row Unit 85,,text
2024-10-09T10:08:44Z,aa616abe-1761-0c9a-7959-07544679dafd,aa616abe-1761-0c9a-56f4-8c5848aab430,survey,93033-9,Are you worried about losing your housing [PRAPARE],No,,text
2024-10-09T10:08:44Z,aa616abe-1761-0c9a-7959-07544679dafd,aa616abe-1761-0c9a-56f4-8c5848aab430,survey,71802-3,Housing status,I have housing,,text
2024-10-09T10:08:44Z,aa616abe-1761-0c9a-7959-07544679dafd,aa616abe-1761-0c9a-56f4-8c5848aab430,survey,63512-8,How many people are living or staying at this address [#],6.0,{#},numeric
2024-10-09T10:08:44Z,aa616abe-1761-0c9a-7959-07544679dafd,aa616abe-1761-0c9a-56f4-8c5848aab430,survey,54899-0,Preferred language,English,,text
2024-10-09T10:08:44Z,aa616abe-1761-0c9a-7959-07544679dafd,aa616abe-1761-0c9a-56f4-8c5848aab430,survey,93034-7,Discharged from the U.S. Armed Forces,No,,text
2024-10-09T10:08:44Z,aa616abe-1761-0c9a-7959-07544679dafd,aa616abe-1761-0c9a-56f4-8c5848aab430,survey,93035-4,Has season or migrant farm work been your or your family's main source of income at any point in past 2 years [PRAPARE],No,,text
2024-10-09T10:08:44Z,aa616abe-1761-0c9a-7959-07544679dafd,aa616abe-1761-0c9a-56f4-8c5848aab430,survey,32624-9,Race,White,,text
2024-10-09T10:08:44Z,aa616abe-1761-0c9a-7959-07544679dafd,aa616abe-1761-0c9a-56f4-8c5848aab430,survey,56051-6,Hispanic or Latino,No,,text
2024-10-09T10:30:06Z,aa616abe-1761-0c9a-7959-07544679dafd,aa616abe-1761-0c9a-56f4-8c5848aab430,survey,70274-6,Generalized anxiety disorder 7 item (GAD-7) total score [Reported.PHQ],1.0,{score},numeric
2024-10-09T10:50:31Z,aa616abe-1761-0c9a-7959-07544679dafd,aa616abe-1761-0c9a-56f4-8c5848aab430,survey,59460-6,Fall risk total [Morse Fall Scale],27.0,{#},numeric
2024-10-09T10:50:31Z,aa616abe-1761-0c9a-7959-07544679dafd,aa616abe-1761-0c9a-56f4-8c5848aab430,survey,59461-4,Fall risk level [Morse Fall Scale],Moderate Risk (MFS Score 25 - 45),,text
2024-10-09T11:21:31Z,aa616abe-1761-0c9a-7959-07544679dafd,aa616abe-1761-0c9a-56f4-8c5848aab430,survey,76504-0,Total score [HARK],0.0,{score},numeric
2024-10-09T11:55:19Z,aa616abe-1761-0c9a-7959-07544679dafd,aa616abe-1761-0c9a-56f4-8c5848aab430,survey,75626-2,Total score [AUDIT-C],1.0,{score},numeric
2024-10-16T09:38:04Z,aa616abe-1761-0c9a-7959-07544679dafd,aa616abe-1761-0c9a-808a-b0ab533768c9,laboratory,2345-7,Glucose [Mass/volume] in Serum or Plasma,79.0,mg/dL,numeric
2024-10-16T09:38:04Z,aa616abe-1761-0c9a-7959-07544679dafd,aa616abe-1761-0c9a-808a-b0ab533768c9,laboratory,3094-0,Urea nitrogen [Mass/volume] in Serum or Plasma,12.1,mg/dL,numeric
2024-10-16T09:38:04Z,aa616abe-1761-0c9a-7959-07544679dafd,aa616abe-1761-0c9a-808a-b0ab533768c9,laboratory,2160-0,Creatinine [Mass/volume] in Serum or Plasma,2.1,mg/dL,numeric
2024-10-16T09:38:04Z,aa616abe-1761-0c9a-7959-07544679dafd,aa616abe-1761-0c9a-808a-b0ab533768c9,laboratory,17861-6,Calcium [Mass/volume] in Serum or Plasma,8.9,mg/dL,numeric
2024-10-16T09:38:04Z,aa616abe-1761-0c9a-7959-07544679dafd,aa616abe-1761-0c9a-808a-b0ab533768c9,laboratory,2951-2,Sodium [Moles/volume] in Serum or Plasma,140.2,mmol/L,numeric
2024-10-16T09:38:04Z,aa616abe-1761-0c9a-7959-07544679dafd,aa616abe-1761-0c9a-808a-b0ab533768c9,laboratory,2823-3,Potassium [Moles/volume] in Serum or Plasma,4.9,mmol/L,numeric
2024-10-16T09:38:04Z,aa616abe-1761-0c9a-7959-07544679dafd,aa616abe-1761-0c9a-808a-b0ab533768c9,laboratory,2075-0,Chloride [Moles/volume] in Serum or Plasma,108.9,mmol/L,numeric
2024-10-16T09:38:04Z,aa616abe-1761-0c9a-7959-07544679dafd,aa616abe-1761-0c9a-808a-b0ab533768c9,laboratory,2028-9,Carbon dioxide  total [Moles/volume] in Serum or Plasma,20.4,mmol/L,numeric
2024-10-16T09:38:04Z,aa616abe-1761-0c9a-7959-07544679dafd,aa616abe-1761-0c9a-808a-b0ab533768c9,laboratory,33914-3,Glomerular filtration rate [Volume Rate/Area] in Serum or Plasma by Creatinine-based formula (MDRD)/1.73 sq M,77.3,mL/min/{1.73_m2},numeric
2024-10-16T09:38:04Z,aa616abe-1761-0c9a-7959-07544679dafd,aa616abe-1761-0c9a-808a-b0ab533768c9,laboratory,5767-9,Appearance of Urine,Cloudy urine (finding),{nominal},text
2024-10-16T09:38:04Z,aa616abe-1761-0c9a-7959-07544679dafd,aa616abe-1761-0c9a-808a-b0ab533768c9,laboratory,34533-0,Odor of Urine,Urine smell ammoniacal (finding),{nominal},text
2024-10-16T09:38:04Z,aa616abe-1761-0c9a-7959-07544679dafd,aa616abe-1761-0c9a-808a-b0ab533768c9,laboratory,32167-9,Clarity of Urine,Translucent (qualifier value),{nominal},text
2024-10-16T09:38:04Z,aa616abe-1761-0c9a-7959-07544679dafd,aa616abe-1761-0c9a-808a-b0ab533768c9,laboratory,5778-6,Color of Urine,Brown color (qualifier value),{nominal},text
2024-10-16T09:38:04Z,aa616abe-1761-0c9a-7959-07544679dafd,aa616abe-1761-0c9a-808a-b0ab533768c9,laboratory,5792-7,Glucose [Mass/volume] in Urine by Test strip,2.5,mg/dL,numeric
2024-10-16T09:38:04Z,aa616abe-1761-0c9a-7959-07544679dafd,aa616abe-1761-0c9a-808a-b0ab533768c9,laboratory,25428-4,Glucose [Presence] in Urine by Test strip,Urine glucose test = ++ (finding),{nominal},text
2024-10-16T09:38:04Z,aa616abe-1761-0c9a-7959-07544679dafd,aa616abe-1761-0c9a-808a-b0ab533768c9,laboratory,20505-4,Bilirubin.total [Mass/volume] in Urine by Test strip,0.6,mg/dL,numeric
2024-10-16T09:38:04Z,aa616abe-1761-0c9a-7959-07544679dafd,aa616abe-1761-0c9a-808a-b0ab533768c9,laboratory,5770-3,Bilirubin.total [Presence] in Urine by Test strip,Finding of bilirubin in urine (finding),{nominal},text
2024-10-16T09:38:04Z,aa616abe-1761-0c9a-7959-07544679dafd,aa616abe-1761-0c9a-808a-b0ab533768c9,laboratory,5797-6,Ketones [Mass/volume] in Urine by Test strip,17.3,mg/dL,numeric
2024-10-16T09:38:04Z,aa616abe-1761-0c9a-7959-07544679dafd,aa616abe-1761-0c9a-808a-b0ab533768c9,laboratory,2514-8,Ketones [Presence] in Urine by Test strip,Urine ketone test = + (finding),{nominal},text
2024-10-16T09:38:04Z,aa616abe-1761-0c9a-7959-07544679dafd,aa616abe-1761-0c9a-808a-b0ab533768c9,laboratory,5811-5,Specific gravity of Urine by Test strip,1.0,{nominal},numeric
2024-10-16T09:38:04Z,aa616abe-1761-0c9a-7959-07544679dafd,aa616abe-1761-0c9a-808a-b0ab533768c9,laboratory,5803-2,pH of Urine by Test strip,6.9,pH,numeric
2024-10-16T09:38:04Z,aa616abe-1761-0c9a-7959-07544679dafd,aa616abe-1761-0c9a-808a-b0ab533768c9,laboratory,5804-0,Protein [Mass/volume] in Urine by Test strip,203.7,mg/dL,numeric
2024-10-16T09:38:04Z,aa616abe-1761-0c9a-7959-07544679dafd,aa616abe-1761-0c9a-808a-b0ab533768c9,laboratory,20454-5,Protein [Presence] in Urine by Test strip,Urine protein test = ++ (finding),{nominal},text
2024-10-16T09:38:04Z,aa616abe-1761-0c9a-7959-07544679dafd,aa616abe-1761-0c9a-808a-b0ab533768c9,laboratory,5802-4,Nitrite [Presence] in Urine by Test strip,Nitrite not detected in urine (finding),{nominal},text
2024-10-16T09:38:04Z,aa616abe-1761-0c9a-7959-07544679dafd,aa616abe-1761-0c9a-808a-b0ab533768c9,laboratory,5794-3,Hemoglobin [Presence] in Urine by Test strip,Blood not detected in urine (finding),{nominal},text
2024-10-16T09:38:04Z,aa616abe-1761-0c9a-7959-07544679dafd,aa616abe-1761-0c9a-808a-b0ab533768c9,laboratory,5799-2,Leukocyte esterase [Presence] in Urine by Test strip,Urine leukocytes not detected (finding),{nominal},text
2024-10-16T09:38:04Z,aa616abe-1761-0c9a-7959-07544679dafd,aa616abe-1761-0c9a-808a-b0ab533768c9,laboratory,4548-4,Hemoglobin A1c/Hemoglobin.total in Blood,5.4,%,numeric
2024-10-23T09:38:04Z,aa616abe-1761-0c9a-7959-07544679dafd,aa616abe-1761-0c9a-1486-427f451dfdfd,laboratory,2345-7,Glucose [Mass/volume] in Serum or Plasma,88.7,mg/dL,numeric
2024-10-23T09:38:04Z,aa616abe-1761-0c9a-7959-07544679dafd,aa616abe-1761-0c9a-1486-427f451dfdfd,laboratory,3094-0,Urea nitrogen [Mass/volume] in Serum or Plasma,12.6,mg/dL,numeric
2024-10-23T09:38:04Z,aa616abe-1761-0c9a-7959-07544679dafd,aa616abe-1761-0c9a-1486-427f451dfdfd,laboratory,2160-0,Creatinine [Mass/volume] in Serum or Plasma,1.9,mg/dL,numeric
2024-10-23T09:38:04Z,aa616abe-1761-0c9a-7959-07544679dafd,aa616abe-1761-0c9a-1486-427f451dfdfd,laboratory,17861-6,Calcium [Mass/volume] in Serum or Plasma,9.6,mg/dL,numeric
2024-10-23T09:38:04Z,aa616abe-1761-0c9a-7959-07544679dafd,aa616abe-1761-0c9a-1486-427f451dfdfd,laboratory,2951-2,Sodium [Moles/volume] in Serum or Plasma,138.4,mmol/L,numeric
2024-10-23T09:38:04Z,aa616abe-1761-0c9a-7959-07544679dafd,aa616abe-1761-0c9a-1486-427f451dfdfd,laboratory,2823-3,Potassium [Moles/volume] in Serum or Plasma,5.2,mmol/L,numeric
2024-10-23T09:38:04Z,aa616abe-1761-0c9a-7959-07544679dafd,aa616abe-1761-0c9a-1486-427f451dfdfd,laboratory,2075-0,Chloride [Moles/volume] in Serum or Plasma,103.7,mmol/L,numeric
2024-10-23T09:38:04Z,aa616abe-1761-0c9a-7959-07544679dafd,aa616abe-1761-0c9a-1486-427f451dfdfd,laboratory,2028-9,Carbon dioxide  total [Moles/volume] in Serum or Plasma,28.5,mmol/L,numeric
2024-10-23T09:38:04Z,aa616abe-1761-0c9a-7959-07544679dafd,aa616abe-1761-0c9a-1486-427f451dfdfd,laboratory,33914-3,Glomerular filtration rate [Volume Rate/Area] in Serum or Plasma by Creatinine-based formula (MDRD)/1.73 sq M,62.8,mL/min/{1.73_m2},numeric
2024-10-23T09:38:04Z,aa616abe-1761-0c9a-7959-07544679dafd,aa616abe-1761-0c9a-1486-427f451dfdfd,laboratory,5767-9,Appearance of Urine,Cloudy urine (finding),{nominal},text
2024-10-23T09:38:04Z,aa616abe-1761-0c9a-7959-07544679dafd,aa616abe-1761-0c9a-1486-427f451dfdfd,laboratory,34533-0,Odor of Urine,Urine smell ammoniacal (finding),{nominal},text
2024-10-23T09:38:04Z,aa616abe-1761-0c9a-7959-07544679dafd,aa616abe-1761-0c9a-1486-427f451dfdfd,laboratory,32167-9,Clarity of Urine,Translucent (qualifier value),{nominal},text
2024-10-23T09:38:04Z,aa616abe-1761-0c9a-7959-07544679dafd,aa616abe-1761-0c9a-1486-427f451dfdfd,laboratory,5778-6,Color of Urine,Brown color (qualifier value),{nominal},text
2024-10-23T09:38:04Z,aa616abe-1761-0c9a-7959-07544679dafd,aa616abe-1761-0c9a-1486-427f451dfdfd,laboratory,5792-7,Glucose [Mass/volume] in Urine by Test strip,1.1,mg/dL,numeric
2024-10-23T09:38:04Z,aa616abe-1761-0c9a-7959-07544679dafd,aa616abe-1761-0c9a-1486-427f451dfdfd,laboratory,25428-4,Glucose [Presence] in Urine by Test strip,Urine glucose test = ++ (finding),{nominal},text
2024-10-23T09:38:04Z,aa616abe-1761-0c9a-7959-07544679dafd,aa616abe-1761-0c9a-1486-427f451dfdfd,laboratory,20505-4,Bilirubin.total [Mass/volume] in Urine by Test strip,0.5,mg/dL,numeric
2024-10-23T09:38:04Z,aa616abe-1761-0c9a-7959-07544679dafd,aa616abe-1761-0c9a-1486-427f451dfdfd,laboratory,5770-3,Bilirubin.total [Presence] in Urine by Test strip,Finding of bilirubin in urine (finding),{nominal},text
2024-10-23T09:38:04Z,aa616abe-1761-0c9a-7959-07544679dafd,aa616abe-1761-0c9a-1486-427f451dfdfd,laboratory,5797-6,Ketones [Mass/volume] in Urine by Test strip,3.8,mg/dL,numeric
2024-10-23T09:38:04Z,aa616abe-1761-0c9a-7959-07544679dafd,aa616abe-1761-0c9a-1486-427f451dfdfd,laboratory,2514-8,Ketones [Presence] in Urine by Test strip,Urine ketone test = + (finding),{nominal},text
2024-10-23T09:38:04Z,aa616abe-1761-0c9a-7959-07544679dafd,aa616abe-1761-0c9a-1486-427f451dfdfd,laboratory,5811-5,Specific gravity of Urine by Test strip,1.0,{nominal},numeric
2024-10-23T09:38:04Z,aa616abe-1761-0c9a-7959-07544679dafd,aa616abe-1761-0c9a-1486-427f451dfdfd,laboratory,5803-2,pH of Urine by Test strip,5.0,pH,numeric
2024-10-23T09:38:04Z,aa616abe-1761-0c9a-7959-07544679dafd,aa616abe-1761-0c9a-1486-427f451dfdfd,laboratory,5804-0,Protein [Mass/volume] in Urine by Test strip,270.0,mg/dL,numeric
2024-10-23T09:38:04Z,aa616abe-1761-0c9a-7959-07544679dafd,aa616abe-1761-0c9a-1486-427f451dfdfd,laboratory,20454-5,Protein [Presence] in Urine by Test strip,Urine protein test = ++ (finding),{nominal},text
2024-10-23T09:38:04Z,aa616abe-1761-0c9a-7959-07544679dafd,aa616abe-1761-0c9a-1486-427f451dfdfd,laboratory,5802-4,Nitrite [Presence] in Urine by Test strip,Nitrite not detected in urine (finding),{nominal},text
2024-10-23T09:38:04Z,aa616abe-1761-0c9a-7959-07544679dafd,aa616abe-1761-0c9a-1486-427f451dfdfd,laboratory,5794-3,Hemoglobin [Presence] in Urine by Test strip,Blood not detected in urine (finding),{nominal},text
2024-10-23T09:38:04Z,aa616abe-1761-0c9a-7959-07544679dafd,aa616abe-1761-0c9a-1486-427f451dfdfd,laboratory,5799-2,Leukocyte esterase [Presence] in Urine by Test strip,Urine leukocytes not detected (finding),{nominal},text
2024-10-23T09:38:04Z,aa616abe-1761-0c9a-7959-07544679dafd,aa616abe-1761-0c9a-1486-427f451dfdfd,laboratory,4548-4,Hemoglobin A1c/Hemoglobin.total in Blood,5.4,%,numeric
2024-10-23T09:38:04Z,aa616abe-1761-0c9a-7959-07544679dafd,aa616abe-1761-0c9a-1486-427f451dfdfd,vital-signs,8302-2,Body Height,164.6,cm,numeric
2024-10-23T09:38:04Z,aa616abe-1761-0c9a-7959-07544679dafd,aa616abe-1761-0c9a-1486-427f451dfdfd,vital-signs,72514-3,Pain severity - 0-10 verbal numeric rating [Score] - Reported,2.0,{score},numeric
2024-10-23T09:38:04Z,aa616abe-1761-0c9a-7959-07544679dafd,aa616abe-1761-0c9a-1486-427f451dfdfd,vital-signs,29463-7,Body Weight,75.2,kg,numeric
2024-10-23T09:38:04Z,aa616abe-1761-0c9a-7959-07544679dafd,aa616abe-1761-0c9a-1486-427f451dfdfd,vital-signs,39156-5,Body mass index (BMI) [Ratio],27.8,kg/m2,numeric
2024-10-23T09:38:04Z,aa616abe-1761-0c9a-7959-07544679dafd,aa616abe-1761-0c9a-1486-427f451dfdfd,vital-signs,8462-4,Diastolic Blood Pressure,71.0,mm[Hg],numeric
2024-10-23T09:38:04Z,aa616abe-1761-0c9a-7959-07544679dafd,aa616abe-1761-0c9a-1486-427f451dfdfd,vital-signs,8480-6,Systolic Blood Pressure,110.0,mm[Hg],numeric
2024-10-23T09:38:04Z,aa616abe-1761-0c9a-7959-07544679dafd,aa616abe-1761-0c9a-1486-427f451dfdfd,vital-signs,8867-4,Heart rate,88.0,/min,numeric
2024-10-23T09:38:04Z,aa616abe-1761-0c9a-7959-07544679dafd,aa616abe-1761-0c9a-1486-427f451dfdfd,vital-signs,9279-1,Respiratory rate,13.0,/min,numeric
2024-10-23T09:38:04Z,aa616abe-1761-0c9a-7959-07544679dafd,aa616abe-1761-0c9a-1486-427f451dfdfd,laboratory,2339-0,Glucose [Mass/volume] in Blood,88.7,mg/dL,numeric
2024-10-23T09:38:04Z,aa616abe-1761-0c9a-7959-07544679dafd,aa616abe-1761-0c9a-1486-427f451dfdfd,laboratory,6299-2,Urea nitrogen [Mass/volume] in Blood,12.6,mg/dL,numeric
2024-10-23T09:38:04Z,aa616abe-1761-0c9a-7959-07544679dafd,aa616abe-1761-0c9a-1486-427f451dfdfd,laboratory,38483-4,Creatinine [Mass/volume] in Blood,1.5,mg/dL,numeric
2024-10-23T09:38:04Z,aa616abe-1761-0c9a-7959-07544679dafd,aa616abe-1761-0c9a-1486-427f451dfdfd,laboratory,49765-1,Calcium [Mass/volume] in Blood,9.6,mg/dL,numeric
2024-10-23T09:38:04Z,aa616abe-1761-0c9a-7959-07544679dafd,aa616abe-1761-0c9a-1486-427f451dfdfd,laboratory,2947-0,Sodium [Moles/volume] in Blood,138.4,mmol/L,numeric
2024-10-23T09:38:04Z,aa616abe-1761-0c9a-7959-07544679dafd,aa616abe-1761-0c9a-1486-427f451dfdfd,laboratory,6298-4,Potassium [Moles/volume] in Blood,5.2,mmol/L,numeric
2024-10-23T09:38:04Z,aa616abe-1761-0c9a-7959-07544679dafd,aa616abe-1761-0c9a-1486-427f451dfdfd,laboratory,2069-3,Chloride [Moles/volume] in Blood,103.7,mmol/L,numeric
2024-10-23T09:38:04Z,aa616abe-1761-0c9a-7959-07544679dafd,aa616abe-1761-0c9a-1486-427f451dfdfd,laboratory,20565-8,Carbon dioxide  total [Moles/volume] in Blood,28.5,mmol/L,numeric
2024-10-23T09:38:04Z,aa616abe-1761-0c9a-7959-07544679dafd,aa616abe-1761-0c9a-1486-427f451dfdfd,laboratory,2093-3,Cholesterol [Mass/volume] in Serum or Plasma,169.0,mg/dL,numeric
2024-10-23T09:38:04Z,aa616abe-1761-0c9a-7959-07544679dafd,aa616abe-1761-0c9a-1486-427f451dfdfd,laboratory,2571-8,Triglyceride [Mass/volume] in Serum or Plasma,113.7,mg/dL,numeric
2024-10-23T09:38:04Z,aa616abe-1761-0c9a-7959-07544679dafd,aa616abe-1761-0c9a-1486-427f451dfdfd,laboratory,18262-6,Cholesterol in LDL [Mass/volume] in Serum or Plasma by Direct assay,87.5,mg/dL,numeric
2024-10-23T09:38:04Z,aa616abe-1761-0c9a-7959-07544679dafd,aa616abe-1761-0c9a-1486-427f451dfdfd,laboratory,2085-9,Cholesterol in HDL [Mass/volume] in Serum or Plasma,58.8,mg/dL,numeric
2024-10-23T09:38:04Z,aa616abe-1761-0c9a-7959-07544679dafd,aa616abe-1761-0c9a-1486-427f451dfdfd,laboratory,14959-1,Microalbumin/Creatinine [Mass Ratio] in Urine,22.1,mg/g,numeric
2024-10-23T09:38:04Z,aa616abe-1761-0c9a-7959-07544679dafd,aa616abe-1761-0c9a-1486-427f451dfdfd,laboratory,33914-3,Glomerular filtration rate [Volume Rate/Area] in Serum or Plasma by Creatinine-based formula (MDRD)/1.73 sq M,39.7,mL/min/{1.73_m2},numeric
2024-10-23T09:38:04Z,aa616abe-1761-0c9a-7959-07544679dafd,aa616abe-1761-0c9a-1486-427f451dfdfd,social-history,72166-2,Tobacco smoking status,Never smoked tobacco (finding),,text
2024-10-23T10:09:08Z,aa616abe-1761-0c9a-7959-07544679dafd,aa616abe-1761-0c9a-1486-427f451dfdfd,survey,76501-6,Within the last year  have you been afraid of your partner or ex-partner,No,,text
2024-10-23T10:09:08Z,aa616abe-1761-0c9a-7959-07544679dafd,aa616abe-1761-0c9a-1486-427f451dfdfd,survey,93026-3,Do you feel physically and emotionally safe where you currently live [PRAPARE],Yes,,text
2024-10-23T10:09:08Z,aa616abe-1761-0c9a-7959-07544679dafd,aa616abe-1761-0c9a-1486-427f451dfdfd,survey,93027-1,Are you a refugee,No,,text
2024-10-23T10:09:08Z,aa616abe-1761-0c9a-7959-07544679dafd,aa616abe-1761-0c9a-1486-427f451dfdfd,survey,93028-9,Have you spent more than 2 nights in a row in a jail  prison  detention center  or juvenile correctional facility in past 1 year [PRAPARE],Yes,,text
2024-10-23T10:09:08Z,aa616abe-1761-0c9a-7959-07544679dafd,aa616abe-1761-0c9a-1486-427f451dfdfd,survey,93038-8,Stress level,Somewhat,,text
2024-10-23T10:09:08Z,aa616abe-1761-0c9a-7959-07544679dafd,aa616abe-1761-0c9a-1486-427f451dfdfd,survey,93029-7,How often do you see or talk to people that you care about and feel close to [PRAPARE],5 or more times a week,,text
2024-10-23T10:09:08Z,aa616abe-1761-0c9a-7959-07544679dafd,aa616abe-1761-0c9a-1486-427f451dfdfd,survey,93030-5,Has lack of transportation kept you from medical appointments  meetings  work  or from getting things needed for daily living,No,,text
2024-10-23T10:09:08Z,aa616abe-1761-0c9a-7959-07544679dafd,aa616abe-1761-0c9a-1486-427f451dfdfd,survey,93031-3,Have you or any family members you live with been unable to get any of the following when it was really needed in past 1 year [PRAPARE],Medicine or Any Health Care (Medical  Dental  Mental Health  Vision),,text
2024-10-23T10:09:08Z,aa616abe-1761-0c9a-7959-07544679dafd,aa616abe-1761-0c9a-1486-427f451dfdfd,survey,63586-2,What was your best estimate of the total income of all family members from all sources  before taxes  in last year [PhenX],15504,/a,text
2024-10-23T10:09:08Z,aa616abe-1761-0c9a-7959-07544679dafd,aa616abe-1761-0c9a-1486-427f451dfdfd,survey,76437-3,Primary insurance,Medicaid,,text
2024-10-23T10:09:08Z,aa616abe-1761-0c9a-7959-07544679dafd,aa616abe-1761-0c9a-1486-427f451dfdfd,survey,67875-5,Employment status - current,Full-time work,,text
2024-10-23T10:09:08Z,aa616abe-1761-0c9a-7959-07544679dafd,aa616abe-1761-0c9a-1486-427f451dfdfd,survey,82589-3,Highest level of education,High school diploma or GED,,text
2024-10-23T10:09:08Z,aa616abe-1761-0c9a-7959-07544679dafd,aa616abe-1761-0c9a-1486-427f451dfdfd,survey,56799-0,Address,997 Grant Row Unit 85,,text
2024-10-23T10:09:08Z,aa616abe-1761-0c9a-7959-07544679dafd,aa616abe-1761-0c9a-1486-427f451dfdfd,survey,93033-9,Are you worried about losing your housing [PRAPARE],No,,text
2024-10-23T10:09:08Z,aa616abe-1761-0c9a-7959-07544679dafd,aa616abe-1761-0c9a-1486-427f451dfdfd,survey,71802-3,Housing status,I have housing,,text
2024-10-23T10:09:08Z,aa616abe-1761-0c9a-7959-07544679dafd,aa616abe-1761-0c9a-1486-427f451dfdfd,survey,63512-8,How many people are living or staying at this address [#],6.0,{#},numeric
2024-10-23T10:09:08Z,aa616abe-1761-0c9a-7959-07544679dafd,aa616abe-1761-0c9a-1486-427f451dfdfd,survey,54899-0,Preferred language,English,,text
2024-10-23T10:09:08Z,aa616abe-1761-0c9a-7959-07544679dafd,aa616abe-1761-0c9a-1486-427f451dfdfd,survey,93034-7,Discharged from the U.S. Armed Forces,No,,text
2024-10-23T10:09:08Z,aa616abe-1761-0c9a-7959-07544679dafd,aa616abe-1761-0c9a-1486-427f451dfdfd,survey,93035-4,Has season or migrant farm work been your or your family's main source of income at any point in past 2 years [PRAPARE],No,,text
2024-10-23T10:09:08Z,aa616abe-1761-0c9a-7959-07544679dafd,aa616abe-1761-0c9a-1486-427f451dfdfd,survey,32624-9,Race,White,,text
2024-10-23T10:09:08Z,aa616abe-1761-0c9a-7959-07544679dafd,aa616abe-1761-0c9a-1486-427f451dfdfd,survey,56051-6,Hispanic or Latino,No,,text
2024-10-23T10:36:03Z,aa616abe-1761-0c9a-7959-07544679dafd,aa616abe-1761-0c9a-1486-427f451dfdfd,survey,70274-6,Generalized anxiety disorder 7 item (GAD-7) total score [Reported.PHQ],2.0,{score},numeric
2024-10-23T10:53:12Z,aa616abe-1761-0c9a-7959-07544679dafd,aa616abe-1761-0c9a-1486-427f451dfdfd,survey,59460-6,Fall risk total [Morse Fall Scale],113.0,{#},numeric
2024-10-23T10:53:12Z,aa616abe-1761-0c9a-7959-07544679dafd,aa616abe-1761-0c9a-1486-427f451dfdfd,survey,59461-4,Fall risk level [Morse Fall Scale],High Risk (MFS Score 50+),,text
2024-10-23T11:28:11Z,aa616abe-1761-0c9a-7959-07544679dafd,aa616abe-1761-0c9a-1486-427f451dfdfd,survey,55758-7,Patient Health Questionnaire 2 item (PHQ-2) total score [Reported],1.0,{score},numeric
2024-10-23T12:09:17Z,aa616abe-1761-0c9a-7959-07544679dafd,aa616abe-1761-0c9a-1486-427f451dfdfd,survey,75626-2,Total score [AUDIT-C],1.0,{score},numeric
2024-10-30T09:38:04Z,aa616abe-1761-0c9a-7959-07544679dafd,aa616abe-1761-0c9a-5332-3ad705d69607,laboratory,2345-7,Glucose [Mass/volume] in Serum or Plasma,79.0,mg/dL,numeric
2024-10-30T09:38:04Z,aa616abe-1761-0c9a-7959-07544679dafd,aa616abe-1761-0c9a-5332-3ad705d69607,laboratory,3094-0,Urea nitrogen [Mass/volume] in Serum or Plasma,15.3,mg/dL,numeric
2024-10-30T09:38:04Z,aa616abe-1761-0c9a-7959-07544679dafd,aa616abe-1761-0c9a-5332-3ad705d69607,laboratory,2160-0,Creatinine [Mass/volume] in Serum or Plasma,1.9,mg/dL,numeric
2024-10-30T09:38:04Z,aa616abe-1761-0c9a-7959-07544679dafd,aa616abe-1761-0c9a-5332-3ad705d69607,laboratory,17861-6,Calcium [Mass/volume] in Serum or Plasma,8.8,mg/dL,numeric
2024-10-30T09:38:04Z,aa616abe-1761-0c9a-7959-07544679dafd,aa616abe-1761-0c9a-5332-3ad705d69607,laboratory,2951-2,Sodium [Moles/volume] in Serum or Plasma,143.2,mmol/L,numeric
2024-10-30T09:38:04Z,aa616abe-1761-0c9a-7959-07544679dafd,aa616abe-1761-0c9a-5332-3ad705d69607,laboratory,2823-3,Potassium [Moles/volume] in Serum or Plasma,3.8,mmol/L,numeric
2024-10-30T09:38:04Z,aa616abe-1761-0c9a-7959-07544679dafd,aa616abe-1761-0c9a-5332-3ad705d69607,laboratory,2075-0,Chloride [Moles/volume] in Serum or Plasma,105.4,mmol/L,numeric
2024-10-30T09:38:04Z,aa616abe-1761-0c9a-7959-07544679dafd,aa616abe-1761-0c9a-5332-3ad705d69607,laboratory,2028-9,Carbon dioxide  total [Moles/volume] in Serum or Plasma,25.4,mmol/L,numeric
2024-10-30T09:38:04Z,aa616abe-1761-0c9a-7959-07544679dafd,aa616abe-1761-0c9a-5332-3ad705d69607,laboratory,33914-3,Glomerular filtration rate [Volume Rate/Area] in Serum or Plasma by Creatinine-based formula (MDRD)/1.73 sq M,80.9,mL/min/{1.73_m2},numeric
2024-10-30T09:38:04Z,aa616abe-1761-0c9a-7959-07544679dafd,aa616abe-1761-0c9a-5332-3ad705d69607,laboratory,5767-9,Appearance of Urine,Cloudy urine (finding),{nominal},text
2024-10-30T09:38:04Z,aa616abe-1761-0c9a-7959-07544679dafd,aa616abe-1761-0c9a-5332-3ad705d69607,laboratory,34533-0,Odor of Urine,Urine smell ammoniacal (finding),{nominal},text
2024-10-30T09:38:04Z,aa616abe-1761-0c9a-7959-07544679dafd,aa616abe-1761-0c9a-5332-3ad705d69607,laboratory,32167-9,Clarity of Urine,Translucent (qualifier value),{nominal},text
2024-10-30T09:38:04Z,aa616abe-1761-0c9a-7959-07544679dafd,aa616abe-1761-0c9a-5332-3ad705d69607,laboratory,5778-6,Color of Urine,Brown color (qualifier value),{nominal},text
2024-10-30T09:38:04Z,aa616abe-1761-0c9a-7959-07544679dafd,aa616abe-1761-0c9a-5332-3ad705d69607,laboratory,5792-7,Glucose [Mass/volume] in Urine by Test strip,0.5,mg/dL,numeric
2024-10-30T09:38:04Z,aa616abe-1761-0c9a-7959-07544679dafd,aa616abe-1761-0c9a-5332-3ad705d69607,laboratory,25428-4,Glucose [Presence] in Urine by Test strip,Urine glucose test = ++ (finding),{nominal},text
2024-10-30T09:38:04Z,aa616abe-1761-0c9a-7959-07544679dafd,aa616abe-1761-0c9a-5332-3ad705d69607,laboratory,20505-4,Bilirubin.total [Mass/volume] in Urine by Test strip,1.2,mg/dL,numeric
2024-10-30T09:38:04Z,aa616abe-1761-0c9a-7959-07544679dafd,aa616abe-1761-0c9a-5332-3ad705d69607,laboratory,5770-3,Bilirubin.total [Presence] in Urine by Test strip,Finding of bilirubin in urine (finding),{nominal},text
2024-10-30T09:38:04Z,aa616abe-1761-0c9a-7959-07544679dafd,aa616abe-1761-0c9a-5332-3ad705d69607,laboratory,5797-6,Ketones [Mass/volume] in Urine by Test strip,15.1,mg/dL,numeric
2024-10-30T09:38:04Z,aa616abe-1761-0c9a-7959-07544679dafd,aa616abe-1761-0c9a-5332-3ad705d69607,laboratory,2514-8,Ketones [Presence] in Urine by Test strip,Urine ketone test = + (finding),{nominal},text
2024-10-30T09:38:04Z,aa616abe-1761-0c9a-7959-07544679dafd,aa616abe-1761-0c9a-5332-3ad705d69607,laboratory,5811-5,Specific gravity of Urine by Test strip,1.0,{nominal},numeric
2024-10-30T09:38:04Z,aa616abe-1761-0c9a-7959-07544679dafd,aa616abe-1761-0c9a-5332-3ad705d69607,laboratory,5803-2,pH of Urine by Test strip,5.6,pH,numeric
2024-10-30T09:38:04Z,aa616abe-1761-0c9a-7959-07544679dafd,aa616abe-1761-0c9a-5332-3ad705d69607,laboratory,5804-0,Protein [Mass/volume] in Urine by Test strip,275.7,mg/dL,numeric
2024-10-30T09:38:04Z,aa616abe-1761-0c9a-7959-07544679dafd,aa616abe-1761-0c9a-5332-3ad705d69607,laboratory,20454-5,Protein [Presence] in Urine by Test strip,Urine protein test = ++ (finding),{nominal},text
2024-10-30T09:38:04Z,aa616abe-1761-0c9a-7959-07544679dafd,aa616abe-1761-0c9a-5332-3ad705d69607,laboratory,5802-4,Nitrite [Presence] in Urine by Test strip,Nitrite not detected in urine (finding),{nominal},text
2024-10-30T09:38:04Z,aa616abe-1761-0c9a-7959-07544679dafd,aa616abe-1761-0c9a-5332-3ad705d69607,laboratory,5794-3,Hemoglobin [Presence] in Urine by Test strip,Blood not detected in urine (finding),{nominal},text
2024-10-30T09:38:04Z,aa616abe-1761-0c9a-7959-07544679dafd,aa616abe-1761-0c9a-5332-3ad705d69607,laboratory,5799-2,Leukocyte esterase [Presence] in Urine by Test strip,Urine leukocytes not detected (finding),{nominal},text
2024-10-30T09:38:04Z,aa616abe-1761-0c9a-7959-07544679dafd,aa616abe-1761-0c9a-5332-3ad705d69607,laboratory,4548-4,Hemoglobin A1c/Hemoglobin.total in Blood,5.4,%,numeric
2024-11-06T09:38:04Z,aa616abe-1761-0c9a-7959-07544679dafd,aa616abe-1761-0c9a-4c57-ec904e78220a,laboratory,2345-7,Glucose [Mass/volume] in Serum or Plasma,76.9,mg/dL,numeric
2024-11-06T09:38:04Z,aa616abe-1761-0c9a-7959-07544679dafd,aa616abe-1761-0c9a-4c57-ec904e78220a,laboratory,3094-0,Urea nitrogen [Mass/volume] in Serum or Plasma,10.1,mg/dL,numeric
2024-11-06T09:38:04Z,aa616abe-1761-0c9a-7959-07544679dafd,aa616abe-1761-0c9a-4c57-ec904e78220a,laboratory,2160-0,Creatinine [Mass/volume] in Serum or Plasma,2.0,mg/dL,numeric
2024-11-06T09:38:04Z,aa616abe-1761-0c9a-7959-07544679dafd,aa616abe-1761-0c9a-4c57-ec904e78220a,laboratory,17861-6,Calcium [Mass/volume] in Serum or Plasma,9.5,mg/dL,numeric
2024-11-06T09:38:04Z,aa616abe-1761-0c9a-7959-07544679dafd,aa616abe-1761-0c9a-4c57-ec904e78220a,laboratory,2951-2,Sodium [Moles/volume] in Serum or Plasma,137.9,mmol/L,numeric
2024-11-06T09:38:04Z,aa616abe-1761-0c9a-7959-07544679dafd,aa616abe-1761-0c9a-4c57-ec904e78220a,laboratory,2823-3,Potassium [Moles/volume] in Serum or Plasma,3.9,mmol/L,numeric
2024-11-06T09:38:04Z,aa616abe-1761-0c9a-7959-07544679dafd,aa616abe-1761-0c9a-4c57-ec904e78220a,laboratory,2075-0,Chloride [Moles/volume] in Serum or Plasma,110.1,mmol/L,numeric
2024-11-06T09:38:04Z,aa616abe-1761-0c9a-7959-07544679dafd,aa616abe-1761-0c9a-4c57-ec904e78220a,laboratory,2028-9,Carbon dioxide  total [Moles/volume] in Serum or Plasma,20.1,mmol/L,numeric
2024-11-06T09:38:04Z,aa616abe-1761-0c9a-7959-07544679dafd,aa616abe-1761-0c9a-4c57-ec904e78220a,laboratory,33914-3,Glomerular filtration rate [Volume Rate/Area] in Serum or Plasma by Creatinine-based formula (MDRD)/1.73 sq M,66.3,mL/min/{1.73_m2},numeric
2024-11-06T09:38:04Z,aa616abe-1761-0c9a-7959-07544679dafd,aa616abe-1761-0c9a-4c57-ec904e78220a,laboratory,5767-9,Appearance of Urine,Cloudy urine (finding),{nominal},text
2024-11-06T09:38:04Z,aa616abe-1761-0c9a-7959-07544679dafd,aa616abe-1761-0c9a-4c57-ec904e78220a,laboratory,34533-0,Odor of Urine,Urine smell ammoniacal (finding),{nominal},text
2024-11-06T09:38:04Z,aa616abe-1761-0c9a-7959-07544679dafd,aa616abe-1761-0c9a-4c57-ec904e78220a,laboratory,32167-9,Clarity of Urine,Translucent (qualifier value),{nominal},text
2024-11-06T09:38:04Z,aa616abe-1761-0c9a-7959-07544679dafd,aa616abe-1761-0c9a-4c57-ec904e78220a,laboratory,5778-6,Color of Urine,Brown color (qualifier value),{nominal},text
2024-11-06T09:38:04Z,aa616abe-1761-0c9a-7959-07544679dafd,aa616abe-1761-0c9a-4c57-ec904e78220a,laboratory,5792-7,Glucose [Mass/volume] in Urine by Test strip,1.9,mg/dL,numeric
2024-11-06T09:38:04Z,aa616abe-1761-0c9a-7959-07544679dafd,aa616abe-1761-0c9a-4c57-ec904e78220a,laboratory,25428-4,Glucose [Presence] in Urine by Test strip,Urine glucose test = ++ (finding),{nominal},text
2024-11-06T09:38:04Z,aa616abe-1761-0c9a-7959-07544679dafd,aa616abe-1761-0c9a-4c57-ec904e78220a,laboratory,20505-4,Bilirubin.total [Mass/volume] in Urine by Test strip,0.6,mg/dL,numeric
2024-11-06T09:38:04Z,aa616abe-1761-0c9a-7959-07544679dafd,aa616abe-1761-0c9a-4c57-ec904e78220a,laboratory,5770-3,Bilirubin.total [Presence] in Urine by Test strip,Finding of bilirubin in urine (finding),{nominal},text
2024-11-06T09:38:04Z,aa616abe-1761-0c9a-7959-07544679dafd,aa616abe-1761-0c9a-4c57-ec904e78220a,laboratory,5797-6,Ketones [Mass/volume] in Urine by Test strip,2.8,mg/dL,numeric
2024-11-06T09:38:04Z,aa616abe-1761-0c9a-7959-07544679dafd,aa616abe-1761-0c9a-4c57-ec904e78220a,laboratory,2514-8,Ketones [Presence] in Urine by Test strip,Urine ketone test = + (finding),{nominal},text
2024-11-06T09:38:04Z,aa616abe-1761-0c9a-7959-07544679dafd,aa616abe-1761-0c9a-4c57-ec904e78220a,laboratory,5811-5,Specific gravity of Urine by Test strip,1.0,{nominal},numeric
2024-11-06T09:38:04Z,aa616abe-1761-0c9a-7959-07544679dafd,aa616abe-1761-0c9a-4c57-ec904e78220a,laboratory,5803-2,pH of Urine by Test strip,5.5,pH,numeric
2024-11-06T09:38:04Z,aa616abe-1761-0c9a-7959-07544679dafd,aa616abe-1761-0c9a-4c57-ec904e78220a,laboratory,5804-0,Protein [Mass/volume] in Urine by Test strip,324.0,mg/dL,numeric
2024-11-06T09:38:04Z,aa616abe-1761-0c9a-7959-07544679dafd,aa616abe-1761-0c9a-4c57-ec904e78220a,laboratory,20454-5,Protein [Presence] in Urine by Test strip,Urine protein test = ++ (finding),{nominal},text
2024-11-06T09:38:04Z,aa616abe-1761-0c9a-7959-07544679dafd,aa616abe-1761-0c9a-4c57-ec904e78220a,laboratory,5802-4,Nitrite [Presence] in Urine by Test strip,Nitrite not detected in urine (finding),{nominal},text
2024-11-06T09:38:04Z,aa616abe-1761-0c9a-7959-07544679dafd,aa616abe-1761-0c9a-4c57-ec904e78220a,laboratory,5794-3,Hemoglobin [Presence] in Urine by Test strip,Blood not detected in urine (finding),{nominal},text
2024-11-06T09:38:04Z,aa616abe-1761-0c9a-7959-07544679dafd,aa616abe-1761-0c9a-4c57-ec904e78220a,laboratory,5799-2,Leukocyte esterase [Presence] in Urine by Test strip,Urine leukocytes not detected (finding),{nominal},text
2024-11-06T09:38:04Z,aa616abe-1761-0c9a-7959-07544679dafd,aa616abe-1761-0c9a-4c57-ec904e78220a,laboratory,4548-4,Hemoglobin A1c/Hemoglobin.total in Blood,5.4,%,numeric
2024-11-06T09:38:04Z,aa616abe-1761-0c9a-7959-07544679dafd,aa616abe-1761-0c9a-4c57-ec904e78220a,vital-signs,8302-2,Body Height,164.6,cm,numeric
2024-11-06T09:38:04Z,aa616abe-1761-0c9a-7959-07544679dafd,aa616abe-1761-0c9a-4c57-ec904e78220a,vital-signs,72514-3,Pain severity - 0-10 verbal numeric rating [Score] - Reported,1.0,{score},numeric
2024-11-06T09:38:04Z,aa616abe-1761-0c9a-7959-07544679dafd,aa616abe-1761-0c9a-4c57-ec904e78220a,vital-signs,29463-7,Body Weight,75.2,kg,numeric
2024-11-06T09:38:04Z,aa616abe-1761-0c9a-7959-07544679dafd,aa616abe-1761-0c9a-4c57-ec904e78220a,vital-signs,39156-5,Body mass index (BMI) [Ratio],27.8,kg/m2,numeric
2024-11-06T09:38:04Z,aa616abe-1761-0c9a-7959-07544679dafd,aa616abe-1761-0c9a-4c57-ec904e78220a,vital-signs,8462-4,Diastolic Blood Pressure,72.0,mm[Hg],numeric
2024-11-06T09:38:04Z,aa616abe-1761-0c9a-7959-07544679dafd,aa616abe-1761-0c9a-4c57-ec904e78220a,vital-signs,8480-6,Systolic Blood Pressure,102.0,mm[Hg],numeric
2024-11-06T09:38:04Z,aa616abe-1761-0c9a-7959-07544679dafd,aa616abe-1761-0c9a-4c57-ec904e78220a,vital-signs,8867-4,Heart rate,64.0,/min,numeric
2024-11-06T09:38:04Z,aa616abe-1761-0c9a-7959-07544679dafd,aa616abe-1761-0c9a-4c57-ec904e78220a,vital-signs,9279-1,Respiratory rate,15.0,/min,numeric
2024-11-06T09:38:04Z,aa616abe-1761-0c9a-7959-07544679dafd,aa616abe-1761-0c9a-4c57-ec904e78220a,laboratory,2339-0,Glucose [Mass/volume] in Blood,76.9,mg/dL,numeric
2024-11-06T09:38:04Z,aa616abe-1761-0c9a-7959-07544679dafd,aa616abe-1761-0c9a-4c57-ec904e78220a,laboratory,6299-2,Urea nitrogen [Mass/volume] in Blood,10.1,mg/dL,numeric
2024-11-06T09:38:04Z,aa616abe-1761-0c9a-7959-07544679dafd,aa616abe-1761-0c9a-4c57-ec904e78220a,laboratory,38483-4,Creatinine [Mass/volume] in Blood,1.5,mg/dL,numeric
2024-11-06T09:38:04Z,aa616abe-1761-0c9a-7959-07544679dafd,aa616abe-1761-0c9a-4c57-ec904e78220a,laboratory,49765-1,Calcium [Mass/volume] in Blood,9.5,mg/dL,numeric
2024-11-06T09:38:04Z,aa616abe-1761-0c9a-7959-07544679dafd,aa616abe-1761-0c9a-4c57-ec904e78220a,laboratory,2947-0,Sodium [Moles/volume] in Blood,137.9,mmol/L,numeric
2024-11-06T09:38:04Z,aa616abe-1761-0c9a-7959-07544679dafd,aa616abe-1761-0c9a-4c57-ec904e78220a,laboratory,6298-4,Potassium [Moles/volume] in Blood,3.9,mmol/L,numeric
2024-11-06T09:38:04Z,aa616abe-1761-0c9a-7959-07544679dafd,aa616abe-1761-0c9a-4c57-ec904e78220a,laboratory,2069-3,Chloride [Moles/volume] in Blood,110.1,mmol/L,numeric
2024-11-06T09:38:04Z,aa616abe-1761-0c9a-7959-07544679dafd,aa616abe-1761-0c9a-4c57-ec904e78220a,laboratory,20565-8,Carbon dioxide  total [Moles/volume] in Blood,20.1,mmol/L,numeric
2024-11-06T09:38:04Z,aa616abe-1761-0c9a-7959-07544679dafd,aa616abe-1761-0c9a-4c57-ec904e78220a,laboratory,2093-3,Cholesterol [Mass/volume] in Serum or Plasma,188.3,mg/dL,numeric
2024-11-06T09:38:04Z,aa616abe-1761-0c9a-7959-07544679dafd,aa616abe-1761-0c9a-4c57-ec904e78220a,laboratory,2571-8,Triglyceride [Mass/volume] in Serum or Plasma,103.6,mg/dL,numeric
2024-11-06T09:38:04Z,aa616abe-1761-0c9a-7959-07544679dafd,aa616abe-1761-0c9a-4c57-ec904e78220a,laboratory,18262-6,Cholesterol in LDL [Mass/volume] in Serum or Plasma by Direct assay,108.4,mg/dL,numeric
2024-11-06T09:38:04Z,aa616abe-1761-0c9a-7959-07544679dafd,aa616abe-1761-0c9a-4c57-ec904e78220a,laboratory,2085-9,Cholesterol in HDL [Mass/volume] in Serum or Plasma,59.1,mg/dL,numeric
2024-11-06T09:38:04Z,aa616abe-1761-0c9a-7959-07544679dafd,aa616abe-1761-0c9a-4c57-ec904e78220a,laboratory,14959-1,Microalbumin/Creatinine [Mass Ratio] in Urine,17.6,mg/g,numeric
2024-11-06T09:38:04Z,aa616abe-1761-0c9a-7959-07544679dafd,aa616abe-1761-0c9a-4c57-ec904e78220a,laboratory,33914-3,Glomerular filtration rate [Volume Rate/Area] in Serum or Plasma by Creatinine-based formula (MDRD)/1.73 sq M,39.3,mL/min/{1.73_m2},numeric
2024-11-06T09:38:04Z,aa616abe-1761-0c9a-7959-07544679dafd,aa616abe-1761-0c9a-4c57-ec904e78220a,social-history,72166-2,Tobacco smoking status,Never smoked tobacco (finding),,text
2024-11-06T10:32:52Z,aa616abe-1761-0c9a-7959-07544679dafd,aa616abe-1761-0c9a-4c57-ec904e78220a,survey,76501-6,Within the last year  have you been afraid of your partner or ex-partner,No,,text
2024-11-06T10:32:52Z,aa616abe-1761-0c9a-7959-07544679dafd,aa616abe-1761-0c9a-4c57-ec904e78220a,survey,93026-3,Do you feel physically and emotionally safe where you currently live [PRAPARE],Yes,,text
2024-11-06T10:32:52Z,aa616abe-1761-0c9a-7959-07544679dafd,aa616abe-1761-0c9a-4c57-ec904e78220a,survey,93027-1,Are you a refugee,No,,text
2024-11-06T10:32:52Z,aa616abe-1761-0c9a-7959-07544679dafd,aa616abe-1761-0c9a-4c57-ec904e78220a,survey,93028-9,Have you spent more than 2 nights in a row in a jail  prison  detention center  or juvenile correctional facility in past 1 year [PRAPARE],Yes,,text
2024-11-06T10:32:52Z,aa616abe-1761-0c9a-7959-07544679dafd,aa616abe-1761-0c9a-4c57-ec904e78220a,survey,93038-8,Stress level,Not at all,,text
2024-11-06T10:32:52Z,aa616abe-1761-0c9a-7959-07544679dafd,aa616abe-1761-0c9a-4c57-ec904e78220a,survey,93029-7,How often do you see or talk to people that you care about and feel close to [PRAPARE],1 or 2 times a week,,text
2024-11-06T10:32:52Z,aa616abe-1761-0c9a-7959-07544679dafd,aa616abe-1761-0c9a-4c57-ec904e78220a,survey,93030-5,Has lack of transportation kept you from medical appointments  meetings  work  or from getting things needed for daily living,No,,text
2024-11-06T10:32:52Z,aa616abe-1761-0c9a-7959-07544679dafd,aa616abe-1761-0c9a-4c57-ec904e78220a,survey,93031-3,Have you or any family members you live with been unable to get any of the following when it was really needed in past 1 year [PRAPARE],Child care,,text
2024-11-06T10:32:52Z,aa616abe-1761-0c9a-7959-07544679dafd,aa616abe-1761-0c9a-4c57-ec904e78220a,survey,63586-2,What was your best estimate of the total income of all family members from all sources  before taxes  in last year [PhenX],15504,/a,text
2024-11-06T10:32:52Z,aa616abe-1761-0c9a-7959-07544679dafd,aa616abe-1761-0c9a-4c57-ec904e78220a,survey,76437-3,Primary insurance,Medicaid,,text
2024-11-06T10:32:52Z,aa616abe-1761-0c9a-7959-07544679dafd,aa616abe-1761-0c9a-4c57-ec904e78220a,survey,67875-5,Employment status - current,Full-time work,,text
2024-11-06T10:32:52Z,aa616abe-1761-0c9a-7959-07544679dafd,aa616abe-1761-0c9a-4c57-ec904e78220a,survey,82589-3,Highest level of education,High school diploma or GED,,text
2024-11-06T10:32:52Z,aa616abe-1761-0c9a-7959-07544679dafd,aa616abe-1761-0c9a-4c57-ec904e78220a,survey,56799-0,Address,997 Grant Row Unit 85,,text
2024-11-06T10:32:52Z,aa616abe-1761-0c9a-7959-07544679dafd,aa616abe-1761-0c9a-4c57-ec904e78220a,survey,93033-9,Are you worried about losing your housing [PRAPARE],No,,text
2024-11-06T10:32:52Z,aa616abe-1761-0c9a-7959-07544679dafd,aa616abe-1761-0c9a-4c57-ec904e78220a,survey,71802-3,Housing status,I have housing,,text
2024-11-06T10:32:52Z,aa616abe-1761-0c9a-7959-07544679dafd,aa616abe-1761-0c9a-4c57-ec904e78220a,survey,63512-8,How many people are living or staying at this address [#],6.0,{#},numeric
2024-11-06T10:32:52Z,aa616abe-1761-0c9a-7959-07544679dafd,aa616abe-1761-0c9a-4c57-ec904e78220a,survey,54899-0,Preferred language,English,,text
2024-11-06T10:32:52Z,aa616abe-1761-0c9a-7959-07544679dafd,aa616abe-1761-0c9a-4c57-ec904e78220a,survey,93034-7,Discharged from the U.S. Armed Forces,No,,text
2024-11-06T10:32:52Z,aa616abe-1761-0c9a-7959-07544679dafd,aa616abe-1761-0c9a-4c57-ec904e78220a,survey,93035-4,Has season or migrant farm work been your or your family's main source of income at any point in past 2 years [PRAPARE],No,,text
2024-11-06T10:32:52Z,aa616abe-1761-0c9a-7959-07544679dafd,aa616abe-1761-0c9a-4c57-ec904e78220a,survey,32624-9,Race,White,,text
2024-11-06T10:32:52Z,aa616abe-1761-0c9a-7959-07544679dafd,aa616abe-1761-0c9a-4c57-ec904e78220a,survey,56051-6,Hispanic or Latino,No,,text
2024-11-06T10:49:39Z,aa616abe-1761-0c9a-7959-07544679dafd,aa616abe-1761-0c9a-4c57-ec904e78220a,survey,70274-6,Generalized anxiety disorder 7 item (GAD-7) total score [Reported.PHQ],3.0,{score},numeric
2024-11-06T11:17:51Z,aa616abe-1761-0c9a-7959-07544679dafd,aa616abe-1761-0c9a-4c57-ec904e78220a,survey,76504-0,Total score [HARK],0.0,{score},numeric
2024-11-06T11:57:45Z,aa616abe-1761-0c9a-7959-07544679dafd,aa616abe-1761-0c9a-4c57-ec904e78220a,survey,55758-7,Patient Health Questionnaire 2 item (PHQ-2) total score [Reported],2.0,{score},numeric
2024-11-13T09:38:04Z,aa616abe-1761-0c9a-7959-07544679dafd,aa616abe-1761-0c9a-4b0f-8cf90115fd87,laboratory,2345-7,Glucose [Mass/volume] in Serum or Plasma,86.2,mg/dL,numeric
2024-11-13T09:38:04Z,aa616abe-1761-0c9a-7959-07544679dafd,aa616abe-1761-0c9a-4b0f-8cf90115fd87,laboratory,3094-0,Urea nitrogen [Mass/volume] in Serum or Plasma,12.5,mg/dL,numeric
2024-11-13T09:38:04Z,aa616abe-1761-0c9a-7959-07544679dafd,aa616abe-1761-0c9a-4b0f-8cf90115fd87,laboratory,2160-0,Creatinine [Mass/volume] in Serum or Plasma,2.0,mg/dL,numeric
2024-11-13T09:38:04Z,aa616abe-1761-0c9a-7959-07544679dafd,aa616abe-1761-0c9a-4b0f-8cf90115fd87,laboratory,17861-6,Calcium [Mass/volume] in Serum or Plasma,9.6,mg/dL,numeric
2024-11-13T09:38:04Z,aa616abe-1761-0c9a-7959-07544679dafd,aa616abe-1761-0c9a-4b0f-8cf90115fd87,laboratory,2951-2,Sodium [Moles/volume] in Serum or Plasma,140.1,mmol/L,numeric
2024-11-13T09:38:04Z,aa616abe-1761-0c9a-7959-07544679dafd,aa616abe-1761-0c9a-4b0f-8cf90115fd87,laboratory,2823-3,Potassium [Moles/volume] in Serum or Plasma,5.0,mmol/L,numeric
2024-11-13T09:38:04Z,aa616abe-1761-0c9a-7959-07544679dafd,aa616abe-1761-0c9a-4b0f-8cf90115fd87,laboratory,2075-0,Chloride [Moles/volume] in Serum or Plasma,101.5,mmol/L,numeric
2024-11-13T09:38:04Z,aa616abe-1761-0c9a-7959-07544679dafd,aa616abe-1761-0c9a-4b0f-8cf90115fd87,laboratory,2028-9,Carbon dioxide  total [Moles/volume] in Serum or Plasma,28.1,mmol/L,numeric
2024-11-13T09:38:04Z,aa616abe-1761-0c9a-7959-07544679dafd,aa616abe-1761-0c9a-4b0f-8cf90115fd87,laboratory,33914-3,Glomerular filtration rate [Volume Rate/Area] in Serum or Plasma by Creatinine-based formula (MDRD)/1.73 sq M,73.6,mL/min/{1.73_m2},numeric
2024-11-13T09:38:04Z,aa616abe-1761-0c9a-7959-07544679dafd,aa616abe-1761-0c9a-4b0f-8cf90115fd87,laboratory,5767-9,Appearance of Urine,Cloudy urine (finding),{nominal},text
2024-11-13T09:38:04Z,aa616abe-1761-0c9a-7959-07544679dafd,aa616abe-1761-0c9a-4b0f-8cf90115fd87,laboratory,34533-0,Odor of Urine,Urine smell ammoniacal (finding),{nominal},text
2024-11-13T09:38:04Z,aa616abe-1761-0c9a-7959-07544679dafd,aa616abe-1761-0c9a-4b0f-8cf90115fd87,laboratory,32167-9,Clarity of Urine,Translucent (qualifier value),{nominal},text
2024-11-13T09:38:04Z,aa616abe-1761-0c9a-7959-07544679dafd,aa616abe-1761-0c9a-4b0f-8cf90115fd87,laboratory,5778-6,Color of Urine,Brown color (qualifier value),{nominal},text
2024-11-13T09:38:04Z,aa616abe-1761-0c9a-7959-07544679dafd,aa616abe-1761-0c9a-4b0f-8cf90115fd87,laboratory,5792-7,Glucose [Mass/volume] in Urine by Test strip,1.1,mg/dL,numeric
2024-11-13T09:38:04Z,aa616abe-1761-0c9a-7959-07544679dafd,aa616abe-1761-0c9a-4b0f-8cf90115fd87,laboratory,25428-4,Glucose [Presence] in Urine by Test strip,Urine glucose test = ++ (finding),{nominal},text
2024-11-13T09:38:04Z,aa616abe-1761-0c9a-7959-07544679dafd,aa616abe-1761-0c9a-4b0f-8cf90115fd87,laboratory,20505-4,Bilirubin.total [Mass/volume] in Urine by Test strip,0.7,mg/dL,numeric
2024-11-13T09:38:04Z,aa616abe-1761-0c9a-7959-07544679dafd,aa616abe-1761-0c9a-4b0f-8cf90115fd87,laboratory,5770-3,Bilirubin.total [Presence] in Urine by Test strip,Finding of bilirubin in urine (finding),{nominal},text
2024-11-13T09:38:04Z,aa616abe-1761-0c9a-7959-07544679dafd,aa616abe-1761-0c9a-4b0f-8cf90115fd87,laboratory,5797-6,Ketones [Mass/volume] in Urine by Test strip,15.4,mg/dL,numeric
2024-11-13T09:38:04Z,aa616abe-1761-0c9a-7959-07544679dafd,aa616abe-1761-0c9a-4b0f-8cf90115fd87,laboratory,2514-8,Ketones [Presence] in Urine by Test strip,Urine ketone test = + (finding),{nominal},text
2024-11-13T09:38:04Z,aa616abe-1761-0c9a-7959-07544679dafd,aa616abe-1761-0c9a-4b0f-8cf90115fd87,laboratory,5811-5,Specific gravity of Urine by Test strip,1.0,{nominal},numeric
2024-11-13T09:38:04Z,aa616abe-1761-0c9a-7959-07544679dafd,aa616abe-1761-0c9a-4b0f-8cf90115fd87,laboratory,5803-2,pH of Urine by Test strip,5.3,pH,numeric
2024-11-13T09:38:04Z,aa616abe-1761-0c9a-7959-07544679dafd,aa616abe-1761-0c9a-4b0f-8cf90115fd87,laboratory,5804-0,Protein [Mass/volume] in Urine by Test strip,194.3,mg/dL,numeric
2024-11-13T09:38:04Z,aa616abe-1761-0c9a-7959-07544679dafd,aa616abe-1761-0c9a-4b0f-8cf90115fd87,laboratory,20454-5,Protein [Presence] in Urine by Test strip,Urine protein test = ++ (finding),{nominal},text
2024-11-13T09:38:04Z,aa616abe-1761-0c9a-7959-07544679dafd,aa616abe-1761-0c9a-4b0f-8cf90115fd87,laboratory,5802-4,Nitrite [Presence] in Urine by Test strip,Nitrite not detected in urine (finding),{nominal},text
2024-11-13T09:38:04Z,aa616abe-1761-0c9a-7959-07544679dafd,aa616abe-1761-0c9a-4b0f-8cf90115fd87,laboratory,5794-3,Hemoglobin [Presence] in Urine by Test strip,Blood not detected in urine (finding),{nominal},text
2024-11-13T09:38:04Z,aa616abe-1761-0c9a-7959-07544679dafd,aa616abe-1761-0c9a-4b0f-8cf90115fd87,laboratory,5799-2,Leukocyte esterase [Presence] in Urine by Test strip,Urine leukocytes not detected (finding),{nominal},text
2024-11-13T09:38:04Z,aa616abe-1761-0c9a-7959-07544679dafd,aa616abe-1761-0c9a-4b0f-8cf90115fd87,laboratory,4548-4,Hemoglobin A1c/Hemoglobin.total in Blood,5.4,%,numeric
2024-11-20T09:38:04Z,aa616abe-1761-0c9a-7959-07544679dafd,aa616abe-1761-0c9a-04b8-d94ab164cd13,laboratory,2345-7,Glucose [Mass/volume] in Serum or Plasma,68.2,mg/dL,numeric
2024-11-20T09:38:04Z,aa616abe-1761-0c9a-7959-07544679dafd,aa616abe-1761-0c9a-04b8-d94ab164cd13,laboratory,3094-0,Urea nitrogen [Mass/volume] in Serum or Plasma,19.6,mg/dL,numeric
2024-11-20T09:38:04Z,aa616abe-1761-0c9a-7959-07544679dafd,aa616abe-1761-0c9a-04b8-d94ab164cd13,laboratory,2160-0,Creatinine [Mass/volume] in Serum or Plasma,1.8,mg/dL,numeric
2024-11-20T09:38:04Z,aa616abe-1761-0c9a-7959-07544679dafd,aa616abe-1761-0c9a-04b8-d94ab164cd13,laboratory,17861-6,Calcium [Mass/volume] in Serum or Plasma,9.9,mg/dL,numeric
2024-11-20T09:38:04Z,aa616abe-1761-0c9a-7959-07544679dafd,aa616abe-1761-0c9a-04b8-d94ab164cd13,laboratory,2951-2,Sodium [Moles/volume] in Serum or Plasma,136.3,mmol/L,numeric
2024-11-20T09:38:04Z,aa616abe-1761-0c9a-7959-07544679dafd,aa616abe-1761-0c9a-04b8-d94ab164cd13,laboratory,2823-3,Potassium [Moles/volume] in Serum or Plasma,5.0,mmol/L,numeric
2024-11-20T09:38:04Z,aa616abe-1761-0c9a-7959-07544679dafd,aa616abe-1761-0c9a-04b8-d94ab164cd13,laboratory,2075-0,Chloride [Moles/volume] in Serum or Plasma,108.5,mmol/L,numeric
2024-11-20T09:38:04Z,aa616abe-1761-0c9a-7959-07544679dafd,aa616abe-1761-0c9a-04b8-d94ab164cd13,laboratory,2028-9,Carbon dioxide  total [Moles/volume] in Serum or Plasma,26.2,mmol/L,numeric
2024-11-20T09:38:04Z,aa616abe-1761-0c9a-7959-07544679dafd,aa616abe-1761-0c9a-04b8-d94ab164cd13,laboratory,33914-3,Glomerular filtration rate [Volume Rate/Area] in Serum or Plasma by Creatinine-based formula (MDRD)/1.73 sq M,62.9,mL/min/{1.73_m2},numeric
2024-11-20T09:38:04Z,aa616abe-1761-0c9a-7959-07544679dafd,aa616abe-1761-0c9a-04b8-d94ab164cd13,laboratory,5767-9,Appearance of Urine,Cloudy urine (finding),{nominal},text
2024-11-20T09:38:04Z,aa616abe-1761-0c9a-7959-07544679dafd,aa616abe-1761-0c9a-04b8-d94ab164cd13,laboratory,34533-0,Odor of Urine,Urine smell ammoniacal (finding),{nominal},text
2024-11-20T09:38:04Z,aa616abe-1761-0c9a-7959-07544679dafd,aa616abe-1761-0c9a-04b8-d94ab164cd13,laboratory,32167-9,Clarity of Urine,Translucent (qualifier value),{nominal},text
2024-11-20T09:38:04Z,aa616abe-1761-0c9a-7959-07544679dafd,aa616abe-1761-0c9a-04b8-d94ab164cd13,laboratory,5778-6,Color of Urine,Brown color (qualifier value),{nominal},text
2024-11-20T09:38:04Z,aa616abe-1761-0c9a-7959-07544679dafd,aa616abe-1761-0c9a-04b8-d94ab164cd13,laboratory,5792-7,Glucose [Mass/volume] in Urine by Test strip,2.1,mg/dL,numeric
2024-11-20T09:38:04Z,aa616abe-1761-0c9a-7959-07544679dafd,aa616abe-1761-0c9a-04b8-d94ab164cd13,laboratory,25428-4,Glucose [Presence] in Urine by Test strip,Urine glucose test = ++ (finding),{nominal},text
2024-11-20T09:38:04Z,aa616abe-1761-0c9a-7959-07544679dafd,aa616abe-1761-0c9a-04b8-d94ab164cd13,laboratory,20505-4,Bilirubin.total [Mass/volume] in Urine by Test strip,0.8,mg/dL,numeric
2024-11-20T09:38:04Z,aa616abe-1761-0c9a-7959-07544679dafd,aa616abe-1761-0c9a-04b8-d94ab164cd13,laboratory,5770-3,Bilirubin.total [Presence] in Urine by Test strip,Finding of bilirubin in urine (finding),{nominal},text
2024-11-20T09:38:04Z,aa616abe-1761-0c9a-7959-07544679dafd,aa616abe-1761-0c9a-04b8-d94ab164cd13,laboratory,5797-6,Ketones [Mass/volume] in Urine by Test strip,4.2,mg/dL,numeric
2024-11-20T09:38:04Z,aa616abe-1761-0c9a-7959-07544679dafd,aa616abe-1761-0c9a-04b8-d94ab164cd13,laboratory,2514-8,Ketones [Presence] in Urine by Test strip,Urine ketone test = + (finding),{nominal},text
2024-11-20T09:38:04Z,aa616abe-1761-0c9a-7959-07544679dafd,aa616abe-1761-0c9a-04b8-d94ab164cd13,laboratory,5811-5,Specific gravity of Urine by Test strip,1.0,{nominal},numeric
2024-11-20T09:38:04Z,aa616abe-1761-0c9a-7959-07544679dafd,aa616abe-1761-0c9a-04b8-d94ab164cd13,laboratory,5803-2,pH of Urine by Test strip,6.5,pH,numeric
2024-11-20T09:38:04Z,aa616abe-1761-0c9a-7959-07544679dafd,aa616abe-1761-0c9a-04b8-d94ab164cd13,laboratory,5804-0,Protein [Mass/volume] in Urine by Test strip,227.5,mg/dL,numeric
2024-11-20T09:38:04Z,aa616abe-1761-0c9a-7959-07544679dafd,aa616abe-1761-0c9a-04b8-d94ab164cd13,laboratory,20454-5,Protein [Presence] in Urine by Test strip,Urine protein test = ++ (finding),{nominal},text
2024-11-20T09:38:04Z,aa616abe-1761-0c9a-7959-07544679dafd,aa616abe-1761-0c9a-04b8-d94ab164cd13,laboratory,5802-4,Nitrite [Presence] in Urine by Test strip,Nitrite not detected in urine (finding),{nominal},text
2024-11-20T09:38:04Z,aa616abe-1761-0c9a-7959-07544679dafd,aa616abe-1761-0c9a-04b8-d94ab164cd13,laboratory,5794-3,Hemoglobin [Presence] in Urine by Test strip,Blood not detected in urine (finding),{nominal},text
2024-11-20T09:38:04Z,aa616abe-1761-0c9a-7959-07544679dafd,aa616abe-1761-0c9a-04b8-d94ab164cd13,laboratory,5799-2,Leukocyte esterase [Presence] in Urine by Test strip,Urine leukocytes not detected (finding),{nominal},text
2024-11-20T09:38:04Z,aa616abe-1761-0c9a-7959-07544679dafd,aa616abe-1761-0c9a-04b8-d94ab164cd13,laboratory,4548-4,Hemoglobin A1c/Hemoglobin.total in Blood,5.4,%,numeric
2024-11-20T09:38:04Z,aa616abe-1761-0c9a-7959-07544679dafd,aa616abe-1761-0c9a-04b8-d94ab164cd13,vital-signs,8302-2,Body Height,164.6,cm,numeric
2024-11-20T09:38:04Z,aa616abe-1761-0c9a-7959-07544679dafd,aa616abe-1761-0c9a-04b8-d94ab164cd13,vital-signs,72514-3,Pain severity - 0-10 verbal numeric rating [Score] - Reported,3.0,{score},numeric
2024-11-20T09:38:04Z,aa616abe-1761-0c9a-7959-07544679dafd,aa616abe-1761-0c9a-04b8-d94ab164cd13,vital-signs,29463-7,Body Weight,75.2,kg,numeric
2024-11-20T09:38:04Z,aa616abe-1761-0c9a-7959-07544679dafd,aa616abe-1761-0c9a-04b8-d94ab164cd13,vital-signs,39156-5,Body mass index (BMI) [Ratio],27.8,kg/m2,numeric
2024-11-20T09:38:04Z,aa616abe-1761-0c9a-7959-07544679dafd,aa616abe-1761-0c9a-04b8-d94ab164cd13,vital-signs,8462-4,Diastolic Blood Pressure,76.0,mm[Hg],numeric
2024-11-20T09:38:04Z,aa616abe-1761-0c9a-7959-07544679dafd,aa616abe-1761-0c9a-04b8-d94ab164cd13,vital-signs,8480-6,Systolic Blood Pressure,110.0,mm[Hg],numeric
2024-11-20T09:38:04Z,aa616abe-1761-0c9a-7959-07544679dafd,aa616abe-1761-0c9a-04b8-d94ab164cd13,vital-signs,8867-4,Heart rate,87.0,/min,numeric
2024-11-20T09:38:04Z,aa616abe-1761-0c9a-7959-07544679dafd,aa616abe-1761-0c9a-04b8-d94ab164cd13,vital-signs,9279-1,Respiratory rate,15.0,/min,numeric
2024-11-20T09:38:04Z,aa616abe-1761-0c9a-7959-07544679dafd,aa616abe-1761-0c9a-04b8-d94ab164cd13,laboratory,2339-0,Glucose [Mass/volume] in Blood,68.2,mg/dL,numeric
2024-11-20T09:38:04Z,aa616abe-1761-0c9a-7959-07544679dafd,aa616abe-1761-0c9a-04b8-d94ab164cd13,laboratory,6299-2,Urea nitrogen [Mass/volume] in Blood,19.6,mg/dL,numeric
2024-11-20T09:38:04Z,aa616abe-1761-0c9a-7959-07544679dafd,aa616abe-1761-0c9a-04b8-d94ab164cd13,laboratory,38483-4,Creatinine [Mass/volume] in Blood,1.1,mg/dL,numeric
2024-11-20T09:38:04Z,aa616abe-1761-0c9a-7959-07544679dafd,aa616abe-1761-0c9a-04b8-d94ab164cd13,laboratory,49765-1,Calcium [Mass/volume] in Blood,9.9,mg/dL,numeric
2024-11-20T09:38:04Z,aa616abe-1761-0c9a-7959-07544679dafd,aa616abe-1761-0c9a-04b8-d94ab164cd13,laboratory,2947-0,Sodium [Moles/volume] in Blood,136.3,mmol/L,numeric
2024-11-20T09:38:04Z,aa616abe-1761-0c9a-7959-07544679dafd,aa616abe-1761-0c9a-04b8-d94ab164cd13,laboratory,6298-4,Potassium [Moles/volume] in Blood,5.0,mmol/L,numeric
2024-11-20T09:38:04Z,aa616abe-1761-0c9a-7959-07544679dafd,aa616abe-1761-0c9a-04b8-d94ab164cd13,laboratory,2069-3,Chloride [Moles/volume] in Blood,108.5,mmol/L,numeric
2024-11-20T09:38:04Z,aa616abe-1761-0c9a-7959-07544679dafd,aa616abe-1761-0c9a-04b8-d94ab164cd13,laboratory,20565-8,Carbon dioxide  total [Moles/volume] in Blood,26.2,mmol/L,numeric
2024-11-20T09:38:04Z,aa616abe-1761-0c9a-7959-07544679dafd,aa616abe-1761-0c9a-04b8-d94ab164cd13,laboratory,2093-3,Cholesterol [Mass/volume] in Serum or Plasma,97.2,mg/dL,numeric
2024-11-20T09:38:04Z,aa616abe-1761-0c9a-7959-07544679dafd,aa616abe-1761-0c9a-04b8-d94ab164cd13,laboratory,2571-8,Triglyceride [Mass/volume] in Serum or Plasma,113.6,mg/dL,numeric
2024-11-20T09:38:04Z,aa616abe-1761-0c9a-7959-07544679dafd,aa616abe-1761-0c9a-04b8-d94ab164cd13,laboratory,18262-6,Cholesterol in LDL [Mass/volume] in Serum or Plasma by Direct assay,12.4,mg/dL,numeric
2024-11-20T09:38:04Z,aa616abe-1761-0c9a-7959-07544679dafd,aa616abe-1761-0c9a-04b8-d94ab164cd13,laboratory,2085-9,Cholesterol in HDL [Mass/volume] in Serum or Plasma,62.2,mg/dL,numeric
2024-11-20T09:38:04Z,aa616abe-1761-0c9a-7959-07544679dafd,aa616abe-1761-0c9a-04b8-d94ab164cd13,laboratory,14959-1,Microalbumin/Creatinine [Mass Ratio] in Urine,22.0,mg/g,numeric
2024-11-20T09:38:04Z,aa616abe-1761-0c9a-7959-07544679dafd,aa616abe-1761-0c9a-04b8-d94ab164cd13,laboratory,33914-3,Glomerular filtration rate [Volume Rate/Area] in Serum or Plasma by Creatinine-based formula (MDRD)/1.73 sq M,55.0,mL/min/{1.73_m2},numeric
2024-11-20T09:38:04Z,aa616abe-1761-0c9a-7959-07544679dafd,aa616abe-1761-0c9a-04b8-d94ab164cd13,social-history,72166-2,Tobacco smoking status,Never smoked tobacco (finding),,text
2024-11-20T10:30:16Z,aa616abe-1761-0c9a-7959-07544679dafd,aa616abe-1761-0c9a-04b8-d94ab164cd13,survey,76501-6,Within the last year  have you been afraid of your partner or ex-partner,No,,text
2024-11-20T10:30:16Z,aa616abe-1761-0c9a-7959-07544679dafd,aa616abe-1761-0c9a-04b8-d94ab164cd13,survey,93026-3,Do you feel physically and emotionally safe where you currently live [PRAPARE],Yes,,text
2024-11-20T10:30:16Z,aa616abe-1761-0c9a-7959-07544679dafd,aa616abe-1761-0c9a-04b8-d94ab164cd13,survey,93027-1,Are you a refugee,No,,text
2024-11-20T10:30:16Z,aa616abe-1761-0c9a-7959-07544679dafd,aa616abe-1761-0c9a-04b8-d94ab164cd13,survey,93028-9,Have you spent more than 2 nights in a row in a jail  prison  detention center  or juvenile correctional facility in past 1 year [PRAPARE],Yes,,text
2024-11-20T10:30:16Z,aa616abe-1761-0c9a-7959-07544679dafd,aa616abe-1761-0c9a-04b8-d94ab164cd13,survey,93038-8,Stress level,Not at all,,text
2024-11-20T10:30:16Z,aa616abe-1761-0c9a-7959-07544679dafd,aa616abe-1761-0c9a-04b8-d94ab164cd13,survey,93029-7,How often do you see or talk to people that you care about and feel close to [PRAPARE],5 or more times a week,,text
2024-11-20T10:30:16Z,aa616abe-1761-0c9a-7959-07544679dafd,aa616abe-1761-0c9a-04b8-d94ab164cd13,survey,93030-5,Has lack of transportation kept you from medical appointments  meetings  work  or from getting things needed for daily living,No,,text
2024-11-20T10:30:16Z,aa616abe-1761-0c9a-7959-07544679dafd,aa616abe-1761-0c9a-04b8-d94ab164cd13,survey,93031-3,Have you or any family members you live with been unable to get any of the following when it was really needed in past 1 year [PRAPARE],I choose not to answer this question,,text
2024-11-20T10:30:16Z,aa616abe-1761-0c9a-7959-07544679dafd,aa616abe-1761-0c9a-04b8-d94ab164cd13,survey,63586-2,What was your best estimate of the total income of all family members from all sources  before taxes  in last year [PhenX],15504,/a,text
2024-11-20T10:30:16Z,aa616abe-1761-0c9a-7959-07544679dafd,aa616abe-1761-0c9a-04b8-d94ab164cd13,survey,76437-3,Primary insurance,Medicaid,,text
2024-11-20T10:30:16Z,aa616abe-1761-0c9a-7959-07544679dafd,aa616abe-1761-0c9a-04b8-d94ab164cd13,survey,67875-5,Employment status - current,Full-time work,,text
2024-11-20T10:30:16Z,aa616abe-1761-0c9a-7959-07544679dafd,aa616abe-1761-0c9a-04b8-d94ab164cd13,survey,82589-3,Highest level of education,High school diploma or GED,,text
2024-11-20T10:30:16Z,aa616abe-1761-0c9a-7959-07544679dafd,aa616abe-1761-0c9a-04b8-d94ab164cd13,survey,56799-0,Address,997 Grant Row Unit 85,,text
2024-11-20T10:30:16Z,aa616abe-1761-0c9a-7959-07544679dafd,aa616abe-1761-0c9a-04b8-d94ab164cd13,survey,93033-9,Are you worried about losing your housing [PRAPARE],No,,text
2024-11-20T10:30:16Z,aa616abe-1761-0c9a-7959-07544679dafd,aa616abe-1761-0c9a-04b8-d94ab164cd13,survey,71802-3,Housing status,I have housing,,text
2024-11-20T10:30:16Z,aa616abe-1761-0c9a-7959-07544679dafd,aa616abe-1761-0c9a-04b8-d94ab164cd13,survey,63512-8,How many people are living or staying at this address [#],6.0,{#},numeric
2024-11-20T10:30:16Z,aa616abe-1761-0c9a-7959-07544679dafd,aa616abe-1761-0c9a-04b8-d94ab164cd13,survey,54899-0,Preferred language,English,,text
2024-11-20T10:30:16Z,aa616abe-1761-0c9a-7959-07544679dafd,aa616abe-1761-0c9a-04b8-d94ab164cd13,survey,93034-7,Discharged from the U.S. Armed Forces,No,,text
2024-11-20T10:30:16Z,aa616abe-1761-0c9a-7959-07544679dafd,aa616abe-1761-0c9a-04b8-d94ab164cd13,survey,93035-4,Has season or migrant farm work been your or your family's main source of income at any point in past 2 years [PRAPARE],No,,text
2024-11-20T10:30:16Z,aa616abe-1761-0c9a-7959-07544679dafd,aa616abe-1761-0c9a-04b8-d94ab164cd13,survey,32624-9,Race,White,,text
2024-11-20T10:30:16Z,aa616abe-1761-0c9a-7959-07544679dafd,aa616abe-1761-0c9a-04b8-d94ab164cd13,survey,56051-6,Hispanic or Latino,No,,text
2024-11-20T10:52:32Z,aa616abe-1761-0c9a-7959-07544679dafd,aa616abe-1761-0c9a-04b8-d94ab164cd13,survey,59460-6,Fall risk total [Morse Fall Scale],24.0,{#},numeric
2024-11-20T10:52:32Z,aa616abe-1761-0c9a-7959-07544679dafd,aa616abe-1761-0c9a-04b8-d94ab164cd13,survey,59461-4,Fall risk level [Morse Fall Scale],Low Risk (MFS Score 0 - 24),,text
2024-11-20T11:23:29Z,aa616abe-1761-0c9a-7959-07544679dafd,aa616abe-1761-0c9a-04b8-d94ab164cd13,survey,76504-0,Total score [HARK],0.0,{score},numeric
2024-11-20T12:04:56Z,aa616abe-1761-0c9a-7959-07544679dafd,aa616abe-1761-0c9a-04b8-d94ab164cd13,survey,55758-7,Patient Health Questionnaire 2 item (PHQ-2) total score [Reported],0.0,{score},numeric
2024-11-20T12:43:46Z,aa616abe-1761-0c9a-7959-07544679dafd,aa616abe-1761-0c9a-04b8-d94ab164cd13,survey,75626-2,Total score [AUDIT-C],9.0,{score},numeric
2024-11-27T09:38:04Z,aa616abe-1761-0c9a-7959-07544679dafd,aa616abe-1761-0c9a-8ef5-fc3937b5f701,vital-signs,8310-5,Body temperature,37.2,Cel,numeric
2024-11-27T09:38:04Z,aa616abe-1761-0c9a-7959-07544679dafd,aa616abe-1761-0c9a-a404-0f9ffeed8831,laboratory,2339-0,Glucose [Mass/volume] in Blood,76.5,mg/dL,numeric
2024-11-27T09:38:04Z,aa616abe-1761-0c9a-7959-07544679dafd,aa616abe-1761-0c9a-a404-0f9ffeed8831,laboratory,6299-2,Urea nitrogen [Mass/volume] in Blood,18.6,mg/dL,numeric
2024-11-27T09:38:04Z,aa616abe-1761-0c9a-7959-07544679dafd,aa616abe-1761-0c9a-a404-0f9ffeed8831,laboratory,38483-4,Creatinine [Mass/volume] in Blood,3.3,mg/dL,numeric
2024-11-27T09:38:04Z,aa616abe-1761-0c9a-7959-07544679dafd,aa616abe-1761-0c9a-a404-0f9ffeed8831,laboratory,49765-1,Calcium [Mass/volume] in Blood,9.2,mg/dL,numeric
2024-11-27T09:38:04Z,aa616abe-1761-0c9a-7959-07544679dafd,aa616abe-1761-0c9a-a404-0f9ffeed8831,laboratory,2947-0,Sodium [Moles/volume] in Blood,137.3,mmol/L,numeric
2024-11-27T09:38:04Z,aa616abe-1761-0c9a-7959-07544679dafd,aa616abe-1761-0c9a-a404-0f9ffeed8831,laboratory,6298-4,Potassium [Moles/volume] in Blood,3.8,mmol/L,numeric
2024-11-27T09:38:04Z,aa616abe-1761-0c9a-7959-07544679dafd,aa616abe-1761-0c9a-a404-0f9ffeed8831,laboratory,2069-3,Chloride [Moles/volume] in Blood,101.7,mmol/L,numeric
2024-11-27T09:38:04Z,aa616abe-1761-0c9a-7959-07544679dafd,aa616abe-1761-0c9a-a404-0f9ffeed8831,laboratory,20565-8,Carbon dioxide  total [Moles/volume] in Blood,28.4,mmol/L,numeric
2024-11-27T09:38:04Z,aa616abe-1761-0c9a-7959-07544679dafd,aa616abe-1761-0c9a-a404-0f9ffeed8831,laboratory,33914-3,Glomerular filtration rate [Volume Rate/Area] in Serum or Plasma by Creatinine-based formula (MDRD)/1.73 sq M,86.6,mL/min,numeric
2024-11-27T09:38:04Z,aa616abe-1761-0c9a-7959-07544679dafd,aa616abe-1761-0c9a-a404-0f9ffeed8831,laboratory,2885-2,Protein [Mass/volume] in Serum or Plasma,6.8,g/dL,numeric
2024-11-27T09:38:04Z,aa616abe-1761-0c9a-7959-07544679dafd,aa616abe-1761-0c9a-a404-0f9ffeed8831,laboratory,1751-7,Albumin [Mass/volume] in Serum or Plasma,4.1,g/dL,numeric
2024-11-27T09:38:04Z,aa616abe-1761-0c9a-7959-07544679dafd,aa616abe-1761-0c9a-a404-0f9ffeed8831,laboratory,10834-0,Globulin [Mass/volume] in Serum by calculation,3.2,g/L,numeric
2024-11-27T09:38:04Z,aa616abe-1761-0c9a-7959-07544679dafd,aa616abe-1761-0c9a-a404-0f9ffeed8831,laboratory,1975-2,Bilirubin.total [Mass/volume] in Serum or Plasma,0.4,mg/dL,numeric
2024-11-27T09:38:04Z,aa616abe-1761-0c9a-7959-07544679dafd,aa616abe-1761-0c9a-a404-0f9ffeed8831,laboratory,6768-6,Alkaline phosphatase [Enzymatic activity/volume] in Serum or Plasma,102.3,U/L,numeric
2024-11-27T09:38:04Z,aa616abe-1761-0c9a-7959-07544679dafd,aa616abe-1761-0c9a-a404-0f9ffeed8831,laboratory,1742-6,Alanine aminotransferase [Enzymatic activity/volume] in Serum or Plasma,41.7,U/L,numeric
2024-11-27T09:38:04Z,aa616abe-1761-0c9a-7959-07544679dafd,aa616abe-1761-0c9a-a404-0f9ffeed8831,laboratory,1920-8,Aspartate aminotransferase [Enzymatic activity/volume] in Serum or Plasma,25.4,U/L,numeric
2024-11-27T09:38:04Z,aa616abe-1761-0c9a-7959-07544679dafd,aa616abe-1761-0c9a-a404-0f9ffeed8831,laboratory,2093-3,Cholesterol [Mass/volume] in Serum or Plasma,203.7,mg/dL,numeric
2024-11-27T09:38:04Z,aa616abe-1761-0c9a-7959-07544679dafd,aa616abe-1761-0c9a-a404-0f9ffeed8831,laboratory,2571-8,Triglyceride [Mass/volume] in Serum or Plasma,140.8,mg/dL,numeric
2024-11-27T09:38:04Z,aa616abe-1761-0c9a-7959-07544679dafd,aa616abe-1761-0c9a-a404-0f9ffeed8831,laboratory,18262-6,Cholesterol in LDL [Mass/volume] in Serum or Plasma by Direct assay,136.0,mg/dL,numeric
2024-11-27T09:38:04Z,aa616abe-1761-0c9a-7959-07544679dafd,aa616abe-1761-0c9a-a404-0f9ffeed8831,laboratory,2085-9,Cholesterol in HDL [Mass/volume] in Serum or Plasma,45.9,mg/dL,numeric
2024-12-11T09:38:04Z,aa616abe-1761-0c9a-7959-07544679dafd,aa616abe-1761-0c9a-8c4d-10fe61e457c4,laboratory,2345-7,Glucose [Mass/volume] in Serum or Plasma,79.2,mg/dL,numeric
2024-12-11T09:38:04Z,aa616abe-1761-0c9a-7959-07544679dafd,aa616abe-1761-0c9a-8c4d-10fe61e457c4,laboratory,3094-0,Urea nitrogen [Mass/volume] in Serum or Plasma,17.7,mg/dL,numeric
2024-12-11T09:38:04Z,aa616abe-1761-0c9a-7959-07544679dafd,aa616abe-1761-0c9a-8c4d-10fe61e457c4,laboratory,2160-0,Creatinine [Mass/volume] in Serum or Plasma,1.8,mg/dL,numeric
2024-12-11T09:38:04Z,aa616abe-1761-0c9a-7959-07544679dafd,aa616abe-1761-0c9a-8c4d-10fe61e457c4,laboratory,17861-6,Calcium [Mass/volume] in Serum or Plasma,9.6,mg/dL,numeric
2024-12-11T09:38:04Z,aa616abe-1761-0c9a-7959-07544679dafd,aa616abe-1761-0c9a-8c4d-10fe61e457c4,laboratory,2951-2,Sodium [Moles/volume] in Serum or Plasma,139.4,mmol/L,numeric
2024-12-11T09:38:04Z,aa616abe-1761-0c9a-7959-07544679dafd,aa616abe-1761-0c9a-8c4d-10fe61e457c4,laboratory,2823-3,Potassium [Moles/volume] in Serum or Plasma,4.0,mmol/L,numeric
2024-12-11T09:38:04Z,aa616abe-1761-0c9a-7959-07544679dafd,aa616abe-1761-0c9a-8c4d-10fe61e457c4,laboratory,2075-0,Chloride [Moles/volume] in Serum or Plasma,109.7,mmol/L,numeric
2024-12-11T09:38:04Z,aa616abe-1761-0c9a-7959-07544679dafd,aa616abe-1761-0c9a-8c4d-10fe61e457c4,laboratory,2028-9,Carbon dioxide  total [Moles/volume] in Serum or Plasma,24.1,mmol/L,numeric
2024-12-11T09:38:04Z,aa616abe-1761-0c9a-7959-07544679dafd,aa616abe-1761-0c9a-8c4d-10fe61e457c4,laboratory,33914-3,Glomerular filtration rate [Volume Rate/Area] in Serum or Plasma by Creatinine-based formula (MDRD)/1.73 sq M,64.9,mL/min/{1.73_m2},numeric
2024-12-11T09:38:04Z,aa616abe-1761-0c9a-7959-07544679dafd,aa616abe-1761-0c9a-8c4d-10fe61e457c4,laboratory,5767-9,Appearance of Urine,Cloudy urine (finding),{nominal},text
2024-12-11T09:38:04Z,aa616abe-1761-0c9a-7959-07544679dafd,aa616abe-1761-0c9a-8c4d-10fe61e457c4,laboratory,34533-0,Odor of Urine,Urine smell ammoniacal (finding),{nominal},text
2024-12-11T09:38:04Z,aa616abe-1761-0c9a-7959-07544679dafd,aa616abe-1761-0c9a-8c4d-10fe61e457c4,laboratory,32167-9,Clarity of Urine,Translucent (qualifier value),{nominal},text
2024-12-11T09:38:04Z,aa616abe-1761-0c9a-7959-07544679dafd,aa616abe-1761-0c9a-8c4d-10fe61e457c4,laboratory,5778-6,Color of Urine,Brown color (qualifier value),{nominal},text
2024-12-11T09:38:04Z,aa616abe-1761-0c9a-7959-07544679dafd,aa616abe-1761-0c9a-8c4d-10fe61e457c4,laboratory,5792-7,Glucose [Mass/volume] in Urine by Test strip,1.5,mg/dL,numeric
2024-12-11T09:38:04Z,aa616abe-1761-0c9a-7959-07544679dafd,aa616abe-1761-0c9a-8c4d-10fe61e457c4,laboratory,25428-4,Glucose [Presence] in Urine by Test strip,Urine glucose test = ++ (finding),{nominal},text
2024-12-11T09:38:04Z,aa616abe-1761-0c9a-7959-07544679dafd,aa616abe-1761-0c9a-8c4d-10fe61e457c4,laboratory,20505-4,Bilirubin.total [Mass/volume] in Urine by Test strip,0.9,mg/dL,numeric
2024-12-11T09:38:04Z,aa616abe-1761-0c9a-7959-07544679dafd,aa616abe-1761-0c9a-8c4d-10fe61e457c4,laboratory,5770-3,Bilirubin.total [Presence] in Urine by Test strip,Finding of bilirubin in urine (finding),{nominal},text
2024-12-11T09:38:04Z,aa616abe-1761-0c9a-7959-07544679dafd,aa616abe-1761-0c9a-8c4d-10fe61e457c4,laboratory,5797-6,Ketones [Mass/volume] in Urine by Test strip,2.6,mg/dL,numeric
2024-12-11T09:38:04Z,aa616abe-1761-0c9a-7959-07544679dafd,aa616abe-1761-0c9a-8c4d-10fe61e457c4,laboratory,2514-8,Ketones [Presence] in Urine by Test strip,Urine ketone test = + (finding),{nominal},text
2024-12-11T09:38:04Z,aa616abe-1761-0c9a-7959-07544679dafd,aa616abe-1761-0c9a-8c4d-10fe61e457c4,laboratory,5811-5,Specific gravity of Urine by Test strip,1.0,{nominal},numeric
2024-12-11T09:38:04Z,aa616abe-1761-0c9a-7959-07544679dafd,aa616abe-1761-0c9a-8c4d-10fe61e457c4,laboratory,5803-2,pH of Urine by Test strip,5.7,pH,numeric
2024-12-11T09:38:04Z,aa616abe-1761-0c9a-7959-07544679dafd,aa616abe-1761-0c9a-8c4d-10fe61e457c4,laboratory,5804-0,Protein [Mass/volume] in Urine by Test strip,260.2,mg/dL,numeric
2024-12-11T09:38:04Z,aa616abe-1761-0c9a-7959-07544679dafd,aa616abe-1761-0c9a-8c4d-10fe61e457c4,laboratory,20454-5,Protein [Presence] in Urine by Test strip,Urine protein test = ++ (finding),{nominal},text
2024-12-11T09:38:04Z,aa616abe-1761-0c9a-7959-07544679dafd,aa616abe-1761-0c9a-8c4d-10fe61e457c4,laboratory,5802-4,Nitrite [Presence] in Urine by Test strip,Nitrite not detected in urine (finding),{nominal},text
2024-12-11T09:38:04Z,aa616abe-1761-0c9a-7959-07544679dafd,aa616abe-1761-0c9a-8c4d-10fe61e457c4,laboratory,5794-3,Hemoglobin [Presence] in Urine by Test strip,Blood not detected in urine (finding),{nominal},text
2024-12-11T09:38:04Z,aa616abe-1761-0c9a-7959-07544679dafd,aa616abe-1761-0c9a-8c4d-10fe61e457c4,laboratory,5799-2,Leukocyte esterase [Presence] in Urine by Test strip,Urine leukocytes not detected (finding),{nominal},text
2024-12-11T09:38:04Z,aa616abe-1761-0c9a-7959-07544679dafd,aa616abe-1761-0c9a-8c4d-10fe61e457c4,laboratory,4548-4,Hemoglobin A1c/Hemoglobin.total in Blood,5.4,%,numeric
2024-12-11T09:38:04Z,aa616abe-1761-0c9a-7959-07544679dafd,aa616abe-1761-0c9a-8c4d-10fe61e457c4,vital-signs,8302-2,Body Height,164.6,cm,numeric
2024-12-11T09:38:04Z,aa616abe-1761-0c9a-7959-07544679dafd,aa616abe-1761-0c9a-8c4d-10fe61e457c4,vital-signs,72514-3,Pain severity - 0-10 verbal numeric rating [Score] - Reported,0.0,{score},numeric
2024-12-11T09:38:04Z,aa616abe-1761-0c9a-7959-07544679dafd,aa616abe-1761-0c9a-8c4d-10fe61e457c4,vital-signs,29463-7,Body Weight,75.2,kg,numeric
2024-12-11T09:38:04Z,aa616abe-1761-0c9a-7959-07544679dafd,aa616abe-1761-0c9a-8c4d-10fe61e457c4,vital-signs,39156-5,Body mass index (BMI) [Ratio],27.8,kg/m2,numeric
2024-12-11T09:38:04Z,aa616abe-1761-0c9a-7959-07544679dafd,aa616abe-1761-0c9a-8c4d-10fe61e457c4,vital-signs,8462-4,Diastolic Blood Pressure,72.0,mm[Hg],numeric
2024-12-11T09:38:04Z,aa616abe-1761-0c9a-7959-07544679dafd,aa616abe-1761-0c9a-8c4d-10fe61e457c4,vital-signs,8480-6,Systolic Blood Pressure,102.0,mm[Hg],numeric
2024-12-11T09:38:04Z,aa616abe-1761-0c9a-7959-07544679dafd,aa616abe-1761-0c9a-8c4d-10fe61e457c4,vital-signs,8867-4,Heart rate,99.0,/min,numeric
2024-12-11T09:38:04Z,aa616abe-1761-0c9a-7959-07544679dafd,aa616abe-1761-0c9a-8c4d-10fe61e457c4,vital-signs,9279-1,Respiratory rate,14.0,/min,numeric
2024-12-11T09:38:04Z,aa616abe-1761-0c9a-7959-07544679dafd,aa616abe-1761-0c9a-8c4d-10fe61e457c4,laboratory,2339-0,Glucose [Mass/volume] in Blood,79.2,mg/dL,numeric
2024-12-11T09:38:04Z,aa616abe-1761-0c9a-7959-07544679dafd,aa616abe-1761-0c9a-8c4d-10fe61e457c4,laboratory,6299-2,Urea nitrogen [Mass/volume] in Blood,17.7,mg/dL,numeric
2024-12-11T09:38:04Z,aa616abe-1761-0c9a-7959-07544679dafd,aa616abe-1761-0c9a-8c4d-10fe61e457c4,laboratory,38483-4,Creatinine [Mass/volume] in Blood,1.9,mg/dL,numeric
2024-12-11T09:38:04Z,aa616abe-1761-0c9a-7959-07544679dafd,aa616abe-1761-0c9a-8c4d-10fe61e457c4,laboratory,49765-1,Calcium [Mass/volume] in Blood,9.6,mg/dL,numeric
2024-12-11T09:38:04Z,aa616abe-1761-0c9a-7959-07544679dafd,aa616abe-1761-0c9a-8c4d-10fe61e457c4,laboratory,2947-0,Sodium [Moles/volume] in Blood,139.4,mmol/L,numeric
2024-12-11T09:38:04Z,aa616abe-1761-0c9a-7959-07544679dafd,aa616abe-1761-0c9a-8c4d-10fe61e457c4,laboratory,6298-4,Potassium [Moles/volume] in Blood,4.0,mmol/L,numeric
2024-12-11T09:38:04Z,aa616abe-1761-0c9a-7959-07544679dafd,aa616abe-1761-0c9a-8c4d-10fe61e457c4,laboratory,2069-3,Chloride [Moles/volume] in Blood,109.7,mmol/L,numeric
2024-12-11T09:38:04Z,aa616abe-1761-0c9a-7959-07544679dafd,aa616abe-1761-0c9a-8c4d-10fe61e457c4,laboratory,20565-8,Carbon dioxide  total [Moles/volume] in Blood,24.1,mmol/L,numeric
2024-12-11T09:38:04Z,aa616abe-1761-0c9a-7959-07544679dafd,aa616abe-1761-0c9a-8c4d-10fe61e457c4,laboratory,2093-3,Cholesterol [Mass/volume] in Serum or Plasma,210.9,mg/dL,numeric
2024-12-11T09:38:04Z,aa616abe-1761-0c9a-7959-07544679dafd,aa616abe-1761-0c9a-8c4d-10fe61e457c4,laboratory,2571-8,Triglyceride [Mass/volume] in Serum or Plasma,120.0,mg/dL,numeric
2024-12-11T09:38:04Z,aa616abe-1761-0c9a-7959-07544679dafd,aa616abe-1761-0c9a-8c4d-10fe61e457c4,laboratory,18262-6,Cholesterol in LDL [Mass/volume] in Serum or Plasma by Direct assay,130.4,mg/dL,numeric
2024-12-11T09:38:04Z,aa616abe-1761-0c9a-7959-07544679dafd,aa616abe-1761-0c9a-8c4d-10fe61e457c4,laboratory,2085-9,Cholesterol in HDL [Mass/volume] in Serum or Plasma,56.5,mg/dL,numeric
2024-12-11T09:38:04Z,aa616abe-1761-0c9a-7959-07544679dafd,aa616abe-1761-0c9a-8c4d-10fe61e457c4,laboratory,14959-1,Microalbumin/Creatinine [Mass Ratio] in Urine,20.0,mg/g,numeric
2024-12-11T09:38:04Z,aa616abe-1761-0c9a-7959-07544679dafd,aa616abe-1761-0c9a-8c4d-10fe61e457c4,laboratory,33914-3,Glomerular filtration rate [Volume Rate/Area] in Serum or Plasma by Creatinine-based formula (MDRD)/1.73 sq M,31.1,mL/min/{1.73_m2},numeric
2024-12-11T09:38:04Z,aa616abe-1761-0c9a-7959-07544679dafd,aa616abe-1761-0c9a-8c4d-10fe61e457c4,social-history,72166-2,Tobacco smoking status,Never smoked tobacco (finding),,text
2024-12-11T10:14:29Z,aa616abe-1761-0c9a-7959-07544679dafd,aa616abe-1761-0c9a-8c4d-10fe61e457c4,survey,76501-6,Within the last year  have you been afraid of your partner or ex-partner,No,,text
2024-12-11T10:14:29Z,aa616abe-1761-0c9a-7959-07544679dafd,aa616abe-1761-0c9a-8c4d-10fe61e457c4,survey,93026-3,Do you feel physically and emotionally safe where you currently live [PRAPARE],Yes,,text
2024-12-11T10:14:29Z,aa616abe-1761-0c9a-7959-07544679dafd,aa616abe-1761-0c9a-8c4d-10fe61e457c4,survey,93027-1,Are you a refugee,No,,text
2024-12-11T10:14:29Z,aa616abe-1761-0c9a-7959-07544679dafd,aa616abe-1761-0c9a-8c4d-10fe61e457c4,survey,93028-9,Have you spent more than 2 nights in a row in a jail  prison  detention center  or juvenile correctional facility in past 1 year [PRAPARE],Yes,,text
2024-12-11T10:14:29Z,aa616abe-1761-0c9a-7959-07544679dafd,aa616abe-1761-0c9a-8c4d-10fe61e457c4,survey,93038-8,Stress level,Not at all,,text
2024-12-11T10:14:29Z,aa616abe-1761-0c9a-7959-07544679dafd,aa616abe-1761-0c9a-8c4d-10fe61e457c4,survey,93029-7,How often do you see or talk to people that you care about and feel close to [PRAPARE],3 to 5 times a week,,text
2024-12-11T10:14:29Z,aa616abe-1761-0c9a-7959-07544679dafd,aa616abe-1761-0c9a-8c4d-10fe61e457c4,survey,93030-5,Has lack of transportation kept you from medical appointments  meetings  work  or from getting things needed for daily living,No,,text
2024-12-11T10:14:29Z,aa616abe-1761-0c9a-7959-07544679dafd,aa616abe-1761-0c9a-8c4d-10fe61e457c4,survey,93031-3,Have you or any family members you live with been unable to get any of the following when it was really needed in past 1 year [PRAPARE],Medicine or Any Health Care (Medical  Dental  Mental Health  Vision),,text
2024-12-11T10:14:29Z,aa616abe-1761-0c9a-7959-07544679dafd,aa616abe-1761-0c9a-8c4d-10fe61e457c4,survey,63586-2,What was your best estimate of the total income of all family members from all sources  before taxes  in last year [PhenX],15504,/a,text
2024-12-11T10:14:29Z,aa616abe-1761-0c9a-7959-07544679dafd,aa616abe-1761-0c9a-8c4d-10fe61e457c4,survey,76437-3,Primary insurance,Medicaid,,text
2024-12-11T10:14:29Z,aa616abe-1761-0c9a-7959-07544679dafd,aa616abe-1761-0c9a-8c4d-10fe61e457c4,survey,67875-5,Employment status - current,Full-time work,,text
2024-12-11T10:14:29Z,aa616abe-1761-0c9a-7959-07544679dafd,aa616abe-1761-0c9a-8c4d-10fe61e457c4,survey,82589-3,Highest level of education,High school diploma or GED,,text
2024-12-11T10:14:29Z,aa616abe-1761-0c9a-7959-07544679dafd,aa616abe-1761-0c9a-8c4d-10fe61e457c4,survey,56799-0,Address,997 Grant Row Unit 85,,text
2024-12-11T10:14:29Z,aa616abe-1761-0c9a-7959-07544679dafd,aa616abe-1761-0c9a-8c4d-10fe61e457c4,survey,93033-9,Are you worried about losing your housing [PRAPARE],No,,text
2024-12-11T10:14:29Z,aa616abe-1761-0c9a-7959-07544679dafd,aa616abe-1761-0c9a-8c4d-10fe61e457c4,survey,71802-3,Housing status,I have housing,,text
2024-12-11T10:14:29Z,aa616abe-1761-0c9a-7959-07544679dafd,aa616abe-1761-0c9a-8c4d-10fe61e457c4,survey,63512-8,How many people are living or staying at this address [#],6.0,{#},numeric
2024-12-11T10:14:29Z,aa616abe-1761-0c9a-7959-07544679dafd,aa616abe-1761-0c9a-8c4d-10fe61e457c4,survey,54899-0,Preferred language,English,,text
2024-12-11T10:14:29Z,aa616abe-1761-0c9a-7959-07544679dafd,aa616abe-1761-0c9a-8c4d-10fe61e457c4,survey,93034-7,Discharged from the U.S. Armed Forces,No,,text
2024-12-11T10:14:29Z,aa616abe-1761-0c9a-7959-07544679dafd,aa616abe-1761-0c9a-8c4d-10fe61e457c4,survey,93035-4,Has season or migrant farm work been your or your family's main source of income at any point in past 2 years [PRAPARE],No,,text
2024-12-11T10:14:29Z,aa616abe-1761-0c9a-7959-07544679dafd,aa616abe-1761-0c9a-8c4d-10fe61e457c4,survey,32624-9,Race,White,,text
2024-12-11T10:14:29Z,aa616abe-1761-0c9a-7959-07544679dafd,aa616abe-1761-0c9a-8c4d-10fe61e457c4,survey,56051-6,Hispanic or Latino,No,,text
2024-12-11T10:44:16Z,aa616abe-1761-0c9a-7959-07544679dafd,aa616abe-1761-0c9a-8c4d-10fe61e457c4,survey,70274-6,Generalized anxiety disorder 7 item (GAD-7) total score [Reported.PHQ],0.0,{score},numeric
2024-12-11T11:06:30Z,aa616abe-1761-0c9a-7959-07544679dafd,aa616abe-1761-0c9a-8c4d-10fe61e457c4,survey,59460-6,Fall risk total [Morse Fall Scale],20.0,{#},numeric
2024-12-11T11:06:30Z,aa616abe-1761-0c9a-7959-07544679dafd,aa616abe-1761-0c9a-8c4d-10fe61e457c4,survey,59461-4,Fall risk level [Morse Fall Scale],Low Risk (MFS Score 0 - 24),,text
2024-12-11T11:47:18Z,aa616abe-1761-0c9a-7959-07544679dafd,aa616abe-1761-0c9a-8c4d-10fe61e457c4,survey,55758-7,Patient Health Questionnaire 2 item (PHQ-2) total score [Reported],6.0,{score},numeric
2024-12-11T12:13:12Z,aa616abe-1761-0c9a-7959-07544679dafd,aa616abe-1761-0c9a-8c4d-10fe61e457c4,survey,44261-6,Patient Health Questionnaire 9 item (PHQ-9) total score [Reported],3.0,{score},numeric
2024-12-18T09:38:04Z,aa616abe-1761-0c9a-7959-07544679dafd,aa616abe-1761-0c9a-b205-d60e8b3ddfd0,laboratory,2345-7,Glucose [Mass/volume] in Serum or Plasma,73.7,mg/dL,numeric
2024-12-18T09:38:04Z,aa616abe-1761-0c9a-7959-07544679dafd,aa616abe-1761-0c9a-b205-d60e8b3ddfd0,laboratory,3094-0,Urea nitrogen [Mass/volume] in Serum or Plasma,13.7,mg/dL,numeric
2024-12-18T09:38:04Z,aa616abe-1761-0c9a-7959-07544679dafd,aa616abe-1761-0c9a-b205-d60e8b3ddfd0,laboratory,2160-0,Creatinine [Mass/volume] in Serum or Plasma,1.8,mg/dL,numeric
2024-12-18T09:38:04Z,aa616abe-1761-0c9a-7959-07544679dafd,aa616abe-1761-0c9a-b205-d60e8b3ddfd0,laboratory,17861-6,Calcium [Mass/volume] in Serum or Plasma,8.6,mg/dL,numeric
2024-12-18T09:38:04Z,aa616abe-1761-0c9a-7959-07544679dafd,aa616abe-1761-0c9a-b205-d60e8b3ddfd0,laboratory,2951-2,Sodium [Moles/volume] in Serum or Plasma,138.9,mmol/L,numeric
2024-12-18T09:38:04Z,aa616abe-1761-0c9a-7959-07544679dafd,aa616abe-1761-0c9a-b205-d60e8b3ddfd0,laboratory,2823-3,Potassium [Moles/volume] in Serum or Plasma,4.5,mmol/L,numeric
2024-12-18T09:38:04Z,aa616abe-1761-0c9a-7959-07544679dafd,aa616abe-1761-0c9a-b205-d60e8b3ddfd0,laboratory,2075-0,Chloride [Moles/volume] in Serum or Plasma,109.3,mmol/L,numeric
2024-12-18T09:38:04Z,aa616abe-1761-0c9a-7959-07544679dafd,aa616abe-1761-0c9a-b205-d60e8b3ddfd0,laboratory,2028-9,Carbon dioxide  total [Moles/volume] in Serum or Plasma,23.0,mmol/L,numeric
2024-12-18T09:38:04Z,aa616abe-1761-0c9a-7959-07544679dafd,aa616abe-1761-0c9a-b205-d60e8b3ddfd0,laboratory,33914-3,Glomerular filtration rate [Volume Rate/Area] in Serum or Plasma by Creatinine-based formula (MDRD)/1.73 sq M,71.1,mL/min/{1.73_m2},numeric
2024-12-18T09:38:04Z,aa616abe-1761-0c9a-7959-07544679dafd,aa616abe-1761-0c9a-b205-d60e8b3ddfd0,laboratory,5767-9,Appearance of Urine,Cloudy urine (finding),{nominal},text
2024-12-18T09:38:04Z,aa616abe-1761-0c9a-7959-07544679dafd,aa616abe-1761-0c9a-b205-d60e8b3ddfd0,laboratory,34533-0,Odor of Urine,Urine smell ammoniacal (finding),{nominal},text
2024-12-18T09:38:04Z,aa616abe-1761-0c9a-7959-07544679dafd,aa616abe-1761-0c9a-b205-d60e8b3ddfd0,laboratory,32167-9,Clarity of Urine,Translucent (qualifier value),{nominal},text
2024-12-18T09:38:04Z,aa616abe-1761-0c9a-7959-07544679dafd,aa616abe-1761-0c9a-b205-d60e8b3ddfd0,laboratory,5778-6,Color of Urine,Brown color (qualifier value),{nominal},text
2024-12-18T09:38:04Z,aa616abe-1761-0c9a-7959-07544679dafd,aa616abe-1761-0c9a-b205-d60e8b3ddfd0,laboratory,5792-7,Glucose [Mass/volume] in Urine by Test strip,1.2,mg/dL,numeric
2024-12-18T09:38:04Z,aa616abe-1761-0c9a-7959-07544679dafd,aa616abe-1761-0c9a-b205-d60e8b3ddfd0,laboratory,25428-4,Glucose [Presence] in Urine by Test strip,Urine glucose test = ++ (finding),{nominal},text
2024-12-18T09:38:04Z,aa616abe-1761-0c9a-7959-07544679dafd,aa616abe-1761-0c9a-b205-d60e8b3ddfd0,laboratory,20505-4,Bilirubin.total [Mass/volume] in Urine by Test strip,0.7,mg/dL,numeric
2024-12-18T09:38:04Z,aa616abe-1761-0c9a-7959-07544679dafd,aa616abe-1761-0c9a-b205-d60e8b3ddfd0,laboratory,5770-3,Bilirubin.total [Presence] in Urine by Test strip,Finding of bilirubin in urine (finding),{nominal},text
2024-12-18T09:38:04Z,aa616abe-1761-0c9a-7959-07544679dafd,aa616abe-1761-0c9a-b205-d60e8b3ddfd0,laboratory,5797-6,Ketones [Mass/volume] in Urine by Test strip,18.1,mg/dL,numeric
2024-12-18T09:38:04Z,aa616abe-1761-0c9a-7959-07544679dafd,aa616abe-1761-0c9a-b205-d60e8b3ddfd0,laboratory,2514-8,Ketones [Presence] in Urine by Test strip,Urine ketone test = + (finding),{nominal},text
2024-12-18T09:38:04Z,aa616abe-1761-0c9a-7959-07544679dafd,aa616abe-1761-0c9a-b205-d60e8b3ddfd0,laboratory,5811-5,Specific gravity of Urine by Test strip,1.0,{nominal},numeric
2024-12-18T09:38:04Z,aa616abe-1761-0c9a-7959-07544679dafd,aa616abe-1761-0c9a-b205-d60e8b3ddfd0,laboratory,5803-2,pH of Urine by Test strip,6.5,pH,numeric
2024-12-18T09:38:04Z,aa616abe-1761-0c9a-7959-07544679dafd,aa616abe-1761-0c9a-b205-d60e8b3ddfd0,laboratory,5804-0,Protein [Mass/volume] in Urine by Test strip,332.7,mg/dL,numeric
2024-12-18T09:38:04Z,aa616abe-1761-0c9a-7959-07544679dafd,aa616abe-1761-0c9a-b205-d60e8b3ddfd0,laboratory,20454-5,Protein [Presence] in Urine by Test strip,Urine protein test = ++ (finding),{nominal},text
2024-12-18T09:38:04Z,aa616abe-1761-0c9a-7959-07544679dafd,aa616abe-1761-0c9a-b205-d60e8b3ddfd0,laboratory,5802-4,Nitrite [Presence] in Urine by Test strip,Nitrite not detected in urine (finding),{nominal},text
2024-12-18T09:38:04Z,aa616abe-1761-0c9a-7959-07544679dafd,aa616abe-1761-0c9a-b205-d60e8b3ddfd0,laboratory,5794-3,Hemoglobin [Presence] in Urine by Test strip,Blood not detected in urine (finding),{nominal},text
2024-12-18T09:38:04Z,aa616abe-1761-0c9a-7959-07544679dafd,aa616abe-1761-0c9a-b205-d60e8b3ddfd0,laboratory,5799-2,Leukocyte esterase [Presence] in Urine by Test strip,Urine leukocytes not detected (finding),{nominal},text
2024-12-18T09:38:04Z,aa616abe-1761-0c9a-7959-07544679dafd,aa616abe-1761-0c9a-b205-d60e8b3ddfd0,laboratory,4548-4,Hemoglobin A1c/Hemoglobin.total in Blood,5.4,%,numeric
2025-02-01T09:55:11Z,aa616abe-1761-0c9a-7959-07544679dafd,aa616abe-1761-0c9a-528c-1031bce2e7d4,exam,413077008,LogMAR visual acuity left eye (observable entity),0,{logmar},text
2025-02-01T09:55:11Z,aa616abe-1761-0c9a-7959-07544679dafd,aa616abe-1761-0c9a-528c-1031bce2e7d4,exam,413078003,LogMAR visual acuity right eye (observable entity),0,{logmar},text
2025-02-01T09:56:11Z,aa616abe-1761-0c9a-7959-07544679dafd,aa616abe-1761-0c9a-528c-1031bce2e7d4,vital-signs,79893-4,Left eye Intraocular pressure,15.0,mm[Hg],numeric
2025-02-01T09:56:11Z,aa616abe-1761-0c9a-7959-07544679dafd,aa616abe-1761-0c9a-528c-1031bce2e7d4,vital-signs,79892-6,Right eye Intraocular pressure,15.0,mm[Hg],numeric
2025-02-01T10:12:37Z,aa616abe-1761-0c9a-7959-07544679dafd,aa616abe-1761-0c9a-528c-1031bce2e7d4,imaging,79819-9,Study observation Left retina by OCT,No abnormal findings,{nominal},text
2025-02-01T10:12:37Z,aa616abe-1761-0c9a-7959-07544679dafd,aa616abe-1761-0c9a-528c-1031bce2e7d4,imaging,79818-1,Study observation Right retina by OCT,No abnormal findings,{nominal},text
2025-02-01T10:12:37Z,aa616abe-1761-0c9a-7959-07544679dafd,aa616abe-1761-0c9a-528c-1031bce2e7d4,exam,71490-7,Left eye Diabetic retinopathy severity level by Ophthalmoscopy,Mild non-proliferative retinopathy,,text
2025-02-01T10:12:37Z,aa616abe-1761-0c9a-7959-07544679dafd,aa616abe-1761-0c9a-528c-1031bce2e7d4,exam,71491-5,Right eye Diabetic retinopathy severity level by Ophthalmoscopy,Mild non-proliferative retinopathy,,text
2025-02-26T09:38:04Z,aa616abe-1761-0c9a-7959-07544679dafd,aa616abe-1761-0c9a-0f15-e0c057454b56,laboratory,2345-7,Glucose [Mass/volume] in Serum or Plasma,83.8,mg/dL,numeric
2025-02-26T09:38:04Z,aa616abe-1761-0c9a-7959-07544679dafd,aa616abe-1761-0c9a-0f15-e0c057454b56,laboratory,3094-0,Urea nitrogen [Mass/volume] in Serum or Plasma,9.6,mg/dL,numeric
2025-02-26T09:38:04Z,aa616abe-1761-0c9a-7959-07544679dafd,aa616abe-1761-0c9a-0f15-e0c057454b56,laboratory,2160-0,Creatinine [Mass/volume] in Serum or Plasma,1.9,mg/dL,numeric
2025-02-26T09:38:04Z,aa616abe-1761-0c9a-7959-07544679dafd,aa616abe-1761-0c9a-0f15-e0c057454b56,laboratory,17861-6,Calcium [Mass/volume] in Serum or Plasma,9.1,mg/dL,numeric
2025-02-26T09:38:04Z,aa616abe-1761-0c9a-7959-07544679dafd,aa616abe-1761-0c9a-0f15-e0c057454b56,laboratory,2951-2,Sodium [Moles/volume] in Serum or Plasma,139.6,mmol/L,numeric
2025-02-26T09:38:04Z,aa616abe-1761-0c9a-7959-07544679dafd,aa616abe-1761-0c9a-0f15-e0c057454b56,laboratory,2823-3,Potassium [Moles/volume] in Serum or Plasma,4.1,mmol/L,numeric
2025-02-26T09:38:04Z,aa616abe-1761-0c9a-7959-07544679dafd,aa616abe-1761-0c9a-0f15-e0c057454b56,laboratory,2075-0,Chloride [Moles/volume] in Serum or Plasma,109.3,mmol/L,numeric
2025-02-26T09:38:04Z,aa616abe-1761-0c9a-7959-07544679dafd,aa616abe-1761-0c9a-0f15-e0c057454b56,laboratory,2028-9,Carbon dioxide  total [Moles/volume] in Serum or Plasma,20.5,mmol/L,numeric
2025-02-26T09:38:04Z,aa616abe-1761-0c9a-7959-07544679dafd,aa616abe-1761-0c9a-0f15-e0c057454b56,laboratory,33914-3,Glomerular filtration rate [Volume Rate/Area] in Serum or Plasma by Creatinine-based formula (MDRD)/1.73 sq M,70.8,mL/min/{1.73_m2},numeric
2025-02-26T09:38:04Z,aa616abe-1761-0c9a-7959-07544679dafd,aa616abe-1761-0c9a-0f15-e0c057454b56,laboratory,5767-9,Appearance of Urine,Cloudy urine (finding),{nominal},text
2025-02-26T09:38:04Z,aa616abe-1761-0c9a-7959-07544679dafd,aa616abe-1761-0c9a-0f15-e0c057454b56,laboratory,34533-0,Odor of Urine,Urine smell ammoniacal (finding),{nominal},text
2025-02-26T09:38:04Z,aa616abe-1761-0c9a-7959-07544679dafd,aa616abe-1761-0c9a-0f15-e0c057454b56,laboratory,32167-9,Clarity of Urine,Translucent (qualifier value),{nominal},text
2025-02-26T09:38:04Z,aa616abe-1761-0c9a-7959-07544679dafd,aa616abe-1761-0c9a-0f15-e0c057454b56,laboratory,5778-6,Color of Urine,Brown color (qualifier value),{nominal},text
2025-02-26T09:38:04Z,aa616abe-1761-0c9a-7959-07544679dafd,aa616abe-1761-0c9a-0f15-e0c057454b56,laboratory,5792-7,Glucose [Mass/volume] in Urine by Test strip,1.6,mg/dL,numeric
2025-02-26T09:38:04Z,aa616abe-1761-0c9a-7959-07544679dafd,aa616abe-1761-0c9a-0f15-e0c057454b56,laboratory,25428-4,Glucose [Presence] in Urine by Test strip,Urine glucose test = ++ (finding),{nominal},text
2025-02-26T09:38:04Z,aa616abe-1761-0c9a-7959-07544679dafd,aa616abe-1761-0c9a-0f15-e0c057454b56,laboratory,20505-4,Bilirubin.total [Mass/volume] in Urine by Test strip,0.7,mg/dL,numeric
2025-02-26T09:38:04Z,aa616abe-1761-0c9a-7959-07544679dafd,aa616abe-1761-0c9a-0f15-e0c057454b56,laboratory,5770-3,Bilirubin.total [Presence] in Urine by Test strip,Finding of bilirubin in urine (finding),{nominal},text
2025-02-26T09:38:04Z,aa616abe-1761-0c9a-7959-07544679dafd,aa616abe-1761-0c9a-0f15-e0c057454b56,laboratory,5797-6,Ketones [Mass/volume] in Urine by Test strip,9.0,mg/dL,numeric
2025-02-26T09:38:04Z,aa616abe-1761-0c9a-7959-07544679dafd,aa616abe-1761-0c9a-0f15-e0c057454b56,laboratory,2514-8,Ketones [Presence] in Urine by Test strip,Urine ketone test = + (finding),{nominal},text
2025-02-26T09:38:04Z,aa616abe-1761-0c9a-7959-07544679dafd,aa616abe-1761-0c9a-0f15-e0c057454b56,laboratory,5811-5,Specific gravity of Urine by Test strip,1.0,{nominal},numeric
2025-02-26T09:38:04Z,aa616abe-1761-0c9a-7959-07544679dafd,aa616abe-1761-0c9a-0f15-e0c057454b56,laboratory,5803-2,pH of Urine by Test strip,6.8,pH,numeric
2025-02-26T09:38:04Z,aa616abe-1761-0c9a-7959-07544679dafd,aa616abe-1761-0c9a-0f15-e0c057454b56,laboratory,5804-0,Protein [Mass/volume] in Urine by Test strip,305.9,mg/dL,numeric
2025-02-26T09:38:04Z,aa616abe-1761-0c9a-7959-07544679dafd,aa616abe-1761-0c9a-0f15-e0c057454b56,laboratory,20454-5,Protein [Presence] in Urine by Test strip,Urine protein test = ++ (finding),{nominal},text
2025-02-26T09:38:04Z,aa616abe-1761-0c9a-7959-07544679dafd,aa616abe-1761-0c9a-0f15-e0c057454b56,laboratory,5802-4,Nitrite [Presence] in Urine by Test strip,Nitrite not detected in urine (finding),{nominal},text
2025-02-26T09:38:04Z,aa616abe-1761-0c9a-7959-07544679dafd,aa616abe-1761-0c9a-0f15-e0c057454b56,laboratory,5794-3,Hemoglobin [Presence] in Urine by Test strip,Blood not detected in urine (finding),{nominal},text
2025-02-26T09:38:04Z,aa616abe-1761-0c9a-7959-07544679dafd,aa616abe-1761-0c9a-0f15-e0c057454b56,laboratory,5799-2,Leukocyte esterase [Presence] in Urine by Test strip,Urine leukocytes not detected (finding),{nominal},text
2025-02-26T09:38:04Z,aa616abe-1761-0c9a-7959-07544679dafd,aa616abe-1761-0c9a-0f15-e0c057454b56,laboratory,4548-4,Hemoglobin A1c/Hemoglobin.total in Blood,5.4,%,numeric
2025-02-26T09:38:04Z,aa616abe-1761-0c9a-7959-07544679dafd,aa616abe-1761-0c9a-0f15-e0c057454b56,vital-signs,8302-2,Body Height,164.6,cm,numeric
2025-02-26T09:38:04Z,aa616abe-1761-0c9a-7959-07544679dafd,aa616abe-1761-0c9a-0f15-e0c057454b56,vital-signs,72514-3,Pain severity - 0-10 verbal numeric rating [Score] - Reported,2.0,{score},numeric
2025-02-26T09:38:04Z,aa616abe-1761-0c9a-7959-07544679dafd,aa616abe-1761-0c9a-0f15-e0c057454b56,vital-signs,29463-7,Body Weight,75.2,kg,numeric
2025-02-26T09:38:04Z,aa616abe-1761-0c9a-7959-07544679dafd,aa616abe-1761-0c9a-0f15-e0c057454b56,vital-signs,39156-5,Body mass index (BMI) [Ratio],27.8,kg/m2,numeric
2025-02-26T09:38:04Z,aa616abe-1761-0c9a-7959-07544679dafd,aa616abe-1761-0c9a-0f15-e0c057454b56,vital-signs,8462-4,Diastolic Blood Pressure,73.0,mm[Hg],numeric
2025-02-26T09:38:04Z,aa616abe-1761-0c9a-7959-07544679dafd,aa616abe-1761-0c9a-0f15-e0c057454b56,vital-signs,8480-6,Systolic Blood Pressure,105.0,mm[Hg],numeric
2025-02-26T09:38:04Z,aa616abe-1761-0c9a-7959-07544679dafd,aa616abe-1761-0c9a-0f15-e0c057454b56,vital-signs,8867-4,Heart rate,79.0,/min,numeric
2025-02-26T09:38:04Z,aa616abe-1761-0c9a-7959-07544679dafd,aa616abe-1761-0c9a-0f15-e0c057454b56,vital-signs,9279-1,Respiratory rate,16.0,/min,numeric
2025-02-26T09:38:04Z,aa616abe-1761-0c9a-7959-07544679dafd,aa616abe-1761-0c9a-0f15-e0c057454b56,laboratory,2339-0,Glucose [Mass/volume] in Blood,83.8,mg/dL,numeric
2025-02-26T09:38:04Z,aa616abe-1761-0c9a-7959-07544679dafd,aa616abe-1761-0c9a-0f15-e0c057454b56,laboratory,6299-2,Urea nitrogen [Mass/volume] in Blood,9.6,mg/dL,numeric
2025-02-26T09:38:04Z,aa616abe-1761-0c9a-7959-07544679dafd,aa616abe-1761-0c9a-0f15-e0c057454b56,laboratory,38483-4,Creatinine [Mass/volume] in Blood,1.0,mg/dL,numeric
2025-02-26T09:38:04Z,aa616abe-1761-0c9a-7959-07544679dafd,aa616abe-1761-0c9a-0f15-e0c057454b56,laboratory,49765-1,Calcium [Mass/volume] in Blood,9.1,mg/dL,numeric
2025-02-26T09:38:04Z,aa616abe-1761-0c9a-7959-07544679dafd,aa616abe-1761-0c9a-0f15-e0c057454b56,laboratory,2947-0,Sodium [Moles/volume] in Blood,139.6,mmol/L,numeric
2025-02-26T09:38:04Z,aa616abe-1761-0c9a-7959-07544679dafd,aa616abe-1761-0c9a-0f15-e0c057454b56,laboratory,6298-4,Potassium [Moles/volume] in Blood,4.1,mmol/L,numeric
2025-02-26T09:38:04Z,aa616abe-1761-0c9a-7959-07544679dafd,aa616abe-1761-0c9a-0f15-e0c057454b56,laboratory,2069-3,Chloride [Moles/volume] in Blood,109.3,mmol/L,numeric
2025-02-26T09:38:04Z,aa616abe-1761-0c9a-7959-07544679dafd,aa616abe-1761-0c9a-0f15-e0c057454b56,laboratory,20565-8,Carbon dioxide  total [Moles/volume] in Blood,20.5,mmol/L,numeric
2025-02-26T09:38:04Z,aa616abe-1761-0c9a-7959-07544679dafd,aa616abe-1761-0c9a-0f15-e0c057454b56,laboratory,2093-3,Cholesterol [Mass/volume] in Serum or Plasma,129.3,mg/dL,numeric
2025-02-26T09:38:04Z,aa616abe-1761-0c9a-7959-07544679dafd,aa616abe-1761-0c9a-0f15-e0c057454b56,laboratory,2571-8,Triglyceride [Mass/volume] in Serum or Plasma,104.4,mg/dL,numeric
2025-02-26T09:38:04Z,aa616abe-1761-0c9a-7959-07544679dafd,aa616abe-1761-0c9a-0f15-e0c057454b56,laboratory,18262-6,Cholesterol in LDL [Mass/volume] in Serum or Plasma by Direct assay,54.5,mg/dL,numeric
2025-02-26T09:38:04Z,aa616abe-1761-0c9a-7959-07544679dafd,aa616abe-1761-0c9a-0f15-e0c057454b56,laboratory,2085-9,Cholesterol in HDL [Mass/volume] in Serum or Plasma,53.9,mg/dL,numeric
2025-02-26T09:38:04Z,aa616abe-1761-0c9a-7959-07544679dafd,aa616abe-1761-0c9a-0f15-e0c057454b56,laboratory,14959-1,Microalbumin/Creatinine [Mass Ratio] in Urine,25.0,mg/g,numeric
2025-02-26T09:38:04Z,aa616abe-1761-0c9a-7959-07544679dafd,aa616abe-1761-0c9a-0f15-e0c057454b56,laboratory,33914-3,Glomerular filtration rate [Volume Rate/Area] in Serum or Plasma by Creatinine-based formula (MDRD)/1.73 sq M,56.8,mL/min/{1.73_m2},numeric
2025-02-26T09:38:04Z,aa616abe-1761-0c9a-7959-07544679dafd,aa616abe-1761-0c9a-0f15-e0c057454b56,social-history,72166-2,Tobacco smoking status,Never smoked tobacco (finding),,text
2025-02-26T10:24:23Z,aa616abe-1761-0c9a-7959-07544679dafd,aa616abe-1761-0c9a-0f15-e0c057454b56,survey,76501-6,Within the last year  have you been afraid of your partner or ex-partner,No,,text
2025-02-26T10:24:23Z,aa616abe-1761-0c9a-7959-07544679dafd,aa616abe-1761-0c9a-0f15-e0c057454b56,survey,93026-3,Do you feel physically and emotionally safe where you currently live [PRAPARE],Yes,,text
2025-02-26T10:24:23Z,aa616abe-1761-0c9a-7959-07544679dafd,aa616abe-1761-0c9a-0f15-e0c057454b56,survey,93027-1,Are you a refugee,No,,text
2025-02-26T10:24:23Z,aa616abe-1761-0c9a-7959-07544679dafd,aa616abe-1761-0c9a-0f15-e0c057454b56,survey,93028-9,Have you spent more than 2 nights in a row in a jail  prison  detention center  or juvenile correctional facility in past 1 year [PRAPARE],Yes,,text
2025-02-26T10:24:23Z,aa616abe-1761-0c9a-7959-07544679dafd,aa616abe-1761-0c9a-0f15-e0c057454b56,survey,93038-8,Stress level,Somewhat,,text
2025-02-26T10:24:23Z,aa616abe-1761-0c9a-7959-07544679dafd,aa616abe-1761-0c9a-0f15-e0c057454b56,survey,93029-7,How often do you see or talk to people that you care about and feel close to [PRAPARE],5 or more times a week,,text
2025-02-26T10:24:23Z,aa616abe-1761-0c9a-7959-07544679dafd,aa616abe-1761-0c9a-0f15-e0c057454b56,survey,93030-5,Has lack of transportation kept you from medical appointments  meetings  work  or from getting things needed for daily living,No,,text
2025-02-26T10:24:23Z,aa616abe-1761-0c9a-7959-07544679dafd,aa616abe-1761-0c9a-0f15-e0c057454b56,survey,93031-3,Have you or any family members you live with been unable to get any of the following when it was really needed in past 1 year [PRAPARE],Other,,text
2025-02-26T10:24:23Z,aa616abe-1761-0c9a-7959-07544679dafd,aa616abe-1761-0c9a-0f15-e0c057454b56,survey,63586-2,What was your best estimate of the total income of all family members from all sources  before taxes  in last year [PhenX],15504,/a,text
2025-02-26T10:24:23Z,aa616abe-1761-0c9a-7959-07544679dafd,aa616abe-1761-0c9a-0f15-e0c057454b56,survey,76437-3,Primary insurance,Medicaid,,text
2025-02-26T10:24:23Z,aa616abe-1761-0c9a-7959-07544679dafd,aa616abe-1761-0c9a-0f15-e0c057454b56,survey,67875-5,Employment status - current,Full-time work,,text
2025-02-26T10:24:23Z,aa616abe-1761-0c9a-7959-07544679dafd,aa616abe-1761-0c9a-0f15-e0c057454b56,survey,82589-3,Highest level of education,High school diploma or GED,,text
2025-02-26T10:24:23Z,aa616abe-1761-0c9a-7959-07544679dafd,aa616abe-1761-0c9a-0f15-e0c057454b56,survey,56799-0,Address,997 Grant Row Unit 85,,text
2025-02-26T10:24:23Z,aa616abe-1761-0c9a-7959-07544679dafd,aa616abe-1761-0c9a-0f15-e0c057454b56,survey,93033-9,Are you worried about losing your housing [PRAPARE],No,,text
2025-02-26T10:24:23Z,aa616abe-1761-0c9a-7959-07544679dafd,aa616abe-1761-0c9a-0f15-e0c057454b56,survey,71802-3,Housing status,I have housing,,text
2025-02-26T10:24:23Z,aa616abe-1761-0c9a-7959-07544679dafd,aa616abe-1761-0c9a-0f15-e0c057454b56,survey,63512-8,How many people are living or staying at this address [#],6.0,{#},numeric
2025-02-26T10:24:23Z,aa616abe-1761-0c9a-7959-07544679dafd,aa616abe-1761-0c9a-0f15-e0c057454b56,survey,54899-0,Preferred language,English,,text
2025-02-26T10:24:23Z,aa616abe-1761-0c9a-7959-07544679dafd,aa616abe-1761-0c9a-0f15-e0c057454b56,survey,93034-7,Discharged from the U.S. Armed Forces,No,,text
2025-02-26T10:24:23Z,aa616abe-1761-0c9a-7959-07544679dafd,aa616abe-1761-0c9a-0f15-e0c057454b56,survey,93035-4,Has season or migrant farm work been your or your family's main source of income at any point in past 2 years [PRAPARE],No,,text
2025-02-26T10:24:23Z,aa616abe-1761-0c9a-7959-07544679dafd,aa616abe-1761-0c9a-0f15-e0c057454b56,survey,32624-9,Race,White,,text
2025-02-26T10:24:23Z,aa616abe-1761-0c9a-7959-07544679dafd,aa616abe-1761-0c9a-0f15-e0c057454b56,survey,56051-6,Hispanic or Latino,No,,text
2025-02-26T10:50:19Z,aa616abe-1761-0c9a-7959-07544679dafd,aa616abe-1761-0c9a-0f15-e0c057454b56,survey,59460-6,Fall risk total [Morse Fall Scale],73.0,{#},numeric
2025-02-26T10:50:19Z,aa616abe-1761-0c9a-7959-07544679dafd,aa616abe-1761-0c9a-0f15-e0c057454b56,survey,59461-4,Fall risk level [Morse Fall Scale],High Risk (MFS Score 50+),,text
2025-02-26T11:25:45Z,aa616abe-1761-0c9a-7959-07544679dafd,aa616abe-1761-0c9a-0f15-e0c057454b56,survey,55758-7,Patient Health Questionnaire 2 item (PHQ-2) total score [Reported],2.0,{score},numeric
2025-03-05T09:38:04Z,aa616abe-1761-0c9a-7959-07544679dafd,aa616abe-1761-0c9a-0894-0593c57fa321,laboratory,2345-7,Glucose [Mass/volume] in Serum or Plasma,89.4,mg/dL,numeric
2025-03-05T09:38:04Z,aa616abe-1761-0c9a-7959-07544679dafd,aa616abe-1761-0c9a-0894-0593c57fa321,laboratory,3094-0,Urea nitrogen [Mass/volume] in Serum or Plasma,13.7,mg/dL,numeric
2025-03-05T09:38:04Z,aa616abe-1761-0c9a-7959-07544679dafd,aa616abe-1761-0c9a-0894-0593c57fa321,laboratory,2160-0,Creatinine [Mass/volume] in Serum or Plasma,2.1,mg/dL,numeric
2025-03-05T09:38:04Z,aa616abe-1761-0c9a-7959-07544679dafd,aa616abe-1761-0c9a-0894-0593c57fa321,laboratory,17861-6,Calcium [Mass/volume] in Serum or Plasma,9.7,mg/dL,numeric
2025-03-05T09:38:04Z,aa616abe-1761-0c9a-7959-07544679dafd,aa616abe-1761-0c9a-0894-0593c57fa321,laboratory,2951-2,Sodium [Moles/volume] in Serum or Plasma,142.1,mmol/L,numeric
2025-03-05T09:38:04Z,aa616abe-1761-0c9a-7959-07544679dafd,aa616abe-1761-0c9a-0894-0593c57fa321,laboratory,2823-3,Potassium [Moles/volume] in Serum or Plasma,4.8,mmol/L,numeric
2025-03-05T09:38:04Z,aa616abe-1761-0c9a-7959-07544679dafd,aa616abe-1761-0c9a-0894-0593c57fa321,laboratory,2075-0,Chloride [Moles/volume] in Serum or Plasma,109.8,mmol/L,numeric
2025-03-05T09:38:04Z,aa616abe-1761-0c9a-7959-07544679dafd,aa616abe-1761-0c9a-0894-0593c57fa321,laboratory,2028-9,Carbon dioxide  total [Moles/volume] in Serum or Plasma,22.4,mmol/L,numeric
2025-03-05T09:38:04Z,aa616abe-1761-0c9a-7959-07544679dafd,aa616abe-1761-0c9a-0894-0593c57fa321,laboratory,33914-3,Glomerular filtration rate [Volume Rate/Area] in Serum or Plasma by Creatinine-based formula (MDRD)/1.73 sq M,87.8,mL/min/{1.73_m2},numeric
2025-03-05T09:38:04Z,aa616abe-1761-0c9a-7959-07544679dafd,aa616abe-1761-0c9a-0894-0593c57fa321,laboratory,5767-9,Appearance of Urine,Cloudy urine (finding),{nominal},text
2025-03-05T09:38:04Z,aa616abe-1761-0c9a-7959-07544679dafd,aa616abe-1761-0c9a-0894-0593c57fa321,laboratory,34533-0,Odor of Urine,Urine smell ammoniacal (finding),{nominal},text
2025-03-05T09:38:04Z,aa616abe-1761-0c9a-7959-07544679dafd,aa616abe-1761-0c9a-0894-0593c57fa321,laboratory,32167-9,Clarity of Urine,Translucent (qualifier value),{nominal},text
2025-03-05T09:38:04Z,aa616abe-1761-0c9a-7959-07544679dafd,aa616abe-1761-0c9a-0894-0593c57fa321,laboratory,5778-6,Color of Urine,Brown color (qualifier value),{nominal},text
2025-03-05T09:38:04Z,aa616abe-1761-0c9a-7959-07544679dafd,aa616abe-1761-0c9a-0894-0593c57fa321,laboratory,5792-7,Glucose [Mass/volume] in Urine by Test strip,2.0,mg/dL,numeric
2025-03-05T09:38:04Z,aa616abe-1761-0c9a-7959-07544679dafd,aa616abe-1761-0c9a-0894-0593c57fa321,laboratory,25428-4,Glucose [Presence] in Urine by Test strip,Urine glucose test = ++ (finding),{nominal},text
2025-03-05T09:38:04Z,aa616abe-1761-0c9a-7959-07544679dafd,aa616abe-1761-0c9a-0894-0593c57fa321,laboratory,20505-4,Bilirubin.total [Mass/volume] in Urine by Test strip,0.4,mg/dL,numeric
2025-03-05T09:38:04Z,aa616abe-1761-0c9a-7959-07544679dafd,aa616abe-1761-0c9a-0894-0593c57fa321,laboratory,5770-3,Bilirubin.total [Presence] in Urine by Test strip,Finding of bilirubin in urine (finding),{nominal},text
2025-03-05T09:38:04Z,aa616abe-1761-0c9a-7959-07544679dafd,aa616abe-1761-0c9a-0894-0593c57fa321,laboratory,5797-6,Ketones [Mass/volume] in Urine by Test strip,12.2,mg/dL,numeric
2025-03-05T09:38:04Z,aa616abe-1761-0c9a-7959-07544679dafd,aa616abe-1761-0c9a-0894-0593c57fa321,laboratory,2514-8,Ketones [Presence] in Urine by Test strip,Urine ketone test = + (finding),{nominal},text
2025-03-05T09:38:04Z,aa616abe-1761-0c9a-7959-07544679dafd,aa616abe-1761-0c9a-0894-0593c57fa321,laboratory,5811-5,Specific gravity of Urine by Test strip,1.0,{nominal},numeric
2025-03-05T09:38:04Z,aa616abe-1761-0c9a-7959-07544679dafd,aa616abe-1761-0c9a-0894-0593c57fa321,laboratory,5803-2,pH of Urine by Test strip,5.3,pH,numeric
2025-03-05T09:38:04Z,aa616abe-1761-0c9a-7959-07544679dafd,aa616abe-1761-0c9a-0894-0593c57fa321,laboratory,5804-0,Protein [Mass/volume] in Urine by Test strip,309.9,mg/dL,numeric
2025-03-05T09:38:04Z,aa616abe-1761-0c9a-7959-07544679dafd,aa616abe-1761-0c9a-0894-0593c57fa321,laboratory,20454-5,Protein [Presence] in Urine by Test strip,Urine protein test = ++ (finding),{nominal},text
2025-03-05T09:38:04Z,aa616abe-1761-0c9a-7959-07544679dafd,aa616abe-1761-0c9a-0894-0593c57fa321,laboratory,5802-4,Nitrite [Presence] in Urine by Test strip,Nitrite not detected in urine (finding),{nominal},text
2025-03-05T09:38:04Z,aa616abe-1761-0c9a-7959-07544679dafd,aa616abe-1761-0c9a-0894-0593c57fa321,laboratory,5794-3,Hemoglobin [Presence] in Urine by Test strip,Blood not detected in urine (finding),{nominal},text
2025-03-05T09:38:04Z,aa616abe-1761-0c9a-7959-07544679dafd,aa616abe-1761-0c9a-0894-0593c57fa321,laboratory,5799-2,Leukocyte esterase [Presence] in Urine by Test strip,Urine leukocytes not detected (finding),{nominal},text
2025-03-05T09:38:04Z,aa616abe-1761-0c9a-7959-07544679dafd,aa616abe-1761-0c9a-0894-0593c57fa321,laboratory,4548-4,Hemoglobin A1c/Hemoglobin.total in Blood,5.4,%,numeric
2025-03-12T09:38:04Z,aa616abe-1761-0c9a-7959-07544679dafd,aa616abe-1761-0c9a-f636-909bc0c0c9c4,laboratory,2345-7,Glucose [Mass/volume] in Serum or Plasma,67.8,mg/dL,numeric
2025-03-12T09:38:04Z,aa616abe-1761-0c9a-7959-07544679dafd,aa616abe-1761-0c9a-f636-909bc0c0c9c4,laboratory,3094-0,Urea nitrogen [Mass/volume] in Serum or Plasma,18.1,mg/dL,numeric
2025-03-12T09:38:04Z,aa616abe-1761-0c9a-7959-07544679dafd,aa616abe-1761-0c9a-f636-909bc0c0c9c4,laboratory,2160-0,Creatinine [Mass/volume] in Serum or Plasma,1.9,mg/dL,numeric
2025-03-12T09:38:04Z,aa616abe-1761-0c9a-7959-07544679dafd,aa616abe-1761-0c9a-f636-909bc0c0c9c4,laboratory,17861-6,Calcium [Mass/volume] in Serum or Plasma,9.8,mg/dL,numeric
2025-03-12T09:38:04Z,aa616abe-1761-0c9a-7959-07544679dafd,aa616abe-1761-0c9a-f636-909bc0c0c9c4,laboratory,2951-2,Sodium [Moles/volume] in Serum or Plasma,137.6,mmol/L,numeric
2025-03-12T09:38:04Z,aa616abe-1761-0c9a-7959-07544679dafd,aa616abe-1761-0c9a-f636-909bc0c0c9c4,laboratory,2823-3,Potassium [Moles/volume] in Serum or Plasma,5.0,mmol/L,numeric
2025-03-12T09:38:04Z,aa616abe-1761-0c9a-7959-07544679dafd,aa616abe-1761-0c9a-f636-909bc0c0c9c4,laboratory,2075-0,Chloride [Moles/volume] in Serum or Plasma,106.1,mmol/L,numeric
2025-03-12T09:38:04Z,aa616abe-1761-0c9a-7959-07544679dafd,aa616abe-1761-0c9a-f636-909bc0c0c9c4,laboratory,2028-9,Carbon dioxide  total [Moles/volume] in Serum or Plasma,26.1,mmol/L,numeric
2025-03-12T09:38:04Z,aa616abe-1761-0c9a-7959-07544679dafd,aa616abe-1761-0c9a-f636-909bc0c0c9c4,laboratory,33914-3,Glomerular filtration rate [Volume Rate/Area] in Serum or Plasma by Creatinine-based formula (MDRD)/1.73 sq M,62.9,mL/min/{1.73_m2},numeric
2025-03-12T09:38:04Z,aa616abe-1761-0c9a-7959-07544679dafd,aa616abe-1761-0c9a-f636-909bc0c0c9c4,laboratory,5767-9,Appearance of Urine,Cloudy urine (finding),{nominal},text
2025-03-12T09:38:04Z,aa616abe-1761-0c9a-7959-07544679dafd,aa616abe-1761-0c9a-f636-909bc0c0c9c4,laboratory,34533-0,Odor of Urine,Urine smell ammoniacal (finding),{nominal},text
2025-03-12T09:38:04Z,aa616abe-1761-0c9a-7959-07544679dafd,aa616abe-1761-0c9a-f636-909bc0c0c9c4,laboratory,32167-9,Clarity of Urine,Translucent (qualifier value),{nominal},text
2025-03-12T09:38:04Z,aa616abe-1761-0c9a-7959-07544679dafd,aa616abe-1761-0c9a-f636-909bc0c0c9c4,laboratory,5778-6,Color of Urine,Brown color (qualifier value),{nominal},text
2025-03-12T09:38:04Z,aa616abe-1761-0c9a-7959-07544679dafd,aa616abe-1761-0c9a-f636-909bc0c0c9c4,laboratory,5792-7,Glucose [Mass/volume] in Urine by Test strip,1.8,mg/dL,numeric
2025-03-12T09:38:04Z,aa616abe-1761-0c9a-7959-07544679dafd,aa616abe-1761-0c9a-f636-909bc0c0c9c4,laboratory,25428-4,Glucose [Presence] in Urine by Test strip,Urine glucose test = ++ (finding),{nominal},text
2025-03-12T09:38:04Z,aa616abe-1761-0c9a-7959-07544679dafd,aa616abe-1761-0c9a-f636-909bc0c0c9c4,laboratory,20505-4,Bilirubin.total [Mass/volume] in Urine by Test strip,0.9,mg/dL,numeric
2025-03-12T09:38:04Z,aa616abe-1761-0c9a-7959-07544679dafd,aa616abe-1761-0c9a-f636-909bc0c0c9c4,laboratory,5770-3,Bilirubin.total [Presence] in Urine by Test strip,Finding of bilirubin in urine (finding),{nominal},text
2025-03-12T09:38:04Z,aa616abe-1761-0c9a-7959-07544679dafd,aa616abe-1761-0c9a-f636-909bc0c0c9c4,laboratory,5797-6,Ketones [Mass/volume] in Urine by Test strip,1.4,mg/dL,numeric
2025-03-12T09:38:04Z,aa616abe-1761-0c9a-7959-07544679dafd,aa616abe-1761-0c9a-f636-909bc0c0c9c4,laboratory,2514-8,Ketones [Presence] in Urine by Test strip,Urine ketone test = + (finding),{nominal},text
2025-03-12T09:38:04Z,aa616abe-1761-0c9a-7959-07544679dafd,aa616abe-1761-0c9a-f636-909bc0c0c9c4,laboratory,5811-5,Specific gravity of Urine by Test strip,1.0,{nominal},numeric
2025-03-12T09:38:04Z,aa616abe-1761-0c9a-7959-07544679dafd,aa616abe-1761-0c9a-f636-909bc0c0c9c4,laboratory,5803-2,pH of Urine by Test strip,6.2,pH,numeric
2025-03-12T09:38:04Z,aa616abe-1761-0c9a-7959-07544679dafd,aa616abe-1761-0c9a-f636-909bc0c0c9c4,laboratory,5804-0,Protein [Mass/volume] in Urine by Test strip,167.9,mg/dL,numeric
2025-03-12T09:38:04Z,aa616abe-1761-0c9a-7959-07544679dafd,aa616abe-1761-0c9a-f636-909bc0c0c9c4,laboratory,20454-5,Protein [Presence] in Urine by Test strip,Urine protein test = ++ (finding),{nominal},text
2025-03-12T09:38:04Z,aa616abe-1761-0c9a-7959-07544679dafd,aa616abe-1761-0c9a-f636-909bc0c0c9c4,laboratory,5802-4,Nitrite [Presence] in Urine by Test strip,Nitrite not detected in urine (finding),{nominal},text
2025-03-12T09:38:04Z,aa616abe-1761-0c9a-7959-07544679dafd,aa616abe-1761-0c9a-f636-909bc0c0c9c4,laboratory,5794-3,Hemoglobin [Presence] in Urine by Test strip,Blood not detected in urine (finding),{nominal},text
2025-03-12T09:38:04Z,aa616abe-1761-0c9a-7959-07544679dafd,aa616abe-1761-0c9a-f636-909bc0c0c9c4,laboratory,5799-2,Leukocyte esterase [Presence] in Urine by Test strip,Urine leukocytes not detected (finding),{nominal},text
2025-03-12T09:38:04Z,aa616abe-1761-0c9a-7959-07544679dafd,aa616abe-1761-0c9a-f636-909bc0c0c9c4,laboratory,4548-4,Hemoglobin A1c/Hemoglobin.total in Blood,5.4,%,numeric
2025-03-12T09:38:04Z,aa616abe-1761-0c9a-7959-07544679dafd,aa616abe-1761-0c9a-f636-909bc0c0c9c4,vital-signs,8302-2,Body Height,164.6,cm,numeric
2025-03-12T09:38:04Z,aa616abe-1761-0c9a-7959-07544679dafd,aa616abe-1761-0c9a-f636-909bc0c0c9c4,vital-signs,72514-3,Pain severity - 0-10 verbal numeric rating [Score] - Reported,2.0,{score},numeric
2025-03-12T09:38:04Z,aa616abe-1761-0c9a-7959-07544679dafd,aa616abe-1761-0c9a-f636-909bc0c0c9c4,vital-signs,29463-7,Body Weight,75.2,kg,numeric
2025-03-12T09:38:04Z,aa616abe-1761-0c9a-7959-07544679dafd,aa616abe-1761-0c9a-f636-909bc0c0c9c4,vital-signs,39156-5,Body mass index (BMI) [Ratio],27.8,kg/m2,numeric
2025-03-12T09:38:04Z,aa616abe-1761-0c9a-7959-07544679dafd,aa616abe-1761-0c9a-f636-909bc0c0c9c4,vital-signs,8462-4,Diastolic Blood Pressure,73.0,mm[Hg],numeric
2025-03-12T09:38:04Z,aa616abe-1761-0c9a-7959-07544679dafd,aa616abe-1761-0c9a-f636-909bc0c0c9c4,vital-signs,8480-6,Systolic Blood Pressure,104.0,mm[Hg],numeric
2025-03-12T09:38:04Z,aa616abe-1761-0c9a-7959-07544679dafd,aa616abe-1761-0c9a-f636-909bc0c0c9c4,vital-signs,8867-4,Heart rate,84.0,/min,numeric
2025-03-12T09:38:04Z,aa616abe-1761-0c9a-7959-07544679dafd,aa616abe-1761-0c9a-f636-909bc0c0c9c4,vital-signs,9279-1,Respiratory rate,13.0,/min,numeric
2025-03-12T09:38:04Z,aa616abe-1761-0c9a-7959-07544679dafd,aa616abe-1761-0c9a-f636-909bc0c0c9c4,laboratory,2339-0,Glucose [Mass/volume] in Blood,67.8,mg/dL,numeric
2025-03-12T09:38:04Z,aa616abe-1761-0c9a-7959-07544679dafd,aa616abe-1761-0c9a-f636-909bc0c0c9c4,laboratory,6299-2,Urea nitrogen [Mass/volume] in Blood,18.1,mg/dL,numeric
2025-03-12T09:38:04Z,aa616abe-1761-0c9a-7959-07544679dafd,aa616abe-1761-0c9a-f636-909bc0c0c9c4,laboratory,38483-4,Creatinine [Mass/volume] in Blood,1.3,mg/dL,numeric
2025-03-12T09:38:04Z,aa616abe-1761-0c9a-7959-07544679dafd,aa616abe-1761-0c9a-f636-909bc0c0c9c4,laboratory,49765-1,Calcium [Mass/volume] in Blood,9.8,mg/dL,numeric
2025-03-12T09:38:04Z,aa616abe-1761-0c9a-7959-07544679dafd,aa616abe-1761-0c9a-f636-909bc0c0c9c4,laboratory,2947-0,Sodium [Moles/volume] in Blood,137.6,mmol/L,numeric
2025-03-12T09:38:04Z,aa616abe-1761-0c9a-7959-07544679dafd,aa616abe-1761-0c9a-f636-909bc0c0c9c4,laboratory,6298-4,Potassium [Moles/volume] in Blood,5.0,mmol/L,numeric
2025-03-12T09:38:04Z,aa616abe-1761-0c9a-7959-07544679dafd,aa616abe-1761-0c9a-f636-909bc0c0c9c4,laboratory,2069-3,Chloride [Moles/volume] in Blood,106.1,mmol/L,numeric
2025-03-12T09:38:04Z,aa616abe-1761-0c9a-7959-07544679dafd,aa616abe-1761-0c9a-f636-909bc0c0c9c4,laboratory,20565-8,Carbon dioxide  total [Moles/volume] in Blood,26.1,mmol/L,numeric
2025-03-12T09:38:04Z,aa616abe-1761-0c9a-7959-07544679dafd,aa616abe-1761-0c9a-f636-909bc0c0c9c4,laboratory,2093-3,Cholesterol [Mass/volume] in Serum or Plasma,215.4,mg/dL,numeric
2025-03-12T09:38:04Z,aa616abe-1761-0c9a-7959-07544679dafd,aa616abe-1761-0c9a-f636-909bc0c0c9c4,laboratory,2571-8,Triglyceride [Mass/volume] in Serum or Plasma,124.7,mg/dL,numeric
2025-03-12T09:38:04Z,aa616abe-1761-0c9a-7959-07544679dafd,aa616abe-1761-0c9a-f636-909bc0c0c9c4,laboratory,18262-6,Cholesterol in LDL [Mass/volume] in Serum or Plasma by Direct assay,135.0,mg/dL,numeric
2025-03-12T09:38:04Z,aa616abe-1761-0c9a-7959-07544679dafd,aa616abe-1761-0c9a-f636-909bc0c0c9c4,laboratory,2085-9,Cholesterol in HDL [Mass/volume] in Serum or Plasma,55.5,mg/dL,numeric
2025-03-12T09:38:04Z,aa616abe-1761-0c9a-7959-07544679dafd,aa616abe-1761-0c9a-f636-909bc0c0c9c4,laboratory,14959-1,Microalbumin/Creatinine [Mass Ratio] in Urine,19.8,mg/g,numeric
2025-03-12T09:38:04Z,aa616abe-1761-0c9a-7959-07544679dafd,aa616abe-1761-0c9a-f636-909bc0c0c9c4,laboratory,33914-3,Glomerular filtration rate [Volume Rate/Area] in Serum or Plasma by Creatinine-based formula (MDRD)/1.73 sq M,44.5,mL/min/{1.73_m2},numeric
2025-03-12T09:38:04Z,aa616abe-1761-0c9a-7959-07544679dafd,aa616abe-1761-0c9a-f636-909bc0c0c9c4,social-history,72166-2,Tobacco smoking status,Never smoked tobacco (finding),,text
2025-03-12T10:24:45Z,aa616abe-1761-0c9a-7959-07544679dafd,aa616abe-1761-0c9a-f636-909bc0c0c9c4,survey,76501-6,Within the last year  have you been afraid of your partner or ex-partner,No,,text
2025-03-12T10:24:45Z,aa616abe-1761-0c9a-7959-07544679dafd,aa616abe-1761-0c9a-f636-909bc0c0c9c4,survey,93026-3,Do you feel physically and emotionally safe where you currently live [PRAPARE],Yes,,text
2025-03-12T10:24:45Z,aa616abe-1761-0c9a-7959-07544679dafd,aa616abe-1761-0c9a-f636-909bc0c0c9c4,survey,93027-1,Are you a refugee,No,,text
2025-03-12T10:24:45Z,aa616abe-1761-0c9a-7959-07544679dafd,aa616abe-1761-0c9a-f636-909bc0c0c9c4,survey,93028-9,Have you spent more than 2 nights in a row in a jail  prison  detention center  or juvenile correctional facility in past 1 year [PRAPARE],Yes,,text
2025-03-12T10:24:45Z,aa616abe-1761-0c9a-7959-07544679dafd,aa616abe-1761-0c9a-f636-909bc0c0c9c4,survey,93038-8,Stress level,Somewhat,,text
2025-03-12T10:24:45Z,aa616abe-1761-0c9a-7959-07544679dafd,aa616abe-1761-0c9a-f636-909bc0c0c9c4,survey,93029-7,How often do you see or talk to people that you care about and feel close to [PRAPARE],3 to 5 times a week,,text
2025-03-12T10:24:45Z,aa616abe-1761-0c9a-7959-07544679dafd,aa616abe-1761-0c9a-f636-909bc0c0c9c4,survey,93030-5,Has lack of transportation kept you from medical appointments  meetings  work  or from getting things needed for daily living,No,,text
2025-03-12T10:24:45Z,aa616abe-1761-0c9a-7959-07544679dafd,aa616abe-1761-0c9a-f636-909bc0c0c9c4,survey,93031-3,Have you or any family members you live with been unable to get any of the following when it was really needed in past 1 year [PRAPARE],Medicine or Any Health Care (Medical  Dental  Mental Health  Vision),,text
2025-03-12T10:24:45Z,aa616abe-1761-0c9a-7959-07544679dafd,aa616abe-1761-0c9a-f636-909bc0c0c9c4,survey,63586-2,What was your best estimate of the total income of all family members from all sources  before taxes  in last year [PhenX],15504,/a,text
2025-03-12T10:24:45Z,aa616abe-1761-0c9a-7959-07544679dafd,aa616abe-1761-0c9a-f636-909bc0c0c9c4,survey,76437-3,Primary insurance,Medicaid,,text
2025-03-12T10:24:45Z,aa616abe-1761-0c9a-7959-07544679dafd,aa616abe-1761-0c9a-f636-909bc0c0c9c4,survey,67875-5,Employment status - current,Full-time work,,text
2025-03-12T10:24:45Z,aa616abe-1761-0c9a-7959-07544679dafd,aa616abe-1761-0c9a-f636-909bc0c0c9c4,survey,82589-3,Highest level of education,High school diploma or GED,,text
2025-03-12T10:24:45Z,aa616abe-1761-0c9a-7959-07544679dafd,aa616abe-1761-0c9a-f636-909bc0c0c9c4,survey,56799-0,Address,997 Grant Row Unit 85,,text
2025-03-12T10:24:45Z,aa616abe-1761-0c9a-7959-07544679dafd,aa616abe-1761-0c9a-f636-909bc0c0c9c4,survey,93033-9,Are you worried about losing your housing [PRAPARE],No,,text
2025-03-12T10:24:45Z,aa616abe-1761-0c9a-7959-07544679dafd,aa616abe-1761-0c9a-f636-909bc0c0c9c4,survey,71802-3,Housing status,I have housing,,text
2025-03-12T10:24:45Z,aa616abe-1761-0c9a-7959-07544679dafd,aa616abe-1761-0c9a-f636-909bc0c0c9c4,survey,63512-8,How many people are living or staying at this address [#],6.0,{#},numeric
2025-03-12T10:24:45Z,aa616abe-1761-0c9a-7959-07544679dafd,aa616abe-1761-0c9a-f636-909bc0c0c9c4,survey,54899-0,Preferred language,English,,text
2025-03-12T10:24:45Z,aa616abe-1761-0c9a-7959-07544679dafd,aa616abe-1761-0c9a-f636-909bc0c0c9c4,survey,93034-7,Discharged from the U.S. Armed Forces,No,,text
2025-03-12T10:24:45Z,aa616abe-1761-0c9a-7959-07544679dafd,aa616abe-1761-0c9a-f636-909bc0c0c9c4,survey,93035-4,Has season or migrant farm work been your or your family's main source of income at any point in past 2 years [PRAPARE],No,,text
2025-03-12T10:24:45Z,aa616abe-1761-0c9a-7959-07544679dafd,aa616abe-1761-0c9a-f636-909bc0c0c9c4,survey,32624-9,Race,White,,text
2025-03-12T10:24:45Z,aa616abe-1761-0c9a-7959-07544679dafd,aa616abe-1761-0c9a-f636-909bc0c0c9c4,survey,56051-6,Hispanic or Latino,No,,text
2025-03-12T10:40:35Z,aa616abe-1761-0c9a-7959-07544679dafd,aa616abe-1761-0c9a-f636-909bc0c0c9c4,survey,70274-6,Generalized anxiety disorder 7 item (GAD-7) total score [Reported.PHQ],3.0,{score},numeric
2025-03-12T11:20:07Z,aa616abe-1761-0c9a-7959-07544679dafd,aa616abe-1761-0c9a-f636-909bc0c0c9c4,survey,55758-7,Patient Health Questionnaire 2 item (PHQ-2) total score [Reported],1.0,{score},numeric
2025-04-09T09:38:04Z,aa616abe-1761-0c9a-7959-07544679dafd,aa616abe-1761-0c9a-f93f-fabed44527ae,laboratory,2345-7,Glucose [Mass/volume] in Serum or Plasma,76.3,mg/dL,numeric
2025-04-09T09:38:04Z,aa616abe-1761-0c9a-7959-07544679dafd,aa616abe-1761-0c9a-f93f-fabed44527ae,laboratory,3094-0,Urea nitrogen [Mass/volume] in Serum or Plasma,11.8,mg/dL,numeric
2025-04-09T09:38:04Z,aa616abe-1761-0c9a-7959-07544679dafd,aa616abe-1761-0c9a-f93f-fabed44527ae,laboratory,2160-0,Creatinine [Mass/volume] in Serum or Plasma,1.8,mg/dL,numeric
2025-04-09T09:38:04Z,aa616abe-1761-0c9a-7959-07544679dafd,aa616abe-1761-0c9a-f93f-fabed44527ae,laboratory,17861-6,Calcium [Mass/volume] in Serum or Plasma,9.6,mg/dL,numeric
2025-04-09T09:38:04Z,aa616abe-1761-0c9a-7959-07544679dafd,aa616abe-1761-0c9a-f93f-fabed44527ae,laboratory,2951-2,Sodium [Moles/volume] in Serum or Plasma,141.9,mmol/L,numeric
2025-04-09T09:38:04Z,aa616abe-1761-0c9a-7959-07544679dafd,aa616abe-1761-0c9a-f93f-fabed44527ae,laboratory,2823-3,Potassium [Moles/volume] in Serum or Plasma,4.4,mmol/L,numeric
2025-04-09T09:38:04Z,aa616abe-1761-0c9a-7959-07544679dafd,aa616abe-1761-0c9a-f93f-fabed44527ae,laboratory,2075-0,Chloride [Moles/volume] in Serum or Plasma,103.4,mmol/L,numeric
2025-04-09T09:38:04Z,aa616abe-1761-0c9a-7959-07544679dafd,aa616abe-1761-0c9a-f93f-fabed44527ae,laboratory,2028-9,Carbon dioxide  total [Moles/volume] in Serum or Plasma,25.1,mmol/L,numeric
2025-04-09T09:38:04Z,aa616abe-1761-0c9a-7959-07544679dafd,aa616abe-1761-0c9a-f93f-fabed44527ae,laboratory,33914-3,Glomerular filtration rate [Volume Rate/Area] in Serum or Plasma by Creatinine-based formula (MDRD)/1.73 sq M,73.8,mL/min/{1.73_m2},numeric
2025-04-09T09:38:04Z,aa616abe-1761-0c9a-7959-07544679dafd,aa616abe-1761-0c9a-f93f-fabed44527ae,laboratory,5767-9,Appearance of Urine,Cloudy urine (finding),{nominal},text
2025-04-09T09:38:04Z,aa616abe-1761-0c9a-7959-07544679dafd,aa616abe-1761-0c9a-f93f-fabed44527ae,laboratory,34533-0,Odor of Urine,Urine smell ammoniacal (finding),{nominal},text
2025-04-09T09:38:04Z,aa616abe-1761-0c9a-7959-07544679dafd,aa616abe-1761-0c9a-f93f-fabed44527ae,laboratory,32167-9,Clarity of Urine,Translucent (qualifier value),{nominal},text
2025-04-09T09:38:04Z,aa616abe-1761-0c9a-7959-07544679dafd,aa616abe-1761-0c9a-f93f-fabed44527ae,laboratory,5778-6,Color of Urine,Brown color (qualifier value),{nominal},text
2025-04-09T09:38:04Z,aa616abe-1761-0c9a-7959-07544679dafd,aa616abe-1761-0c9a-f93f-fabed44527ae,laboratory,5792-7,Glucose [Mass/volume] in Urine by Test strip,1.3,mg/dL,numeric
2025-04-09T09:38:04Z,aa616abe-1761-0c9a-7959-07544679dafd,aa616abe-1761-0c9a-f93f-fabed44527ae,laboratory,25428-4,Glucose [Presence] in Urine by Test strip,Urine glucose test = ++ (finding),{nominal},text
2025-04-09T09:38:04Z,aa616abe-1761-0c9a-7959-07544679dafd,aa616abe-1761-0c9a-f93f-fabed44527ae,laboratory,20505-4,Bilirubin.total [Mass/volume] in Urine by Test strip,0.8,mg/dL,numeric
2025-04-09T09:38:04Z,aa616abe-1761-0c9a-7959-07544679dafd,aa616abe-1761-0c9a-f93f-fabed44527ae,laboratory,5770-3,Bilirubin.total [Presence] in Urine by Test strip,Finding of bilirubin in urine (finding),{nominal},text
2025-04-09T09:38:04Z,aa616abe-1761-0c9a-7959-07544679dafd,aa616abe-1761-0c9a-f93f-fabed44527ae,laboratory,5797-6,Ketones [Mass/volume] in Urine by Test strip,10.4,mg/dL,numeric
2025-04-09T09:38:04Z,aa616abe-1761-0c9a-7959-07544679dafd,aa616abe-1761-0c9a-f93f-fabed44527ae,laboratory,2514-8,Ketones [Presence] in Urine by Test strip,Urine ketone test = + (finding),{nominal},text
2025-04-09T09:38:04Z,aa616abe-1761-0c9a-7959-07544679dafd,aa616abe-1761-0c9a-f93f-fabed44527ae,laboratory,5811-5,Specific gravity of Urine by Test strip,1.0,{nominal},numeric
2025-04-09T09:38:04Z,aa616abe-1761-0c9a-7959-07544679dafd,aa616abe-1761-0c9a-f93f-fabed44527ae,laboratory,5803-2,pH of Urine by Test strip,6.5,pH,numeric
2025-04-09T09:38:04Z,aa616abe-1761-0c9a-7959-07544679dafd,aa616abe-1761-0c9a-f93f-fabed44527ae,laboratory,5804-0,Protein [Mass/volume] in Urine by Test strip,333.5,mg/dL,numeric
2025-04-09T09:38:04Z,aa616abe-1761-0c9a-7959-07544679dafd,aa616abe-1761-0c9a-f93f-fabed44527ae,laboratory,20454-5,Protein [Presence] in Urine by Test strip,Urine protein test = ++ (finding),{nominal},text
2025-04-09T09:38:04Z,aa616abe-1761-0c9a-7959-07544679dafd,aa616abe-1761-0c9a-f93f-fabed44527ae,laboratory,5802-4,Nitrite [Presence] in Urine by Test strip,Nitrite not detected in urine (finding),{nominal},text
2025-04-09T09:38:04Z,aa616abe-1761-0c9a-7959-07544679dafd,aa616abe-1761-0c9a-f93f-fabed44527ae,laboratory,5794-3,Hemoglobin [Presence] in Urine by Test strip,Blood not detected in urine (finding),{nominal},text
2025-04-09T09:38:04Z,aa616abe-1761-0c9a-7959-07544679dafd,aa616abe-1761-0c9a-f93f-fabed44527ae,laboratory,5799-2,Leukocyte esterase [Presence] in Urine by Test strip,Urine leukocytes not detected (finding),{nominal},text
2025-04-09T09:38:04Z,aa616abe-1761-0c9a-7959-07544679dafd,aa616abe-1761-0c9a-f93f-fabed44527ae,laboratory,4548-4,Hemoglobin A1c/Hemoglobin.total in Blood,5.4,%,numeric
2025-04-09T09:38:04Z,aa616abe-1761-0c9a-7959-07544679dafd,aa616abe-1761-0c9a-f93f-fabed44527ae,vital-signs,8302-2,Body Height,164.6,cm,numeric
2025-04-09T09:38:04Z,aa616abe-1761-0c9a-7959-07544679dafd,aa616abe-1761-0c9a-f93f-fabed44527ae,vital-signs,72514-3,Pain severity - 0-10 verbal numeric rating [Score] - Reported,0.0,{score},numeric
2025-04-09T09:38:04Z,aa616abe-1761-0c9a-7959-07544679dafd,aa616abe-1761-0c9a-f93f-fabed44527ae,vital-signs,29463-7,Body Weight,75.2,kg,numeric
2025-04-09T09:38:04Z,aa616abe-1761-0c9a-7959-07544679dafd,aa616abe-1761-0c9a-f93f-fabed44527ae,vital-signs,39156-5,Body mass index (BMI) [Ratio],27.8,kg/m2,numeric
2025-04-09T09:38:04Z,aa616abe-1761-0c9a-7959-07544679dafd,aa616abe-1761-0c9a-f93f-fabed44527ae,vital-signs,8462-4,Diastolic Blood Pressure,77.0,mm[Hg],numeric
2025-04-09T09:38:04Z,aa616abe-1761-0c9a-7959-07544679dafd,aa616abe-1761-0c9a-f93f-fabed44527ae,vital-signs,8480-6,Systolic Blood Pressure,100.0,mm[Hg],numeric
2025-04-09T09:38:04Z,aa616abe-1761-0c9a-7959-07544679dafd,aa616abe-1761-0c9a-f93f-fabed44527ae,vital-signs,8867-4,Heart rate,80.0,/min,numeric
2025-04-09T09:38:04Z,aa616abe-1761-0c9a-7959-07544679dafd,aa616abe-1761-0c9a-f93f-fabed44527ae,vital-signs,9279-1,Respiratory rate,14.0,/min,numeric
2025-04-09T09:38:04Z,aa616abe-1761-0c9a-7959-07544679dafd,aa616abe-1761-0c9a-f93f-fabed44527ae,laboratory,2339-0,Glucose [Mass/volume] in Blood,76.3,mg/dL,numeric
2025-04-09T09:38:04Z,aa616abe-1761-0c9a-7959-07544679dafd,aa616abe-1761-0c9a-f93f-fabed44527ae,laboratory,6299-2,Urea nitrogen [Mass/volume] in Blood,11.8,mg/dL,numeric
2025-04-09T09:38:04Z,aa616abe-1761-0c9a-7959-07544679dafd,aa616abe-1761-0c9a-f93f-fabed44527ae,laboratory,38483-4,Creatinine [Mass/volume] in Blood,1.5,mg/dL,numeric
2025-04-09T09:38:04Z,aa616abe-1761-0c9a-7959-07544679dafd,aa616abe-1761-0c9a-f93f-fabed44527ae,laboratory,49765-1,Calcium [Mass/volume] in Blood,9.6,mg/dL,numeric
2025-04-09T09:38:04Z,aa616abe-1761-0c9a-7959-07544679dafd,aa616abe-1761-0c9a-f93f-fabed44527ae,laboratory,2947-0,Sodium [Moles/volume] in Blood,141.9,mmol/L,numeric
2025-04-09T09:38:04Z,aa616abe-1761-0c9a-7959-07544679dafd,aa616abe-1761-0c9a-f93f-fabed44527ae,laboratory,6298-4,Potassium [Moles/volume] in Blood,4.4,mmol/L,numeric
2025-04-09T09:38:04Z,aa616abe-1761-0c9a-7959-07544679dafd,aa616abe-1761-0c9a-f93f-fabed44527ae,laboratory,2069-3,Chloride [Moles/volume] in Blood,103.4,mmol/L,numeric
2025-04-09T09:38:04Z,aa616abe-1761-0c9a-7959-07544679dafd,aa616abe-1761-0c9a-f93f-fabed44527ae,laboratory,20565-8,Carbon dioxide  total [Moles/volume] in Blood,25.1,mmol/L,numeric
2025-04-09T09:38:04Z,aa616abe-1761-0c9a-7959-07544679dafd,aa616abe-1761-0c9a-f93f-fabed44527ae,laboratory,2093-3,Cholesterol [Mass/volume] in Serum or Plasma,177.9,mg/dL,numeric
2025-04-09T09:38:04Z,aa616abe-1761-0c9a-7959-07544679dafd,aa616abe-1761-0c9a-f93f-fabed44527ae,laboratory,2571-8,Triglyceride [Mass/volume] in Serum or Plasma,114.8,mg/dL,numeric
2025-04-09T09:38:04Z,aa616abe-1761-0c9a-7959-07544679dafd,aa616abe-1761-0c9a-f93f-fabed44527ae,laboratory,18262-6,Cholesterol in LDL [Mass/volume] in Serum or Plasma by Direct assay,105.0,mg/dL,numeric
2025-04-09T09:38:04Z,aa616abe-1761-0c9a-7959-07544679dafd,aa616abe-1761-0c9a-f93f-fabed44527ae,laboratory,2085-9,Cholesterol in HDL [Mass/volume] in Serum or Plasma,50.0,mg/dL,numeric
2025-04-09T09:38:04Z,aa616abe-1761-0c9a-7959-07544679dafd,aa616abe-1761-0c9a-f93f-fabed44527ae,laboratory,14959-1,Microalbumin/Creatinine [Mass Ratio] in Urine,28.1,mg/g,numeric
2025-04-09T09:38:04Z,aa616abe-1761-0c9a-7959-07544679dafd,aa616abe-1761-0c9a-f93f-fabed44527ae,laboratory,33914-3,Glomerular filtration rate [Volume Rate/Area] in Serum or Plasma by Creatinine-based formula (MDRD)/1.73 sq M,38.1,mL/min/{1.73_m2},numeric
2025-04-09T09:38:04Z,aa616abe-1761-0c9a-7959-07544679dafd,aa616abe-1761-0c9a-f93f-fabed44527ae,social-history,72166-2,Tobacco smoking status,Never smoked tobacco (finding),,text
2025-04-09T10:26:12Z,aa616abe-1761-0c9a-7959-07544679dafd,aa616abe-1761-0c9a-f93f-fabed44527ae,survey,76501-6,Within the last year  have you been afraid of your partner or ex-partner,No,,text
2025-04-09T10:26:12Z,aa616abe-1761-0c9a-7959-07544679dafd,aa616abe-1761-0c9a-f93f-fabed44527ae,survey,93026-3,Do you feel physically and emotionally safe where you currently live [PRAPARE],Yes,,text
2025-04-09T10:26:12Z,aa616abe-1761-0c9a-7959-07544679dafd,aa616abe-1761-0c9a-f93f-fabed44527ae,survey,93027-1,Are you a refugee,No,,text
2025-04-09T10:26:12Z,aa616abe-1761-0c9a-7959-07544679dafd,aa616abe-1761-0c9a-f93f-fabed44527ae,survey,93028-9,Have you spent more than 2 nights in a row in a jail  prison  detention center  or juvenile correctional facility in past 1 year [PRAPARE],Yes,,text
2025-04-09T10:26:12Z,aa616abe-1761-0c9a-7959-07544679dafd,aa616abe-1761-0c9a-f93f-fabed44527ae,survey,93038-8,Stress level,Not at all,,text
2025-04-09T10:26:12Z,aa616abe-1761-0c9a-7959-07544679dafd,aa616abe-1761-0c9a-f93f-fabed44527ae,survey,93029-7,How often do you see or talk to people that you care about and feel close to [PRAPARE],5 or more times a week,,text
2025-04-09T10:26:12Z,aa616abe-1761-0c9a-7959-07544679dafd,aa616abe-1761-0c9a-f93f-fabed44527ae,survey,93030-5,Has lack of transportation kept you from medical appointments  meetings  work  or from getting things needed for daily living,No,,text
2025-04-09T10:26:12Z,aa616abe-1761-0c9a-7959-07544679dafd,aa616abe-1761-0c9a-f93f-fabed44527ae,survey,93031-3,Have you or any family members you live with been unable to get any of the following when it was really needed in past 1 year [PRAPARE],Food,,text
2025-04-09T10:26:12Z,aa616abe-1761-0c9a-7959-07544679dafd,aa616abe-1761-0c9a-f93f-fabed44527ae,survey,63586-2,What was your best estimate of the total income of all family members from all sources  before taxes  in last year [PhenX],15504,/a,text
2025-04-09T10:26:12Z,aa616abe-1761-0c9a-7959-07544679dafd,aa616abe-1761-0c9a-f93f-fabed44527ae,survey,76437-3,Primary insurance,Medicaid,,text
2025-04-09T10:26:12Z,aa616abe-1761-0c9a-7959-07544679dafd,aa616abe-1761-0c9a-f93f-fabed44527ae,survey,67875-5,Employment status - current,Full-time work,,text
2025-04-09T10:26:12Z,aa616abe-1761-0c9a-7959-07544679dafd,aa616abe-1761-0c9a-f93f-fabed44527ae,survey,82589-3,Highest level of education,High school diploma or GED,,text
2025-04-09T10:26:12Z,aa616abe-1761-0c9a-7959-07544679dafd,aa616abe-1761-0c9a-f93f-fabed44527ae,survey,56799-0,Address,997 Grant Row Unit 85,,text
2025-04-09T10:26:12Z,aa616abe-1761-0c9a-7959-07544679dafd,aa616abe-1761-0c9a-f93f-fabed44527ae,survey,93033-9,Are you worried about losing your housing [PRAPARE],No,,text
2025-04-09T10:26:12Z,aa616abe-1761-0c9a-7959-07544679dafd,aa616abe-1761-0c9a-f93f-fabed44527ae,survey,71802-3,Housing status,I have housing,,text
2025-04-09T10:26:12Z,aa616abe-1761-0c9a-7959-07544679dafd,aa616abe-1761-0c9a-f93f-fabed44527ae,survey,63512-8,How many people are living or staying at this address [#],6.0,{#},numeric
2025-04-09T10:26:12Z,aa616abe-1761-0c9a-7959-07544679dafd,aa616abe-1761-0c9a-f93f-fabed44527ae,survey,54899-0,Preferred language,English,,text
2025-04-09T10:26:12Z,aa616abe-1761-0c9a-7959-07544679dafd,aa616abe-1761-0c9a-f93f-fabed44527ae,survey,93034-7,Discharged from the U.S. Armed Forces,No,,text
2025-04-09T10:26:12Z,aa616abe-1761-0c9a-7959-07544679dafd,aa616abe-1761-0c9a-f93f-fabed44527ae,survey,93035-4,Has season or migrant farm work been your or your family's main source of income at any point in past 2 years [PRAPARE],No,,text
2025-04-09T10:26:12Z,aa616abe-1761-0c9a-7959-07544679dafd,aa616abe-1761-0c9a-f93f-fabed44527ae,survey,32624-9,Race,White,,text
2025-04-09T10:26:12Z,aa616abe-1761-0c9a-7959-07544679dafd,aa616abe-1761-0c9a-f93f-fabed44527ae,survey,56051-6,Hispanic or Latino,No,,text
2025-04-09T10:43:03Z,aa616abe-1761-0c9a-7959-07544679dafd,aa616abe-1761-0c9a-f93f-fabed44527ae,survey,70274-6,Generalized anxiety disorder 7 item (GAD-7) total score [Reported.PHQ],6.0,{score},numeric
2025-04-09T11:22:38Z,aa616abe-1761-0c9a-7959-07544679dafd,aa616abe-1761-0c9a-f93f-fabed44527ae,survey,55758-7,Patient Health Questionnaire 2 item (PHQ-2) total score [Reported],0.0,{score},numeric
2025-04-09T11:58:17Z,aa616abe-1761-0c9a-7959-07544679dafd,aa616abe-1761-0c9a-f93f-fabed44527ae,survey,75626-2,Total score [AUDIT-C],2.0,{score},numeric
2025-04-30T09:38:04Z,aa616abe-1761-0c9a-7959-07544679dafd,aa616abe-1761-0c9a-7213-17f3753e1813,laboratory,2345-7,Glucose [Mass/volume] in Serum or Plasma,82.7,mg/dL,numeric
2025-04-30T09:38:04Z,aa616abe-1761-0c9a-7959-07544679dafd,aa616abe-1761-0c9a-7213-17f3753e1813,laboratory,3094-0,Urea nitrogen [Mass/volume] in Serum or Plasma,14.6,mg/dL,numeric
2025-04-30T09:38:04Z,aa616abe-1761-0c9a-7959-07544679dafd,aa616abe-1761-0c9a-7213-17f3753e1813,laboratory,2160-0,Creatinine [Mass/volume] in Serum or Plasma,1.9,mg/dL,numeric
2025-04-30T09:38:04Z,aa616abe-1761-0c9a-7959-07544679dafd,aa616abe-1761-0c9a-7213-17f3753e1813,laboratory,17861-6,Calcium [Mass/volume] in Serum or Plasma,10.0,mg/dL,numeric
2025-04-30T09:38:04Z,aa616abe-1761-0c9a-7959-07544679dafd,aa616abe-1761-0c9a-7213-17f3753e1813,laboratory,2951-2,Sodium [Moles/volume] in Serum or Plasma,138.0,mmol/L,numeric
2025-04-30T09:38:04Z,aa616abe-1761-0c9a-7959-07544679dafd,aa616abe-1761-0c9a-7213-17f3753e1813,laboratory,2823-3,Potassium [Moles/volume] in Serum or Plasma,4.4,mmol/L,numeric
2025-04-30T09:38:04Z,aa616abe-1761-0c9a-7959-07544679dafd,aa616abe-1761-0c9a-7213-17f3753e1813,laboratory,2075-0,Chloride [Moles/volume] in Serum or Plasma,106.8,mmol/L,numeric
2025-04-30T09:38:04Z,aa616abe-1761-0c9a-7959-07544679dafd,aa616abe-1761-0c9a-7213-17f3753e1813,laboratory,2028-9,Carbon dioxide  total [Moles/volume] in Serum or Plasma,25.3,mmol/L,numeric
2025-04-30T09:38:04Z,aa616abe-1761-0c9a-7959-07544679dafd,aa616abe-1761-0c9a-7213-17f3753e1813,laboratory,33914-3,Glomerular filtration rate [Volume Rate/Area] in Serum or Plasma by Creatinine-based formula (MDRD)/1.73 sq M,79.0,mL/min/{1.73_m2},numeric
2025-04-30T09:38:04Z,aa616abe-1761-0c9a-7959-07544679dafd,aa616abe-1761-0c9a-7213-17f3753e1813,laboratory,5767-9,Appearance of Urine,Cloudy urine (finding),{nominal},text
2025-04-30T09:38:04Z,aa616abe-1761-0c9a-7959-07544679dafd,aa616abe-1761-0c9a-7213-17f3753e1813,laboratory,34533-0,Odor of Urine,Urine smell ammoniacal (finding),{nominal},text
2025-04-30T09:38:04Z,aa616abe-1761-0c9a-7959-07544679dafd,aa616abe-1761-0c9a-7213-17f3753e1813,laboratory,32167-9,Clarity of Urine,Translucent (qualifier value),{nominal},text
2025-04-30T09:38:04Z,aa616abe-1761-0c9a-7959-07544679dafd,aa616abe-1761-0c9a-7213-17f3753e1813,laboratory,5778-6,Color of Urine,Brown color (qualifier value),{nominal},text
2025-04-30T09:38:04Z,aa616abe-1761-0c9a-7959-07544679dafd,aa616abe-1761-0c9a-7213-17f3753e1813,laboratory,5792-7,Glucose [Mass/volume] in Urine by Test strip,1.0,mg/dL,numeric
2025-04-30T09:38:04Z,aa616abe-1761-0c9a-7959-07544679dafd,aa616abe-1761-0c9a-7213-17f3753e1813,laboratory,25428-4,Glucose [Presence] in Urine by Test strip,Urine glucose test = ++ (finding),{nominal},text
2025-04-30T09:38:04Z,aa616abe-1761-0c9a-7959-07544679dafd,aa616abe-1761-0c9a-7213-17f3753e1813,laboratory,20505-4,Bilirubin.total [Mass/volume] in Urine by Test strip,0.5,mg/dL,numeric
2025-04-30T09:38:04Z,aa616abe-1761-0c9a-7959-07544679dafd,aa616abe-1761-0c9a-7213-17f3753e1813,laboratory,5770-3,Bilirubin.total [Presence] in Urine by Test strip,Finding of bilirubin in urine (finding),{nominal},text
2025-04-30T09:38:04Z,aa616abe-1761-0c9a-7959-07544679dafd,aa616abe-1761-0c9a-7213-17f3753e1813,laboratory,5797-6,Ketones [Mass/volume] in Urine by Test strip,10.9,mg/dL,numeric
2025-04-30T09:38:04Z,aa616abe-1761-0c9a-7959-07544679dafd,aa616abe-1761-0c9a-7213-17f3753e1813,laboratory,2514-8,Ketones [Presence] in Urine by Test strip,Urine ketone test = + (finding),{nominal},text
2025-04-30T09:38:04Z,aa616abe-1761-0c9a-7959-07544679dafd,aa616abe-1761-0c9a-7213-17f3753e1813,laboratory,5811-5,Specific gravity of Urine by Test strip,1.0,{nominal},numeric
2025-04-30T09:38:04Z,aa616abe-1761-0c9a-7959-07544679dafd,aa616abe-1761-0c9a-7213-17f3753e1813,laboratory,5803-2,pH of Urine by Test strip,6.7,pH,numeric
2025-04-30T09:38:04Z,aa616abe-1761-0c9a-7959-07544679dafd,aa616abe-1761-0c9a-7213-17f3753e1813,laboratory,5804-0,Protein [Mass/volume] in Urine by Test strip,304.4,mg/dL,numeric
2025-04-30T09:38:04Z,aa616abe-1761-0c9a-7959-07544679dafd,aa616abe-1761-0c9a-7213-17f3753e1813,laboratory,20454-5,Protein [Presence] in Urine by Test strip,Urine protein test = ++ (finding),{nominal},text
2025-04-30T09:38:04Z,aa616abe-1761-0c9a-7959-07544679dafd,aa616abe-1761-0c9a-7213-17f3753e1813,laboratory,5802-4,Nitrite [Presence] in Urine by Test strip,Nitrite not detected in urine (finding),{nominal},text
2025-04-30T09:38:04Z,aa616abe-1761-0c9a-7959-07544679dafd,aa616abe-1761-0c9a-7213-17f3753e1813,laboratory,5794-3,Hemoglobin [Presence] in Urine by Test strip,Blood not detected in urine (finding),{nominal},text
2025-04-30T09:38:04Z,aa616abe-1761-0c9a-7959-07544679dafd,aa616abe-1761-0c9a-7213-17f3753e1813,laboratory,5799-2,Leukocyte esterase [Presence] in Urine by Test strip,Urine leukocytes not detected (finding),{nominal},text
2025-04-30T09:38:04Z,aa616abe-1761-0c9a-7959-07544679dafd,aa616abe-1761-0c9a-7213-17f3753e1813,laboratory,4548-4,Hemoglobin A1c/Hemoglobin.total in Blood,5.4,%,numeric
2025-04-30T09:38:04Z,aa616abe-1761-0c9a-7959-07544679dafd,aa616abe-1761-0c9a-7213-17f3753e1813,vital-signs,8302-2,Body Height,164.6,cm,numeric
2025-04-30T09:38:04Z,aa616abe-1761-0c9a-7959-07544679dafd,aa616abe-1761-0c9a-7213-17f3753e1813,vital-signs,72514-3,Pain severity - 0-10 verbal numeric rating [Score] - Reported,2.0,{score},numeric
2025-04-30T09:38:04Z,aa616abe-1761-0c9a-7959-07544679dafd,aa616abe-1761-0c9a-7213-17f3753e1813,vital-signs,29463-7,Body Weight,75.2,kg,numeric
2025-04-30T09:38:04Z,aa616abe-1761-0c9a-7959-07544679dafd,aa616abe-1761-0c9a-7213-17f3753e1813,vital-signs,39156-5,Body mass index (BMI) [Ratio],27.8,kg/m2,numeric
2025-04-30T09:38:04Z,aa616abe-1761-0c9a-7959-07544679dafd,aa616abe-1761-0c9a-7213-17f3753e1813,vital-signs,8462-4,Diastolic Blood Pressure,73.0,mm[Hg],numeric
2025-04-30T09:38:04Z,aa616abe-1761-0c9a-7959-07544679dafd,aa616abe-1761-0c9a-7213-17f3753e1813,vital-signs,8480-6,Systolic Blood Pressure,101.0,mm[Hg],numeric
2025-04-30T09:38:04Z,aa616abe-1761-0c9a-7959-07544679dafd,aa616abe-1761-0c9a-7213-17f3753e1813,vital-signs,8867-4,Heart rate,82.0,/min,numeric
2025-04-30T09:38:04Z,aa616abe-1761-0c9a-7959-07544679dafd,aa616abe-1761-0c9a-7213-17f3753e1813,vital-signs,9279-1,Respiratory rate,13.0,/min,numeric
2025-04-30T09:38:04Z,aa616abe-1761-0c9a-7959-07544679dafd,aa616abe-1761-0c9a-7213-17f3753e1813,laboratory,2339-0,Glucose [Mass/volume] in Blood,82.7,mg/dL,numeric
2025-04-30T09:38:04Z,aa616abe-1761-0c9a-7959-07544679dafd,aa616abe-1761-0c9a-7213-17f3753e1813,laboratory,6299-2,Urea nitrogen [Mass/volume] in Blood,14.6,mg/dL,numeric
2025-04-30T09:38:04Z,aa616abe-1761-0c9a-7959-07544679dafd,aa616abe-1761-0c9a-7213-17f3753e1813,laboratory,38483-4,Creatinine [Mass/volume] in Blood,1.2,mg/dL,numeric
2025-04-30T09:38:04Z,aa616abe-1761-0c9a-7959-07544679dafd,aa616abe-1761-0c9a-7213-17f3753e1813,laboratory,49765-1,Calcium [Mass/volume] in Blood,10.0,mg/dL,numeric
2025-04-30T09:38:04Z,aa616abe-1761-0c9a-7959-07544679dafd,aa616abe-1761-0c9a-7213-17f3753e1813,laboratory,2947-0,Sodium [Moles/volume] in Blood,138.0,mmol/L,numeric
2025-04-30T09:38:04Z,aa616abe-1761-0c9a-7959-07544679dafd,aa616abe-1761-0c9a-7213-17f3753e1813,laboratory,6298-4,Potassium [Moles/volume] in Blood,4.4,mmol/L,numeric
2025-04-30T09:38:04Z,aa616abe-1761-0c9a-7959-07544679dafd,aa616abe-1761-0c9a-7213-17f3753e1813,laboratory,2069-3,Chloride [Moles/volume] in Blood,106.8,mmol/L,numeric
2025-04-30T09:38:04Z,aa616abe-1761-0c9a-7959-07544679dafd,aa616abe-1761-0c9a-7213-17f3753e1813,laboratory,20565-8,Carbon dioxide  total [Moles/volume] in Blood,25.3,mmol/L,numeric
2025-04-30T09:38:04Z,aa616abe-1761-0c9a-7959-07544679dafd,aa616abe-1761-0c9a-7213-17f3753e1813,laboratory,2093-3,Cholesterol [Mass/volume] in Serum or Plasma,197.5,mg/dL,numeric
2025-04-30T09:38:04Z,aa616abe-1761-0c9a-7959-07544679dafd,aa616abe-1761-0c9a-7213-17f3753e1813,laboratory,2571-8,Triglyceride [Mass/volume] in Serum or Plasma,116.5,mg/dL,numeric
2025-04-30T09:38:04Z,aa616abe-1761-0c9a-7959-07544679dafd,aa616abe-1761-0c9a-7213-17f3753e1813,laboratory,18262-6,Cholesterol in LDL [Mass/volume] in Serum or Plasma by Direct assay,121.0,mg/dL,numeric
2025-04-30T09:38:04Z,aa616abe-1761-0c9a-7959-07544679dafd,aa616abe-1761-0c9a-7213-17f3753e1813,laboratory,2085-9,Cholesterol in HDL [Mass/volume] in Serum or Plasma,53.2,mg/dL,numeric
2025-04-30T09:38:04Z,aa616abe-1761-0c9a-7959-07544679dafd,aa616abe-1761-0c9a-7213-17f3753e1813,laboratory,14959-1,Microalbumin/Creatinine [Mass Ratio] in Urine,18.4,mg/g,numeric
2025-04-30T09:38:04Z,aa616abe-1761-0c9a-7959-07544679dafd,aa616abe-1761-0c9a-7213-17f3753e1813,laboratory,33914-3,Glomerular filtration rate [Volume Rate/Area] in Serum or Plasma by Creatinine-based formula (MDRD)/1.73 sq M,49.9,mL/min/{1.73_m2},numeric
2025-04-30T09:38:04Z,aa616abe-1761-0c9a-7959-07544679dafd,aa616abe-1761-0c9a-7213-17f3753e1813,social-history,72166-2,Tobacco smoking status,Never smoked tobacco (finding),,text
2025-04-30T10:09:51Z,aa616abe-1761-0c9a-7959-07544679dafd,aa616abe-1761-0c9a-7213-17f3753e1813,survey,76501-6,Within the last year  have you been afraid of your partner or ex-partner,No,,text
2025-04-30T10:09:51Z,aa616abe-1761-0c9a-7959-07544679dafd,aa616abe-1761-0c9a-7213-17f3753e1813,survey,93026-3,Do you feel physically and emotionally safe where you currently live [PRAPARE],Yes,,text
2025-04-30T10:09:51Z,aa616abe-1761-0c9a-7959-07544679dafd,aa616abe-1761-0c9a-7213-17f3753e1813,survey,93027-1,Are you a refugee,No,,text
2025-04-30T10:09:51Z,aa616abe-1761-0c9a-7959-07544679dafd,aa616abe-1761-0c9a-7213-17f3753e1813,survey,93028-9,Have you spent more than 2 nights in a row in a jail  prison  detention center  or juvenile correctional facility in past 1 year [PRAPARE],Yes,,text
2025-04-30T10:09:51Z,aa616abe-1761-0c9a-7959-07544679dafd,aa616abe-1761-0c9a-7213-17f3753e1813,survey,93038-8,Stress level,Not at all,,text
2025-04-30T10:09:51Z,aa616abe-1761-0c9a-7959-07544679dafd,aa616abe-1761-0c9a-7213-17f3753e1813,survey,93029-7,How often do you see or talk to people that you care about and feel close to [PRAPARE],3 to 5 times a week,,text
2025-04-30T10:09:51Z,aa616abe-1761-0c9a-7959-07544679dafd,aa616abe-1761-0c9a-7213-17f3753e1813,survey,93030-5,Has lack of transportation kept you from medical appointments  meetings  work  or from getting things needed for daily living,No,,text
2025-04-30T10:09:51Z,aa616abe-1761-0c9a-7959-07544679dafd,aa616abe-1761-0c9a-7213-17f3753e1813,survey,93031-3,Have you or any family members you live with been unable to get any of the following when it was really needed in past 1 year [PRAPARE],Utilities,,text
2025-04-30T10:09:51Z,aa616abe-1761-0c9a-7959-07544679dafd,aa616abe-1761-0c9a-7213-17f3753e1813,survey,63586-2,What was your best estimate of the total income of all family members from all sources  before taxes  in last year [PhenX],15504,/a,text
2025-04-30T10:09:51Z,aa616abe-1761-0c9a-7959-07544679dafd,aa616abe-1761-0c9a-7213-17f3753e1813,survey,76437-3,Primary insurance,Medicaid,,text
2025-04-30T10:09:51Z,aa616abe-1761-0c9a-7959-07544679dafd,aa616abe-1761-0c9a-7213-17f3753e1813,survey,67875-5,Employment status - current,Full-time work,,text
2025-04-30T10:09:51Z,aa616abe-1761-0c9a-7959-07544679dafd,aa616abe-1761-0c9a-7213-17f3753e1813,survey,82589-3,Highest level of education,High school diploma or GED,,text
2025-04-30T10:09:51Z,aa616abe-1761-0c9a-7959-07544679dafd,aa616abe-1761-0c9a-7213-17f3753e1813,survey,56799-0,Address,997 Grant Row Unit 85,,text
2025-04-30T10:09:51Z,aa616abe-1761-0c9a-7959-07544679dafd,aa616abe-1761-0c9a-7213-17f3753e1813,survey,93033-9,Are you worried about losing your housing [PRAPARE],No,,text
2025-04-30T10:09:51Z,aa616abe-1761-0c9a-7959-07544679dafd,aa616abe-1761-0c9a-7213-17f3753e1813,survey,71802-3,Housing status,I have housing,,text
2025-04-30T10:09:51Z,aa616abe-1761-0c9a-7959-07544679dafd,aa616abe-1761-0c9a-7213-17f3753e1813,survey,63512-8,How many people are living or staying at this address [#],6.0,{#},numeric
2025-04-30T10:09:51Z,aa616abe-1761-0c9a-7959-07544679dafd,aa616abe-1761-0c9a-7213-17f3753e1813,survey,54899-0,Preferred language,English,,text
2025-04-30T10:09:51Z,aa616abe-1761-0c9a-7959-07544679dafd,aa616abe-1761-0c9a-7213-17f3753e1813,survey,93034-7,Discharged from the U.S. Armed Forces,No,,text
2025-04-30T10:09:51Z,aa616abe-1761-0c9a-7959-07544679dafd,aa616abe-1761-0c9a-7213-17f3753e1813,survey,93035-4,Has season or migrant farm work been your or your family's main source of income at any point in past 2 years [PRAPARE],No,,text
2025-04-30T10:09:51Z,aa616abe-1761-0c9a-7959-07544679dafd,aa616abe-1761-0c9a-7213-17f3753e1813,survey,32624-9,Race,White,,text
2025-04-30T10:09:51Z,aa616abe-1761-0c9a-7959-07544679dafd,aa616abe-1761-0c9a-7213-17f3753e1813,survey,56051-6,Hispanic or Latino,No,,text
2025-04-30T10:25:27Z,aa616abe-1761-0c9a-7959-07544679dafd,aa616abe-1761-0c9a-7213-17f3753e1813,survey,70274-6,Generalized anxiety disorder 7 item (GAD-7) total score [Reported.PHQ],4.0,{score},numeric
2025-04-30T11:01:00Z,aa616abe-1761-0c9a-7959-07544679dafd,aa616abe-1761-0c9a-7213-17f3753e1813,survey,55758-7,Patient Health Questionnaire 2 item (PHQ-2) total score [Reported],0.0,{score},numeric
2025-05-28T09:38:04Z,aa616abe-1761-0c9a-7959-07544679dafd,aa616abe-1761-0c9a-7f42-e2f462cd481e,laboratory,2345-7,Glucose [Mass/volume] in Serum or Plasma,81.4,mg/dL,numeric
2025-05-28T09:38:04Z,aa616abe-1761-0c9a-7959-07544679dafd,aa616abe-1761-0c9a-7f42-e2f462cd481e,laboratory,3094-0,Urea nitrogen [Mass/volume] in Serum or Plasma,15.5,mg/dL,numeric
2025-05-28T09:38:04Z,aa616abe-1761-0c9a-7959-07544679dafd,aa616abe-1761-0c9a-7f42-e2f462cd481e,laboratory,2160-0,Creatinine [Mass/volume] in Serum or Plasma,2.1,mg/dL,numeric
2025-05-28T09:38:04Z,aa616abe-1761-0c9a-7959-07544679dafd,aa616abe-1761-0c9a-7f42-e2f462cd481e,laboratory,17861-6,Calcium [Mass/volume] in Serum or Plasma,8.9,mg/dL,numeric
2025-05-28T09:38:04Z,aa616abe-1761-0c9a-7959-07544679dafd,aa616abe-1761-0c9a-7f42-e2f462cd481e,laboratory,2951-2,Sodium [Moles/volume] in Serum or Plasma,139.3,mmol/L,numeric
2025-05-28T09:38:04Z,aa616abe-1761-0c9a-7959-07544679dafd,aa616abe-1761-0c9a-7f42-e2f462cd481e,laboratory,2823-3,Potassium [Moles/volume] in Serum or Plasma,5.1,mmol/L,numeric
2025-05-28T09:38:04Z,aa616abe-1761-0c9a-7959-07544679dafd,aa616abe-1761-0c9a-7f42-e2f462cd481e,laboratory,2075-0,Chloride [Moles/volume] in Serum or Plasma,101.9,mmol/L,numeric
2025-05-28T09:38:04Z,aa616abe-1761-0c9a-7959-07544679dafd,aa616abe-1761-0c9a-7f42-e2f462cd481e,laboratory,2028-9,Carbon dioxide  total [Moles/volume] in Serum or Plasma,28.1,mmol/L,numeric
2025-05-28T09:38:04Z,aa616abe-1761-0c9a-7959-07544679dafd,aa616abe-1761-0c9a-7f42-e2f462cd481e,laboratory,33914-3,Glomerular filtration rate [Volume Rate/Area] in Serum or Plasma by Creatinine-based formula (MDRD)/1.73 sq M,84.1,mL/min/{1.73_m2},numeric
2025-05-28T09:38:04Z,aa616abe-1761-0c9a-7959-07544679dafd,aa616abe-1761-0c9a-7f42-e2f462cd481e,laboratory,5767-9,Appearance of Urine,Cloudy urine (finding),{nominal},text
2025-05-28T09:38:04Z,aa616abe-1761-0c9a-7959-07544679dafd,aa616abe-1761-0c9a-7f42-e2f462cd481e,laboratory,34533-0,Odor of Urine,Urine smell ammoniacal (finding),{nominal},text
2025-05-28T09:38:04Z,aa616abe-1761-0c9a-7959-07544679dafd,aa616abe-1761-0c9a-7f42-e2f462cd481e,laboratory,32167-9,Clarity of Urine,Translucent (qualifier value),{nominal},text
2025-05-28T09:38:04Z,aa616abe-1761-0c9a-7959-07544679dafd,aa616abe-1761-0c9a-7f42-e2f462cd481e,laboratory,5778-6,Color of Urine,Brown color (qualifier value),{nominal},text
2025-05-28T09:38:04Z,aa616abe-1761-0c9a-7959-07544679dafd,aa616abe-1761-0c9a-7f42-e2f462cd481e,laboratory,5792-7,Glucose [Mass/volume] in Urine by Test strip,2.3,mg/dL,numeric
2025-05-28T09:38:04Z,aa616abe-1761-0c9a-7959-07544679dafd,aa616abe-1761-0c9a-7f42-e2f462cd481e,laboratory,25428-4,Glucose [Presence] in Urine by Test strip,Urine glucose test = ++ (finding),{nominal},text
2025-05-28T09:38:04Z,aa616abe-1761-0c9a-7959-07544679dafd,aa616abe-1761-0c9a-7f42-e2f462cd481e,laboratory,20505-4,Bilirubin.total [Mass/volume] in Urine by Test strip,1.4,mg/dL,numeric
2025-05-28T09:38:04Z,aa616abe-1761-0c9a-7959-07544679dafd,aa616abe-1761-0c9a-7f42-e2f462cd481e,laboratory,5770-3,Bilirubin.total [Presence] in Urine by Test strip,Finding of bilirubin in urine (finding),{nominal},text
2025-05-28T09:38:04Z,aa616abe-1761-0c9a-7959-07544679dafd,aa616abe-1761-0c9a-7f42-e2f462cd481e,laboratory,5797-6,Ketones [Mass/volume] in Urine by Test strip,18.0,mg/dL,numeric
2025-05-28T09:38:04Z,aa616abe-1761-0c9a-7959-07544679dafd,aa616abe-1761-0c9a-7f42-e2f462cd481e,laboratory,2514-8,Ketones [Presence] in Urine by Test strip,Urine ketone test = + (finding),{nominal},text
2025-05-28T09:38:04Z,aa616abe-1761-0c9a-7959-07544679dafd,aa616abe-1761-0c9a-7f42-e2f462cd481e,laboratory,5811-5,Specific gravity of Urine by Test strip,1.0,{nominal},numeric
2025-05-28T09:38:04Z,aa616abe-1761-0c9a-7959-07544679dafd,aa616abe-1761-0c9a-7f42-e2f462cd481e,laboratory,5803-2,pH of Urine by Test strip,5.2,pH,numeric
2025-05-28T09:38:04Z,aa616abe-1761-0c9a-7959-07544679dafd,aa616abe-1761-0c9a-7f42-e2f462cd481e,laboratory,5804-0,Protein [Mass/volume] in Urine by Test strip,244.9,mg/dL,numeric
2025-05-28T09:38:04Z,aa616abe-1761-0c9a-7959-07544679dafd,aa616abe-1761-0c9a-7f42-e2f462cd481e,laboratory,20454-5,Protein [Presence] in Urine by Test strip,Urine protein test = ++ (finding),{nominal},text
2025-05-28T09:38:04Z,aa616abe-1761-0c9a-7959-07544679dafd,aa616abe-1761-0c9a-7f42-e2f462cd481e,laboratory,5802-4,Nitrite [Presence] in Urine by Test strip,Nitrite not detected in urine (finding),{nominal},text
2025-05-28T09:38:04Z,aa616abe-1761-0c9a-7959-07544679dafd,aa616abe-1761-0c9a-7f42-e2f462cd481e,laboratory,5794-3,Hemoglobin [Presence] in Urine by Test strip,Blood not detected in urine (finding),{nominal},text
2025-05-28T09:38:04Z,aa616abe-1761-0c9a-7959-07544679dafd,aa616abe-1761-0c9a-7f42-e2f462cd481e,laboratory,5799-2,Leukocyte esterase [Presence] in Urine by Test strip,Urine leukocytes not detected (finding),{nominal},text
2025-05-28T09:38:04Z,aa616abe-1761-0c9a-7959-07544679dafd,aa616abe-1761-0c9a-7f42-e2f462cd481e,laboratory,4548-4,Hemoglobin A1c/Hemoglobin.total in Blood,5.4,%,numeric
2025-05-28T09:38:04Z,aa616abe-1761-0c9a-7959-07544679dafd,aa616abe-1761-0c9a-7f42-e2f462cd481e,vital-signs,8302-2,Body Height,164.6,cm,numeric
2025-05-28T09:38:04Z,aa616abe-1761-0c9a-7959-07544679dafd,aa616abe-1761-0c9a-7f42-e2f462cd481e,vital-signs,72514-3,Pain severity - 0-10 verbal numeric rating [Score] - Reported,3.0,{score},numeric
2025-05-28T09:38:04Z,aa616abe-1761-0c9a-7959-07544679dafd,aa616abe-1761-0c9a-7f42-e2f462cd481e,vital-signs,29463-7,Body Weight,75.2,kg,numeric
2025-05-28T09:38:04Z,aa616abe-1761-0c9a-7959-07544679dafd,aa616abe-1761-0c9a-7f42-e2f462cd481e,vital-signs,39156-5,Body mass index (BMI) [Ratio],27.8,kg/m2,numeric
2025-05-28T09:38:04Z,aa616abe-1761-0c9a-7959-07544679dafd,aa616abe-1761-0c9a-7f42-e2f462cd481e,vital-signs,8462-4,Diastolic Blood Pressure,74.0,mm[Hg],numeric
2025-05-28T09:38:04Z,aa616abe-1761-0c9a-7959-07544679dafd,aa616abe-1761-0c9a-7f42-e2f462cd481e,vital-signs,8480-6,Systolic Blood Pressure,94.0,mm[Hg],numeric
2025-05-28T09:38:04Z,aa616abe-1761-0c9a-7959-07544679dafd,aa616abe-1761-0c9a-7f42-e2f462cd481e,vital-signs,8867-4,Heart rate,82.0,/min,numeric
2025-05-28T09:38:04Z,aa616abe-1761-0c9a-7959-07544679dafd,aa616abe-1761-0c9a-7f42-e2f462cd481e,vital-signs,9279-1,Respiratory rate,14.0,/min,numeric
2025-05-28T09:38:04Z,aa616abe-1761-0c9a-7959-07544679dafd,aa616abe-1761-0c9a-7f42-e2f462cd481e,laboratory,2339-0,Glucose [Mass/volume] in Blood,81.4,mg/dL,numeric
2025-05-28T09:38:04Z,aa616abe-1761-0c9a-7959-07544679dafd,aa616abe-1761-0c9a-7f42-e2f462cd481e,laboratory,6299-2,Urea nitrogen [Mass/volume] in Blood,15.5,mg/dL,numeric
2025-05-28T09:38:04Z,aa616abe-1761-0c9a-7959-07544679dafd,aa616abe-1761-0c9a-7f42-e2f462cd481e,laboratory,38483-4,Creatinine [Mass/volume] in Blood,1.9,mg/dL,numeric
2025-05-28T09:38:04Z,aa616abe-1761-0c9a-7959-07544679dafd,aa616abe-1761-0c9a-7f42-e2f462cd481e,laboratory,49765-1,Calcium [Mass/volume] in Blood,8.9,mg/dL,numeric
2025-05-28T09:38:04Z,aa616abe-1761-0c9a-7959-07544679dafd,aa616abe-1761-0c9a-7f42-e2f462cd481e,laboratory,2947-0,Sodium [Moles/volume] in Blood,139.3,mmol/L,numeric
2025-05-28T09:38:04Z,aa616abe-1761-0c9a-7959-07544679dafd,aa616abe-1761-0c9a-7f42-e2f462cd481e,laboratory,6298-4,Potassium [Moles/volume] in Blood,5.1,mmol/L,numeric
2025-05-28T09:38:04Z,aa616abe-1761-0c9a-7959-07544679dafd,aa616abe-1761-0c9a-7f42-e2f462cd481e,laboratory,2069-3,Chloride [Moles/volume] in Blood,101.9,mmol/L,numeric
2025-05-28T09:38:04Z,aa616abe-1761-0c9a-7959-07544679dafd,aa616abe-1761-0c9a-7f42-e2f462cd481e,laboratory,20565-8,Carbon dioxide  total [Moles/volume] in Blood,28.1,mmol/L,numeric
2025-05-28T09:38:04Z,aa616abe-1761-0c9a-7959-07544679dafd,aa616abe-1761-0c9a-7f42-e2f462cd481e,laboratory,2093-3,Cholesterol [Mass/volume] in Serum or Plasma,207.0,mg/dL,numeric
2025-05-28T09:38:04Z,aa616abe-1761-0c9a-7959-07544679dafd,aa616abe-1761-0c9a-7f42-e2f462cd481e,laboratory,2571-8,Triglyceride [Mass/volume] in Serum or Plasma,125.6,mg/dL,numeric
2025-05-28T09:38:04Z,aa616abe-1761-0c9a-7959-07544679dafd,aa616abe-1761-0c9a-7f42-e2f462cd481e,laboratory,18262-6,Cholesterol in LDL [Mass/volume] in Serum or Plasma by Direct assay,122.6,mg/dL,numeric
2025-05-28T09:38:04Z,aa616abe-1761-0c9a-7959-07544679dafd,aa616abe-1761-0c9a-7f42-e2f462cd481e,laboratory,2085-9,Cholesterol in HDL [Mass/volume] in Serum or Plasma,59.4,mg/dL,numeric
2025-05-28T09:38:04Z,aa616abe-1761-0c9a-7959-07544679dafd,aa616abe-1761-0c9a-7f42-e2f462cd481e,laboratory,14959-1,Microalbumin/Creatinine [Mass Ratio] in Urine,17.8,mg/g,numeric
2025-05-28T09:38:04Z,aa616abe-1761-0c9a-7959-07544679dafd,aa616abe-1761-0c9a-7f42-e2f462cd481e,laboratory,33914-3,Glomerular filtration rate [Volume Rate/Area] in Serum or Plasma by Creatinine-based formula (MDRD)/1.73 sq M,30.6,mL/min/{1.73_m2},numeric
2025-05-28T09:38:04Z,aa616abe-1761-0c9a-7959-07544679dafd,aa616abe-1761-0c9a-7f42-e2f462cd481e,social-history,72166-2,Tobacco smoking status,Never smoked tobacco (finding),,text
2025-05-28T10:29:41Z,aa616abe-1761-0c9a-7959-07544679dafd,aa616abe-1761-0c9a-7f42-e2f462cd481e,survey,76501-6,Within the last year  have you been afraid of your partner or ex-partner,No,,text
2025-05-28T10:29:41Z,aa616abe-1761-0c9a-7959-07544679dafd,aa616abe-1761-0c9a-7f42-e2f462cd481e,survey,93026-3,Do you feel physically and emotionally safe where you currently live [PRAPARE],Yes,,text
2025-05-28T10:29:41Z,aa616abe-1761-0c9a-7959-07544679dafd,aa616abe-1761-0c9a-7f42-e2f462cd481e,survey,93027-1,Are you a refugee,No,,text
2025-05-28T10:29:41Z,aa616abe-1761-0c9a-7959-07544679dafd,aa616abe-1761-0c9a-7f42-e2f462cd481e,survey,93028-9,Have you spent more than 2 nights in a row in a jail  prison  detention center  or juvenile correctional facility in past 1 year [PRAPARE],Yes,,text
2025-05-28T10:29:41Z,aa616abe-1761-0c9a-7959-07544679dafd,aa616abe-1761-0c9a-7f42-e2f462cd481e,survey,93038-8,Stress level,A little bit,,text
2025-05-28T10:29:41Z,aa616abe-1761-0c9a-7959-07544679dafd,aa616abe-1761-0c9a-7f42-e2f462cd481e,survey,93029-7,How often do you see or talk to people that you care about and feel close to [PRAPARE],5 or more times a week,,text
2025-05-28T10:29:41Z,aa616abe-1761-0c9a-7959-07544679dafd,aa616abe-1761-0c9a-7f42-e2f462cd481e,survey,93030-5,Has lack of transportation kept you from medical appointments  meetings  work  or from getting things needed for daily living,No,,text
2025-05-28T10:29:41Z,aa616abe-1761-0c9a-7959-07544679dafd,aa616abe-1761-0c9a-7f42-e2f462cd481e,survey,93031-3,Have you or any family members you live with been unable to get any of the following when it was really needed in past 1 year [PRAPARE],I choose not to answer this question,,text
2025-05-28T10:29:41Z,aa616abe-1761-0c9a-7959-07544679dafd,aa616abe-1761-0c9a-7f42-e2f462cd481e,survey,63586-2,What was your best estimate of the total income of all family members from all sources  before taxes  in last year [PhenX],15504,/a,text
2025-05-28T10:29:41Z,aa616abe-1761-0c9a-7959-07544679dafd,aa616abe-1761-0c9a-7f42-e2f462cd481e,survey,76437-3,Primary insurance,Medicaid,,text
2025-05-28T10:29:41Z,aa616abe-1761-0c9a-7959-07544679dafd,aa616abe-1761-0c9a-7f42-e2f462cd481e,survey,67875-5,Employment status - current,Full-time work,,text
2025-05-28T10:29:41Z,aa616abe-1761-0c9a-7959-07544679dafd,aa616abe-1761-0c9a-7f42-e2f462cd481e,survey,82589-3,Highest level of education,High school diploma or GED,,text
2025-05-28T10:29:41Z,aa616abe-1761-0c9a-7959-07544679dafd,aa616abe-1761-0c9a-7f42-e2f462cd481e,survey,56799-0,Address,997 Grant Row Unit 85,,text
2025-05-28T10:29:41Z,aa616abe-1761-0c9a-7959-07544679dafd,aa616abe-1761-0c9a-7f42-e2f462cd481e,survey,93033-9,Are you worried about losing your housing [PRAPARE],No,,text
2025-05-28T10:29:41Z,aa616abe-1761-0c9a-7959-07544679dafd,aa616abe-1761-0c9a-7f42-e2f462cd481e,survey,71802-3,Housing status,I have housing,,text
2025-05-28T10:29:41Z,aa616abe-1761-0c9a-7959-07544679dafd,aa616abe-1761-0c9a-7f42-e2f462cd481e,survey,63512-8,How many people are living or staying at this address [#],6.0,{#},numeric
2025-05-28T10:29:41Z,aa616abe-1761-0c9a-7959-07544679dafd,aa616abe-1761-0c9a-7f42-e2f462cd481e,survey,54899-0,Preferred language,English,,text
2025-05-28T10:29:41Z,aa616abe-1761-0c9a-7959-07544679dafd,aa616abe-1761-0c9a-7f42-e2f462cd481e,survey,93034-7,Discharged from the U.S. Armed Forces,No,,text
2025-05-28T10:29:41Z,aa616abe-1761-0c9a-7959-07544679dafd,aa616abe-1761-0c9a-7f42-e2f462cd481e,survey,93035-4,Has season or migrant farm work been your or your family's main source of income at any point in past 2 years [PRAPARE],No,,text
2025-05-28T10:29:41Z,aa616abe-1761-0c9a-7959-07544679dafd,aa616abe-1761-0c9a-7f42-e2f462cd481e,survey,32624-9,Race,White,,text
2025-05-28T10:29:41Z,aa616abe-1761-0c9a-7959-07544679dafd,aa616abe-1761-0c9a-7f42-e2f462cd481e,survey,56051-6,Hispanic or Latino,No,,text
2025-05-28T10:47:49Z,aa616abe-1761-0c9a-7959-07544679dafd,aa616abe-1761-0c9a-7f42-e2f462cd481e,survey,59460-6,Fall risk total [Morse Fall Scale],36.0,{#},numeric
2025-05-28T10:47:49Z,aa616abe-1761-0c9a-7959-07544679dafd,aa616abe-1761-0c9a-7f42-e2f462cd481e,survey,59461-4,Fall risk level [Morse Fall Scale],Moderate Risk (MFS Score 25 - 45),,text
2025-05-28T11:30:13Z,aa616abe-1761-0c9a-7959-07544679dafd,aa616abe-1761-0c9a-7f42-e2f462cd481e,survey,55758-7,Patient Health Questionnaire 2 item (PHQ-2) total score [Reported],2.0,{score},numeric
2025-06-25T09:38:04Z,aa616abe-1761-0c9a-7959-07544679dafd,aa616abe-1761-0c9a-24f7-3dd02eca3cfa,laboratory,2345-7,Glucose [Mass/volume] in Serum or Plasma,75.6,mg/dL,numeric
2025-06-25T09:38:04Z,aa616abe-1761-0c9a-7959-07544679dafd,aa616abe-1761-0c9a-24f7-3dd02eca3cfa,laboratory,3094-0,Urea nitrogen [Mass/volume] in Serum or Plasma,9.5,mg/dL,numeric
2025-06-25T09:38:04Z,aa616abe-1761-0c9a-7959-07544679dafd,aa616abe-1761-0c9a-24f7-3dd02eca3cfa,laboratory,2160-0,Creatinine [Mass/volume] in Serum or Plasma,1.9,mg/dL,numeric
2025-06-25T09:38:04Z,aa616abe-1761-0c9a-7959-07544679dafd,aa616abe-1761-0c9a-24f7-3dd02eca3cfa,laboratory,17861-6,Calcium [Mass/volume] in Serum or Plasma,9.8,mg/dL,numeric
2025-06-25T09:38:04Z,aa616abe-1761-0c9a-7959-07544679dafd,aa616abe-1761-0c9a-24f7-3dd02eca3cfa,laboratory,2951-2,Sodium [Moles/volume] in Serum or Plasma,143.9,mmol/L,numeric
2025-06-25T09:38:04Z,aa616abe-1761-0c9a-7959-07544679dafd,aa616abe-1761-0c9a-24f7-3dd02eca3cfa,laboratory,2823-3,Potassium [Moles/volume] in Serum or Plasma,4.5,mmol/L,numeric
2025-06-25T09:38:04Z,aa616abe-1761-0c9a-7959-07544679dafd,aa616abe-1761-0c9a-24f7-3dd02eca3cfa,laboratory,2075-0,Chloride [Moles/volume] in Serum or Plasma,104.3,mmol/L,numeric
2025-06-25T09:38:04Z,aa616abe-1761-0c9a-7959-07544679dafd,aa616abe-1761-0c9a-24f7-3dd02eca3cfa,laboratory,2028-9,Carbon dioxide  total [Moles/volume] in Serum or Plasma,23.6,mmol/L,numeric
2025-06-25T09:38:04Z,aa616abe-1761-0c9a-7959-07544679dafd,aa616abe-1761-0c9a-24f7-3dd02eca3cfa,laboratory,33914-3,Glomerular filtration rate [Volume Rate/Area] in Serum or Plasma by Creatinine-based formula (MDRD)/1.73 sq M,85.8,mL/min/{1.73_m2},numeric
2025-06-25T09:38:04Z,aa616abe-1761-0c9a-7959-07544679dafd,aa616abe-1761-0c9a-24f7-3dd02eca3cfa,laboratory,5767-9,Appearance of Urine,Cloudy urine (finding),{nominal},text
2025-06-25T09:38:04Z,aa616abe-1761-0c9a-7959-07544679dafd,aa616abe-1761-0c9a-24f7-3dd02eca3cfa,laboratory,34533-0,Odor of Urine,Urine smell ammoniacal (finding),{nominal},text
2025-06-25T09:38:04Z,aa616abe-1761-0c9a-7959-07544679dafd,aa616abe-1761-0c9a-24f7-3dd02eca3cfa,laboratory,32167-9,Clarity of Urine,Translucent (qualifier value),{nominal},text
2025-06-25T09:38:04Z,aa616abe-1761-0c9a-7959-07544679dafd,aa616abe-1761-0c9a-24f7-3dd02eca3cfa,laboratory,5778-6,Color of Urine,Brown color (qualifier value),{nominal},text
2025-06-25T09:38:04Z,aa616abe-1761-0c9a-7959-07544679dafd,aa616abe-1761-0c9a-24f7-3dd02eca3cfa,laboratory,5792-7,Glucose [Mass/volume] in Urine by Test strip,1.2,mg/dL,numeric
2025-06-25T09:38:04Z,aa616abe-1761-0c9a-7959-07544679dafd,aa616abe-1761-0c9a-24f7-3dd02eca3cfa,laboratory,25428-4,Glucose [Presence] in Urine by Test strip,Urine glucose test = ++ (finding),{nominal},text
2025-06-25T09:38:04Z,aa616abe-1761-0c9a-7959-07544679dafd,aa616abe-1761-0c9a-24f7-3dd02eca3cfa,laboratory,20505-4,Bilirubin.total [Mass/volume] in Urine by Test strip,0.5,mg/dL,numeric
2025-06-25T09:38:04Z,aa616abe-1761-0c9a-7959-07544679dafd,aa616abe-1761-0c9a-24f7-3dd02eca3cfa,laboratory,5770-3,Bilirubin.total [Presence] in Urine by Test strip,Finding of bilirubin in urine (finding),{nominal},text
2025-06-25T09:38:04Z,aa616abe-1761-0c9a-7959-07544679dafd,aa616abe-1761-0c9a-24f7-3dd02eca3cfa,laboratory,5797-6,Ketones [Mass/volume] in Urine by Test strip,17.2,mg/dL,numeric
2025-06-25T09:38:04Z,aa616abe-1761-0c9a-7959-07544679dafd,aa616abe-1761-0c9a-24f7-3dd02eca3cfa,laboratory,2514-8,Ketones [Presence] in Urine by Test strip,Urine ketone test = + (finding),{nominal},text
2025-06-25T09:38:04Z,aa616abe-1761-0c9a-7959-07544679dafd,aa616abe-1761-0c9a-24f7-3dd02eca3cfa,laboratory,5811-5,Specific gravity of Urine by Test strip,1.0,{nominal},numeric
2025-06-25T09:38:04Z,aa616abe-1761-0c9a-7959-07544679dafd,aa616abe-1761-0c9a-24f7-3dd02eca3cfa,laboratory,5803-2,pH of Urine by Test strip,6.7,pH,numeric
2025-06-25T09:38:04Z,aa616abe-1761-0c9a-7959-07544679dafd,aa616abe-1761-0c9a-24f7-3dd02eca3cfa,laboratory,5804-0,Protein [Mass/volume] in Urine by Test strip,264.7,mg/dL,numeric
2025-06-25T09:38:04Z,aa616abe-1761-0c9a-7959-07544679dafd,aa616abe-1761-0c9a-24f7-3dd02eca3cfa,laboratory,20454-5,Protein [Presence] in Urine by Test strip,Urine protein test = ++ (finding),{nominal},text
2025-06-25T09:38:04Z,aa616abe-1761-0c9a-7959-07544679dafd,aa616abe-1761-0c9a-24f7-3dd02eca3cfa,laboratory,5802-4,Nitrite [Presence] in Urine by Test strip,Nitrite not detected in urine (finding),{nominal},text
2025-06-25T09:38:04Z,aa616abe-1761-0c9a-7959-07544679dafd,aa616abe-1761-0c9a-24f7-3dd02eca3cfa,laboratory,5794-3,Hemoglobin [Presence] in Urine by Test strip,Blood not detected in urine (finding),{nominal},text
2025-06-25T09:38:04Z,aa616abe-1761-0c9a-7959-07544679dafd,aa616abe-1761-0c9a-24f7-3dd02eca3cfa,laboratory,5799-2,Leukocyte esterase [Presence] in Urine by Test strip,Urine leukocytes not detected (finding),{nominal},text
2025-06-25T09:38:04Z,aa616abe-1761-0c9a-7959-07544679dafd,aa616abe-1761-0c9a-24f7-3dd02eca3cfa,laboratory,4548-4,Hemoglobin A1c/Hemoglobin.total in Blood,5.4,%,numeric
2025-06-25T09:38:04Z,aa616abe-1761-0c9a-7959-07544679dafd,aa616abe-1761-0c9a-24f7-3dd02eca3cfa,vital-signs,8302-2,Body Height,164.6,cm,numeric
2025-06-25T09:38:04Z,aa616abe-1761-0c9a-7959-07544679dafd,aa616abe-1761-0c9a-24f7-3dd02eca3cfa,vital-signs,72514-3,Pain severity - 0-10 verbal numeric rating [Score] - Reported,0.0,{score},numeric
2025-06-25T09:38:04Z,aa616abe-1761-0c9a-7959-07544679dafd,aa616abe-1761-0c9a-24f7-3dd02eca3cfa,vital-signs,29463-7,Body Weight,75.2,kg,numeric
2025-06-25T09:38:04Z,aa616abe-1761-0c9a-7959-07544679dafd,aa616abe-1761-0c9a-24f7-3dd02eca3cfa,vital-signs,39156-5,Body mass index (BMI) [Ratio],27.8,kg/m2,numeric
2025-06-25T09:38:04Z,aa616abe-1761-0c9a-7959-07544679dafd,aa616abe-1761-0c9a-24f7-3dd02eca3cfa,vital-signs,8462-4,Diastolic Blood Pressure,73.0,mm[Hg],numeric
2025-06-25T09:38:04Z,aa616abe-1761-0c9a-7959-07544679dafd,aa616abe-1761-0c9a-24f7-3dd02eca3cfa,vital-signs,8480-6,Systolic Blood Pressure,104.0,mm[Hg],numeric
2025-06-25T09:38:04Z,aa616abe-1761-0c9a-7959-07544679dafd,aa616abe-1761-0c9a-24f7-3dd02eca3cfa,vital-signs,8867-4,Heart rate,93.0,/min,numeric
2025-06-25T09:38:04Z,aa616abe-1761-0c9a-7959-07544679dafd,aa616abe-1761-0c9a-24f7-3dd02eca3cfa,vital-signs,9279-1,Respiratory rate,14.0,/min,numeric
2025-06-25T09:38:04Z,aa616abe-1761-0c9a-7959-07544679dafd,aa616abe-1761-0c9a-24f7-3dd02eca3cfa,laboratory,2339-0,Glucose [Mass/volume] in Blood,75.6,mg/dL,numeric
2025-06-25T09:38:04Z,aa616abe-1761-0c9a-7959-07544679dafd,aa616abe-1761-0c9a-24f7-3dd02eca3cfa,laboratory,6299-2,Urea nitrogen [Mass/volume] in Blood,9.5,mg/dL,numeric
2025-06-25T09:38:04Z,aa616abe-1761-0c9a-7959-07544679dafd,aa616abe-1761-0c9a-24f7-3dd02eca3cfa,laboratory,38483-4,Creatinine [Mass/volume] in Blood,1.1,mg/dL,numeric
2025-06-25T09:38:04Z,aa616abe-1761-0c9a-7959-07544679dafd,aa616abe-1761-0c9a-24f7-3dd02eca3cfa,laboratory,49765-1,Calcium [Mass/volume] in Blood,9.8,mg/dL,numeric
2025-06-25T09:38:04Z,aa616abe-1761-0c9a-7959-07544679dafd,aa616abe-1761-0c9a-24f7-3dd02eca3cfa,laboratory,2947-0,Sodium [Moles/volume] in Blood,143.9,mmol/L,numeric
2025-06-25T09:38:04Z,aa616abe-1761-0c9a-7959-07544679dafd,aa616abe-1761-0c9a-24f7-3dd02eca3cfa,laboratory,6298-4,Potassium [Moles/volume] in Blood,4.5,mmol/L,numeric
2025-06-25T09:38:04Z,aa616abe-1761-0c9a-7959-07544679dafd,aa616abe-1761-0c9a-24f7-3dd02eca3cfa,laboratory,2069-3,Chloride [Moles/volume] in Blood,104.3,mmol/L,numeric
2025-06-25T09:38:04Z,aa616abe-1761-0c9a-7959-07544679dafd,aa616abe-1761-0c9a-24f7-3dd02eca3cfa,laboratory,20565-8,Carbon dioxide  total [Moles/volume] in Blood,23.6,mmol/L,numeric
2025-06-25T09:38:04Z,aa616abe-1761-0c9a-7959-07544679dafd,aa616abe-1761-0c9a-24f7-3dd02eca3cfa,laboratory,2093-3,Cholesterol [Mass/volume] in Serum or Plasma,209.5,mg/dL,numeric
2025-06-25T09:38:04Z,aa616abe-1761-0c9a-7959-07544679dafd,aa616abe-1761-0c9a-24f7-3dd02eca3cfa,laboratory,2571-8,Triglyceride [Mass/volume] in Serum or Plasma,112.4,mg/dL,numeric
2025-06-25T09:38:04Z,aa616abe-1761-0c9a-7959-07544679dafd,aa616abe-1761-0c9a-24f7-3dd02eca3cfa,laboratory,18262-6,Cholesterol in LDL [Mass/volume] in Serum or Plasma by Direct assay,132.5,mg/dL,numeric
2025-06-25T09:38:04Z,aa616abe-1761-0c9a-7959-07544679dafd,aa616abe-1761-0c9a-24f7-3dd02eca3cfa,laboratory,2085-9,Cholesterol in HDL [Mass/volume] in Serum or Plasma,54.5,mg/dL,numeric
2025-06-25T09:38:04Z,aa616abe-1761-0c9a-7959-07544679dafd,aa616abe-1761-0c9a-24f7-3dd02eca3cfa,laboratory,14959-1,Microalbumin/Creatinine [Mass Ratio] in Urine,19.7,mg/g,numeric
2025-06-25T09:38:04Z,aa616abe-1761-0c9a-7959-07544679dafd,aa616abe-1761-0c9a-24f7-3dd02eca3cfa,laboratory,33914-3,Glomerular filtration rate [Volume Rate/Area] in Serum or Plasma by Creatinine-based formula (MDRD)/1.73 sq M,55.3,mL/min/{1.73_m2},numeric
2025-06-25T09:38:04Z,aa616abe-1761-0c9a-7959-07544679dafd,aa616abe-1761-0c9a-24f7-3dd02eca3cfa,social-history,72166-2,Tobacco smoking status,Never smoked tobacco (finding),,text
2025-06-25T10:34:04Z,aa616abe-1761-0c9a-7959-07544679dafd,aa616abe-1761-0c9a-24f7-3dd02eca3cfa,survey,76501-6,Within the last year  have you been afraid of your partner or ex-partner,No,,text
2025-06-25T10:34:04Z,aa616abe-1761-0c9a-7959-07544679dafd,aa616abe-1761-0c9a-24f7-3dd02eca3cfa,survey,93026-3,Do you feel physically and emotionally safe where you currently live [PRAPARE],Yes,,text
2025-06-25T10:34:04Z,aa616abe-1761-0c9a-7959-07544679dafd,aa616abe-1761-0c9a-24f7-3dd02eca3cfa,survey,93027-1,Are you a refugee,No,,text
2025-06-25T10:34:04Z,aa616abe-1761-0c9a-7959-07544679dafd,aa616abe-1761-0c9a-24f7-3dd02eca3cfa,survey,93028-9,Have you spent more than 2 nights in a row in a jail  prison  detention center  or juvenile correctional facility in past 1 year [PRAPARE],Yes,,text
2025-06-25T10:34:04Z,aa616abe-1761-0c9a-7959-07544679dafd,aa616abe-1761-0c9a-24f7-3dd02eca3cfa,survey,93038-8,Stress level,Somewhat,,text
2025-06-25T10:34:04Z,aa616abe-1761-0c9a-7959-07544679dafd,aa616abe-1761-0c9a-24f7-3dd02eca3cfa,survey,93029-7,How often do you see or talk to people that you care about and feel close to [PRAPARE],3 to 5 times a week,,text
2025-06-25T10:34:04Z,aa616abe-1761-0c9a-7959-07544679dafd,aa616abe-1761-0c9a-24f7-3dd02eca3cfa,survey,93030-5,Has lack of transportation kept you from medical appointments  meetings  work  or from getting things needed for daily living,No,,text
2025-06-25T10:34:04Z,aa616abe-1761-0c9a-7959-07544679dafd,aa616abe-1761-0c9a-24f7-3dd02eca3cfa,survey,93031-3,Have you or any family members you live with been unable to get any of the following when it was really needed in past 1 year [PRAPARE],Utilities,,text
2025-06-25T10:34:04Z,aa616abe-1761-0c9a-7959-07544679dafd,aa616abe-1761-0c9a-24f7-3dd02eca3cfa,survey,63586-2,What was your best estimate of the total income of all family members from all sources  before taxes  in last year [PhenX],15504,/a,text
2025-06-25T10:34:04Z,aa616abe-1761-0c9a-7959-07544679dafd,aa616abe-1761-0c9a-24f7-3dd02eca3cfa,survey,76437-3,Primary insurance,Medicaid,,text
2025-06-25T10:34:04Z,aa616abe-1761-0c9a-7959-07544679dafd,aa616abe-1761-0c9a-24f7-3dd02eca3cfa,survey,67875-5,Employment status - current,Full-time work,,text
2025-06-25T10:34:04Z,aa616abe-1761-0c9a-7959-07544679dafd,aa616abe-1761-0c9a-24f7-3dd02eca3cfa,survey,82589-3,Highest level of education,High school diploma or GED,,text
2025-06-25T10:34:04Z,aa616abe-1761-0c9a-7959-07544679dafd,aa616abe-1761-0c9a-24f7-3dd02eca3cfa,survey,56799-0,Address,997 Grant Row Unit 85,,text
2025-06-25T10:34:04Z,aa616abe-1761-0c9a-7959-07544679dafd,aa616abe-1761-0c9a-24f7-3dd02eca3cfa,survey,93033-9,Are you worried about losing your housing [PRAPARE],No,,text
2025-06-25T10:34:04Z,aa616abe-1761-0c9a-7959-07544679dafd,aa616abe-1761-0c9a-24f7-3dd02eca3cfa,survey,71802-3,Housing status,I have housing,,text
2025-06-25T10:34:04Z,aa616abe-1761-0c9a-7959-07544679dafd,aa616abe-1761-0c9a-24f7-3dd02eca3cfa,survey,63512-8,How many people are living or staying at this address [#],6.0,{#},numeric
2025-06-25T10:34:04Z,aa616abe-1761-0c9a-7959-07544679dafd,aa616abe-1761-0c9a-24f7-3dd02eca3cfa,survey,54899-0,Preferred language,English,,text
2025-06-25T10:34:04Z,aa616abe-1761-0c9a-7959-07544679dafd,aa616abe-1761-0c9a-24f7-3dd02eca3cfa,survey,93034-7,Discharged from the U.S. Armed Forces,No,,text
2025-06-25T10:34:04Z,aa616abe-1761-0c9a-7959-07544679dafd,aa616abe-1761-0c9a-24f7-3dd02eca3cfa,survey,93035-4,Has season or migrant farm work been your or your family's main source of income at any point in past 2 years [PRAPARE],No,,text
2025-06-25T10:34:04Z,aa616abe-1761-0c9a-7959-07544679dafd,aa616abe-1761-0c9a-24f7-3dd02eca3cfa,survey,32624-9,Race,White,,text
2025-06-25T10:34:04Z,aa616abe-1761-0c9a-7959-07544679dafd,aa616abe-1761-0c9a-24f7-3dd02eca3cfa,survey,56051-6,Hispanic or Latino,No,,text
2025-06-25T11:13:24Z,aa616abe-1761-0c9a-7959-07544679dafd,aa616abe-1761-0c9a-24f7-3dd02eca3cfa,survey,76504-0,Total score [HARK],0.0,{score},numeric
2025-06-25T11:50:45Z,aa616abe-1761-0c9a-7959-07544679dafd,aa616abe-1761-0c9a-24f7-3dd02eca3cfa,survey,75626-2,Total score [AUDIT-C],2.0,{score},numeric
2025-07-09T09:38:04Z,aa616abe-1761-0c9a-7959-07544679dafd,aa616abe-1761-0c9a-1d49-3d85612d8b76,laboratory,2345-7,Glucose [Mass/volume] in Serum or Plasma,99.8,mg/dL,numeric
2025-07-09T09:38:04Z,aa616abe-1761-0c9a-7959-07544679dafd,aa616abe-1761-0c9a-1d49-3d85612d8b76,laboratory,3094-0,Urea nitrogen [Mass/volume] in Serum or Plasma,16.3,mg/dL,numeric
2025-07-09T09:38:04Z,aa616abe-1761-0c9a-7959-07544679dafd,aa616abe-1761-0c9a-1d49-3d85612d8b76,laboratory,2160-0,Creatinine [Mass/volume] in Serum or Plasma,2.0,mg/dL,numeric
2025-07-09T09:38:04Z,aa616abe-1761-0c9a-7959-07544679dafd,aa616abe-1761-0c9a-1d49-3d85612d8b76,laboratory,17861-6,Calcium [Mass/volume] in Serum or Plasma,9.9,mg/dL,numeric
2025-07-09T09:38:04Z,aa616abe-1761-0c9a-7959-07544679dafd,aa616abe-1761-0c9a-1d49-3d85612d8b76,laboratory,2951-2,Sodium [Moles/volume] in Serum or Plasma,138.6,mmol/L,numeric
2025-07-09T09:38:04Z,aa616abe-1761-0c9a-7959-07544679dafd,aa616abe-1761-0c9a-1d49-3d85612d8b76,laboratory,2823-3,Potassium [Moles/volume] in Serum or Plasma,4.0,mmol/L,numeric
2025-07-09T09:38:04Z,aa616abe-1761-0c9a-7959-07544679dafd,aa616abe-1761-0c9a-1d49-3d85612d8b76,laboratory,2075-0,Chloride [Moles/volume] in Serum or Plasma,101.8,mmol/L,numeric
2025-07-09T09:38:04Z,aa616abe-1761-0c9a-7959-07544679dafd,aa616abe-1761-0c9a-1d49-3d85612d8b76,laboratory,2028-9,Carbon dioxide  total [Moles/volume] in Serum or Plasma,26.8,mmol/L,numeric
2025-07-09T09:38:04Z,aa616abe-1761-0c9a-7959-07544679dafd,aa616abe-1761-0c9a-1d49-3d85612d8b76,laboratory,33914-3,Glomerular filtration rate [Volume Rate/Area] in Serum or Plasma by Creatinine-based formula (MDRD)/1.73 sq M,87.9,mL/min/{1.73_m2},numeric
2025-07-09T09:38:04Z,aa616abe-1761-0c9a-7959-07544679dafd,aa616abe-1761-0c9a-1d49-3d85612d8b76,laboratory,5767-9,Appearance of Urine,Cloudy urine (finding),{nominal},text
2025-07-09T09:38:04Z,aa616abe-1761-0c9a-7959-07544679dafd,aa616abe-1761-0c9a-1d49-3d85612d8b76,laboratory,34533-0,Odor of Urine,Urine smell ammoniacal (finding),{nominal},text
2025-07-09T09:38:04Z,aa616abe-1761-0c9a-7959-07544679dafd,aa616abe-1761-0c9a-1d49-3d85612d8b76,laboratory,32167-9,Clarity of Urine,Translucent (qualifier value),{nominal},text
2025-07-09T09:38:04Z,aa616abe-1761-0c9a-7959-07544679dafd,aa616abe-1761-0c9a-1d49-3d85612d8b76,laboratory,5778-6,Color of Urine,Brown color (qualifier value),{nominal},text
2025-07-09T09:38:04Z,aa616abe-1761-0c9a-7959-07544679dafd,aa616abe-1761-0c9a-1d49-3d85612d8b76,laboratory,5792-7,Glucose [Mass/volume] in Urine by Test strip,0.6,mg/dL,numeric
2025-07-09T09:38:04Z,aa616abe-1761-0c9a-7959-07544679dafd,aa616abe-1761-0c9a-1d49-3d85612d8b76,laboratory,25428-4,Glucose [Presence] in Urine by Test strip,Urine glucose test = ++ (finding),{nominal},text
2025-07-09T09:38:04Z,aa616abe-1761-0c9a-7959-07544679dafd,aa616abe-1761-0c9a-1d49-3d85612d8b76,laboratory,20505-4,Bilirubin.total [Mass/volume] in Urine by Test strip,0.5,mg/dL,numeric
2025-07-09T09:38:04Z,aa616abe-1761-0c9a-7959-07544679dafd,aa616abe-1761-0c9a-1d49-3d85612d8b76,laboratory,5770-3,Bilirubin.total [Presence] in Urine by Test strip,Finding of bilirubin in urine (finding),{nominal},text
2025-07-09T09:38:04Z,aa616abe-1761-0c9a-7959-07544679dafd,aa616abe-1761-0c9a-1d49-3d85612d8b76,laboratory,5797-6,Ketones [Mass/volume] in Urine by Test strip,18.8,mg/dL,numeric
2025-07-09T09:38:04Z,aa616abe-1761-0c9a-7959-07544679dafd,aa616abe-1761-0c9a-1d49-3d85612d8b76,laboratory,2514-8,Ketones [Presence] in Urine by Test strip,Urine ketone test = + (finding),{nominal},text
2025-07-09T09:38:04Z,aa616abe-1761-0c9a-7959-07544679dafd,aa616abe-1761-0c9a-1d49-3d85612d8b76,laboratory,5811-5,Specific gravity of Urine by Test strip,1.0,{nominal},numeric
2025-07-09T09:38:04Z,aa616abe-1761-0c9a-7959-07544679dafd,aa616abe-1761-0c9a-1d49-3d85612d8b76,laboratory,5803-2,pH of Urine by Test strip,5.5,pH,numeric
2025-07-09T09:38:04Z,aa616abe-1761-0c9a-7959-07544679dafd,aa616abe-1761-0c9a-1d49-3d85612d8b76,laboratory,5804-0,Protein [Mass/volume] in Urine by Test strip,167.4,mg/dL,numeric
2025-07-09T09:38:04Z,aa616abe-1761-0c9a-7959-07544679dafd,aa616abe-1761-0c9a-1d49-3d85612d8b76,laboratory,20454-5,Protein [Presence] in Urine by Test strip,Urine protein test = ++ (finding),{nominal},text
2025-07-09T09:38:04Z,aa616abe-1761-0c9a-7959-07544679dafd,aa616abe-1761-0c9a-1d49-3d85612d8b76,laboratory,5802-4,Nitrite [Presence] in Urine by Test strip,Nitrite not detected in urine (finding),{nominal},text
2025-07-09T09:38:04Z,aa616abe-1761-0c9a-7959-07544679dafd,aa616abe-1761-0c9a-1d49-3d85612d8b76,laboratory,5794-3,Hemoglobin [Presence] in Urine by Test strip,Blood not detected in urine (finding),{nominal},text
2025-07-09T09:38:04Z,aa616abe-1761-0c9a-7959-07544679dafd,aa616abe-1761-0c9a-1d49-3d85612d8b76,laboratory,5799-2,Leukocyte esterase [Presence] in Urine by Test strip,Urine leukocytes not detected (finding),{nominal},text
2025-07-09T09:38:04Z,aa616abe-1761-0c9a-7959-07544679dafd,aa616abe-1761-0c9a-1d49-3d85612d8b76,laboratory,4548-4,Hemoglobin A1c/Hemoglobin.total in Blood,5.4,%,numeric
2025-07-09T09:38:04Z,aa616abe-1761-0c9a-7959-07544679dafd,aa616abe-1761-0c9a-1d49-3d85612d8b76,vital-signs,8302-2,Body Height,164.6,cm,numeric
2025-07-09T09:38:04Z,aa616abe-1761-0c9a-7959-07544679dafd,aa616abe-1761-0c9a-1d49-3d85612d8b76,vital-signs,72514-3,Pain severity - 0-10 verbal numeric rating [Score] - Reported,1.0,{score},numeric
2025-07-09T09:38:04Z,aa616abe-1761-0c9a-7959-07544679dafd,aa616abe-1761-0c9a-1d49-3d85612d8b76,vital-signs,29463-7,Body Weight,75.2,kg,numeric
2025-07-09T09:38:04Z,aa616abe-1761-0c9a-7959-07544679dafd,aa616abe-1761-0c9a-1d49-3d85612d8b76,vital-signs,39156-5,Body mass index (BMI) [Ratio],27.8,kg/m2,numeric
2025-07-09T09:38:04Z,aa616abe-1761-0c9a-7959-07544679dafd,aa616abe-1761-0c9a-1d49-3d85612d8b76,vital-signs,8462-4,Diastolic Blood Pressure,75.0,mm[Hg],numeric
2025-07-09T09:38:04Z,aa616abe-1761-0c9a-7959-07544679dafd,aa616abe-1761-0c9a-1d49-3d85612d8b76,vital-signs,8480-6,Systolic Blood Pressure,108.0,mm[Hg],numeric
2025-07-09T09:38:04Z,aa616abe-1761-0c9a-7959-07544679dafd,aa616abe-1761-0c9a-1d49-3d85612d8b76,vital-signs,8867-4,Heart rate,69.0,/min,numeric
2025-07-09T09:38:04Z,aa616abe-1761-0c9a-7959-07544679dafd,aa616abe-1761-0c9a-1d49-3d85612d8b76,vital-signs,9279-1,Respiratory rate,13.0,/min,numeric
2025-07-09T09:38:04Z,aa616abe-1761-0c9a-7959-07544679dafd,aa616abe-1761-0c9a-1d49-3d85612d8b76,laboratory,2339-0,Glucose [Mass/volume] in Blood,99.8,mg/dL,numeric
2025-07-09T09:38:04Z,aa616abe-1761-0c9a-7959-07544679dafd,aa616abe-1761-0c9a-1d49-3d85612d8b76,laboratory,6299-2,Urea nitrogen [Mass/volume] in Blood,16.3,mg/dL,numeric
2025-07-09T09:38:04Z,aa616abe-1761-0c9a-7959-07544679dafd,aa616abe-1761-0c9a-1d49-3d85612d8b76,laboratory,38483-4,Creatinine [Mass/volume] in Blood,1.4,mg/dL,numeric
2025-07-09T09:38:04Z,aa616abe-1761-0c9a-7959-07544679dafd,aa616abe-1761-0c9a-1d49-3d85612d8b76,laboratory,49765-1,Calcium [Mass/volume] in Blood,9.9,mg/dL,numeric
2025-07-09T09:38:04Z,aa616abe-1761-0c9a-7959-07544679dafd,aa616abe-1761-0c9a-1d49-3d85612d8b76,laboratory,2947-0,Sodium [Moles/volume] in Blood,138.6,mmol/L,numeric
2025-07-09T09:38:04Z,aa616abe-1761-0c9a-7959-07544679dafd,aa616abe-1761-0c9a-1d49-3d85612d8b76,laboratory,6298-4,Potassium [Moles/volume] in Blood,4.0,mmol/L,numeric
2025-07-09T09:38:04Z,aa616abe-1761-0c9a-7959-07544679dafd,aa616abe-1761-0c9a-1d49-3d85612d8b76,laboratory,2069-3,Chloride [Moles/volume] in Blood,101.8,mmol/L,numeric
2025-07-09T09:38:04Z,aa616abe-1761-0c9a-7959-07544679dafd,aa616abe-1761-0c9a-1d49-3d85612d8b76,laboratory,20565-8,Carbon dioxide  total [Moles/volume] in Blood,26.8,mmol/L,numeric
2025-07-09T09:38:04Z,aa616abe-1761-0c9a-7959-07544679dafd,aa616abe-1761-0c9a-1d49-3d85612d8b76,laboratory,2093-3,Cholesterol [Mass/volume] in Serum or Plasma,159.6,mg/dL,numeric
2025-07-09T09:38:04Z,aa616abe-1761-0c9a-7959-07544679dafd,aa616abe-1761-0c9a-1d49-3d85612d8b76,laboratory,2571-8,Triglyceride [Mass/volume] in Serum or Plasma,129.6,mg/dL,numeric
2025-07-09T09:38:04Z,aa616abe-1761-0c9a-7959-07544679dafd,aa616abe-1761-0c9a-1d49-3d85612d8b76,laboratory,18262-6,Cholesterol in LDL [Mass/volume] in Serum or Plasma by Direct assay,80.0,mg/dL,numeric
2025-07-09T09:38:04Z,aa616abe-1761-0c9a-7959-07544679dafd,aa616abe-1761-0c9a-1d49-3d85612d8b76,laboratory,2085-9,Cholesterol in HDL [Mass/volume] in Serum or Plasma,53.7,mg/dL,numeric
2025-07-09T09:38:04Z,aa616abe-1761-0c9a-7959-07544679dafd,aa616abe-1761-0c9a-1d49-3d85612d8b76,laboratory,14959-1,Microalbumin/Creatinine [Mass Ratio] in Urine,20.3,mg/g,numeric
2025-07-09T09:38:04Z,aa616abe-1761-0c9a-7959-07544679dafd,aa616abe-1761-0c9a-1d49-3d85612d8b76,laboratory,33914-3,Glomerular filtration rate [Volume Rate/Area] in Serum or Plasma by Creatinine-based formula (MDRD)/1.73 sq M,43.4,mL/min/{1.73_m2},numeric
2025-07-09T09:38:04Z,aa616abe-1761-0c9a-7959-07544679dafd,aa616abe-1761-0c9a-1d49-3d85612d8b76,social-history,72166-2,Tobacco smoking status,Never smoked tobacco (finding),,text
2025-07-09T10:24:43Z,aa616abe-1761-0c9a-7959-07544679dafd,aa616abe-1761-0c9a-1d49-3d85612d8b76,survey,76501-6,Within the last year  have you been afraid of your partner or ex-partner,No,,text
2025-07-09T10:24:43Z,aa616abe-1761-0c9a-7959-07544679dafd,aa616abe-1761-0c9a-1d49-3d85612d8b76,survey,93026-3,Do you feel physically and emotionally safe where you currently live [PRAPARE],Yes,,text
2025-07-09T10:24:43Z,aa616abe-1761-0c9a-7959-07544679dafd,aa616abe-1761-0c9a-1d49-3d85612d8b76,survey,93027-1,Are you a refugee,No,,text
2025-07-09T10:24:43Z,aa616abe-1761-0c9a-7959-07544679dafd,aa616abe-1761-0c9a-1d49-3d85612d8b76,survey,93028-9,Have you spent more than 2 nights in a row in a jail  prison  detention center  or juvenile correctional facility in past 1 year [PRAPARE],Yes,,text
2025-07-09T10:24:43Z,aa616abe-1761-0c9a-7959-07544679dafd,aa616abe-1761-0c9a-1d49-3d85612d8b76,survey,93038-8,Stress level,Not at all,,text
2025-07-09T10:24:43Z,aa616abe-1761-0c9a-7959-07544679dafd,aa616abe-1761-0c9a-1d49-3d85612d8b76,survey,93029-7,How often do you see or talk to people that you care about and feel close to [PRAPARE],1 or 2 times a week,,text
2025-07-09T10:24:43Z,aa616abe-1761-0c9a-7959-07544679dafd,aa616abe-1761-0c9a-1d49-3d85612d8b76,survey,93030-5,Has lack of transportation kept you from medical appointments  meetings  work  or from getting things needed for daily living,No,,text
2025-07-09T10:24:43Z,aa616abe-1761-0c9a-7959-07544679dafd,aa616abe-1761-0c9a-1d49-3d85612d8b76,survey,93031-3,Have you or any family members you live with been unable to get any of the following when it was really needed in past 1 year [PRAPARE],Utilities,,text
2025-07-09T10:24:43Z,aa616abe-1761-0c9a-7959-07544679dafd,aa616abe-1761-0c9a-1d49-3d85612d8b76,survey,63586-2,What was your best estimate of the total income of all family members from all sources  before taxes  in last year [PhenX],15504,/a,text
2025-07-09T10:24:43Z,aa616abe-1761-0c9a-7959-07544679dafd,aa616abe-1761-0c9a-1d49-3d85612d8b76,survey,76437-3,Primary insurance,Medicaid,,text
2025-07-09T10:24:43Z,aa616abe-1761-0c9a-7959-07544679dafd,aa616abe-1761-0c9a-1d49-3d85612d8b76,survey,67875-5,Employment status - current,Full-time work,,text
2025-07-09T10:24:43Z,aa616abe-1761-0c9a-7959-07544679dafd,aa616abe-1761-0c9a-1d49-3d85612d8b76,survey,82589-3,Highest level of education,High school diploma or GED,,text
2025-07-09T10:24:43Z,aa616abe-1761-0c9a-7959-07544679dafd,aa616abe-1761-0c9a-1d49-3d85612d8b76,survey,56799-0,Address,997 Grant Row Unit 85,,text
2025-07-09T10:24:43Z,aa616abe-1761-0c9a-7959-07544679dafd,aa616abe-1761-0c9a-1d49-3d85612d8b76,survey,93033-9,Are you worried about losing your housing [PRAPARE],No,,text
2025-07-09T10:24:43Z,aa616abe-1761-0c9a-7959-07544679dafd,aa616abe-1761-0c9a-1d49-3d85612d8b76,survey,71802-3,Housing status,I have housing,,text
2025-07-09T10:24:43Z,aa616abe-1761-0c9a-7959-07544679dafd,aa616abe-1761-0c9a-1d49-3d85612d8b76,survey,63512-8,How many people are living or staying at this address [#],6.0,{#},numeric
2025-07-09T10:24:43Z,aa616abe-1761-0c9a-7959-07544679dafd,aa616abe-1761-0c9a-1d49-3d85612d8b76,survey,54899-0,Preferred language,English,,text
2025-07-09T10:24:43Z,aa616abe-1761-0c9a-7959-07544679dafd,aa616abe-1761-0c9a-1d49-3d85612d8b76,survey,93034-7,Discharged from the U.S. Armed Forces,No,,text
2025-07-09T10:24:43Z,aa616abe-1761-0c9a-7959-07544679dafd,aa616abe-1761-0c9a-1d49-3d85612d8b76,survey,93035-4,Has season or migrant farm work been your or your family's main source of income at any point in past 2 years [PRAPARE],No,,text
2025-07-09T10:24:43Z,aa616abe-1761-0c9a-7959-07544679dafd,aa616abe-1761-0c9a-1d49-3d85612d8b76,survey,32624-9,Race,White,,text
2025-07-09T10:24:43Z,aa616abe-1761-0c9a-7959-07544679dafd,aa616abe-1761-0c9a-1d49-3d85612d8b76,survey,56051-6,Hispanic or Latino,No,,text
2025-07-09T10:52:53Z,aa616abe-1761-0c9a-7959-07544679dafd,aa616abe-1761-0c9a-1d49-3d85612d8b76,survey,70274-6,Generalized anxiety disorder 7 item (GAD-7) total score [Reported.PHQ],8.0,{score},numeric
2025-07-09T11:12:14Z,aa616abe-1761-0c9a-7959-07544679dafd,aa616abe-1761-0c9a-1d49-3d85612d8b76,survey,59460-6,Fall risk total [Morse Fall Scale],69.0,{#},numeric
2025-07-09T11:12:14Z,aa616abe-1761-0c9a-7959-07544679dafd,aa616abe-1761-0c9a-1d49-3d85612d8b76,survey,59461-4,Fall risk level [Morse Fall Scale],High Risk (MFS Score 50+),,text
2025-07-09T11:48:03Z,aa616abe-1761-0c9a-7959-07544679dafd,aa616abe-1761-0c9a-1d49-3d85612d8b76,survey,55758-7,Patient Health Questionnaire 2 item (PHQ-2) total score [Reported],2.0,{score},numeric
2025-10-01T09:38:04Z,aa616abe-1761-0c9a-7959-07544679dafd,aa616abe-1761-0c9a-1b19-0dd794eabec6,laboratory,2345-7,Glucose [Mass/volume] in Serum or Plasma,97.6,mg/dL,numeric
2025-10-01T09:38:04Z,aa616abe-1761-0c9a-7959-07544679dafd,aa616abe-1761-0c9a-1b19-0dd794eabec6,laboratory,3094-0,Urea nitrogen [Mass/volume] in Serum or Plasma,12.3,mg/dL,numeric
2025-10-01T09:38:04Z,aa616abe-1761-0c9a-7959-07544679dafd,aa616abe-1761-0c9a-1b19-0dd794eabec6,laboratory,2160-0,Creatinine [Mass/volume] in Serum or Plasma,2.0,mg/dL,numeric
2025-10-01T09:38:04Z,aa616abe-1761-0c9a-7959-07544679dafd,aa616abe-1761-0c9a-1b19-0dd794eabec6,laboratory,17861-6,Calcium [Mass/volume] in Serum or Plasma,9.4,mg/dL,numeric
2025-10-01T09:38:04Z,aa616abe-1761-0c9a-7959-07544679dafd,aa616abe-1761-0c9a-1b19-0dd794eabec6,laboratory,2951-2,Sodium [Moles/volume] in Serum or Plasma,141.0,mmol/L,numeric
2025-10-01T09:38:04Z,aa616abe-1761-0c9a-7959-07544679dafd,aa616abe-1761-0c9a-1b19-0dd794eabec6,laboratory,2823-3,Potassium [Moles/volume] in Serum or Plasma,4.0,mmol/L,numeric
2025-10-01T09:38:04Z,aa616abe-1761-0c9a-7959-07544679dafd,aa616abe-1761-0c9a-1b19-0dd794eabec6,laboratory,2075-0,Chloride [Moles/volume] in Serum or Plasma,106.8,mmol/L,numeric
2025-10-01T09:38:04Z,aa616abe-1761-0c9a-7959-07544679dafd,aa616abe-1761-0c9a-1b19-0dd794eabec6,laboratory,2028-9,Carbon dioxide  total [Moles/volume] in Serum or Plasma,24.7,mmol/L,numeric
2025-10-01T09:38:04Z,aa616abe-1761-0c9a-7959-07544679dafd,aa616abe-1761-0c9a-1b19-0dd794eabec6,laboratory,33914-3,Glomerular filtration rate [Volume Rate/Area] in Serum or Plasma by Creatinine-based formula (MDRD)/1.73 sq M,78.3,mL/min/{1.73_m2},numeric
2025-10-01T09:38:04Z,aa616abe-1761-0c9a-7959-07544679dafd,aa616abe-1761-0c9a-1b19-0dd794eabec6,laboratory,5767-9,Appearance of Urine,Cloudy urine (finding),{nominal},text
2025-10-01T09:38:04Z,aa616abe-1761-0c9a-7959-07544679dafd,aa616abe-1761-0c9a-1b19-0dd794eabec6,laboratory,34533-0,Odor of Urine,Urine smell ammoniacal (finding),{nominal},text
2025-10-01T09:38:04Z,aa616abe-1761-0c9a-7959-07544679dafd,aa616abe-1761-0c9a-1b19-0dd794eabec6,laboratory,32167-9,Clarity of Urine,Translucent (qualifier value),{nominal},text
2025-10-01T09:38:04Z,aa616abe-1761-0c9a-7959-07544679dafd,aa616abe-1761-0c9a-1b19-0dd794eabec6,laboratory,5778-6,Color of Urine,Brown color (qualifier value),{nominal},text
2025-10-01T09:38:04Z,aa616abe-1761-0c9a-7959-07544679dafd,aa616abe-1761-0c9a-1b19-0dd794eabec6,laboratory,5792-7,Glucose [Mass/volume] in Urine by Test strip,1.5,mg/dL,numeric
2025-10-01T09:38:04Z,aa616abe-1761-0c9a-7959-07544679dafd,aa616abe-1761-0c9a-1b19-0dd794eabec6,laboratory,25428-4,Glucose [Presence] in Urine by Test strip,Urine glucose test = ++ (finding),{nominal},text
2025-10-01T09:38:04Z,aa616abe-1761-0c9a-7959-07544679dafd,aa616abe-1761-0c9a-1b19-0dd794eabec6,laboratory,20505-4,Bilirubin.total [Mass/volume] in Urine by Test strip,1.2,mg/dL,numeric
2025-10-01T09:38:04Z,aa616abe-1761-0c9a-7959-07544679dafd,aa616abe-1761-0c9a-1b19-0dd794eabec6,laboratory,5770-3,Bilirubin.total [Presence] in Urine by Test strip,Finding of bilirubin in urine (finding),{nominal},text
2025-10-01T09:38:04Z,aa616abe-1761-0c9a-7959-07544679dafd,aa616abe-1761-0c9a-1b19-0dd794eabec6,laboratory,5797-6,Ketones [Mass/volume] in Urine by Test strip,13.7,mg/dL,numeric
2025-10-01T09:38:04Z,aa616abe-1761-0c9a-7959-07544679dafd,aa616abe-1761-0c9a-1b19-0dd794eabec6,laboratory,2514-8,Ketones [Presence] in Urine by Test strip,Urine ketone test = + (finding),{nominal},text
2025-10-01T09:38:04Z,aa616abe-1761-0c9a-7959-07544679dafd,aa616abe-1761-0c9a-1b19-0dd794eabec6,laboratory,5811-5,Specific gravity of Urine by Test strip,1.0,{nominal},numeric
2025-10-01T09:38:04Z,aa616abe-1761-0c9a-7959-07544679dafd,aa616abe-1761-0c9a-1b19-0dd794eabec6,laboratory,5803-2,pH of Urine by Test strip,6.3,pH,numeric
2025-10-01T09:38:04Z,aa616abe-1761-0c9a-7959-07544679dafd,aa616abe-1761-0c9a-1b19-0dd794eabec6,laboratory,5804-0,Protein [Mass/volume] in Urine by Test strip,267.9,mg/dL,numeric
2025-10-01T09:38:04Z,aa616abe-1761-0c9a-7959-07544679dafd,aa616abe-1761-0c9a-1b19-0dd794eabec6,laboratory,20454-5,Protein [Presence] in Urine by Test strip,Urine protein test = ++ (finding),{nominal},text
2025-10-01T09:38:04Z,aa616abe-1761-0c9a-7959-07544679dafd,aa616abe-1761-0c9a-1b19-0dd794eabec6,laboratory,5802-4,Nitrite [Presence] in Urine by Test strip,Nitrite not detected in urine (finding),{nominal},text
2025-10-01T09:38:04Z,aa616abe-1761-0c9a-7959-07544679dafd,aa616abe-1761-0c9a-1b19-0dd794eabec6,laboratory,5794-3,Hemoglobin [Presence] in Urine by Test strip,Blood not detected in urine (finding),{nominal},text
2025-10-01T09:38:04Z,aa616abe-1761-0c9a-7959-07544679dafd,aa616abe-1761-0c9a-1b19-0dd794eabec6,laboratory,5799-2,Leukocyte esterase [Presence] in Urine by Test strip,Urine leukocytes not detected (finding),{nominal},text
2025-10-01T09:38:04Z,aa616abe-1761-0c9a-7959-07544679dafd,aa616abe-1761-0c9a-1b19-0dd794eabec6,laboratory,4548-4,Hemoglobin A1c/Hemoglobin.total in Blood,5.4,%,numeric
2025-10-01T09:38:04Z,aa616abe-1761-0c9a-7959-07544679dafd,aa616abe-1761-0c9a-1b19-0dd794eabec6,vital-signs,8302-2,Body Height,164.6,cm,numeric
2025-10-01T09:38:04Z,aa616abe-1761-0c9a-7959-07544679dafd,aa616abe-1761-0c9a-1b19-0dd794eabec6,vital-signs,72514-3,Pain severity - 0-10 verbal numeric rating [Score] - Reported,3.0,{score},numeric
2025-10-01T09:38:04Z,aa616abe-1761-0c9a-7959-07544679dafd,aa616abe-1761-0c9a-1b19-0dd794eabec6,vital-signs,29463-7,Body Weight,75.2,kg,numeric
2025-10-01T09:38:04Z,aa616abe-1761-0c9a-7959-07544679dafd,aa616abe-1761-0c9a-1b19-0dd794eabec6,vital-signs,39156-5,Body mass index (BMI) [Ratio],27.8,kg/m2,numeric
2025-10-01T09:38:04Z,aa616abe-1761-0c9a-7959-07544679dafd,aa616abe-1761-0c9a-1b19-0dd794eabec6,vital-signs,8462-4,Diastolic Blood Pressure,78.0,mm[Hg],numeric
2025-10-01T09:38:04Z,aa616abe-1761-0c9a-7959-07544679dafd,aa616abe-1761-0c9a-1b19-0dd794eabec6,vital-signs,8480-6,Systolic Blood Pressure,101.0,mm[Hg],numeric
2025-10-01T09:38:04Z,aa616abe-1761-0c9a-7959-07544679dafd,aa616abe-1761-0c9a-1b19-0dd794eabec6,vital-signs,8867-4,Heart rate,89.0,/min,numeric
2025-10-01T09:38:04Z,aa616abe-1761-0c9a-7959-07544679dafd,aa616abe-1761-0c9a-1b19-0dd794eabec6,vital-signs,9279-1,Respiratory rate,13.0,/min,numeric
2025-10-01T09:38:04Z,aa616abe-1761-0c9a-7959-07544679dafd,aa616abe-1761-0c9a-1b19-0dd794eabec6,laboratory,2339-0,Glucose [Mass/volume] in Blood,97.6,mg/dL,numeric
2025-10-01T09:38:04Z,aa616abe-1761-0c9a-7959-07544679dafd,aa616abe-1761-0c9a-1b19-0dd794eabec6,laboratory,6299-2,Urea nitrogen [Mass/volume] in Blood,12.3,mg/dL,numeric
2025-10-01T09:38:04Z,aa616abe-1761-0c9a-7959-07544679dafd,aa616abe-1761-0c9a-1b19-0dd794eabec6,laboratory,38483-4,Creatinine [Mass/volume] in Blood,1.9,mg/dL,numeric
2025-10-01T09:38:04Z,aa616abe-1761-0c9a-7959-07544679dafd,aa616abe-1761-0c9a-1b19-0dd794eabec6,laboratory,49765-1,Calcium [Mass/volume] in Blood,9.4,mg/dL,numeric
2025-10-01T09:38:04Z,aa616abe-1761-0c9a-7959-07544679dafd,aa616abe-1761-0c9a-1b19-0dd794eabec6,laboratory,2947-0,Sodium [Moles/volume] in Blood,141.0,mmol/L,numeric
2025-10-01T09:38:04Z,aa616abe-1761-0c9a-7959-07544679dafd,aa616abe-1761-0c9a-1b19-0dd794eabec6,laboratory,6298-4,Potassium [Moles/volume] in Blood,4.0,mmol/L,numeric
2025-10-01T09:38:04Z,aa616abe-1761-0c9a-7959-07544679dafd,aa616abe-1761-0c9a-1b19-0dd794eabec6,laboratory,2069-3,Chloride [Moles/volume] in Blood,106.8,mmol/L,numeric
2025-10-01T09:38:04Z,aa616abe-1761-0c9a-7959-07544679dafd,aa616abe-1761-0c9a-1b19-0dd794eabec6,laboratory,20565-8,Carbon dioxide  total [Moles/volume] in Blood,24.7,mmol/L,numeric
2025-10-01T09:38:04Z,aa616abe-1761-0c9a-7959-07544679dafd,aa616abe-1761-0c9a-1b19-0dd794eabec6,laboratory,2093-3,Cholesterol [Mass/volume] in Serum or Plasma,156.9,mg/dL,numeric
2025-10-01T09:38:04Z,aa616abe-1761-0c9a-7959-07544679dafd,aa616abe-1761-0c9a-1b19-0dd794eabec6,laboratory,2571-8,Triglyceride [Mass/volume] in Serum or Plasma,119.0,mg/dL,numeric
2025-10-01T09:38:04Z,aa616abe-1761-0c9a-7959-07544679dafd,aa616abe-1761-0c9a-1b19-0dd794eabec6,laboratory,18262-6,Cholesterol in LDL [Mass/volume] in Serum or Plasma by Direct assay,79.5,mg/dL,numeric
2025-10-01T09:38:04Z,aa616abe-1761-0c9a-7959-07544679dafd,aa616abe-1761-0c9a-1b19-0dd794eabec6,laboratory,2085-9,Cholesterol in HDL [Mass/volume] in Serum or Plasma,53.6,mg/dL,numeric
2025-10-01T09:38:04Z,aa616abe-1761-0c9a-7959-07544679dafd,aa616abe-1761-0c9a-1b19-0dd794eabec6,laboratory,14959-1,Microalbumin/Creatinine [Mass Ratio] in Urine,22.4,mg/g,numeric
2025-10-01T09:38:04Z,aa616abe-1761-0c9a-7959-07544679dafd,aa616abe-1761-0c9a-1b19-0dd794eabec6,laboratory,33914-3,Glomerular filtration rate [Volume Rate/Area] in Serum or Plasma by Creatinine-based formula (MDRD)/1.73 sq M,30.2,mL/min/{1.73_m2},numeric
2025-10-01T09:38:04Z,aa616abe-1761-0c9a-7959-07544679dafd,aa616abe-1761-0c9a-1b19-0dd794eabec6,social-history,72166-2,Tobacco smoking status,Never smoked tobacco (finding),,text
2025-10-01T10:30:50Z,aa616abe-1761-0c9a-7959-07544679dafd,aa616abe-1761-0c9a-1b19-0dd794eabec6,survey,76501-6,Within the last year  have you been afraid of your partner or ex-partner,Yes,,text
2025-10-01T10:30:50Z,aa616abe-1761-0c9a-7959-07544679dafd,aa616abe-1761-0c9a-1b19-0dd794eabec6,survey,93026-3,Do you feel physically and emotionally safe where you currently live [PRAPARE],Yes,,text
2025-10-01T10:30:50Z,aa616abe-1761-0c9a-7959-07544679dafd,aa616abe-1761-0c9a-1b19-0dd794eabec6,survey,93027-1,Are you a refugee,No,,text
2025-10-01T10:30:50Z,aa616abe-1761-0c9a-7959-07544679dafd,aa616abe-1761-0c9a-1b19-0dd794eabec6,survey,93028-9,Have you spent more than 2 nights in a row in a jail  prison  detention center  or juvenile correctional facility in past 1 year [PRAPARE],Yes,,text
2025-10-01T10:30:50Z,aa616abe-1761-0c9a-7959-07544679dafd,aa616abe-1761-0c9a-1b19-0dd794eabec6,survey,93038-8,Stress level,Somewhat,,text
2025-10-01T10:30:50Z,aa616abe-1761-0c9a-7959-07544679dafd,aa616abe-1761-0c9a-1b19-0dd794eabec6,survey,93029-7,How often do you see or talk to people that you care about and feel close to [PRAPARE],Less than once a week,,text
2025-10-01T10:30:50Z,aa616abe-1761-0c9a-7959-07544679dafd,aa616abe-1761-0c9a-1b19-0dd794eabec6,survey,93030-5,Has lack of transportation kept you from medical appointments  meetings  work  or from getting things needed for daily living,No,,text
2025-10-01T10:30:50Z,aa616abe-1761-0c9a-7959-07544679dafd,aa616abe-1761-0c9a-1b19-0dd794eabec6,survey,93031-3,Have you or any family members you live with been unable to get any of the following when it was really needed in past 1 year [PRAPARE],Medicine or Any Health Care (Medical  Dental  Mental Health  Vision),,text
2025-10-01T10:30:50Z,aa616abe-1761-0c9a-7959-07544679dafd,aa616abe-1761-0c9a-1b19-0dd794eabec6,survey,63586-2,What was your best estimate of the total income of all family members from all sources  before taxes  in last year [PhenX],15504,/a,text
2025-10-01T10:30:50Z,aa616abe-1761-0c9a-7959-07544679dafd,aa616abe-1761-0c9a-1b19-0dd794eabec6,survey,76437-3,Primary insurance,I choose not to answer this question,,text
2025-10-01T10:30:50Z,aa616abe-1761-0c9a-7959-07544679dafd,aa616abe-1761-0c9a-1b19-0dd794eabec6,survey,67875-5,Employment status - current,Full-time work,,text
2025-10-01T10:30:50Z,aa616abe-1761-0c9a-7959-07544679dafd,aa616abe-1761-0c9a-1b19-0dd794eabec6,survey,82589-3,Highest level of education,High school diploma or GED,,text
2025-10-01T10:30:50Z,aa616abe-1761-0c9a-7959-07544679dafd,aa616abe-1761-0c9a-1b19-0dd794eabec6,survey,56799-0,Address,997 Grant Row Unit 85,,text
2025-10-01T10:30:50Z,aa616abe-1761-0c9a-7959-07544679dafd,aa616abe-1761-0c9a-1b19-0dd794eabec6,survey,93033-9,Are you worried about losing your housing [PRAPARE],No,,text
2025-10-01T10:30:50Z,aa616abe-1761-0c9a-7959-07544679dafd,aa616abe-1761-0c9a-1b19-0dd794eabec6,survey,71802-3,Housing status,I have housing,,text
2025-10-01T10:30:50Z,aa616abe-1761-0c9a-7959-07544679dafd,aa616abe-1761-0c9a-1b19-0dd794eabec6,survey,63512-8,How many people are living or staying at this address [#],6.0,{#},numeric
2025-10-01T10:30:50Z,aa616abe-1761-0c9a-7959-07544679dafd,aa616abe-1761-0c9a-1b19-0dd794eabec6,survey,54899-0,Preferred language,English,,text
2025-10-01T10:30:50Z,aa616abe-1761-0c9a-7959-07544679dafd,aa616abe-1761-0c9a-1b19-0dd794eabec6,survey,93034-7,Discharged from the U.S. Armed Forces,No,,text
2025-10-01T10:30:50Z,aa616abe-1761-0c9a-7959-07544679dafd,aa616abe-1761-0c9a-1b19-0dd794eabec6,survey,93035-4,Has season or migrant farm work been your or your family's main source of income at any point in past 2 years [PRAPARE],No,,text
2025-10-01T10:30:50Z,aa616abe-1761-0c9a-7959-07544679dafd,aa616abe-1761-0c9a-1b19-0dd794eabec6,survey,32624-9,Race,White,,text
2025-10-01T10:30:50Z,aa616abe-1761-0c9a-7959-07544679dafd,aa616abe-1761-0c9a-1b19-0dd794eabec6,survey,56051-6,Hispanic or Latino,No,,text
2025-10-01T10:49:56Z,aa616abe-1761-0c9a-7959-07544679dafd,aa616abe-1761-0c9a-1b19-0dd794eabec6,survey,59460-6,Fall risk total [Morse Fall Scale],107.0,{#},numeric
2025-10-01T10:49:56Z,aa616abe-1761-0c9a-7959-07544679dafd,aa616abe-1761-0c9a-1b19-0dd794eabec6,survey,59461-4,Fall risk level [Morse Fall Scale],High Risk (MFS Score 50+),,text
2025-10-01T11:28:20Z,aa616abe-1761-0c9a-7959-07544679dafd,aa616abe-1761-0c9a-1b19-0dd794eabec6,survey,55758-7,Patient Health Questionnaire 2 item (PHQ-2) total score [Reported],1.0,{score},numeric
2025-10-01T12:06:31Z,aa616abe-1761-0c9a-7959-07544679dafd,aa616abe-1761-0c9a-1b19-0dd794eabec6,survey,75626-2,Total score [AUDIT-C],1.0,{score},numeric
2025-10-08T09:38:04Z,aa616abe-1761-0c9a-7959-07544679dafd,aa616abe-1761-0c9a-af34-7e7a8975662f,laboratory,2345-7,Glucose [Mass/volume] in Serum or Plasma,95.8,mg/dL,numeric
2025-10-08T09:38:04Z,aa616abe-1761-0c9a-7959-07544679dafd,aa616abe-1761-0c9a-af34-7e7a8975662f,laboratory,3094-0,Urea nitrogen [Mass/volume] in Serum or Plasma,12.6,mg/dL,numeric
2025-10-08T09:38:04Z,aa616abe-1761-0c9a-7959-07544679dafd,aa616abe-1761-0c9a-af34-7e7a8975662f,laboratory,2160-0,Creatinine [Mass/volume] in Serum or Plasma,1.8,mg/dL,numeric
2025-10-08T09:38:04Z,aa616abe-1761-0c9a-7959-07544679dafd,aa616abe-1761-0c9a-af34-7e7a8975662f,laboratory,17861-6,Calcium [Mass/volume] in Serum or Plasma,9.9,mg/dL,numeric
2025-10-08T09:38:04Z,aa616abe-1761-0c9a-7959-07544679dafd,aa616abe-1761-0c9a-af34-7e7a8975662f,laboratory,2951-2,Sodium [Moles/volume] in Serum or Plasma,140.2,mmol/L,numeric
2025-10-08T09:38:04Z,aa616abe-1761-0c9a-7959-07544679dafd,aa616abe-1761-0c9a-af34-7e7a8975662f,laboratory,2823-3,Potassium [Moles/volume] in Serum or Plasma,4.0,mmol/L,numeric
2025-10-08T09:38:04Z,aa616abe-1761-0c9a-7959-07544679dafd,aa616abe-1761-0c9a-af34-7e7a8975662f,laboratory,2075-0,Chloride [Moles/volume] in Serum or Plasma,102.3,mmol/L,numeric
2025-10-08T09:38:04Z,aa616abe-1761-0c9a-7959-07544679dafd,aa616abe-1761-0c9a-af34-7e7a8975662f,laboratory,2028-9,Carbon dioxide  total [Moles/volume] in Serum or Plasma,26.9,mmol/L,numeric
2025-10-08T09:38:04Z,aa616abe-1761-0c9a-7959-07544679dafd,aa616abe-1761-0c9a-af34-7e7a8975662f,laboratory,33914-3,Glomerular filtration rate [Volume Rate/Area] in Serum or Plasma by Creatinine-based formula (MDRD)/1.73 sq M,63.6,mL/min/{1.73_m2},numeric
2025-10-08T09:38:04Z,aa616abe-1761-0c9a-7959-07544679dafd,aa616abe-1761-0c9a-af34-7e7a8975662f,laboratory,5767-9,Appearance of Urine,Cloudy urine (finding),{nominal},text
2025-10-08T09:38:04Z,aa616abe-1761-0c9a-7959-07544679dafd,aa616abe-1761-0c9a-af34-7e7a8975662f,laboratory,34533-0,Odor of Urine,Urine smell ammoniacal (finding),{nominal},text
2025-10-08T09:38:04Z,aa616abe-1761-0c9a-7959-07544679dafd,aa616abe-1761-0c9a-af34-7e7a8975662f,laboratory,32167-9,Clarity of Urine,Translucent (qualifier value),{nominal},text
2025-10-08T09:38:04Z,aa616abe-1761-0c9a-7959-07544679dafd,aa616abe-1761-0c9a-af34-7e7a8975662f,laboratory,5778-6,Color of Urine,Brown color (qualifier value),{nominal},text
2025-10-08T09:38:04Z,aa616abe-1761-0c9a-7959-07544679dafd,aa616abe-1761-0c9a-af34-7e7a8975662f,laboratory,5792-7,Glucose [Mass/volume] in Urine by Test strip,2.3,mg/dL,numeric
2025-10-08T09:38:04Z,aa616abe-1761-0c9a-7959-07544679dafd,aa616abe-1761-0c9a-af34-7e7a8975662f,laboratory,25428-4,Glucose [Presence] in Urine by Test strip,Urine glucose test = ++ (finding),{nominal},text
2025-10-08T09:38:04Z,aa616abe-1761-0c9a-7959-07544679dafd,aa616abe-1761-0c9a-af34-7e7a8975662f,laboratory,20505-4,Bilirubin.total [Mass/volume] in Urine by Test strip,0.6,mg/dL,numeric
2025-10-08T09:38:04Z,aa616abe-1761-0c9a-7959-07544679dafd,aa616abe-1761-0c9a-af34-7e7a8975662f,laboratory,5770-3,Bilirubin.total [Presence] in Urine by Test strip,Finding of bilirubin in urine (finding),{nominal},text
2025-10-08T09:38:04Z,aa616abe-1761-0c9a-7959-07544679dafd,aa616abe-1761-0c9a-af34-7e7a8975662f,laboratory,5797-6,Ketones [Mass/volume] in Urine by Test strip,8.5,mg/dL,numeric
2025-10-08T09:38:04Z,aa616abe-1761-0c9a-7959-07544679dafd,aa616abe-1761-0c9a-af34-7e7a8975662f,laboratory,2514-8,Ketones [Presence] in Urine by Test strip,Urine ketone test = + (finding),{nominal},text
2025-10-08T09:38:04Z,aa616abe-1761-0c9a-7959-07544679dafd,aa616abe-1761-0c9a-af34-7e7a8975662f,laboratory,5811-5,Specific gravity of Urine by Test strip,1.0,{nominal},numeric
2025-10-08T09:38:04Z,aa616abe-1761-0c9a-7959-07544679dafd,aa616abe-1761-0c9a-af34-7e7a8975662f,laboratory,5803-2,pH of Urine by Test strip,6.8,pH,numeric
2025-10-08T09:38:04Z,aa616abe-1761-0c9a-7959-07544679dafd,aa616abe-1761-0c9a-af34-7e7a8975662f,laboratory,5804-0,Protein [Mass/volume] in Urine by Test strip,199.4,mg/dL,numeric
2025-10-08T09:38:04Z,aa616abe-1761-0c9a-7959-07544679dafd,aa616abe-1761-0c9a-af34-7e7a8975662f,laboratory,20454-5,Protein [Presence] in Urine by Test strip,Urine protein test = ++ (finding),{nominal},text
2025-10-08T09:38:04Z,aa616abe-1761-0c9a-7959-07544679dafd,aa616abe-1761-0c9a-af34-7e7a8975662f,laboratory,5802-4,Nitrite [Presence] in Urine by Test strip,Nitrite not detected in urine (finding),{nominal},text
2025-10-08T09:38:04Z,aa616abe-1761-0c9a-7959-07544679dafd,aa616abe-1761-0c9a-af34-7e7a8975662f,laboratory,5794-3,Hemoglobin [Presence] in Urine by Test strip,Blood not detected in urine (finding),{nominal},text
2025-10-08T09:38:04Z,aa616abe-1761-0c9a-7959-07544679dafd,aa616abe-1761-0c9a-af34-7e7a8975662f,laboratory,5799-2,Leukocyte esterase [Presence] in Urine by Test strip,Urine leukocytes not detected (finding),{nominal},text
2025-10-08T09:38:04Z,aa616abe-1761-0c9a-7959-07544679dafd,aa616abe-1761-0c9a-af34-7e7a8975662f,laboratory,4548-4,Hemoglobin A1c/Hemoglobin.total in Blood,5.4,%,numeric
2025-10-22T09:38:04Z,aa616abe-1761-0c9a-7959-07544679dafd,aa616abe-1761-0c9a-010b-2a518bedb30e,laboratory,2345-7,Glucose [Mass/volume] in Serum or Plasma,91.0,mg/dL,numeric
2025-10-22T09:38:04Z,aa616abe-1761-0c9a-7959-07544679dafd,aa616abe-1761-0c9a-010b-2a518bedb30e,laboratory,3094-0,Urea nitrogen [Mass/volume] in Serum or Plasma,8.1,mg/dL,numeric
2025-10-22T09:38:04Z,aa616abe-1761-0c9a-7959-07544679dafd,aa616abe-1761-0c9a-010b-2a518bedb30e,laboratory,2160-0,Creatinine [Mass/volume] in Serum or Plasma,1.8,mg/dL,numeric
2025-10-22T09:38:04Z,aa616abe-1761-0c9a-7959-07544679dafd,aa616abe-1761-0c9a-010b-2a518bedb30e,laboratory,17861-6,Calcium [Mass/volume] in Serum or Plasma,9.3,mg/dL,numeric
2025-10-22T09:38:04Z,aa616abe-1761-0c9a-7959-07544679dafd,aa616abe-1761-0c9a-010b-2a518bedb30e,laboratory,2951-2,Sodium [Moles/volume] in Serum or Plasma,140.9,mmol/L,numeric
2025-10-22T09:38:04Z,aa616abe-1761-0c9a-7959-07544679dafd,aa616abe-1761-0c9a-010b-2a518bedb30e,laboratory,2823-3,Potassium [Moles/volume] in Serum or Plasma,5.0,mmol/L,numeric
2025-10-22T09:38:04Z,aa616abe-1761-0c9a-7959-07544679dafd,aa616abe-1761-0c9a-010b-2a518bedb30e,laboratory,2075-0,Chloride [Moles/volume] in Serum or Plasma,106.8,mmol/L,numeric
2025-10-22T09:38:04Z,aa616abe-1761-0c9a-7959-07544679dafd,aa616abe-1761-0c9a-010b-2a518bedb30e,laboratory,2028-9,Carbon dioxide  total [Moles/volume] in Serum or Plasma,26.1,mmol/L,numeric
2025-10-22T09:38:04Z,aa616abe-1761-0c9a-7959-07544679dafd,aa616abe-1761-0c9a-010b-2a518bedb30e,laboratory,33914-3,Glomerular filtration rate [Volume Rate/Area] in Serum or Plasma by Creatinine-based formula (MDRD)/1.73 sq M,82.5,mL/min/{1.73_m2},numeric
2025-10-22T09:38:04Z,aa616abe-1761-0c9a-7959-07544679dafd,aa616abe-1761-0c9a-010b-2a518bedb30e,laboratory,5767-9,Appearance of Urine,Cloudy urine (finding),{nominal},text
2025-10-22T09:38:04Z,aa616abe-1761-0c9a-7959-07544679dafd,aa616abe-1761-0c9a-010b-2a518bedb30e,laboratory,34533-0,Odor of Urine,Urine smell ammoniacal (finding),{nominal},text
2025-10-22T09:38:04Z,aa616abe-1761-0c9a-7959-07544679dafd,aa616abe-1761-0c9a-010b-2a518bedb30e,laboratory,32167-9,Clarity of Urine,Translucent (qualifier value),{nominal},text
2025-10-22T09:38:04Z,aa616abe-1761-0c9a-7959-07544679dafd,aa616abe-1761-0c9a-010b-2a518bedb30e,laboratory,5778-6,Color of Urine,Brown color (qualifier value),{nominal},text
2025-10-22T09:38:04Z,aa616abe-1761-0c9a-7959-07544679dafd,aa616abe-1761-0c9a-010b-2a518bedb30e,laboratory,5792-7,Glucose [Mass/volume] in Urine by Test strip,0.7,mg/dL,numeric
2025-10-22T09:38:04Z,aa616abe-1761-0c9a-7959-07544679dafd,aa616abe-1761-0c9a-010b-2a518bedb30e,laboratory,25428-4,Glucose [Presence] in Urine by Test strip,Urine glucose test = ++ (finding),{nominal},text
2025-10-22T09:38:04Z,aa616abe-1761-0c9a-7959-07544679dafd,aa616abe-1761-0c9a-010b-2a518bedb30e,laboratory,20505-4,Bilirubin.total [Mass/volume] in Urine by Test strip,1.4,mg/dL,numeric
2025-10-22T09:38:04Z,aa616abe-1761-0c9a-7959-07544679dafd,aa616abe-1761-0c9a-010b-2a518bedb30e,laboratory,5770-3,Bilirubin.total [Presence] in Urine by Test strip,Finding of bilirubin in urine (finding),{nominal},text
2025-10-22T09:38:04Z,aa616abe-1761-0c9a-7959-07544679dafd,aa616abe-1761-0c9a-010b-2a518bedb30e,laboratory,5797-6,Ketones [Mass/volume] in Urine by Test strip,3.7,mg/dL,numeric
2025-10-22T09:38:04Z,aa616abe-1761-0c9a-7959-07544679dafd,aa616abe-1761-0c9a-010b-2a518bedb30e,laboratory,2514-8,Ketones [Presence] in Urine by Test strip,Urine ketone test = + (finding),{nominal},text
2025-10-22T09:38:04Z,aa616abe-1761-0c9a-7959-07544679dafd,aa616abe-1761-0c9a-010b-2a518bedb30e,laboratory,5811-5,Specific gravity of Urine by Test strip,1.0,{nominal},numeric
2025-10-22T09:38:04Z,aa616abe-1761-0c9a-7959-07544679dafd,aa616abe-1761-0c9a-010b-2a518bedb30e,laboratory,5803-2,pH of Urine by Test strip,6.4,pH,numeric
2025-10-22T09:38:04Z,aa616abe-1761-0c9a-7959-07544679dafd,aa616abe-1761-0c9a-010b-2a518bedb30e,laboratory,5804-0,Protein [Mass/volume] in Urine by Test strip,345.9,mg/dL,numeric
2025-10-22T09:38:04Z,aa616abe-1761-0c9a-7959-07544679dafd,aa616abe-1761-0c9a-010b-2a518bedb30e,laboratory,20454-5,Protein [Presence] in Urine by Test strip,Urine protein test = ++ (finding),{nominal},text
2025-10-22T09:38:04Z,aa616abe-1761-0c9a-7959-07544679dafd,aa616abe-1761-0c9a-010b-2a518bedb30e,laboratory,5802-4,Nitrite [Presence] in Urine by Test strip,Nitrite not detected in urine (finding),{nominal},text
2025-10-22T09:38:04Z,aa616abe-1761-0c9a-7959-07544679dafd,aa616abe-1761-0c9a-010b-2a518bedb30e,laboratory,5794-3,Hemoglobin [Presence] in Urine by Test strip,Blood not detected in urine (finding),{nominal},text
2025-10-22T09:38:04Z,aa616abe-1761-0c9a-7959-07544679dafd,aa616abe-1761-0c9a-010b-2a518bedb30e,laboratory,5799-2,Leukocyte esterase [Presence] in Urine by Test strip,Urine leukocytes not detected (finding),{nominal},text
2025-10-22T09:38:04Z,aa616abe-1761-0c9a-7959-07544679dafd,aa616abe-1761-0c9a-010b-2a518bedb30e,laboratory,4548-4,Hemoglobin A1c/Hemoglobin.total in Blood,5.4,%,numeric
2025-10-22T09:38:04Z,aa616abe-1761-0c9a-7959-07544679dafd,aa616abe-1761-0c9a-010b-2a518bedb30e,vital-signs,8302-2,Body Height,164.6,cm,numeric
2025-10-22T09:38:04Z,aa616abe-1761-0c9a-7959-07544679dafd,aa616abe-1761-0c9a-010b-2a518bedb30e,vital-signs,72514-3,Pain severity - 0-10 verbal numeric rating [Score] - Reported,3.0,{score},numeric
2025-10-22T09:38:04Z,aa616abe-1761-0c9a-7959-07544679dafd,aa616abe-1761-0c9a-010b-2a518bedb30e,vital-signs,29463-7,Body Weight,75.2,kg,numeric
2025-10-22T09:38:04Z,aa616abe-1761-0c9a-7959-07544679dafd,aa616abe-1761-0c9a-010b-2a518bedb30e,vital-signs,39156-5,Body mass index (BMI) [Ratio],27.8,kg/m2,numeric
2025-10-22T09:38:04Z,aa616abe-1761-0c9a-7959-07544679dafd,aa616abe-1761-0c9a-010b-2a518bedb30e,vital-signs,8462-4,Diastolic Blood Pressure,79.0,mm[Hg],numeric
2025-10-22T09:38:04Z,aa616abe-1761-0c9a-7959-07544679dafd,aa616abe-1761-0c9a-010b-2a518bedb30e,vital-signs,8480-6,Systolic Blood Pressure,104.0,mm[Hg],numeric
2025-10-22T09:38:04Z,aa616abe-1761-0c9a-7959-07544679dafd,aa616abe-1761-0c9a-010b-2a518bedb30e,vital-signs,8867-4,Heart rate,77.0,/min,numeric
2025-10-22T09:38:04Z,aa616abe-1761-0c9a-7959-07544679dafd,aa616abe-1761-0c9a-010b-2a518bedb30e,vital-signs,9279-1,Respiratory rate,15.0,/min,numeric
2025-10-22T09:38:04Z,aa616abe-1761-0c9a-7959-07544679dafd,aa616abe-1761-0c9a-010b-2a518bedb30e,laboratory,2339-0,Glucose [Mass/volume] in Blood,91.0,mg/dL,numeric
2025-10-22T09:38:04Z,aa616abe-1761-0c9a-7959-07544679dafd,aa616abe-1761-0c9a-010b-2a518bedb30e,laboratory,6299-2,Urea nitrogen [Mass/volume] in Blood,8.1,mg/dL,numeric
2025-10-22T09:38:04Z,aa616abe-1761-0c9a-7959-07544679dafd,aa616abe-1761-0c9a-010b-2a518bedb30e,laboratory,38483-4,Creatinine [Mass/volume] in Blood,1.3,mg/dL,numeric
2025-10-22T09:38:04Z,aa616abe-1761-0c9a-7959-07544679dafd,aa616abe-1761-0c9a-010b-2a518bedb30e,laboratory,49765-1,Calcium [Mass/volume] in Blood,9.3,mg/dL,numeric
2025-10-22T09:38:04Z,aa616abe-1761-0c9a-7959-07544679dafd,aa616abe-1761-0c9a-010b-2a518bedb30e,laboratory,2947-0,Sodium [Moles/volume] in Blood,140.9,mmol/L,numeric
2025-10-22T09:38:04Z,aa616abe-1761-0c9a-7959-07544679dafd,aa616abe-1761-0c9a-010b-2a518bedb30e,laboratory,6298-4,Potassium [Moles/volume] in Blood,5.0,mmol/L,numeric
2025-10-22T09:38:04Z,aa616abe-1761-0c9a-7959-07544679dafd,aa616abe-1761-0c9a-010b-2a518bedb30e,laboratory,2069-3,Chloride [Moles/volume] in Blood,106.8,mmol/L,numeric
2025-10-22T09:38:04Z,aa616abe-1761-0c9a-7959-07544679dafd,aa616abe-1761-0c9a-010b-2a518bedb30e,laboratory,20565-8,Carbon dioxide  total [Moles/volume] in Blood,26.1,mmol/L,numeric
2025-10-22T09:38:04Z,aa616abe-1761-0c9a-7959-07544679dafd,aa616abe-1761-0c9a-010b-2a518bedb30e,laboratory,2093-3,Cholesterol [Mass/volume] in Serum or Plasma,149.8,mg/dL,numeric
2025-10-22T09:38:04Z,aa616abe-1761-0c9a-7959-07544679dafd,aa616abe-1761-0c9a-010b-2a518bedb30e,laboratory,2571-8,Triglyceride [Mass/volume] in Serum or Plasma,148.7,mg/dL,numeric
2025-10-22T09:38:04Z,aa616abe-1761-0c9a-7959-07544679dafd,aa616abe-1761-0c9a-010b-2a518bedb30e,laboratory,18262-6,Cholesterol in LDL [Mass/volume] in Serum or Plasma by Direct assay,71.6,mg/dL,numeric
2025-10-22T09:38:04Z,aa616abe-1761-0c9a-7959-07544679dafd,aa616abe-1761-0c9a-010b-2a518bedb30e,laboratory,2085-9,Cholesterol in HDL [Mass/volume] in Serum or Plasma,48.5,mg/dL,numeric
2025-10-22T09:38:04Z,aa616abe-1761-0c9a-7959-07544679dafd,aa616abe-1761-0c9a-010b-2a518bedb30e,laboratory,14959-1,Microalbumin/Creatinine [Mass Ratio] in Urine,26.9,mg/g,numeric
2025-10-22T09:38:04Z,aa616abe-1761-0c9a-7959-07544679dafd,aa616abe-1761-0c9a-010b-2a518bedb30e,laboratory,33914-3,Glomerular filtration rate [Volume Rate/Area] in Serum or Plasma by Creatinine-based formula (MDRD)/1.73 sq M,46.0,mL/min/{1.73_m2},numeric
2025-10-22T09:38:04Z,aa616abe-1761-0c9a-7959-07544679dafd,aa616abe-1761-0c9a-010b-2a518bedb30e,social-history,72166-2,Tobacco smoking status,Never smoked tobacco (finding),,text
2025-10-22T10:11:45Z,aa616abe-1761-0c9a-7959-07544679dafd,aa616abe-1761-0c9a-010b-2a518bedb30e,survey,76501-6,Within the last year  have you been afraid of your partner or ex-partner,No,,text
2025-10-22T10:11:45Z,aa616abe-1761-0c9a-7959-07544679dafd,aa616abe-1761-0c9a-010b-2a518bedb30e,survey,93026-3,Do you feel physically and emotionally safe where you currently live [PRAPARE],Yes,,text
2025-10-22T10:11:45Z,aa616abe-1761-0c9a-7959-07544679dafd,aa616abe-1761-0c9a-010b-2a518bedb30e,survey,93027-1,Are you a refugee,No,,text
2025-10-22T10:11:45Z,aa616abe-1761-0c9a-7959-07544679dafd,aa616abe-1761-0c9a-010b-2a518bedb30e,survey,93028-9,Have you spent more than 2 nights in a row in a jail  prison  detention center  or juvenile correctional facility in past 1 year [PRAPARE],Yes,,text
2025-10-22T10:11:45Z,aa616abe-1761-0c9a-7959-07544679dafd,aa616abe-1761-0c9a-010b-2a518bedb30e,survey,93038-8,Stress level,Not at all,,text
2025-10-22T10:11:45Z,aa616abe-1761-0c9a-7959-07544679dafd,aa616abe-1761-0c9a-010b-2a518bedb30e,survey,93029-7,How often do you see or talk to people that you care about and feel close to [PRAPARE],3 to 5 times a week,,text
2025-10-22T10:11:45Z,aa616abe-1761-0c9a-7959-07544679dafd,aa616abe-1761-0c9a-010b-2a518bedb30e,survey,93030-5,Has lack of transportation kept you from medical appointments  meetings  work  or from getting things needed for daily living,No,,text
2025-10-22T10:11:45Z,aa616abe-1761-0c9a-7959-07544679dafd,aa616abe-1761-0c9a-010b-2a518bedb30e,survey,93031-3,Have you or any family members you live with been unable to get any of the following when it was really needed in past 1 year [PRAPARE],Phone,,text
2025-10-22T10:11:45Z,aa616abe-1761-0c9a-7959-07544679dafd,aa616abe-1761-0c9a-010b-2a518bedb30e,survey,63586-2,What was your best estimate of the total income of all family members from all sources  before taxes  in last year [PhenX],15504,/a,text
2025-10-22T10:11:45Z,aa616abe-1761-0c9a-7959-07544679dafd,aa616abe-1761-0c9a-010b-2a518bedb30e,survey,76437-3,Primary insurance,I choose not to answer this question,,text
2025-10-22T10:11:45Z,aa616abe-1761-0c9a-7959-07544679dafd,aa616abe-1761-0c9a-010b-2a518bedb30e,survey,67875-5,Employment status - current,Otherwise unemployed but not seeking work (ex: student  retired  disabled  unpaid primary care giver),,text
2025-10-22T10:11:45Z,aa616abe-1761-0c9a-7959-07544679dafd,aa616abe-1761-0c9a-010b-2a518bedb30e,survey,82589-3,Highest level of education,High school diploma or GED,,text
2025-10-22T10:11:45Z,aa616abe-1761-0c9a-7959-07544679dafd,aa616abe-1761-0c9a-010b-2a518bedb30e,survey,56799-0,Address,997 Grant Row Unit 85,,text
2025-10-22T10:11:45Z,aa616abe-1761-0c9a-7959-07544679dafd,aa616abe-1761-0c9a-010b-2a518bedb30e,survey,93033-9,Are you worried about losing your housing [PRAPARE],No,,text
2025-10-22T10:11:45Z,aa616abe-1761-0c9a-7959-07544679dafd,aa616abe-1761-0c9a-010b-2a518bedb30e,survey,71802-3,Housing status,I have housing,,text
2025-10-22T10:11:45Z,aa616abe-1761-0c9a-7959-07544679dafd,aa616abe-1761-0c9a-010b-2a518bedb30e,survey,63512-8,How many people are living or staying at this address [#],6.0,{#},numeric
2025-10-22T10:11:45Z,aa616abe-1761-0c9a-7959-07544679dafd,aa616abe-1761-0c9a-010b-2a518bedb30e,survey,54899-0,Preferred language,English,,text
2025-10-22T10:11:45Z,aa616abe-1761-0c9a-7959-07544679dafd,aa616abe-1761-0c9a-010b-2a518bedb30e,survey,93034-7,Discharged from the U.S. Armed Forces,No,,text
2025-10-22T10:11:45Z,aa616abe-1761-0c9a-7959-07544679dafd,aa616abe-1761-0c9a-010b-2a518bedb30e,survey,93035-4,Has season or migrant farm work been your or your family's main source of income at any point in past 2 years [PRAPARE],No,,text
2025-10-22T10:11:45Z,aa616abe-1761-0c9a-7959-07544679dafd,aa616abe-1761-0c9a-010b-2a518bedb30e,survey,32624-9,Race,White,,text
2025-10-22T10:11:45Z,aa616abe-1761-0c9a-7959-07544679dafd,aa616abe-1761-0c9a-010b-2a518bedb30e,survey,56051-6,Hispanic or Latino,No,,text
2025-10-22T10:38:10Z,aa616abe-1761-0c9a-7959-07544679dafd,aa616abe-1761-0c9a-010b-2a518bedb30e,survey,70274-6,Generalized anxiety disorder 7 item (GAD-7) total score [Reported.PHQ],21.0,{score},numeric
2025-10-22T10:57:13Z,aa616abe-1761-0c9a-7959-07544679dafd,aa616abe-1761-0c9a-010b-2a518bedb30e,survey,59460-6,Fall risk total [Morse Fall Scale],64.0,{#},numeric
2025-10-22T10:57:13Z,aa616abe-1761-0c9a-7959-07544679dafd,aa616abe-1761-0c9a-010b-2a518bedb30e,survey,59461-4,Fall risk level [Morse Fall Scale],High Risk (MFS Score 50+),,text
2025-10-22T11:33:18Z,aa616abe-1761-0c9a-7959-07544679dafd,aa616abe-1761-0c9a-010b-2a518bedb30e,survey,76504-0,Total score [HARK],0.0,{score},numeric
2025-10-22T12:09:12Z,aa616abe-1761-0c9a-7959-07544679dafd,aa616abe-1761-0c9a-010b-2a518bedb30e,survey,55758-7,Patient Health Questionnaire 2 item (PHQ-2) total score [Reported],2.0,{score},numeric
2025-11-05T09:38:04Z,aa616abe-1761-0c9a-7959-07544679dafd,aa616abe-1761-0c9a-5f03-f65cc81acfe5,laboratory,2345-7,Glucose [Mass/volume] in Serum or Plasma,74.4,mg/dL,numeric
2025-11-05T09:38:04Z,aa616abe-1761-0c9a-7959-07544679dafd,aa616abe-1761-0c9a-5f03-f65cc81acfe5,laboratory,3094-0,Urea nitrogen [Mass/volume] in Serum or Plasma,19.0,mg/dL,numeric
2025-11-05T09:38:04Z,aa616abe-1761-0c9a-7959-07544679dafd,aa616abe-1761-0c9a-5f03-f65cc81acfe5,laboratory,2160-0,Creatinine [Mass/volume] in Serum or Plasma,2.0,mg/dL,numeric
2025-11-05T09:38:04Z,aa616abe-1761-0c9a-7959-07544679dafd,aa616abe-1761-0c9a-5f03-f65cc81acfe5,laboratory,17861-6,Calcium [Mass/volume] in Serum or Plasma,10.2,mg/dL,numeric
2025-11-05T09:38:04Z,aa616abe-1761-0c9a-7959-07544679dafd,aa616abe-1761-0c9a-5f03-f65cc81acfe5,laboratory,2951-2,Sodium [Moles/volume] in Serum or Plasma,142.3,mmol/L,numeric
2025-11-05T09:38:04Z,aa616abe-1761-0c9a-7959-07544679dafd,aa616abe-1761-0c9a-5f03-f65cc81acfe5,laboratory,2823-3,Potassium [Moles/volume] in Serum or Plasma,4.3,mmol/L,numeric
2025-11-05T09:38:04Z,aa616abe-1761-0c9a-7959-07544679dafd,aa616abe-1761-0c9a-5f03-f65cc81acfe5,laboratory,2075-0,Chloride [Moles/volume] in Serum or Plasma,110.4,mmol/L,numeric
2025-11-05T09:38:04Z,aa616abe-1761-0c9a-7959-07544679dafd,aa616abe-1761-0c9a-5f03-f65cc81acfe5,laboratory,2028-9,Carbon dioxide  total [Moles/volume] in Serum or Plasma,21.3,mmol/L,numeric
2025-11-05T09:38:04Z,aa616abe-1761-0c9a-7959-07544679dafd,aa616abe-1761-0c9a-5f03-f65cc81acfe5,laboratory,33914-3,Glomerular filtration rate [Volume Rate/Area] in Serum or Plasma by Creatinine-based formula (MDRD)/1.73 sq M,71.4,mL/min/{1.73_m2},numeric
2025-11-05T09:38:04Z,aa616abe-1761-0c9a-7959-07544679dafd,aa616abe-1761-0c9a-5f03-f65cc81acfe5,laboratory,5767-9,Appearance of Urine,Cloudy urine (finding),{nominal},text
2025-11-05T09:38:04Z,aa616abe-1761-0c9a-7959-07544679dafd,aa616abe-1761-0c9a-5f03-f65cc81acfe5,laboratory,34533-0,Odor of Urine,Urine smell ammoniacal (finding),{nominal},text
2025-11-05T09:38:04Z,aa616abe-1761-0c9a-7959-07544679dafd,aa616abe-1761-0c9a-5f03-f65cc81acfe5,laboratory,32167-9,Clarity of Urine,Translucent (qualifier value),{nominal},text
2025-11-05T09:38:04Z,aa616abe-1761-0c9a-7959-07544679dafd,aa616abe-1761-0c9a-5f03-f65cc81acfe5,laboratory,5778-6,Color of Urine,Brown color (qualifier value),{nominal},text
2025-11-05T09:38:04Z,aa616abe-1761-0c9a-7959-07544679dafd,aa616abe-1761-0c9a-5f03-f65cc81acfe5,laboratory,5792-7,Glucose [Mass/volume] in Urine by Test strip,2.4,mg/dL,numeric
2025-11-05T09:38:04Z,aa616abe-1761-0c9a-7959-07544679dafd,aa616abe-1761-0c9a-5f03-f65cc81acfe5,laboratory,25428-4,Glucose [Presence] in Urine by Test strip,Urine glucose test = ++ (finding),{nominal},text
2025-11-05T09:38:04Z,aa616abe-1761-0c9a-7959-07544679dafd,aa616abe-1761-0c9a-5f03-f65cc81acfe5,laboratory,20505-4,Bilirubin.total [Mass/volume] in Urine by Test strip,1.4,mg/dL,numeric
2025-11-05T09:38:04Z,aa616abe-1761-0c9a-7959-07544679dafd,aa616abe-1761-0c9a-5f03-f65cc81acfe5,laboratory,5770-3,Bilirubin.total [Presence] in Urine by Test strip,Finding of bilirubin in urine (finding),{nominal},text
2025-11-05T09:38:04Z,aa616abe-1761-0c9a-7959-07544679dafd,aa616abe-1761-0c9a-5f03-f65cc81acfe5,laboratory,5797-6,Ketones [Mass/volume] in Urine by Test strip,4.7,mg/dL,numeric
2025-11-05T09:38:04Z,aa616abe-1761-0c9a-7959-07544679dafd,aa616abe-1761-0c9a-5f03-f65cc81acfe5,laboratory,2514-8,Ketones [Presence] in Urine by Test strip,Urine ketone test = + (finding),{nominal},text
2025-11-05T09:38:04Z,aa616abe-1761-0c9a-7959-07544679dafd,aa616abe-1761-0c9a-5f03-f65cc81acfe5,laboratory,5811-5,Specific gravity of Urine by Test strip,1.0,{nominal},numeric
2025-11-05T09:38:04Z,aa616abe-1761-0c9a-7959-07544679dafd,aa616abe-1761-0c9a-5f03-f65cc81acfe5,laboratory,5803-2,pH of Urine by Test strip,5.7,pH,numeric
2025-11-05T09:38:04Z,aa616abe-1761-0c9a-7959-07544679dafd,aa616abe-1761-0c9a-5f03-f65cc81acfe5,laboratory,5804-0,Protein [Mass/volume] in Urine by Test strip,307.0,mg/dL,numeric
2025-11-05T09:38:04Z,aa616abe-1761-0c9a-7959-07544679dafd,aa616abe-1761-0c9a-5f03-f65cc81acfe5,laboratory,20454-5,Protein [Presence] in Urine by Test strip,Urine protein test = ++ (finding),{nominal},text
2025-11-05T09:38:04Z,aa616abe-1761-0c9a-7959-07544679dafd,aa616abe-1761-0c9a-5f03-f65cc81acfe5,laboratory,5802-4,Nitrite [Presence] in Urine by Test strip,Nitrite not detected in urine (finding),{nominal},text
2025-11-05T09:38:04Z,aa616abe-1761-0c9a-7959-07544679dafd,aa616abe-1761-0c9a-5f03-f65cc81acfe5,laboratory,5794-3,Hemoglobin [Presence] in Urine by Test strip,Blood not detected in urine (finding),{nominal},text
2025-11-05T09:38:04Z,aa616abe-1761-0c9a-7959-07544679dafd,aa616abe-1761-0c9a-5f03-f65cc81acfe5,laboratory,5799-2,Leukocyte esterase [Presence] in Urine by Test strip,Urine leukocytes not detected (finding),{nominal},text
2025-11-05T09:38:04Z,aa616abe-1761-0c9a-7959-07544679dafd,aa616abe-1761-0c9a-5f03-f65cc81acfe5,laboratory,4548-4,Hemoglobin A1c/Hemoglobin.total in Blood,5.4,%,numeric
2025-11-05T09:38:04Z,aa616abe-1761-0c9a-7959-07544679dafd,aa616abe-1761-0c9a-5f03-f65cc81acfe5,vital-signs,8302-2,Body Height,164.6,cm,numeric
2025-11-05T09:38:04Z,aa616abe-1761-0c9a-7959-07544679dafd,aa616abe-1761-0c9a-5f03-f65cc81acfe5,vital-signs,72514-3,Pain severity - 0-10 verbal numeric rating [Score] - Reported,0.0,{score},numeric
2025-11-05T09:38:04Z,aa616abe-1761-0c9a-7959-07544679dafd,aa616abe-1761-0c9a-5f03-f65cc81acfe5,vital-signs,29463-7,Body Weight,75.2,kg,numeric
2025-11-05T09:38:04Z,aa616abe-1761-0c9a-7959-07544679dafd,aa616abe-1761-0c9a-5f03-f65cc81acfe5,vital-signs,39156-5,Body mass index (BMI) [Ratio],27.8,kg/m2,numeric
2025-11-05T09:38:04Z,aa616abe-1761-0c9a-7959-07544679dafd,aa616abe-1761-0c9a-5f03-f65cc81acfe5,vital-signs,8462-4,Diastolic Blood Pressure,71.0,mm[Hg],numeric
2025-11-05T09:38:04Z,aa616abe-1761-0c9a-7959-07544679dafd,aa616abe-1761-0c9a-5f03-f65cc81acfe5,vital-signs,8480-6,Systolic Blood Pressure,95.0,mm[Hg],numeric
2025-11-05T09:38:04Z,aa616abe-1761-0c9a-7959-07544679dafd,aa616abe-1761-0c9a-5f03-f65cc81acfe5,vital-signs,8867-4,Heart rate,94.0,/min,numeric
2025-11-05T09:38:04Z,aa616abe-1761-0c9a-7959-07544679dafd,aa616abe-1761-0c9a-5f03-f65cc81acfe5,vital-signs,9279-1,Respiratory rate,13.0,/min,numeric
2025-11-05T09:38:04Z,aa616abe-1761-0c9a-7959-07544679dafd,aa616abe-1761-0c9a-5f03-f65cc81acfe5,laboratory,2339-0,Glucose [Mass/volume] in Blood,74.4,mg/dL,numeric
2025-11-05T09:38:04Z,aa616abe-1761-0c9a-7959-07544679dafd,aa616abe-1761-0c9a-5f03-f65cc81acfe5,laboratory,6299-2,Urea nitrogen [Mass/volume] in Blood,19.0,mg/dL,numeric
2025-11-05T09:38:04Z,aa616abe-1761-0c9a-7959-07544679dafd,aa616abe-1761-0c9a-5f03-f65cc81acfe5,laboratory,38483-4,Creatinine [Mass/volume] in Blood,1.4,mg/dL,numeric
2025-11-05T09:38:04Z,aa616abe-1761-0c9a-7959-07544679dafd,aa616abe-1761-0c9a-5f03-f65cc81acfe5,laboratory,49765-1,Calcium [Mass/volume] in Blood,10.2,mg/dL,numeric
2025-11-05T09:38:04Z,aa616abe-1761-0c9a-7959-07544679dafd,aa616abe-1761-0c9a-5f03-f65cc81acfe5,laboratory,2947-0,Sodium [Moles/volume] in Blood,142.3,mmol/L,numeric
2025-11-05T09:38:04Z,aa616abe-1761-0c9a-7959-07544679dafd,aa616abe-1761-0c9a-5f03-f65cc81acfe5,laboratory,6298-4,Potassium [Moles/volume] in Blood,4.3,mmol/L,numeric
2025-11-05T09:38:04Z,aa616abe-1761-0c9a-7959-07544679dafd,aa616abe-1761-0c9a-5f03-f65cc81acfe5,laboratory,2069-3,Chloride [Moles/volume] in Blood,110.4,mmol/L,numeric
2025-11-05T09:38:04Z,aa616abe-1761-0c9a-7959-07544679dafd,aa616abe-1761-0c9a-5f03-f65cc81acfe5,laboratory,20565-8,Carbon dioxide  total [Moles/volume] in Blood,21.3,mmol/L,numeric
2025-11-05T09:38:04Z,aa616abe-1761-0c9a-7959-07544679dafd,aa616abe-1761-0c9a-5f03-f65cc81acfe5,laboratory,2093-3,Cholesterol [Mass/volume] in Serum or Plasma,144.5,mg/dL,numeric
2025-11-05T09:38:04Z,aa616abe-1761-0c9a-7959-07544679dafd,aa616abe-1761-0c9a-5f03-f65cc81acfe5,laboratory,2571-8,Triglyceride [Mass/volume] in Serum or Plasma,143.5,mg/dL,numeric
2025-11-05T09:38:04Z,aa616abe-1761-0c9a-7959-07544679dafd,aa616abe-1761-0c9a-5f03-f65cc81acfe5,laboratory,18262-6,Cholesterol in LDL [Mass/volume] in Serum or Plasma by Direct assay,60.9,mg/dL,numeric
2025-11-05T09:38:04Z,aa616abe-1761-0c9a-7959-07544679dafd,aa616abe-1761-0c9a-5f03-f65cc81acfe5,laboratory,2085-9,Cholesterol in HDL [Mass/volume] in Serum or Plasma,54.9,mg/dL,numeric
2025-11-05T09:38:04Z,aa616abe-1761-0c9a-7959-07544679dafd,aa616abe-1761-0c9a-5f03-f65cc81acfe5,laboratory,14959-1,Microalbumin/Creatinine [Mass Ratio] in Urine,27.4,mg/g,numeric
2025-11-05T09:38:04Z,aa616abe-1761-0c9a-7959-07544679dafd,aa616abe-1761-0c9a-5f03-f65cc81acfe5,laboratory,33914-3,Glomerular filtration rate [Volume Rate/Area] in Serum or Plasma by Creatinine-based formula (MDRD)/1.73 sq M,42.8,mL/min/{1.73_m2},numeric
2025-11-05T09:38:04Z,aa616abe-1761-0c9a-7959-07544679dafd,aa616abe-1761-0c9a-5f03-f65cc81acfe5,social-history,72166-2,Tobacco smoking status,Never smoked tobacco (finding),,text
2025-11-05T10:26:50Z,aa616abe-1761-0c9a-7959-07544679dafd,aa616abe-1761-0c9a-5f03-f65cc81acfe5,survey,76501-6,Within the last year  have you been afraid of your partner or ex-partner,No,,text
2025-11-05T10:26:50Z,aa616abe-1761-0c9a-7959-07544679dafd,aa616abe-1761-0c9a-5f03-f65cc81acfe5,survey,93026-3,Do you feel physically and emotionally safe where you currently live [PRAPARE],Yes,,text
2025-11-05T10:26:50Z,aa616abe-1761-0c9a-7959-07544679dafd,aa616abe-1761-0c9a-5f03-f65cc81acfe5,survey,93027-1,Are you a refugee,No,,text
2025-11-05T10:26:50Z,aa616abe-1761-0c9a-7959-07544679dafd,aa616abe-1761-0c9a-5f03-f65cc81acfe5,survey,93028-9,Have you spent more than 2 nights in a row in a jail  prison  detention center  or juvenile correctional facility in past 1 year [PRAPARE],Yes,,text
2025-11-05T10:26:50Z,aa616abe-1761-0c9a-7959-07544679dafd,aa616abe-1761-0c9a-5f03-f65cc81acfe5,survey,93038-8,Stress level,Not at all,,text
2025-11-05T10:26:50Z,aa616abe-1761-0c9a-7959-07544679dafd,aa616abe-1761-0c9a-5f03-f65cc81acfe5,survey,93029-7,How often do you see or talk to people that you care about and feel close to [PRAPARE],3 to 5 times a week,,text
2025-11-05T10:26:50Z,aa616abe-1761-0c9a-7959-07544679dafd,aa616abe-1761-0c9a-5f03-f65cc81acfe5,survey,93030-5,Has lack of transportation kept you from medical appointments  meetings  work  or from getting things needed for daily living,No,,text
2025-11-05T10:26:50Z,aa616abe-1761-0c9a-7959-07544679dafd,aa616abe-1761-0c9a-5f03-f65cc81acfe5,survey,93031-3,Have you or any family members you live with been unable to get any of the following when it was really needed in past 1 year [PRAPARE],Phone,,text
2025-11-05T10:26:50Z,aa616abe-1761-0c9a-7959-07544679dafd,aa616abe-1761-0c9a-5f03-f65cc81acfe5,survey,63586-2,What was your best estimate of the total income of all family members from all sources  before taxes  in last year [PhenX],15504,/a,text
2025-11-05T10:26:50Z,aa616abe-1761-0c9a-7959-07544679dafd,aa616abe-1761-0c9a-5f03-f65cc81acfe5,survey,76437-3,Primary insurance,I choose not to answer this question,,text
2025-11-05T10:26:50Z,aa616abe-1761-0c9a-7959-07544679dafd,aa616abe-1761-0c9a-5f03-f65cc81acfe5,survey,67875-5,Employment status - current,Full-time work,,text
2025-11-05T10:26:50Z,aa616abe-1761-0c9a-7959-07544679dafd,aa616abe-1761-0c9a-5f03-f65cc81acfe5,survey,82589-3,Highest level of education,High school diploma or GED,,text
2025-11-05T10:26:50Z,aa616abe-1761-0c9a-7959-07544679dafd,aa616abe-1761-0c9a-5f03-f65cc81acfe5,survey,56799-0,Address,997 Grant Row Unit 85,,text
2025-11-05T10:26:50Z,aa616abe-1761-0c9a-7959-07544679dafd,aa616abe-1761-0c9a-5f03-f65cc81acfe5,survey,93033-9,Are you worried about losing your housing [PRAPARE],No,,text
2025-11-05T10:26:50Z,aa616abe-1761-0c9a-7959-07544679dafd,aa616abe-1761-0c9a-5f03-f65cc81acfe5,survey,71802-3,Housing status,I have housing,,text
2025-11-05T10:26:50Z,aa616abe-1761-0c9a-7959-07544679dafd,aa616abe-1761-0c9a-5f03-f65cc81acfe5,survey,63512-8,How many people are living or staying at this address [#],6.0,{#},numeric
2025-11-05T10:26:50Z,aa616abe-1761-0c9a-7959-07544679dafd,aa616abe-1761-0c9a-5f03-f65cc81acfe5,survey,54899-0,Preferred language,English,,text
2025-11-05T10:26:50Z,aa616abe-1761-0c9a-7959-07544679dafd,aa616abe-1761-0c9a-5f03-f65cc81acfe5,survey,93034-7,Discharged from the U.S. Armed Forces,No,,text
2025-11-05T10:26:50Z,aa616abe-1761-0c9a-7959-07544679dafd,aa616abe-1761-0c9a-5f03-f65cc81acfe5,survey,93035-4,Has season or migrant farm work been your or your family's main source of income at any point in past 2 years [PRAPARE],No,,text
2025-11-05T10:26:50Z,aa616abe-1761-0c9a-7959-07544679dafd,aa616abe-1761-0c9a-5f03-f65cc81acfe5,survey,32624-9,Race,White,,text
2025-11-05T10:26:50Z,aa616abe-1761-0c9a-7959-07544679dafd,aa616abe-1761-0c9a-5f03-f65cc81acfe5,survey,56051-6,Hispanic or Latino,No,,text
2025-11-05T10:49:09Z,aa616abe-1761-0c9a-7959-07544679dafd,aa616abe-1761-0c9a-5f03-f65cc81acfe5,survey,59460-6,Fall risk total [Morse Fall Scale],102.0,{#},numeric
2025-11-05T10:49:09Z,aa616abe-1761-0c9a-7959-07544679dafd,aa616abe-1761-0c9a-5f03-f65cc81acfe5,survey,59461-4,Fall risk level [Morse Fall Scale],High Risk (MFS Score 50+),,text
2025-11-05T11:24:32Z,aa616abe-1761-0c9a-7959-07544679dafd,aa616abe-1761-0c9a-5f03-f65cc81acfe5,survey,55758-7,Patient Health Questionnaire 2 item (PHQ-2) total score [Reported],1.0,{score},numeric
2025-11-05T12:01:47Z,aa616abe-1761-0c9a-7959-07544679dafd,aa616abe-1761-0c9a-5f03-f65cc81acfe5,survey,75626-2,Total score [AUDIT-C],1.0,{score},numeric
2025-11-12T09:38:04Z,aa616abe-1761-0c9a-7959-07544679dafd,aa616abe-1761-0c9a-f176-73e9a850b672,laboratory,2345-7,Glucose [Mass/volume] in Serum or Plasma,69.2,mg/dL,numeric
2025-11-12T09:38:04Z,aa616abe-1761-0c9a-7959-07544679dafd,aa616abe-1761-0c9a-f176-73e9a850b672,laboratory,3094-0,Urea nitrogen [Mass/volume] in Serum or Plasma,7.2,mg/dL,numeric
2025-11-12T09:38:04Z,aa616abe-1761-0c9a-7959-07544679dafd,aa616abe-1761-0c9a-f176-73e9a850b672,laboratory,2160-0,Creatinine [Mass/volume] in Serum or Plasma,1.9,mg/dL,numeric
2025-11-12T09:38:04Z,aa616abe-1761-0c9a-7959-07544679dafd,aa616abe-1761-0c9a-f176-73e9a850b672,laboratory,17861-6,Calcium [Mass/volume] in Serum or Plasma,9.1,mg/dL,numeric
2025-11-12T09:38:04Z,aa616abe-1761-0c9a-7959-07544679dafd,aa616abe-1761-0c9a-f176-73e9a850b672,laboratory,2951-2,Sodium [Moles/volume] in Serum or Plasma,138.4,mmol/L,numeric
2025-11-12T09:38:04Z,aa616abe-1761-0c9a-7959-07544679dafd,aa616abe-1761-0c9a-f176-73e9a850b672,laboratory,2823-3,Potassium [Moles/volume] in Serum or Plasma,3.9,mmol/L,numeric
2025-11-12T09:38:04Z,aa616abe-1761-0c9a-7959-07544679dafd,aa616abe-1761-0c9a-f176-73e9a850b672,laboratory,2075-0,Chloride [Moles/volume] in Serum or Plasma,102.8,mmol/L,numeric
2025-11-12T09:38:04Z,aa616abe-1761-0c9a-7959-07544679dafd,aa616abe-1761-0c9a-f176-73e9a850b672,laboratory,2028-9,Carbon dioxide  total [Moles/volume] in Serum or Plasma,25.3,mmol/L,numeric
2025-11-12T09:38:04Z,aa616abe-1761-0c9a-7959-07544679dafd,aa616abe-1761-0c9a-f176-73e9a850b672,laboratory,33914-3,Glomerular filtration rate [Volume Rate/Area] in Serum or Plasma by Creatinine-based formula (MDRD)/1.73 sq M,63.7,mL/min/{1.73_m2},numeric
2025-11-12T09:38:04Z,aa616abe-1761-0c9a-7959-07544679dafd,aa616abe-1761-0c9a-f176-73e9a850b672,laboratory,5767-9,Appearance of Urine,Cloudy urine (finding),{nominal},text
2025-11-12T09:38:04Z,aa616abe-1761-0c9a-7959-07544679dafd,aa616abe-1761-0c9a-f176-73e9a850b672,laboratory,34533-0,Odor of Urine,Urine smell ammoniacal (finding),{nominal},text
2025-11-12T09:38:04Z,aa616abe-1761-0c9a-7959-07544679dafd,aa616abe-1761-0c9a-f176-73e9a850b672,laboratory,32167-9,Clarity of Urine,Translucent (qualifier value),{nominal},text
2025-11-12T09:38:04Z,aa616abe-1761-0c9a-7959-07544679dafd,aa616abe-1761-0c9a-f176-73e9a850b672,laboratory,5778-6,Color of Urine,Brown color (qualifier value),{nominal},text
2025-11-12T09:38:04Z,aa616abe-1761-0c9a-7959-07544679dafd,aa616abe-1761-0c9a-f176-73e9a850b672,laboratory,5792-7,Glucose [Mass/volume] in Urine by Test strip,1.6,mg/dL,numeric
2025-11-12T09:38:04Z,aa616abe-1761-0c9a-7959-07544679dafd,aa616abe-1761-0c9a-f176-73e9a850b672,laboratory,25428-4,Glucose [Presence] in Urine by Test strip,Urine glucose test = ++ (finding),{nominal},text
2025-11-12T09:38:04Z,aa616abe-1761-0c9a-7959-07544679dafd,aa616abe-1761-0c9a-f176-73e9a850b672,laboratory,20505-4,Bilirubin.total [Mass/volume] in Urine by Test strip,0.5,mg/dL,numeric
2025-11-12T09:38:04Z,aa616abe-1761-0c9a-7959-07544679dafd,aa616abe-1761-0c9a-f176-73e9a850b672,laboratory,5770-3,Bilirubin.total [Presence] in Urine by Test strip,Finding of bilirubin in urine (finding),{nominal},text
2025-11-12T09:38:04Z,aa616abe-1761-0c9a-7959-07544679dafd,aa616abe-1761-0c9a-f176-73e9a850b672,laboratory,5797-6,Ketones [Mass/volume] in Urine by Test strip,18.2,mg/dL,numeric
2025-11-12T09:38:04Z,aa616abe-1761-0c9a-7959-07544679dafd,aa616abe-1761-0c9a-f176-73e9a850b672,laboratory,2514-8,Ketones [Presence] in Urine by Test strip,Urine ketone test = + (finding),{nominal},text
2025-11-12T09:38:04Z,aa616abe-1761-0c9a-7959-07544679dafd,aa616abe-1761-0c9a-f176-73e9a850b672,laboratory,5811-5,Specific gravity of Urine by Test strip,1.0,{nominal},numeric
2025-11-12T09:38:04Z,aa616abe-1761-0c9a-7959-07544679dafd,aa616abe-1761-0c9a-f176-73e9a850b672,laboratory,5803-2,pH of Urine by Test strip,7.0,pH,numeric
2025-11-12T09:38:04Z,aa616abe-1761-0c9a-7959-07544679dafd,aa616abe-1761-0c9a-f176-73e9a850b672,laboratory,5804-0,Protein [Mass/volume] in Urine by Test strip,330.6,mg/dL,numeric
2025-11-12T09:38:04Z,aa616abe-1761-0c9a-7959-07544679dafd,aa616abe-1761-0c9a-f176-73e9a850b672,laboratory,20454-5,Protein [Presence] in Urine by Test strip,Urine protein test = ++ (finding),{nominal},text
2025-11-12T09:38:04Z,aa616abe-1761-0c9a-7959-07544679dafd,aa616abe-1761-0c9a-f176-73e9a850b672,laboratory,5802-4,Nitrite [Presence] in Urine by Test strip,Nitrite not detected in urine (finding),{nominal},text
2025-11-12T09:38:04Z,aa616abe-1761-0c9a-7959-07544679dafd,aa616abe-1761-0c9a-f176-73e9a850b672,laboratory,5794-3,Hemoglobin [Presence] in Urine by Test strip,Blood not detected in urine (finding),{nominal},text
2025-11-12T09:38:04Z,aa616abe-1761-0c9a-7959-07544679dafd,aa616abe-1761-0c9a-f176-73e9a850b672,laboratory,5799-2,Leukocyte esterase [Presence] in Urine by Test strip,Urine leukocytes not detected (finding),{nominal},text
2025-11-12T09:38:04Z,aa616abe-1761-0c9a-7959-07544679dafd,aa616abe-1761-0c9a-f176-73e9a850b672,laboratory,4548-4,Hemoglobin A1c/Hemoglobin.total in Blood,5.4,%,numeric
2025-11-27T09:38:04Z,aa616abe-1761-0c9a-7959-07544679dafd,aa616abe-1761-0c9a-c01d-9d55ec0c403e,laboratory,2339-0,Glucose [Mass/volume] in Blood,86.7,mg/dL,numeric
2025-11-27T09:38:04Z,aa616abe-1761-0c9a-7959-07544679dafd,aa616abe-1761-0c9a-c01d-9d55ec0c403e,laboratory,6299-2,Urea nitrogen [Mass/volume] in Blood,9.7,mg/dL,numeric
2025-11-27T09:38:04Z,aa616abe-1761-0c9a-7959-07544679dafd,aa616abe-1761-0c9a-c01d-9d55ec0c403e,laboratory,38483-4,Creatinine [Mass/volume] in Blood,3.3,mg/dL,numeric
2025-11-27T09:38:04Z,aa616abe-1761-0c9a-7959-07544679dafd,aa616abe-1761-0c9a-c01d-9d55ec0c403e,laboratory,49765-1,Calcium [Mass/volume] in Blood,9.4,mg/dL,numeric
2025-11-27T09:38:04Z,aa616abe-1761-0c9a-7959-07544679dafd,aa616abe-1761-0c9a-c01d-9d55ec0c403e,laboratory,2947-0,Sodium [Moles/volume] in Blood,138.3,mmol/L,numeric
2025-11-27T09:38:04Z,aa616abe-1761-0c9a-7959-07544679dafd,aa616abe-1761-0c9a-c01d-9d55ec0c403e,laboratory,6298-4,Potassium [Moles/volume] in Blood,4.7,mmol/L,numeric
2025-11-27T09:38:04Z,aa616abe-1761-0c9a-7959-07544679dafd,aa616abe-1761-0c9a-c01d-9d55ec0c403e,laboratory,2069-3,Chloride [Moles/volume] in Blood,106.5,mmol/L,numeric
2025-11-27T09:38:04Z,aa616abe-1761-0c9a-7959-07544679dafd,aa616abe-1761-0c9a-c01d-9d55ec0c403e,laboratory,20565-8,Carbon dioxide  total [Moles/volume] in Blood,21.2,mmol/L,numeric
2025-11-27T09:38:04Z,aa616abe-1761-0c9a-7959-07544679dafd,aa616abe-1761-0c9a-c01d-9d55ec0c403e,laboratory,33914-3,Glomerular filtration rate [Volume Rate/Area] in Serum or Plasma by Creatinine-based formula (MDRD)/1.73 sq M,76.2,mL/min,numeric
2025-11-27T09:38:04Z,aa616abe-1761-0c9a-7959-07544679dafd,aa616abe-1761-0c9a-c01d-9d55ec0c403e,laboratory,2885-2,Protein [Mass/volume] in Serum or Plasma,7.8,g/dL,numeric
2025-11-27T09:38:04Z,aa616abe-1761-0c9a-7959-07544679dafd,aa616abe-1761-0c9a-c01d-9d55ec0c403e,laboratory,1751-7,Albumin [Mass/volume] in Serum or Plasma,4.1,g/dL,numeric
2025-11-27T09:38:04Z,aa616abe-1761-0c9a-7959-07544679dafd,aa616abe-1761-0c9a-c01d-9d55ec0c403e,laboratory,10834-0,Globulin [Mass/volume] in Serum by calculation,3.1,g/L,numeric
2025-11-27T09:38:04Z,aa616abe-1761-0c9a-7959-07544679dafd,aa616abe-1761-0c9a-c01d-9d55ec0c403e,laboratory,1975-2,Bilirubin.total [Mass/volume] in Serum or Plasma,0.6,mg/dL,numeric
2025-11-27T09:38:04Z,aa616abe-1761-0c9a-7959-07544679dafd,aa616abe-1761-0c9a-c01d-9d55ec0c403e,laboratory,6768-6,Alkaline phosphatase [Enzymatic activity/volume] in Serum or Plasma,136.7,U/L,numeric
2025-11-27T09:38:04Z,aa616abe-1761-0c9a-7959-07544679dafd,aa616abe-1761-0c9a-c01d-9d55ec0c403e,laboratory,1742-6,Alanine aminotransferase [Enzymatic activity/volume] in Serum or Plasma,36.6,U/L,numeric
2025-11-27T09:38:04Z,aa616abe-1761-0c9a-7959-07544679dafd,aa616abe-1761-0c9a-c01d-9d55ec0c403e,laboratory,1920-8,Aspartate aminotransferase [Enzymatic activity/volume] in Serum or Plasma,29.1,U/L,numeric
2025-11-27T09:38:04Z,aa616abe-1761-0c9a-7959-07544679dafd,aa616abe-1761-0c9a-c01d-9d55ec0c403e,laboratory,2093-3,Cholesterol [Mass/volume] in Serum or Plasma,167.9,mg/dL,numeric
2025-11-27T09:38:04Z,aa616abe-1761-0c9a-7959-07544679dafd,aa616abe-1761-0c9a-c01d-9d55ec0c403e,laboratory,2571-8,Triglyceride [Mass/volume] in Serum or Plasma,174.9,mg/dL,numeric
2025-11-27T09:38:04Z,aa616abe-1761-0c9a-7959-07544679dafd,aa616abe-1761-0c9a-c01d-9d55ec0c403e,laboratory,18262-6,Cholesterol in LDL [Mass/volume] in Serum or Plasma by Direct assay,99.3,mg/dL,numeric
2025-11-27T09:38:04Z,aa616abe-1761-0c9a-7959-07544679dafd,aa616abe-1761-0c9a-c01d-9d55ec0c403e,laboratory,2085-9,Cholesterol in HDL [Mass/volume] in Serum or Plasma,66.9,mg/dL,numeric
2025-12-10T09:38:04Z,aa616abe-1761-0c9a-7959-07544679dafd,aa616abe-1761-0c9a-85b6-70d292b7d576,laboratory,2345-7,Glucose [Mass/volume] in Serum or Plasma,73.7,mg/dL,numeric
2025-12-10T09:38:04Z,aa616abe-1761-0c9a-7959-07544679dafd,aa616abe-1761-0c9a-85b6-70d292b7d576,laboratory,3094-0,Urea nitrogen [Mass/volume] in Serum or Plasma,10.2,mg/dL,numeric
2025-12-10T09:38:04Z,aa616abe-1761-0c9a-7959-07544679dafd,aa616abe-1761-0c9a-85b6-70d292b7d576,laboratory,2160-0,Creatinine [Mass/volume] in Serum or Plasma,1.8,mg/dL,numeric
2025-12-10T09:38:04Z,aa616abe-1761-0c9a-7959-07544679dafd,aa616abe-1761-0c9a-85b6-70d292b7d576,laboratory,17861-6,Calcium [Mass/volume] in Serum or Plasma,9.6,mg/dL,numeric
2025-12-10T09:38:04Z,aa616abe-1761-0c9a-7959-07544679dafd,aa616abe-1761-0c9a-85b6-70d292b7d576,laboratory,2951-2,Sodium [Moles/volume] in Serum or Plasma,142.8,mmol/L,numeric
2025-12-10T09:38:04Z,aa616abe-1761-0c9a-7959-07544679dafd,aa616abe-1761-0c9a-85b6-70d292b7d576,laboratory,2823-3,Potassium [Moles/volume] in Serum or Plasma,3.8,mmol/L,numeric
2025-12-10T09:38:04Z,aa616abe-1761-0c9a-7959-07544679dafd,aa616abe-1761-0c9a-85b6-70d292b7d576,laboratory,2075-0,Chloride [Moles/volume] in Serum or Plasma,101.1,mmol/L,numeric
2025-12-10T09:38:04Z,aa616abe-1761-0c9a-7959-07544679dafd,aa616abe-1761-0c9a-85b6-70d292b7d576,laboratory,2028-9,Carbon dioxide  total [Moles/volume] in Serum or Plasma,20.2,mmol/L,numeric
2025-12-10T09:38:04Z,aa616abe-1761-0c9a-7959-07544679dafd,aa616abe-1761-0c9a-85b6-70d292b7d576,laboratory,33914-3,Glomerular filtration rate [Volume Rate/Area] in Serum or Plasma by Creatinine-based formula (MDRD)/1.73 sq M,73.7,mL/min/{1.73_m2},numeric
2025-12-10T09:38:04Z,aa616abe-1761-0c9a-7959-07544679dafd,aa616abe-1761-0c9a-85b6-70d292b7d576,laboratory,5767-9,Appearance of Urine,Cloudy urine (finding),{nominal},text
2025-12-10T09:38:04Z,aa616abe-1761-0c9a-7959-07544679dafd,aa616abe-1761-0c9a-85b6-70d292b7d576,laboratory,34533-0,Odor of Urine,Urine smell ammoniacal (finding),{nominal},text
2025-12-10T09:38:04Z,aa616abe-1761-0c9a-7959-07544679dafd,aa616abe-1761-0c9a-85b6-70d292b7d576,laboratory,32167-9,Clarity of Urine,Translucent (qualifier value),{nominal},text
2025-12-10T09:38:04Z,aa616abe-1761-0c9a-7959-07544679dafd,aa616abe-1761-0c9a-85b6-70d292b7d576,laboratory,5778-6,Color of Urine,Brown color (qualifier value),{nominal},text
2025-12-10T09:38:04Z,aa616abe-1761-0c9a-7959-07544679dafd,aa616abe-1761-0c9a-85b6-70d292b7d576,laboratory,5792-7,Glucose [Mass/volume] in Urine by Test strip,1.5,mg/dL,numeric
2025-12-10T09:38:04Z,aa616abe-1761-0c9a-7959-07544679dafd,aa616abe-1761-0c9a-85b6-70d292b7d576,laboratory,25428-4,Glucose [Presence] in Urine by Test strip,Urine glucose test = ++ (finding),{nominal},text
2025-12-10T09:38:04Z,aa616abe-1761-0c9a-7959-07544679dafd,aa616abe-1761-0c9a-85b6-70d292b7d576,laboratory,20505-4,Bilirubin.total [Mass/volume] in Urine by Test strip,0.8,mg/dL,numeric
2025-12-10T09:38:04Z,aa616abe-1761-0c9a-7959-07544679dafd,aa616abe-1761-0c9a-85b6-70d292b7d576,laboratory,5770-3,Bilirubin.total [Presence] in Urine by Test strip,Finding of bilirubin in urine (finding),{nominal},text
2025-12-10T09:38:04Z,aa616abe-1761-0c9a-7959-07544679dafd,aa616abe-1761-0c9a-85b6-70d292b7d576,laboratory,5797-6,Ketones [Mass/volume] in Urine by Test strip,18.3,mg/dL,numeric
2025-12-10T09:38:04Z,aa616abe-1761-0c9a-7959-07544679dafd,aa616abe-1761-0c9a-85b6-70d292b7d576,laboratory,2514-8,Ketones [Presence] in Urine by Test strip,Urine ketone test = + (finding),{nominal},text
2025-12-10T09:38:04Z,aa616abe-1761-0c9a-7959-07544679dafd,aa616abe-1761-0c9a-85b6-70d292b7d576,laboratory,5811-5,Specific gravity of Urine by Test strip,1.0,{nominal},numeric
2025-12-10T09:38:04Z,aa616abe-1761-0c9a-7959-07544679dafd,aa616abe-1761-0c9a-85b6-70d292b7d576,laboratory,5803-2,pH of Urine by Test strip,6.4,pH,numeric
2025-12-10T09:38:04Z,aa616abe-1761-0c9a-7959-07544679dafd,aa616abe-1761-0c9a-85b6-70d292b7d576,laboratory,5804-0,Protein [Mass/volume] in Urine by Test strip,325.9,mg/dL,numeric
2025-12-10T09:38:04Z,aa616abe-1761-0c9a-7959-07544679dafd,aa616abe-1761-0c9a-85b6-70d292b7d576,laboratory,20454-5,Protein [Presence] in Urine by Test strip,Urine protein test = ++ (finding),{nominal},text
2025-12-10T09:38:04Z,aa616abe-1761-0c9a-7959-07544679dafd,aa616abe-1761-0c9a-85b6-70d292b7d576,laboratory,5802-4,Nitrite [Presence] in Urine by Test strip,Nitrite not detected in urine (finding),{nominal},text
2025-12-10T09:38:04Z,aa616abe-1761-0c9a-7959-07544679dafd,aa616abe-1761-0c9a-85b6-70d292b7d576,laboratory,5794-3,Hemoglobin [Presence] in Urine by Test strip,Blood not detected in urine (finding),{nominal},text
2025-12-10T09:38:04Z,aa616abe-1761-0c9a-7959-07544679dafd,aa616abe-1761-0c9a-85b6-70d292b7d576,laboratory,5799-2,Leukocyte esterase [Presence] in Urine by Test strip,Urine leukocytes not detected (finding),{nominal},text
2025-12-10T09:38:04Z,aa616abe-1761-0c9a-7959-07544679dafd,aa616abe-1761-0c9a-85b6-70d292b7d576,laboratory,4548-4,Hemoglobin A1c/Hemoglobin.total in Blood,5.4,%,numeric
2025-12-10T09:38:04Z,aa616abe-1761-0c9a-7959-07544679dafd,aa616abe-1761-0c9a-85b6-70d292b7d576,vital-signs,8302-2,Body Height,164.6,cm,numeric
2025-12-10T09:38:04Z,aa616abe-1761-0c9a-7959-07544679dafd,aa616abe-1761-0c9a-85b6-70d292b7d576,vital-signs,72514-3,Pain severity - 0-10 verbal numeric rating [Score] - Reported,1.0,{score},numeric
2025-12-10T09:38:04Z,aa616abe-1761-0c9a-7959-07544679dafd,aa616abe-1761-0c9a-85b6-70d292b7d576,vital-signs,29463-7,Body Weight,75.2,kg,numeric
2025-12-10T09:38:04Z,aa616abe-1761-0c9a-7959-07544679dafd,aa616abe-1761-0c9a-85b6-70d292b7d576,vital-signs,39156-5,Body mass index (BMI) [Ratio],27.8,kg/m2,numeric
2025-12-10T09:38:04Z,aa616abe-1761-0c9a-7959-07544679dafd,aa616abe-1761-0c9a-85b6-70d292b7d576,vital-signs,8462-4,Diastolic Blood Pressure,73.0,mm[Hg],numeric
2025-12-10T09:38:04Z,aa616abe-1761-0c9a-7959-07544679dafd,aa616abe-1761-0c9a-85b6-70d292b7d576,vital-signs,8480-6,Systolic Blood Pressure,99.0,mm[Hg],numeric
2025-12-10T09:38:04Z,aa616abe-1761-0c9a-7959-07544679dafd,aa616abe-1761-0c9a-85b6-70d292b7d576,vital-signs,8867-4,Heart rate,73.0,/min,numeric
2025-12-10T09:38:04Z,aa616abe-1761-0c9a-7959-07544679dafd,aa616abe-1761-0c9a-85b6-70d292b7d576,vital-signs,9279-1,Respiratory rate,13.0,/min,numeric
2025-12-10T09:38:04Z,aa616abe-1761-0c9a-7959-07544679dafd,aa616abe-1761-0c9a-85b6-70d292b7d576,laboratory,2339-0,Glucose [Mass/volume] in Blood,73.7,mg/dL,numeric
2025-12-10T09:38:04Z,aa616abe-1761-0c9a-7959-07544679dafd,aa616abe-1761-0c9a-85b6-70d292b7d576,laboratory,6299-2,Urea nitrogen [Mass/volume] in Blood,10.2,mg/dL,numeric
2025-12-10T09:38:04Z,aa616abe-1761-0c9a-7959-07544679dafd,aa616abe-1761-0c9a-85b6-70d292b7d576,laboratory,38483-4,Creatinine [Mass/volume] in Blood,1.2,mg/dL,numeric
2025-12-10T09:38:04Z,aa616abe-1761-0c9a-7959-07544679dafd,aa616abe-1761-0c9a-85b6-70d292b7d576,laboratory,49765-1,Calcium [Mass/volume] in Blood,9.6,mg/dL,numeric
2025-12-10T09:38:04Z,aa616abe-1761-0c9a-7959-07544679dafd,aa616abe-1761-0c9a-85b6-70d292b7d576,laboratory,2947-0,Sodium [Moles/volume] in Blood,142.8,mmol/L,numeric
2025-12-10T09:38:04Z,aa616abe-1761-0c9a-7959-07544679dafd,aa616abe-1761-0c9a-85b6-70d292b7d576,laboratory,6298-4,Potassium [Moles/volume] in Blood,3.8,mmol/L,numeric
2025-12-10T09:38:04Z,aa616abe-1761-0c9a-7959-07544679dafd,aa616abe-1761-0c9a-85b6-70d292b7d576,laboratory,2069-3,Chloride [Moles/volume] in Blood,101.1,mmol/L,numeric
2025-12-10T09:38:04Z,aa616abe-1761-0c9a-7959-07544679dafd,aa616abe-1761-0c9a-85b6-70d292b7d576,laboratory,20565-8,Carbon dioxide  total [Moles/volume] in Blood,20.2,mmol/L,numeric
2025-12-10T09:38:04Z,aa616abe-1761-0c9a-7959-07544679dafd,aa616abe-1761-0c9a-85b6-70d292b7d576,laboratory,2093-3,Cholesterol [Mass/volume] in Serum or Plasma,125.6,mg/dL,numeric
2025-12-10T09:38:04Z,aa616abe-1761-0c9a-7959-07544679dafd,aa616abe-1761-0c9a-85b6-70d292b7d576,laboratory,2571-8,Triglyceride [Mass/volume] in Serum or Plasma,103.6,mg/dL,numeric
2025-12-10T09:38:04Z,aa616abe-1761-0c9a-7959-07544679dafd,aa616abe-1761-0c9a-85b6-70d292b7d576,laboratory,18262-6,Cholesterol in LDL [Mass/volume] in Serum or Plasma by Direct assay,59.5,mg/dL,numeric
2025-12-10T09:38:04Z,aa616abe-1761-0c9a-7959-07544679dafd,aa616abe-1761-0c9a-85b6-70d292b7d576,laboratory,2085-9,Cholesterol in HDL [Mass/volume] in Serum or Plasma,45.4,mg/dL,numeric
2025-12-10T09:38:04Z,aa616abe-1761-0c9a-7959-07544679dafd,aa616abe-1761-0c9a-85b6-70d292b7d576,laboratory,14959-1,Microalbumin/Creatinine [Mass Ratio] in Urine,27.2,mg/g,numeric
2025-12-10T09:38:04Z,aa616abe-1761-0c9a-7959-07544679dafd,aa616abe-1761-0c9a-85b6-70d292b7d576,laboratory,33914-3,Glomerular filtration rate [Volume Rate/Area] in Serum or Plasma by Creatinine-based formula (MDRD)/1.73 sq M,50.2,mL/min/{1.73_m2},numeric
2025-12-10T09:38:04Z,aa616abe-1761-0c9a-7959-07544679dafd,aa616abe-1761-0c9a-85b6-70d292b7d576,social-history,72166-2,Tobacco smoking status,Never smoked tobacco (finding),,text
2025-12-10T10:24:10Z,aa616abe-1761-0c9a-7959-07544679dafd,aa616abe-1761-0c9a-85b6-70d292b7d576,survey,76501-6,Within the last year  have you been afraid of your partner or ex-partner,No,,text
2025-12-10T10:24:10Z,aa616abe-1761-0c9a-7959-07544679dafd,aa616abe-1761-0c9a-85b6-70d292b7d576,survey,93026-3,Do you feel physically and emotionally safe where you currently live [PRAPARE],Yes,,text
2025-12-10T10:24:10Z,aa616abe-1761-0c9a-7959-07544679dafd,aa616abe-1761-0c9a-85b6-70d292b7d576,survey,93027-1,Are you a refugee,No,,text
2025-12-10T10:24:10Z,aa616abe-1761-0c9a-7959-07544679dafd,aa616abe-1761-0c9a-85b6-70d292b7d576,survey,93028-9,Have you spent more than 2 nights in a row in a jail  prison  detention center  or juvenile correctional facility in past 1 year [PRAPARE],Yes,,text
2025-12-10T10:24:10Z,aa616abe-1761-0c9a-7959-07544679dafd,aa616abe-1761-0c9a-85b6-70d292b7d576,survey,93038-8,Stress level,Not at all,,text
2025-12-10T10:24:10Z,aa616abe-1761-0c9a-7959-07544679dafd,aa616abe-1761-0c9a-85b6-70d292b7d576,survey,93029-7,How often do you see or talk to people that you care about and feel close to [PRAPARE],3 to 5 times a week,,text
2025-12-10T10:24:10Z,aa616abe-1761-0c9a-7959-07544679dafd,aa616abe-1761-0c9a-85b6-70d292b7d576,survey,93030-5,Has lack of transportation kept you from medical appointments  meetings  work  or from getting things needed for daily living,No,,text
2025-12-10T10:24:10Z,aa616abe-1761-0c9a-7959-07544679dafd,aa616abe-1761-0c9a-85b6-70d292b7d576,survey,93031-3,Have you or any family members you live with been unable to get any of the following when it was really needed in past 1 year [PRAPARE],Food,,text
2025-12-10T10:24:10Z,aa616abe-1761-0c9a-7959-07544679dafd,aa616abe-1761-0c9a-85b6-70d292b7d576,survey,63586-2,What was your best estimate of the total income of all family members from all sources  before taxes  in last year [PhenX],15504,/a,text
2025-12-10T10:24:10Z,aa616abe-1761-0c9a-7959-07544679dafd,aa616abe-1761-0c9a-85b6-70d292b7d576,survey,76437-3,Primary insurance,I choose not to answer this question,,text
2025-12-10T10:24:10Z,aa616abe-1761-0c9a-7959-07544679dafd,aa616abe-1761-0c9a-85b6-70d292b7d576,survey,67875-5,Employment status - current,Full-time work,,text
2025-12-10T10:24:10Z,aa616abe-1761-0c9a-7959-07544679dafd,aa616abe-1761-0c9a-85b6-70d292b7d576,survey,82589-3,Highest level of education,High school diploma or GED,,text
2025-12-10T10:24:10Z,aa616abe-1761-0c9a-7959-07544679dafd,aa616abe-1761-0c9a-85b6-70d292b7d576,survey,56799-0,Address,997 Grant Row Unit 85,,text
2025-12-10T10:24:10Z,aa616abe-1761-0c9a-7959-07544679dafd,aa616abe-1761-0c9a-85b6-70d292b7d576,survey,93033-9,Are you worried about losing your housing [PRAPARE],No,,text
2025-12-10T10:24:10Z,aa616abe-1761-0c9a-7959-07544679dafd,aa616abe-1761-0c9a-85b6-70d292b7d576,survey,71802-3,Housing status,I have housing,,text
2025-12-10T10:24:10Z,aa616abe-1761-0c9a-7959-07544679dafd,aa616abe-1761-0c9a-85b6-70d292b7d576,survey,63512-8,How many people are living or staying at this address [#],6.0,{#},numeric
2025-12-10T10:24:10Z,aa616abe-1761-0c9a-7959-07544679dafd,aa616abe-1761-0c9a-85b6-70d292b7d576,survey,54899-0,Preferred language,English,,text
2025-12-10T10:24:10Z,aa616abe-1761-0c9a-7959-07544679dafd,aa616abe-1761-0c9a-85b6-70d292b7d576,survey,93034-7,Discharged from the U.S. Armed Forces,No,,text
2025-12-10T10:24:10Z,aa616abe-1761-0c9a-7959-07544679dafd,aa616abe-1761-0c9a-85b6-70d292b7d576,survey,93035-4,Has season or migrant farm work been your or your family's main source of income at any point in past 2 years [PRAPARE],No,,text
2025-12-10T10:24:10Z,aa616abe-1761-0c9a-7959-07544679dafd,aa616abe-1761-0c9a-85b6-70d292b7d576,survey,32624-9,Race,White,,text
2025-12-10T10:24:10Z,aa616abe-1761-0c9a-7959-07544679dafd,aa616abe-1761-0c9a-85b6-70d292b7d576,survey,56051-6,Hispanic or Latino,No,,text
2025-12-10T10:59:27Z,aa616abe-1761-0c9a-7959-07544679dafd,aa616abe-1761-0c9a-85b6-70d292b7d576,survey,55758-7,Patient Health Questionnaire 2 item (PHQ-2) total score [Reported],1.0,{score},numeric
2025-12-10T11:33:05Z,aa616abe-1761-0c9a-7959-07544679dafd,aa616abe-1761-0c9a-85b6-70d292b7d576,survey,82667-7,Total score [DAST-10],1.0,{score},numeric
2025-12-17T09:38:04Z,aa616abe-1761-0c9a-7959-07544679dafd,aa616abe-1761-0c9a-df59-4d29b693ffc3,laboratory,2345-7,Glucose [Mass/volume] in Serum or Plasma,64.1,mg/dL,numeric
2025-12-17T09:38:04Z,aa616abe-1761-0c9a-7959-07544679dafd,aa616abe-1761-0c9a-df59-4d29b693ffc3,laboratory,3094-0,Urea nitrogen [Mass/volume] in Serum or Plasma,15.6,mg/dL,numeric
2025-12-17T09:38:04Z,aa616abe-1761-0c9a-7959-07544679dafd,aa616abe-1761-0c9a-df59-4d29b693ffc3,laboratory,2160-0,Creatinine [Mass/volume] in Serum or Plasma,1.8,mg/dL,numeric
2025-12-17T09:38:04Z,aa616abe-1761-0c9a-7959-07544679dafd,aa616abe-1761-0c9a-df59-4d29b693ffc3,laboratory,17861-6,Calcium [Mass/volume] in Serum or Plasma,8.7,mg/dL,numeric
2025-12-17T09:38:04Z,aa616abe-1761-0c9a-7959-07544679dafd,aa616abe-1761-0c9a-df59-4d29b693ffc3,laboratory,2951-2,Sodium [Moles/volume] in Serum or Plasma,136.3,mmol/L,numeric
2025-12-17T09:38:04Z,aa616abe-1761-0c9a-7959-07544679dafd,aa616abe-1761-0c9a-df59-4d29b693ffc3,laboratory,2823-3,Potassium [Moles/volume] in Serum or Plasma,4.0,mmol/L,numeric
2025-12-17T09:38:04Z,aa616abe-1761-0c9a-7959-07544679dafd,aa616abe-1761-0c9a-df59-4d29b693ffc3,laboratory,2075-0,Chloride [Moles/volume] in Serum or Plasma,107.9,mmol/L,numeric
2025-12-17T09:38:04Z,aa616abe-1761-0c9a-7959-07544679dafd,aa616abe-1761-0c9a-df59-4d29b693ffc3,laboratory,2028-9,Carbon dioxide  total [Moles/volume] in Serum or Plasma,25.8,mmol/L,numeric
2025-12-17T09:38:04Z,aa616abe-1761-0c9a-7959-07544679dafd,aa616abe-1761-0c9a-df59-4d29b693ffc3,laboratory,33914-3,Glomerular filtration rate [Volume Rate/Area] in Serum or Plasma by Creatinine-based formula (MDRD)/1.73 sq M,67.6,mL/min/{1.73_m2},numeric
2025-12-17T09:38:04Z,aa616abe-1761-0c9a-7959-07544679dafd,aa616abe-1761-0c9a-df59-4d29b693ffc3,laboratory,5767-9,Appearance of Urine,Cloudy urine (finding),{nominal},text
2025-12-17T09:38:04Z,aa616abe-1761-0c9a-7959-07544679dafd,aa616abe-1761-0c9a-df59-4d29b693ffc3,laboratory,34533-0,Odor of Urine,Urine smell ammoniacal (finding),{nominal},text
2025-12-17T09:38:04Z,aa616abe-1761-0c9a-7959-07544679dafd,aa616abe-1761-0c9a-df59-4d29b693ffc3,laboratory,32167-9,Clarity of Urine,Translucent (qualifier value),{nominal},text
2025-12-17T09:38:04Z,aa616abe-1761-0c9a-7959-07544679dafd,aa616abe-1761-0c9a-df59-4d29b693ffc3,laboratory,5778-6,Color of Urine,Brown color (qualifier value),{nominal},text
2025-12-17T09:38:04Z,aa616abe-1761-0c9a-7959-07544679dafd,aa616abe-1761-0c9a-df59-4d29b693ffc3,laboratory,5792-7,Glucose [Mass/volume] in Urine by Test strip,1.1,mg/dL,numeric
2025-12-17T09:38:04Z,aa616abe-1761-0c9a-7959-07544679dafd,aa616abe-1761-0c9a-df59-4d29b693ffc3,laboratory,25428-4,Glucose [Presence] in Urine by Test strip,Urine glucose test = ++ (finding),{nominal},text
2025-12-17T09:38:04Z,aa616abe-1761-0c9a-7959-07544679dafd,aa616abe-1761-0c9a-df59-4d29b693ffc3,laboratory,20505-4,Bilirubin.total [Mass/volume] in Urine by Test strip,0.3,mg/dL,numeric
2025-12-17T09:38:04Z,aa616abe-1761-0c9a-7959-07544679dafd,aa616abe-1761-0c9a-df59-4d29b693ffc3,laboratory,5770-3,Bilirubin.total [Presence] in Urine by Test strip,Finding of bilirubin in urine (finding),{nominal},text
2025-12-17T09:38:04Z,aa616abe-1761-0c9a-7959-07544679dafd,aa616abe-1761-0c9a-df59-4d29b693ffc3,laboratory,5797-6,Ketones [Mass/volume] in Urine by Test strip,7.9,mg/dL,numeric
2025-12-17T09:38:04Z,aa616abe-1761-0c9a-7959-07544679dafd,aa616abe-1761-0c9a-df59-4d29b693ffc3,laboratory,2514-8,Ketones [Presence] in Urine by Test strip,Urine ketone test = + (finding),{nominal},text
2025-12-17T09:38:04Z,aa616abe-1761-0c9a-7959-07544679dafd,aa616abe-1761-0c9a-df59-4d29b693ffc3,laboratory,5811-5,Specific gravity of Urine by Test strip,1.0,{nominal},numeric
2025-12-17T09:38:04Z,aa616abe-1761-0c9a-7959-07544679dafd,aa616abe-1761-0c9a-df59-4d29b693ffc3,laboratory,5803-2,pH of Urine by Test strip,6.5,pH,numeric
2025-12-17T09:38:04Z,aa616abe-1761-0c9a-7959-07544679dafd,aa616abe-1761-0c9a-df59-4d29b693ffc3,laboratory,5804-0,Protein [Mass/volume] in Urine by Test strip,236.9,mg/dL,numeric
2025-12-17T09:38:04Z,aa616abe-1761-0c9a-7959-07544679dafd,aa616abe-1761-0c9a-df59-4d29b693ffc3,laboratory,20454-5,Protein [Presence] in Urine by Test strip,Urine protein test = ++ (finding),{nominal},text
2025-12-17T09:38:04Z,aa616abe-1761-0c9a-7959-07544679dafd,aa616abe-1761-0c9a-df59-4d29b693ffc3,laboratory,5802-4,Nitrite [Presence] in Urine by Test strip,Nitrite not detected in urine (finding),{nominal},text
2025-12-17T09:38:04Z,aa616abe-1761-0c9a-7959-07544679dafd,aa616abe-1761-0c9a-df59-4d29b693ffc3,laboratory,5794-3,Hemoglobin [Presence] in Urine by Test strip,Blood not detected in urine (finding),{nominal},text
2025-12-17T09:38:04Z,aa616abe-1761-0c9a-7959-07544679dafd,aa616abe-1761-0c9a-df59-4d29b693ffc3,laboratory,5799-2,Leukocyte esterase [Presence] in Urine by Test strip,Urine leukocytes not detected (finding),{nominal},text
2025-12-17T09:38:04Z,aa616abe-1761-0c9a-7959-07544679dafd,aa616abe-1761-0c9a-df59-4d29b693ffc3,laboratory,4548-4,Hemoglobin A1c/Hemoglobin.total in Blood,5.4,%,numeric
2025-12-24T09:38:04Z,aa616abe-1761-0c9a-7959-07544679dafd,aa616abe-1761-0c9a-28fe-ea78605583e1,laboratory,2345-7,Glucose [Mass/volume] in Serum or Plasma,91.4,mg/dL,numeric
2025-12-24T09:38:04Z,aa616abe-1761-0c9a-7959-07544679dafd,aa616abe-1761-0c9a-28fe-ea78605583e1,laboratory,3094-0,Urea nitrogen [Mass/volume] in Serum or Plasma,18.0,mg/dL,numeric
2025-12-24T09:38:04Z,aa616abe-1761-0c9a-7959-07544679dafd,aa616abe-1761-0c9a-28fe-ea78605583e1,laboratory,2160-0,Creatinine [Mass/volume] in Serum or Plasma,1.8,mg/dL,numeric
2025-12-24T09:38:04Z,aa616abe-1761-0c9a-7959-07544679dafd,aa616abe-1761-0c9a-28fe-ea78605583e1,laboratory,17861-6,Calcium [Mass/volume] in Serum or Plasma,9.2,mg/dL,numeric
2025-12-24T09:38:04Z,aa616abe-1761-0c9a-7959-07544679dafd,aa616abe-1761-0c9a-28fe-ea78605583e1,laboratory,2951-2,Sodium [Moles/volume] in Serum or Plasma,137.9,mmol/L,numeric
2025-12-24T09:38:04Z,aa616abe-1761-0c9a-7959-07544679dafd,aa616abe-1761-0c9a-28fe-ea78605583e1,laboratory,2823-3,Potassium [Moles/volume] in Serum or Plasma,4.6,mmol/L,numeric
2025-12-24T09:38:04Z,aa616abe-1761-0c9a-7959-07544679dafd,aa616abe-1761-0c9a-28fe-ea78605583e1,laboratory,2075-0,Chloride [Moles/volume] in Serum or Plasma,106.8,mmol/L,numeric
2025-12-24T09:38:04Z,aa616abe-1761-0c9a-7959-07544679dafd,aa616abe-1761-0c9a-28fe-ea78605583e1,laboratory,2028-9,Carbon dioxide  total [Moles/volume] in Serum or Plasma,20.6,mmol/L,numeric
2025-12-24T09:38:04Z,aa616abe-1761-0c9a-7959-07544679dafd,aa616abe-1761-0c9a-28fe-ea78605583e1,laboratory,33914-3,Glomerular filtration rate [Volume Rate/Area] in Serum or Plasma by Creatinine-based formula (MDRD)/1.73 sq M,75.3,mL/min/{1.73_m2},numeric
2025-12-24T09:38:04Z,aa616abe-1761-0c9a-7959-07544679dafd,aa616abe-1761-0c9a-28fe-ea78605583e1,laboratory,5767-9,Appearance of Urine,Cloudy urine (finding),{nominal},text
2025-12-24T09:38:04Z,aa616abe-1761-0c9a-7959-07544679dafd,aa616abe-1761-0c9a-28fe-ea78605583e1,laboratory,34533-0,Odor of Urine,Urine smell ammoniacal (finding),{nominal},text
2025-12-24T09:38:04Z,aa616abe-1761-0c9a-7959-07544679dafd,aa616abe-1761-0c9a-28fe-ea78605583e1,laboratory,32167-9,Clarity of Urine,Translucent (qualifier value),{nominal},text
2025-12-24T09:38:04Z,aa616abe-1761-0c9a-7959-07544679dafd,aa616abe-1761-0c9a-28fe-ea78605583e1,laboratory,5778-6,Color of Urine,Brown color (qualifier value),{nominal},text
2025-12-24T09:38:04Z,aa616abe-1761-0c9a-7959-07544679dafd,aa616abe-1761-0c9a-28fe-ea78605583e1,laboratory,5792-7,Glucose [Mass/volume] in Urine by Test strip,1.5,mg/dL,numeric
2025-12-24T09:38:04Z,aa616abe-1761-0c9a-7959-07544679dafd,aa616abe-1761-0c9a-28fe-ea78605583e1,laboratory,25428-4,Glucose [Presence] in Urine by Test strip,Urine glucose test = ++ (finding),{nominal},text
2025-12-24T09:38:04Z,aa616abe-1761-0c9a-7959-07544679dafd,aa616abe-1761-0c9a-28fe-ea78605583e1,laboratory,20505-4,Bilirubin.total [Mass/volume] in Urine by Test strip,0.2,mg/dL,numeric
2025-12-24T09:38:04Z,aa616abe-1761-0c9a-7959-07544679dafd,aa616abe-1761-0c9a-28fe-ea78605583e1,laboratory,5770-3,Bilirubin.total [Presence] in Urine by Test strip,Finding of bilirubin in urine (finding),{nominal},text
2025-12-24T09:38:04Z,aa616abe-1761-0c9a-7959-07544679dafd,aa616abe-1761-0c9a-28fe-ea78605583e1,laboratory,5797-6,Ketones [Mass/volume] in Urine by Test strip,0.6,mg/dL,numeric
2025-12-24T09:38:04Z,aa616abe-1761-0c9a-7959-07544679dafd,aa616abe-1761-0c9a-28fe-ea78605583e1,laboratory,2514-8,Ketones [Presence] in Urine by Test strip,Urine ketone test = + (finding),{nominal},text
2025-12-24T09:38:04Z,aa616abe-1761-0c9a-7959-07544679dafd,aa616abe-1761-0c9a-28fe-ea78605583e1,laboratory,5811-5,Specific gravity of Urine by Test strip,1.0,{nominal},numeric
2025-12-24T09:38:04Z,aa616abe-1761-0c9a-7959-07544679dafd,aa616abe-1761-0c9a-28fe-ea78605583e1,laboratory,5803-2,pH of Urine by Test strip,6.9,pH,numeric
2025-12-24T09:38:04Z,aa616abe-1761-0c9a-7959-07544679dafd,aa616abe-1761-0c9a-28fe-ea78605583e1,laboratory,5804-0,Protein [Mass/volume] in Urine by Test strip,342.9,mg/dL,numeric
2025-12-24T09:38:04Z,aa616abe-1761-0c9a-7959-07544679dafd,aa616abe-1761-0c9a-28fe-ea78605583e1,laboratory,20454-5,Protein [Presence] in Urine by Test strip,Urine protein test = ++ (finding),{nominal},text
2025-12-24T09:38:04Z,aa616abe-1761-0c9a-7959-07544679dafd,aa616abe-1761-0c9a-28fe-ea78605583e1,laboratory,5802-4,Nitrite [Presence] in Urine by Test strip,Nitrite not detected in urine (finding),{nominal},text
2025-12-24T09:38:04Z,aa616abe-1761-0c9a-7959-07544679dafd,aa616abe-1761-0c9a-28fe-ea78605583e1,laboratory,5794-3,Hemoglobin [Presence] in Urine by Test strip,Blood not detected in urine (finding),{nominal},text
2025-12-24T09:38:04Z,aa616abe-1761-0c9a-7959-07544679dafd,aa616abe-1761-0c9a-28fe-ea78605583e1,laboratory,5799-2,Leukocyte esterase [Presence] in Urine by Test strip,Urine leukocytes not detected (finding),{nominal},text
2025-12-24T09:38:04Z,aa616abe-1761-0c9a-7959-07544679dafd,aa616abe-1761-0c9a-28fe-ea78605583e1,laboratory,4548-4,Hemoglobin A1c/Hemoglobin.total in Blood,5.4,%,numeric
2025-12-24T09:38:04Z,aa616abe-1761-0c9a-7959-07544679dafd,aa616abe-1761-0c9a-28fe-ea78605583e1,vital-signs,8302-2,Body Height,164.6,cm,numeric
2025-12-24T09:38:04Z,aa616abe-1761-0c9a-7959-07544679dafd,aa616abe-1761-0c9a-28fe-ea78605583e1,vital-signs,72514-3,Pain severity - 0-10 verbal numeric rating [Score] - Reported,1.0,{score},numeric
2025-12-24T09:38:04Z,aa616abe-1761-0c9a-7959-07544679dafd,aa616abe-1761-0c9a-28fe-ea78605583e1,vital-signs,29463-7,Body Weight,75.2,kg,numeric
2025-12-24T09:38:04Z,aa616abe-1761-0c9a-7959-07544679dafd,aa616abe-1761-0c9a-28fe-ea78605583e1,vital-signs,39156-5,Body mass index (BMI) [Ratio],27.8,kg/m2,numeric
2025-12-24T09:38:04Z,aa616abe-1761-0c9a-7959-07544679dafd,aa616abe-1761-0c9a-28fe-ea78605583e1,vital-signs,8462-4,Diastolic Blood Pressure,82.0,mm[Hg],numeric
2025-12-24T09:38:04Z,aa616abe-1761-0c9a-7959-07544679dafd,aa616abe-1761-0c9a-28fe-ea78605583e1,vital-signs,8480-6,Systolic Blood Pressure,101.0,mm[Hg],numeric
2025-12-24T09:38:04Z,aa616abe-1761-0c9a-7959-07544679dafd,aa616abe-1761-0c9a-28fe-ea78605583e1,vital-signs,8867-4,Heart rate,73.0,/min,numeric
2025-12-24T09:38:04Z,aa616abe-1761-0c9a-7959-07544679dafd,aa616abe-1761-0c9a-28fe-ea78605583e1,vital-signs,9279-1,Respiratory rate,13.0,/min,numeric
2025-12-24T09:38:04Z,aa616abe-1761-0c9a-7959-07544679dafd,aa616abe-1761-0c9a-28fe-ea78605583e1,laboratory,2339-0,Glucose [Mass/volume] in Blood,91.4,mg/dL,numeric
2025-12-24T09:38:04Z,aa616abe-1761-0c9a-7959-07544679dafd,aa616abe-1761-0c9a-28fe-ea78605583e1,laboratory,6299-2,Urea nitrogen [Mass/volume] in Blood,18.0,mg/dL,numeric
2025-12-24T09:38:04Z,aa616abe-1761-0c9a-7959-07544679dafd,aa616abe-1761-0c9a-28fe-ea78605583e1,laboratory,38483-4,Creatinine [Mass/volume] in Blood,1.0,mg/dL,numeric
2025-12-24T09:38:04Z,aa616abe-1761-0c9a-7959-07544679dafd,aa616abe-1761-0c9a-28fe-ea78605583e1,laboratory,49765-1,Calcium [Mass/volume] in Blood,9.2,mg/dL,numeric
2025-12-24T09:38:04Z,aa616abe-1761-0c9a-7959-07544679dafd,aa616abe-1761-0c9a-28fe-ea78605583e1,laboratory,2947-0,Sodium [Moles/volume] in Blood,137.9,mmol/L,numeric
2025-12-24T09:38:04Z,aa616abe-1761-0c9a-7959-07544679dafd,aa616abe-1761-0c9a-28fe-ea78605583e1,laboratory,6298-4,Potassium [Moles/volume] in Blood,4.6,mmol/L,numeric
2025-12-24T09:38:04Z,aa616abe-1761-0c9a-7959-07544679dafd,aa616abe-1761-0c9a-28fe-ea78605583e1,laboratory,2069-3,Chloride [Moles/volume] in Blood,106.8,mmol/L,numeric
2025-12-24T09:38:04Z,aa616abe-1761-0c9a-7959-07544679dafd,aa616abe-1761-0c9a-28fe-ea78605583e1,laboratory,20565-8,Carbon dioxide  total [Moles/volume] in Blood,20.6,mmol/L,numeric
2025-12-24T09:38:04Z,aa616abe-1761-0c9a-7959-07544679dafd,aa616abe-1761-0c9a-28fe-ea78605583e1,laboratory,2093-3,Cholesterol [Mass/volume] in Serum or Plasma,198.2,mg/dL,numeric
2025-12-24T09:38:04Z,aa616abe-1761-0c9a-7959-07544679dafd,aa616abe-1761-0c9a-28fe-ea78605583e1,laboratory,2571-8,Triglyceride [Mass/volume] in Serum or Plasma,123.9,mg/dL,numeric
2025-12-24T09:38:04Z,aa616abe-1761-0c9a-7959-07544679dafd,aa616abe-1761-0c9a-28fe-ea78605583e1,laboratory,18262-6,Cholesterol in LDL [Mass/volume] in Serum or Plasma by Direct assay,116.1,mg/dL,numeric
2025-12-24T09:38:04Z,aa616abe-1761-0c9a-7959-07544679dafd,aa616abe-1761-0c9a-28fe-ea78605583e1,laboratory,2085-9,Cholesterol in HDL [Mass/volume] in Serum or Plasma,57.4,mg/dL,numeric
2025-12-24T09:38:04Z,aa616abe-1761-0c9a-7959-07544679dafd,aa616abe-1761-0c9a-28fe-ea78605583e1,laboratory,14959-1,Microalbumin/Creatinine [Mass Ratio] in Urine,23.8,mg/g,numeric
2025-12-24T09:38:04Z,aa616abe-1761-0c9a-7959-07544679dafd,aa616abe-1761-0c9a-28fe-ea78605583e1,laboratory,33914-3,Glomerular filtration rate [Volume Rate/Area] in Serum or Plasma by Creatinine-based formula (MDRD)/1.73 sq M,56.1,mL/min/{1.73_m2},numeric
2025-12-24T09:38:04Z,aa616abe-1761-0c9a-7959-07544679dafd,aa616abe-1761-0c9a-28fe-ea78605583e1,social-history,72166-2,Tobacco smoking status,Never smoked tobacco (finding),,text
2025-12-24T10:21:49Z,aa616abe-1761-0c9a-7959-07544679dafd,aa616abe-1761-0c9a-28fe-ea78605583e1,survey,76501-6,Within the last year  have you been afraid of your partner or ex-partner,No,,text
2025-12-24T10:21:49Z,aa616abe-1761-0c9a-7959-07544679dafd,aa616abe-1761-0c9a-28fe-ea78605583e1,survey,93026-3,Do you feel physically and emotionally safe where you currently live [PRAPARE],Yes,,text
2025-12-24T10:21:49Z,aa616abe-1761-0c9a-7959-07544679dafd,aa616abe-1761-0c9a-28fe-ea78605583e1,survey,93027-1,Are you a refugee,No,,text
2025-12-24T10:21:49Z,aa616abe-1761-0c9a-7959-07544679dafd,aa616abe-1761-0c9a-28fe-ea78605583e1,survey,93028-9,Have you spent more than 2 nights in a row in a jail  prison  detention center  or juvenile correctional facility in past 1 year [PRAPARE],Yes,,text
2025-12-24T10:21:49Z,aa616abe-1761-0c9a-7959-07544679dafd,aa616abe-1761-0c9a-28fe-ea78605583e1,survey,93038-8,Stress level,Not at all,,text
2025-12-24T10:21:49Z,aa616abe-1761-0c9a-7959-07544679dafd,aa616abe-1761-0c9a-28fe-ea78605583e1,survey,93029-7,How often do you see or talk to people that you care about and feel close to [PRAPARE],3 to 5 times a week,,text
2025-12-24T10:21:49Z,aa616abe-1761-0c9a-7959-07544679dafd,aa616abe-1761-0c9a-28fe-ea78605583e1,survey,93030-5,Has lack of transportation kept you from medical appointments  meetings  work  or from getting things needed for daily living,No,,text
2025-12-24T10:21:49Z,aa616abe-1761-0c9a-7959-07544679dafd,aa616abe-1761-0c9a-28fe-ea78605583e1,survey,93031-3,Have you or any family members you live with been unable to get any of the following when it was really needed in past 1 year [PRAPARE],Medicine or Any Health Care (Medical  Dental  Mental Health  Vision),,text
2025-12-24T10:21:49Z,aa616abe-1761-0c9a-7959-07544679dafd,aa616abe-1761-0c9a-28fe-ea78605583e1,survey,63586-2,What was your best estimate of the total income of all family members from all sources  before taxes  in last year [PhenX],15504,/a,text
2025-12-24T10:21:49Z,aa616abe-1761-0c9a-7959-07544679dafd,aa616abe-1761-0c9a-28fe-ea78605583e1,survey,76437-3,Primary insurance,I choose not to answer this question,,text
2025-12-24T10:21:49Z,aa616abe-1761-0c9a-7959-07544679dafd,aa616abe-1761-0c9a-28fe-ea78605583e1,survey,67875-5,Employment status - current,Full-time work,,text
2025-12-24T10:21:49Z,aa616abe-1761-0c9a-7959-07544679dafd,aa616abe-1761-0c9a-28fe-ea78605583e1,survey,82589-3,Highest level of education,High school diploma or GED,,text
2025-12-24T10:21:49Z,aa616abe-1761-0c9a-7959-07544679dafd,aa616abe-1761-0c9a-28fe-ea78605583e1,survey,56799-0,Address,997 Grant Row Unit 85,,text
2025-12-24T10:21:49Z,aa616abe-1761-0c9a-7959-07544679dafd,aa616abe-1761-0c9a-28fe-ea78605583e1,survey,93033-9,Are you worried about losing your housing [PRAPARE],No,,text
2025-12-24T10:21:49Z,aa616abe-1761-0c9a-7959-07544679dafd,aa616abe-1761-0c9a-28fe-ea78605583e1,survey,71802-3,Housing status,I have housing,,text
2025-12-24T10:21:49Z,aa616abe-1761-0c9a-7959-07544679dafd,aa616abe-1761-0c9a-28fe-ea78605583e1,survey,63512-8,How many people are living or staying at this address [#],6.0,{#},numeric
2025-12-24T10:21:49Z,aa616abe-1761-0c9a-7959-07544679dafd,aa616abe-1761-0c9a-28fe-ea78605583e1,survey,54899-0,Preferred language,English,,text
2025-12-24T10:21:49Z,aa616abe-1761-0c9a-7959-07544679dafd,aa616abe-1761-0c9a-28fe-ea78605583e1,survey,93034-7,Discharged from the U.S. Armed Forces,No,,text
2025-12-24T10:21:49Z,aa616abe-1761-0c9a-7959-07544679dafd,aa616abe-1761-0c9a-28fe-ea78605583e1,survey,93035-4,Has season or migrant farm work been your or your family's main source of income at any point in past 2 years [PRAPARE],No,,text
2025-12-24T10:21:49Z,aa616abe-1761-0c9a-7959-07544679dafd,aa616abe-1761-0c9a-28fe-ea78605583e1,survey,32624-9,Race,White,,text
2025-12-24T10:21:49Z,aa616abe-1761-0c9a-7959-07544679dafd,aa616abe-1761-0c9a-28fe-ea78605583e1,survey,56051-6,Hispanic or Latino,No,,text
2025-12-24T10:50:51Z,aa616abe-1761-0c9a-7959-07544679dafd,aa616abe-1761-0c9a-28fe-ea78605583e1,survey,70274-6,Generalized anxiety disorder 7 item (GAD-7) total score [Reported.PHQ],1.0,{score},numeric
2025-12-24T11:19:27Z,aa616abe-1761-0c9a-7959-07544679dafd,aa616abe-1761-0c9a-28fe-ea78605583e1,survey,76504-0,Total score [HARK],0.0,{score},numeric
2025-12-24T11:54:46Z,aa616abe-1761-0c9a-7959-07544679dafd,aa616abe-1761-0c9a-28fe-ea78605583e1,survey,55758-7,Patient Health Questionnaire 2 item (PHQ-2) total score [Reported],0.0,{score},numeric
2025-12-24T12:28:45Z,aa616abe-1761-0c9a-7959-07544679dafd,aa616abe-1761-0c9a-28fe-ea78605583e1,survey,75626-2,Total score [AUDIT-C],1.0,{score},numeric
2026-01-07T09:39:04Z,aa616abe-1761-0c9a-7959-07544679dafd,aa616abe-1761-0c9a-2a5c-ff461598ea31,exam,413077008,LogMAR visual acuity left eye (observable entity),0,{logmar},text
2026-01-07T09:39:04Z,aa616abe-1761-0c9a-7959-07544679dafd,aa616abe-1761-0c9a-2a5c-ff461598ea31,exam,413078003,LogMAR visual acuity right eye (observable entity),0,{logmar},text
2026-01-07T09:40:04Z,aa616abe-1761-0c9a-7959-07544679dafd,aa616abe-1761-0c9a-2a5c-ff461598ea31,vital-signs,79893-4,Left eye Intraocular pressure,17.0,mm[Hg],numeric
2026-01-07T09:40:04Z,aa616abe-1761-0c9a-7959-07544679dafd,aa616abe-1761-0c9a-2a5c-ff461598ea31,vital-signs,79892-6,Right eye Intraocular pressure,17.0,mm[Hg],numeric
2026-01-07T09:55:04Z,aa616abe-1761-0c9a-7959-07544679dafd,aa616abe-1761-0c9a-2a5c-ff461598ea31,imaging,79819-9,Study observation Left retina by OCT,No abnormal findings,{nominal},text
2026-01-07T09:55:04Z,aa616abe-1761-0c9a-7959-07544679dafd,aa616abe-1761-0c9a-2a5c-ff461598ea31,imaging,79818-1,Study observation Right retina by OCT,No abnormal findings,{nominal},text
2026-01-07T09:55:04Z,aa616abe-1761-0c9a-7959-07544679dafd,aa616abe-1761-0c9a-2a5c-ff461598ea31,exam,71490-7,Left eye Diabetic retinopathy severity level by Ophthalmoscopy,Mild non-proliferative retinopathy,,text
2026-01-07T09:55:04Z,aa616abe-1761-0c9a-7959-07544679dafd,aa616abe-1761-0c9a-2a5c-ff461598ea31,exam,71491-5,Right eye Diabetic retinopathy severity level by Ophthalmoscopy,Mild non-proliferative retinopathy,,text
2026-02-04T09:38:04Z,aa616abe-1761-0c9a-7959-07544679dafd,aa616abe-1761-0c9a-8625-00956b4d1cf3,laboratory,2345-7,Glucose [Mass/volume] in Serum or Plasma,64.9,mg/dL,numeric
2026-02-04T09:38:04Z,aa616abe-1761-0c9a-7959-07544679dafd,aa616abe-1761-0c9a-8625-00956b4d1cf3,laboratory,3094-0,Urea nitrogen [Mass/volume] in Serum or Plasma,18.3,mg/dL,numeric
2026-02-04T09:38:04Z,aa616abe-1761-0c9a-7959-07544679dafd,aa616abe-1761-0c9a-8625-00956b4d1cf3,laboratory,2160-0,Creatinine [Mass/volume] in Serum or Plasma,1.8,mg/dL,numeric
2026-02-04T09:38:04Z,aa616abe-1761-0c9a-7959-07544679dafd,aa616abe-1761-0c9a-8625-00956b4d1cf3,laboratory,17861-6,Calcium [Mass/volume] in Serum or Plasma,9.8,mg/dL,numeric
2026-02-04T09:38:04Z,aa616abe-1761-0c9a-7959-07544679dafd,aa616abe-1761-0c9a-8625-00956b4d1cf3,laboratory,2951-2,Sodium [Moles/volume] in Serum or Plasma,142.2,mmol/L,numeric
2026-02-04T09:38:04Z,aa616abe-1761-0c9a-7959-07544679dafd,aa616abe-1761-0c9a-8625-00956b4d1cf3,laboratory,2823-3,Potassium [Moles/volume] in Serum or Plasma,4.4,mmol/L,numeric
2026-02-04T09:38:04Z,aa616abe-1761-0c9a-7959-07544679dafd,aa616abe-1761-0c9a-8625-00956b4d1cf3,laboratory,2075-0,Chloride [Moles/volume] in Serum or Plasma,109.9,mmol/L,numeric
2026-02-04T09:38:04Z,aa616abe-1761-0c9a-7959-07544679dafd,aa616abe-1761-0c9a-8625-00956b4d1cf3,laboratory,2028-9,Carbon dioxide  total [Moles/volume] in Serum or Plasma,26.8,mmol/L,numeric
2026-02-04T09:38:04Z,aa616abe-1761-0c9a-7959-07544679dafd,aa616abe-1761-0c9a-8625-00956b4d1cf3,laboratory,33914-3,Glomerular filtration rate [Volume Rate/Area] in Serum or Plasma by Creatinine-based formula (MDRD)/1.73 sq M,61.6,mL/min/{1.73_m2},numeric
2026-02-04T09:38:04Z,aa616abe-1761-0c9a-7959-07544679dafd,aa616abe-1761-0c9a-8625-00956b4d1cf3,laboratory,5767-9,Appearance of Urine,Cloudy urine (finding),{nominal},text
2026-02-04T09:38:04Z,aa616abe-1761-0c9a-7959-07544679dafd,aa616abe-1761-0c9a-8625-00956b4d1cf3,laboratory,34533-0,Odor of Urine,Urine smell ammoniacal (finding),{nominal},text
2026-02-04T09:38:04Z,aa616abe-1761-0c9a-7959-07544679dafd,aa616abe-1761-0c9a-8625-00956b4d1cf3,laboratory,32167-9,Clarity of Urine,Translucent (qualifier value),{nominal},text
2026-02-04T09:38:04Z,aa616abe-1761-0c9a-7959-07544679dafd,aa616abe-1761-0c9a-8625-00956b4d1cf3,laboratory,5778-6,Color of Urine,Brown color (qualifier value),{nominal},text
2026-02-04T09:38:04Z,aa616abe-1761-0c9a-7959-07544679dafd,aa616abe-1761-0c9a-8625-00956b4d1cf3,laboratory,5792-7,Glucose [Mass/volume] in Urine by Test strip,0.8,mg/dL,numeric
2026-02-04T09:38:04Z,aa616abe-1761-0c9a-7959-07544679dafd,aa616abe-1761-0c9a-8625-00956b4d1cf3,laboratory,25428-4,Glucose [Presence] in Urine by Test strip,Urine glucose test = ++ (finding),{nominal},text
2026-02-04T09:38:04Z,aa616abe-1761-0c9a-7959-07544679dafd,aa616abe-1761-0c9a-8625-00956b4d1cf3,laboratory,20505-4,Bilirubin.total [Mass/volume] in Urine by Test strip,1.4,mg/dL,numeric
2026-02-04T09:38:04Z,aa616abe-1761-0c9a-7959-07544679dafd,aa616abe-1761-0c9a-8625-00956b4d1cf3,laboratory,5770-3,Bilirubin.total [Presence] in Urine by Test strip,Finding of bilirubin in urine (finding),{nominal},text
2026-02-04T09:38:04Z,aa616abe-1761-0c9a-7959-07544679dafd,aa616abe-1761-0c9a-8625-00956b4d1cf3,laboratory,5797-6,Ketones [Mass/volume] in Urine by Test strip,19.4,mg/dL,numeric
2026-02-04T09:38:04Z,aa616abe-1761-0c9a-7959-07544679dafd,aa616abe-1761-0c9a-8625-00956b4d1cf3,laboratory,2514-8,Ketones [Presence] in Urine by Test strip,Urine ketone test = + (finding),{nominal},text
2026-02-04T09:38:04Z,aa616abe-1761-0c9a-7959-07544679dafd,aa616abe-1761-0c9a-8625-00956b4d1cf3,laboratory,5811-5,Specific gravity of Urine by Test strip,1.0,{nominal},numeric
2026-02-04T09:38:04Z,aa616abe-1761-0c9a-7959-07544679dafd,aa616abe-1761-0c9a-8625-00956b4d1cf3,laboratory,5803-2,pH of Urine by Test strip,5.4,pH,numeric
2026-02-04T09:38:04Z,aa616abe-1761-0c9a-7959-07544679dafd,aa616abe-1761-0c9a-8625-00956b4d1cf3,laboratory,5804-0,Protein [Mass/volume] in Urine by Test strip,181.7,mg/dL,numeric
2026-02-04T09:38:04Z,aa616abe-1761-0c9a-7959-07544679dafd,aa616abe-1761-0c9a-8625-00956b4d1cf3,laboratory,20454-5,Protein [Presence] in Urine by Test strip,Urine protein test = ++ (finding),{nominal},text
2026-02-04T09:38:04Z,aa616abe-1761-0c9a-7959-07544679dafd,aa616abe-1761-0c9a-8625-00956b4d1cf3,laboratory,5802-4,Nitrite [Presence] in Urine by Test strip,Nitrite not detected in urine (finding),{nominal},text
2026-02-04T09:38:04Z,aa616abe-1761-0c9a-7959-07544679dafd,aa616abe-1761-0c9a-8625-00956b4d1cf3,laboratory,5794-3,Hemoglobin [Presence] in Urine by Test strip,Blood not detected in urine (finding),{nominal},text
2026-02-04T09:38:04Z,aa616abe-1761-0c9a-7959-07544679dafd,aa616abe-1761-0c9a-8625-00956b4d1cf3,laboratory,5799-2,Leukocyte esterase [Presence] in Urine by Test strip,Urine leukocytes not detected (finding),{nominal},text
2026-02-04T09:38:04Z,aa616abe-1761-0c9a-7959-07544679dafd,aa616abe-1761-0c9a-8625-00956b4d1cf3,laboratory,4548-4,Hemoglobin A1c/Hemoglobin.total in Blood,5.4,%,numeric
2026-02-04T09:38:04Z,aa616abe-1761-0c9a-7959-07544679dafd,aa616abe-1761-0c9a-8625-00956b4d1cf3,vital-signs,8302-2,Body Height,164.6,cm,numeric
2026-02-04T09:38:04Z,aa616abe-1761-0c9a-7959-07544679dafd,aa616abe-1761-0c9a-8625-00956b4d1cf3,vital-signs,72514-3,Pain severity - 0-10 verbal numeric rating [Score] - Reported,0.0,{score},numeric
2026-02-04T09:38:04Z,aa616abe-1761-0c9a-7959-07544679dafd,aa616abe-1761-0c9a-8625-00956b4d1cf3,vital-signs,29463-7,Body Weight,75.2,kg,numeric
2026-02-04T09:38:04Z,aa616abe-1761-0c9a-7959-07544679dafd,aa616abe-1761-0c9a-8625-00956b4d1cf3,vital-signs,39156-5,Body mass index (BMI) [Ratio],27.8,kg/m2,numeric
2026-02-04T09:38:04Z,aa616abe-1761-0c9a-7959-07544679dafd,aa616abe-1761-0c9a-8625-00956b4d1cf3,vital-signs,8462-4,Diastolic Blood Pressure,82.0,mm[Hg],numeric
2026-02-04T09:38:04Z,aa616abe-1761-0c9a-7959-07544679dafd,aa616abe-1761-0c9a-8625-00956b4d1cf3,vital-signs,8480-6,Systolic Blood Pressure,104.0,mm[Hg],numeric
2026-02-04T09:38:04Z,aa616abe-1761-0c9a-7959-07544679dafd,aa616abe-1761-0c9a-8625-00956b4d1cf3,vital-signs,8867-4,Heart rate,81.0,/min,numeric
2026-02-04T09:38:04Z,aa616abe-1761-0c9a-7959-07544679dafd,aa616abe-1761-0c9a-8625-00956b4d1cf3,vital-signs,9279-1,Respiratory rate,13.0,/min,numeric
2026-02-04T09:38:04Z,aa616abe-1761-0c9a-7959-07544679dafd,aa616abe-1761-0c9a-8625-00956b4d1cf3,laboratory,2339-0,Glucose [Mass/volume] in Blood,64.9,mg/dL,numeric
2026-02-04T09:38:04Z,aa616abe-1761-0c9a-7959-07544679dafd,aa616abe-1761-0c9a-8625-00956b4d1cf3,laboratory,6299-2,Urea nitrogen [Mass/volume] in Blood,18.3,mg/dL,numeric
2026-02-04T09:38:04Z,aa616abe-1761-0c9a-7959-07544679dafd,aa616abe-1761-0c9a-8625-00956b4d1cf3,laboratory,38483-4,Creatinine [Mass/volume] in Blood,1.4,mg/dL,numeric
2026-02-04T09:38:04Z,aa616abe-1761-0c9a-7959-07544679dafd,aa616abe-1761-0c9a-8625-00956b4d1cf3,laboratory,49765-1,Calcium [Mass/volume] in Blood,9.8,mg/dL,numeric
2026-02-04T09:38:04Z,aa616abe-1761-0c9a-7959-07544679dafd,aa616abe-1761-0c9a-8625-00956b4d1cf3,laboratory,2947-0,Sodium [Moles/volume] in Blood,142.2,mmol/L,numeric
2026-02-04T09:38:04Z,aa616abe-1761-0c9a-7959-07544679dafd,aa616abe-1761-0c9a-8625-00956b4d1cf3,laboratory,6298-4,Potassium [Moles/volume] in Blood,4.4,mmol/L,numeric
2026-02-04T09:38:04Z,aa616abe-1761-0c9a-7959-07544679dafd,aa616abe-1761-0c9a-8625-00956b4d1cf3,laboratory,2069-3,Chloride [Moles/volume] in Blood,109.9,mmol/L,numeric
2026-02-04T09:38:04Z,aa616abe-1761-0c9a-7959-07544679dafd,aa616abe-1761-0c9a-8625-00956b4d1cf3,laboratory,20565-8,Carbon dioxide  total [Moles/volume] in Blood,26.8,mmol/L,numeric
2026-02-04T09:38:04Z,aa616abe-1761-0c9a-7959-07544679dafd,aa616abe-1761-0c9a-8625-00956b4d1cf3,laboratory,2093-3,Cholesterol [Mass/volume] in Serum or Plasma,195.1,mg/dL,numeric
2026-02-04T09:38:04Z,aa616abe-1761-0c9a-7959-07544679dafd,aa616abe-1761-0c9a-8625-00956b4d1cf3,laboratory,2571-8,Triglyceride [Mass/volume] in Serum or Plasma,138.2,mg/dL,numeric
2026-02-04T09:38:04Z,aa616abe-1761-0c9a-7959-07544679dafd,aa616abe-1761-0c9a-8625-00956b4d1cf3,laboratory,18262-6,Cholesterol in LDL [Mass/volume] in Serum or Plasma by Direct assay,115.0,mg/dL,numeric
2026-02-04T09:38:04Z,aa616abe-1761-0c9a-7959-07544679dafd,aa616abe-1761-0c9a-8625-00956b4d1cf3,laboratory,2085-9,Cholesterol in HDL [Mass/volume] in Serum or Plasma,52.5,mg/dL,numeric
2026-02-04T09:38:04Z,aa616abe-1761-0c9a-7959-07544679dafd,aa616abe-1761-0c9a-8625-00956b4d1cf3,laboratory,14959-1,Microalbumin/Creatinine [Mass Ratio] in Urine,21.8,mg/g,numeric
2026-02-04T09:38:04Z,aa616abe-1761-0c9a-7959-07544679dafd,aa616abe-1761-0c9a-8625-00956b4d1cf3,laboratory,6690-2,Leukocytes [#/volume] in Blood by Automated count,9.8,10*3/uL,numeric
2026-02-04T09:38:04Z,aa616abe-1761-0c9a-7959-07544679dafd,aa616abe-1761-0c9a-8625-00956b4d1cf3,laboratory,789-8,Erythrocytes [#/volume] in Blood by Automated count,5.1,10*6/uL,numeric
2026-02-04T09:38:04Z,aa616abe-1761-0c9a-7959-07544679dafd,aa616abe-1761-0c9a-8625-00956b4d1cf3,laboratory,718-7,Hemoglobin [Mass/volume] in Blood,12.8,g/dL,numeric
2026-02-04T09:38:04Z,aa616abe-1761-0c9a-7959-07544679dafd,aa616abe-1761-0c9a-8625-00956b4d1cf3,laboratory,4544-3,Hematocrit [Volume Fraction] of Blood by Automated count,42.1,%,numeric
2026-02-04T09:38:04Z,aa616abe-1761-0c9a-7959-07544679dafd,aa616abe-1761-0c9a-8625-00956b4d1cf3,laboratory,787-2,MCV [Entitic mean volume] in Red Blood Cells by Automated count,84.9,fL,numeric
2026-02-04T09:38:04Z,aa616abe-1761-0c9a-7959-07544679dafd,aa616abe-1761-0c9a-8625-00956b4d1cf3,laboratory,785-6,MCH [Entitic mass] by Automated count,32.7,pg,numeric
2026-02-04T09:38:04Z,aa616abe-1761-0c9a-7959-07544679dafd,aa616abe-1761-0c9a-8625-00956b4d1cf3,laboratory,786-4,MCHC [Entitic Mass/volume] in Red Blood Cells by Automated count,34.5,g/dL,numeric
2026-02-04T09:38:04Z,aa616abe-1761-0c9a-7959-07544679dafd,aa616abe-1761-0c9a-8625-00956b4d1cf3,laboratory,788-0,Erythrocyte [DistWidth] in Blood by Automated count,44.3,fL,numeric
2026-02-04T09:38:04Z,aa616abe-1761-0c9a-7959-07544679dafd,aa616abe-1761-0c9a-8625-00956b4d1cf3,laboratory,777-3,Platelets [#/volume] in Blood by Automated count,328.9,10*3/uL,numeric
2026-02-04T09:38:04Z,aa616abe-1761-0c9a-7959-07544679dafd,aa616abe-1761-0c9a-8625-00956b4d1cf3,laboratory,32207-3,Platelet distribution width [Entitic volume] in Blood by Automated count,260.8,fL,numeric
2026-02-04T09:38:04Z,aa616abe-1761-0c9a-7959-07544679dafd,aa616abe-1761-0c9a-8625-00956b4d1cf3,laboratory,32623-1,Platelet [Entitic mean volume] in Blood by Automated count,12.3,fL,numeric
2026-02-04T09:38:04Z,aa616abe-1761-0c9a-7959-07544679dafd,aa616abe-1761-0c9a-8625-00956b4d1cf3,laboratory,33914-3,Glomerular filtration rate [Volume Rate/Area] in Serum or Plasma by Creatinine-based formula (MDRD)/1.73 sq M,41.6,mL/min/{1.73_m2},numeric
2026-02-04T09:38:04Z,aa616abe-1761-0c9a-7959-07544679dafd,aa616abe-1761-0c9a-8625-00956b4d1cf3,social-history,72166-2,Tobacco smoking status,Never smoked tobacco (finding),,text
2026-02-04T10:28:21Z,aa616abe-1761-0c9a-7959-07544679dafd,aa616abe-1761-0c9a-8625-00956b4d1cf3,survey,76501-6,Within the last year  have you been afraid of your partner or ex-partner,No,,text
2026-02-04T10:28:21Z,aa616abe-1761-0c9a-7959-07544679dafd,aa616abe-1761-0c9a-8625-00956b4d1cf3,survey,93026-3,Do you feel physically and emotionally safe where you currently live [PRAPARE],Yes,,text
2026-02-04T10:28:21Z,aa616abe-1761-0c9a-7959-07544679dafd,aa616abe-1761-0c9a-8625-00956b4d1cf3,survey,93027-1,Are you a refugee,No,,text
2026-02-04T10:28:21Z,aa616abe-1761-0c9a-7959-07544679dafd,aa616abe-1761-0c9a-8625-00956b4d1cf3,survey,93028-9,Have you spent more than 2 nights in a row in a jail  prison  detention center  or juvenile correctional facility in past 1 year [PRAPARE],Yes,,text
2026-02-04T10:28:21Z,aa616abe-1761-0c9a-7959-07544679dafd,aa616abe-1761-0c9a-8625-00956b4d1cf3,survey,93038-8,Stress level,Very much,,text
2026-02-04T10:28:21Z,aa616abe-1761-0c9a-7959-07544679dafd,aa616abe-1761-0c9a-8625-00956b4d1cf3,survey,93029-7,How often do you see or talk to people that you care about and feel close to [PRAPARE],1 or 2 times a week,,text
2026-02-04T10:28:21Z,aa616abe-1761-0c9a-7959-07544679dafd,aa616abe-1761-0c9a-8625-00956b4d1cf3,survey,93030-5,Has lack of transportation kept you from medical appointments  meetings  work  or from getting things needed for daily living,No,,text
2026-02-04T10:28:21Z,aa616abe-1761-0c9a-7959-07544679dafd,aa616abe-1761-0c9a-8625-00956b4d1cf3,survey,93031-3,Have you or any family members you live with been unable to get any of the following when it was really needed in past 1 year [PRAPARE],I choose not to answer this question,,text
2026-02-04T10:28:21Z,aa616abe-1761-0c9a-7959-07544679dafd,aa616abe-1761-0c9a-8625-00956b4d1cf3,survey,63586-2,What was your best estimate of the total income of all family members from all sources  before taxes  in last year [PhenX],15504,/a,text
2026-02-04T10:28:21Z,aa616abe-1761-0c9a-7959-07544679dafd,aa616abe-1761-0c9a-8625-00956b4d1cf3,survey,76437-3,Primary insurance,I choose not to answer this question,,text
2026-02-04T10:28:21Z,aa616abe-1761-0c9a-7959-07544679dafd,aa616abe-1761-0c9a-8625-00956b4d1cf3,survey,67875-5,Employment status - current,Full-time work,,text
2026-02-04T10:28:21Z,aa616abe-1761-0c9a-7959-07544679dafd,aa616abe-1761-0c9a-8625-00956b4d1cf3,survey,82589-3,Highest level of education,High school diploma or GED,,text
2026-02-04T10:28:21Z,aa616abe-1761-0c9a-7959-07544679dafd,aa616abe-1761-0c9a-8625-00956b4d1cf3,survey,56799-0,Address,997 Grant Row Unit 85,,text
2026-02-04T10:28:21Z,aa616abe-1761-0c9a-7959-07544679dafd,aa616abe-1761-0c9a-8625-00956b4d1cf3,survey,93033-9,Are you worried about losing your housing [PRAPARE],No,,text
2026-02-04T10:28:21Z,aa616abe-1761-0c9a-7959-07544679dafd,aa616abe-1761-0c9a-8625-00956b4d1cf3,survey,71802-3,Housing status,I have housing,,text
2026-02-04T10:28:21Z,aa616abe-1761-0c9a-7959-07544679dafd,aa616abe-1761-0c9a-8625-00956b4d1cf3,survey,63512-8,How many people are living or staying at this address [#],6.0,{#},numeric
2026-02-04T10:28:21Z,aa616abe-1761-0c9a-7959-07544679dafd,aa616abe-1761-0c9a-8625-00956b4d1cf3,survey,54899-0,Preferred language,English,,text
2026-02-04T10:28:21Z,aa616abe-1761-0c9a-7959-07544679dafd,aa616abe-1761-0c9a-8625-00956b4d1cf3,survey,93034-7,Discharged from the U.S. Armed Forces,No,,text
2026-02-04T10:28:21Z,aa616abe-1761-0c9a-7959-07544679dafd,aa616abe-1761-0c9a-8625-00956b4d1cf3,survey,93035-4,Has season or migrant farm work been your or your family's main source of income at any point in past 2 years [PRAPARE],No,,text
2026-02-04T10:28:21Z,aa616abe-1761-0c9a-7959-07544679dafd,aa616abe-1761-0c9a-8625-00956b4d1cf3,survey,32624-9,Race,White,,text
2026-02-04T10:28:21Z,aa616abe-1761-0c9a-7959-07544679dafd,aa616abe-1761-0c9a-8625-00956b4d1cf3,survey,56051-6,Hispanic or Latino,No,,text
2026-02-04T10:50:49Z,aa616abe-1761-0c9a-7959-07544679dafd,aa616abe-1761-0c9a-8625-00956b4d1cf3,survey,59460-6,Fall risk total [Morse Fall Scale],97.0,{#},numeric
2026-02-04T10:50:49Z,aa616abe-1761-0c9a-7959-07544679dafd,aa616abe-1761-0c9a-8625-00956b4d1cf3,survey,59461-4,Fall risk level [Morse Fall Scale],High Risk (MFS Score 50+),,text
2026-02-04T11:28:13Z,aa616abe-1761-0c9a-7959-07544679dafd,aa616abe-1761-0c9a-8625-00956b4d1cf3,survey,55758-7,Patient Health Questionnaire 2 item (PHQ-2) total score [Reported],1.0,{score},numeric
2026-02-04T12:04:31Z,aa616abe-1761-0c9a-7959-07544679dafd,aa616abe-1761-0c9a-8625-00956b4d1cf3,survey,75626-2,Total score [AUDIT-C],2.0,{score},numeric
2026-02-25T09:38:04Z,aa616abe-1761-0c9a-7959-07544679dafd,aa616abe-1761-0c9a-47ee-9259d894f4c8,laboratory,2345-7,Glucose [Mass/volume] in Serum or Plasma,88.4,mg/dL,numeric
2026-02-25T09:38:04Z,aa616abe-1761-0c9a-7959-07544679dafd,aa616abe-1761-0c9a-47ee-9259d894f4c8,laboratory,3094-0,Urea nitrogen [Mass/volume] in Serum or Plasma,16.3,mg/dL,numeric
2026-02-25T09:38:04Z,aa616abe-1761-0c9a-7959-07544679dafd,aa616abe-1761-0c9a-47ee-9259d894f4c8,laboratory,2160-0,Creatinine [Mass/volume] in Serum or Plasma,1.9,mg/dL,numeric
2026-02-25T09:38:04Z,aa616abe-1761-0c9a-7959-07544679dafd,aa616abe-1761-0c9a-47ee-9259d894f4c8,laboratory,17861-6,Calcium [Mass/volume] in Serum or Plasma,9.0,mg/dL,numeric
2026-02-25T09:38:04Z,aa616abe-1761-0c9a-7959-07544679dafd,aa616abe-1761-0c9a-47ee-9259d894f4c8,laboratory,2951-2,Sodium [Moles/volume] in Serum or Plasma,138.4,mmol/L,numeric
2026-02-25T09:38:04Z,aa616abe-1761-0c9a-7959-07544679dafd,aa616abe-1761-0c9a-47ee-9259d894f4c8,laboratory,2823-3,Potassium [Moles/volume] in Serum or Plasma,4.5,mmol/L,numeric
2026-02-25T09:38:04Z,aa616abe-1761-0c9a-7959-07544679dafd,aa616abe-1761-0c9a-47ee-9259d894f4c8,laboratory,2075-0,Chloride [Moles/volume] in Serum or Plasma,102.6,mmol/L,numeric
2026-02-25T09:38:04Z,aa616abe-1761-0c9a-7959-07544679dafd,aa616abe-1761-0c9a-47ee-9259d894f4c8,laboratory,2028-9,Carbon dioxide  total [Moles/volume] in Serum or Plasma,20.2,mmol/L,numeric
2026-02-25T09:38:04Z,aa616abe-1761-0c9a-7959-07544679dafd,aa616abe-1761-0c9a-47ee-9259d894f4c8,laboratory,33914-3,Glomerular filtration rate [Volume Rate/Area] in Serum or Plasma by Creatinine-based formula (MDRD)/1.73 sq M,86.9,mL/min/{1.73_m2},numeric
2026-02-25T09:38:04Z,aa616abe-1761-0c9a-7959-07544679dafd,aa616abe-1761-0c9a-47ee-9259d894f4c8,laboratory,5767-9,Appearance of Urine,Cloudy urine (finding),{nominal},text
2026-02-25T09:38:04Z,aa616abe-1761-0c9a-7959-07544679dafd,aa616abe-1761-0c9a-47ee-9259d894f4c8,laboratory,34533-0,Odor of Urine,Urine smell ammoniacal (finding),{nominal},text
2026-02-25T09:38:04Z,aa616abe-1761-0c9a-7959-07544679dafd,aa616abe-1761-0c9a-47ee-9259d894f4c8,laboratory,32167-9,Clarity of Urine,Translucent (qualifier value),{nominal},text
2026-02-25T09:38:04Z,aa616abe-1761-0c9a-7959-07544679dafd,aa616abe-1761-0c9a-47ee-9259d894f4c8,laboratory,5778-6,Color of Urine,Brown color (qualifier value),{nominal},text
2026-02-25T09:38:04Z,aa616abe-1761-0c9a-7959-07544679dafd,aa616abe-1761-0c9a-47ee-9259d894f4c8,laboratory,5792-7,Glucose [Mass/volume] in Urine by Test strip,2.5,mg/dL,numeric
2026-02-25T09:38:04Z,aa616abe-1761-0c9a-7959-07544679dafd,aa616abe-1761-0c9a-47ee-9259d894f4c8,laboratory,25428-4,Glucose [Presence] in Urine by Test strip,Urine glucose test = ++ (finding),{nominal},text
2026-02-25T09:38:04Z,aa616abe-1761-0c9a-7959-07544679dafd,aa616abe-1761-0c9a-47ee-9259d894f4c8,laboratory,20505-4,Bilirubin.total [Mass/volume] in Urine by Test strip,1.5,mg/dL,numeric
2026-02-25T09:38:04Z,aa616abe-1761-0c9a-7959-07544679dafd,aa616abe-1761-0c9a-47ee-9259d894f4c8,laboratory,5770-3,Bilirubin.total [Presence] in Urine by Test strip,Finding of bilirubin in urine (finding),{nominal},text
2026-02-25T09:38:04Z,aa616abe-1761-0c9a-7959-07544679dafd,aa616abe-1761-0c9a-47ee-9259d894f4c8,laboratory,5797-6,Ketones [Mass/volume] in Urine by Test strip,14.9,mg/dL,numeric
2026-02-25T09:38:04Z,aa616abe-1761-0c9a-7959-07544679dafd,aa616abe-1761-0c9a-47ee-9259d894f4c8,laboratory,2514-8,Ketones [Presence] in Urine by Test strip,Urine ketone test = + (finding),{nominal},text
2026-02-25T09:38:04Z,aa616abe-1761-0c9a-7959-07544679dafd,aa616abe-1761-0c9a-47ee-9259d894f4c8,laboratory,5811-5,Specific gravity of Urine by Test strip,1.0,{nominal},numeric
2026-02-25T09:38:04Z,aa616abe-1761-0c9a-7959-07544679dafd,aa616abe-1761-0c9a-47ee-9259d894f4c8,laboratory,5803-2,pH of Urine by Test strip,6.0,pH,numeric
2026-02-25T09:38:04Z,aa616abe-1761-0c9a-7959-07544679dafd,aa616abe-1761-0c9a-47ee-9259d894f4c8,laboratory,5804-0,Protein [Mass/volume] in Urine by Test strip,236.7,mg/dL,numeric
2026-02-25T09:38:04Z,aa616abe-1761-0c9a-7959-07544679dafd,aa616abe-1761-0c9a-47ee-9259d894f4c8,laboratory,20454-5,Protein [Presence] in Urine by Test strip,Urine protein test = ++ (finding),{nominal},text
2026-02-25T09:38:04Z,aa616abe-1761-0c9a-7959-07544679dafd,aa616abe-1761-0c9a-47ee-9259d894f4c8,laboratory,5802-4,Nitrite [Presence] in Urine by Test strip,Nitrite not detected in urine (finding),{nominal},text
2026-02-25T09:38:04Z,aa616abe-1761-0c9a-7959-07544679dafd,aa616abe-1761-0c9a-47ee-9259d894f4c8,laboratory,5794-3,Hemoglobin [Presence] in Urine by Test strip,Blood not detected in urine (finding),{nominal},text
2026-02-25T09:38:04Z,aa616abe-1761-0c9a-7959-07544679dafd,aa616abe-1761-0c9a-47ee-9259d894f4c8,laboratory,5799-2,Leukocyte esterase [Presence] in Urine by Test strip,Urine leukocytes not detected (finding),{nominal},text
2026-02-25T09:38:04Z,aa616abe-1761-0c9a-7959-07544679dafd,aa616abe-1761-0c9a-47ee-9259d894f4c8,laboratory,4548-4,Hemoglobin A1c/Hemoglobin.total in Blood,5.4,%,numeric
2026-02-25T09:38:04Z,aa616abe-1761-0c9a-7959-07544679dafd,aa616abe-1761-0c9a-47ee-9259d894f4c8,vital-signs,8302-2,Body Height,164.6,cm,numeric
2026-02-25T09:38:04Z,aa616abe-1761-0c9a-7959-07544679dafd,aa616abe-1761-0c9a-47ee-9259d894f4c8,vital-signs,72514-3,Pain severity - 0-10 verbal numeric rating [Score] - Reported,1.0,{score},numeric
2026-02-25T09:38:04Z,aa616abe-1761-0c9a-7959-07544679dafd,aa616abe-1761-0c9a-47ee-9259d894f4c8,vital-signs,29463-7,Body Weight,75.2,kg,numeric
2026-02-25T09:38:04Z,aa616abe-1761-0c9a-7959-07544679dafd,aa616abe-1761-0c9a-47ee-9259d894f4c8,vital-signs,39156-5,Body mass index (BMI) [Ratio],27.8,kg/m2,numeric
2026-02-25T09:38:04Z,aa616abe-1761-0c9a-7959-07544679dafd,aa616abe-1761-0c9a-47ee-9259d894f4c8,vital-signs,8462-4,Diastolic Blood Pressure,74.0,mm[Hg],numeric
2026-02-25T09:38:04Z,aa616abe-1761-0c9a-7959-07544679dafd,aa616abe-1761-0c9a-47ee-9259d894f4c8,vital-signs,8480-6,Systolic Blood Pressure,104.0,mm[Hg],numeric
2026-02-25T09:38:04Z,aa616abe-1761-0c9a-7959-07544679dafd,aa616abe-1761-0c9a-47ee-9259d894f4c8,vital-signs,8867-4,Heart rate,89.0,/min,numeric
2026-02-25T09:38:04Z,aa616abe-1761-0c9a-7959-07544679dafd,aa616abe-1761-0c9a-47ee-9259d894f4c8,vital-signs,9279-1,Respiratory rate,13.0,/min,numeric
2026-02-25T09:38:04Z,aa616abe-1761-0c9a-7959-07544679dafd,aa616abe-1761-0c9a-47ee-9259d894f4c8,laboratory,2339-0,Glucose [Mass/volume] in Blood,88.4,mg/dL,numeric
2026-02-25T09:38:04Z,aa616abe-1761-0c9a-7959-07544679dafd,aa616abe-1761-0c9a-47ee-9259d894f4c8,laboratory,6299-2,Urea nitrogen [Mass/volume] in Blood,16.3,mg/dL,numeric
2026-02-25T09:38:04Z,aa616abe-1761-0c9a-7959-07544679dafd,aa616abe-1761-0c9a-47ee-9259d894f4c8,laboratory,38483-4,Creatinine [Mass/volume] in Blood,1.3,mg/dL,numeric
2026-02-25T09:38:04Z,aa616abe-1761-0c9a-7959-07544679dafd,aa616abe-1761-0c9a-47ee-9259d894f4c8,laboratory,49765-1,Calcium [Mass/volume] in Blood,9.0,mg/dL,numeric
2026-02-25T09:38:04Z,aa616abe-1761-0c9a-7959-07544679dafd,aa616abe-1761-0c9a-47ee-9259d894f4c8,laboratory,2947-0,Sodium [Moles/volume] in Blood,138.4,mmol/L,numeric
2026-02-25T09:38:04Z,aa616abe-1761-0c9a-7959-07544679dafd,aa616abe-1761-0c9a-47ee-9259d894f4c8,laboratory,6298-4,Potassium [Moles/volume] in Blood,4.5,mmol/L,numeric
2026-02-25T09:38:04Z,aa616abe-1761-0c9a-7959-07544679dafd,aa616abe-1761-0c9a-47ee-9259d894f4c8,laboratory,2069-3,Chloride [Moles/volume] in Blood,102.6,mmol/L,numeric
2026-02-25T09:38:04Z,aa616abe-1761-0c9a-7959-07544679dafd,aa616abe-1761-0c9a-47ee-9259d894f4c8,laboratory,20565-8,Carbon dioxide  total [Moles/volume] in Blood,20.2,mmol/L,numeric
2026-02-25T09:38:04Z,aa616abe-1761-0c9a-7959-07544679dafd,aa616abe-1761-0c9a-47ee-9259d894f4c8,laboratory,2093-3,Cholesterol [Mass/volume] in Serum or Plasma,180.9,mg/dL,numeric
2026-02-25T09:38:04Z,aa616abe-1761-0c9a-7959-07544679dafd,aa616abe-1761-0c9a-47ee-9259d894f4c8,laboratory,2571-8,Triglyceride [Mass/volume] in Serum or Plasma,114.1,mg/dL,numeric
2026-02-25T09:38:04Z,aa616abe-1761-0c9a-7959-07544679dafd,aa616abe-1761-0c9a-47ee-9259d894f4c8,laboratory,18262-6,Cholesterol in LDL [Mass/volume] in Serum or Plasma by Direct assay,109.4,mg/dL,numeric
2026-02-25T09:38:04Z,aa616abe-1761-0c9a-7959-07544679dafd,aa616abe-1761-0c9a-47ee-9259d894f4c8,laboratory,2085-9,Cholesterol in HDL [Mass/volume] in Serum or Plasma,48.7,mg/dL,numeric
2026-02-25T09:38:04Z,aa616abe-1761-0c9a-7959-07544679dafd,aa616abe-1761-0c9a-47ee-9259d894f4c8,laboratory,14959-1,Microalbumin/Creatinine [Mass Ratio] in Urine,21.6,mg/g,numeric
2026-02-25T09:38:04Z,aa616abe-1761-0c9a-7959-07544679dafd,aa616abe-1761-0c9a-47ee-9259d894f4c8,laboratory,33914-3,Glomerular filtration rate [Volume Rate/Area] in Serum or Plasma by Creatinine-based formula (MDRD)/1.73 sq M,43.5,mL/min/{1.73_m2},numeric
2026-02-25T09:38:04Z,aa616abe-1761-0c9a-7959-07544679dafd,aa616abe-1761-0c9a-47ee-9259d894f4c8,social-history,72166-2,Tobacco smoking status,Never smoked tobacco (finding),,text
2026-02-25T10:16:37Z,aa616abe-1761-0c9a-7959-07544679dafd,aa616abe-1761-0c9a-47ee-9259d894f4c8,survey,76501-6,Within the last year  have you been afraid of your partner or ex-partner,No,,text
2026-02-25T10:16:37Z,aa616abe-1761-0c9a-7959-07544679dafd,aa616abe-1761-0c9a-47ee-9259d894f4c8,survey,93026-3,Do you feel physically and emotionally safe where you currently live [PRAPARE],Yes,,text
2026-02-25T10:16:37Z,aa616abe-1761-0c9a-7959-07544679dafd,aa616abe-1761-0c9a-47ee-9259d894f4c8,survey,93027-1,Are you a refugee,No,,text
2026-02-25T10:16:37Z,aa616abe-1761-0c9a-7959-07544679dafd,aa616abe-1761-0c9a-47ee-9259d894f4c8,survey,93028-9,Have you spent more than 2 nights in a row in a jail  prison  detention center  or juvenile correctional facility in past 1 year [PRAPARE],Yes,,text
2026-02-25T10:16:37Z,aa616abe-1761-0c9a-7959-07544679dafd,aa616abe-1761-0c9a-47ee-9259d894f4c8,survey,93038-8,Stress level,A little bit,,text
2026-02-25T10:16:37Z,aa616abe-1761-0c9a-7959-07544679dafd,aa616abe-1761-0c9a-47ee-9259d894f4c8,survey,93029-7,How often do you see or talk to people that you care about and feel close to [PRAPARE],3 to 5 times a week,,text
2026-02-25T10:16:37Z,aa616abe-1761-0c9a-7959-07544679dafd,aa616abe-1761-0c9a-47ee-9259d894f4c8,survey,93030-5,Has lack of transportation kept you from medical appointments  meetings  work  or from getting things needed for daily living,No,,text
2026-02-25T10:16:37Z,aa616abe-1761-0c9a-7959-07544679dafd,aa616abe-1761-0c9a-47ee-9259d894f4c8,survey,93031-3,Have you or any family members you live with been unable to get any of the following when it was really needed in past 1 year [PRAPARE],Food,,text
2026-02-25T10:16:37Z,aa616abe-1761-0c9a-7959-07544679dafd,aa616abe-1761-0c9a-47ee-9259d894f4c8,survey,63586-2,What was your best estimate of the total income of all family members from all sources  before taxes  in last year [PhenX],15504,/a,text
2026-02-25T10:16:37Z,aa616abe-1761-0c9a-7959-07544679dafd,aa616abe-1761-0c9a-47ee-9259d894f4c8,survey,76437-3,Primary insurance,I choose not to answer this question,,text
2026-02-25T10:16:37Z,aa616abe-1761-0c9a-7959-07544679dafd,aa616abe-1761-0c9a-47ee-9259d894f4c8,survey,67875-5,Employment status - current,Full-time work,,text
2026-02-25T10:16:37Z,aa616abe-1761-0c9a-7959-07544679dafd,aa616abe-1761-0c9a-47ee-9259d894f4c8,survey,82589-3,Highest level of education,High school diploma or GED,,text
2026-02-25T10:16:37Z,aa616abe-1761-0c9a-7959-07544679dafd,aa616abe-1761-0c9a-47ee-9259d894f4c8,survey,56799-0,Address,997 Grant Row Unit 85,,text
2026-02-25T10:16:37Z,aa616abe-1761-0c9a-7959-07544679dafd,aa616abe-1761-0c9a-47ee-9259d894f4c8,survey,93033-9,Are you worried about losing your housing [PRAPARE],No,,text
2026-02-25T10:16:37Z,aa616abe-1761-0c9a-7959-07544679dafd,aa616abe-1761-0c9a-47ee-9259d894f4c8,survey,71802-3,Housing status,I have housing,,text
2026-02-25T10:16:37Z,aa616abe-1761-0c9a-7959-07544679dafd,aa616abe-1761-0c9a-47ee-9259d894f4c8,survey,63512-8,How many people are living or staying at this address [#],6.0,{#},numeric
2026-02-25T10:16:37Z,aa616abe-1761-0c9a-7959-07544679dafd,aa616abe-1761-0c9a-47ee-9259d894f4c8,survey,54899-0,Preferred language,English,,text
2026-02-25T10:16:37Z,aa616abe-1761-0c9a-7959-07544679dafd,aa616abe-1761-0c9a-47ee-9259d894f4c8,survey,93034-7,Discharged from the U.S. Armed Forces,No,,text
2026-02-25T10:16:37Z,aa616abe-1761-0c9a-7959-07544679dafd,aa616abe-1761-0c9a-47ee-9259d894f4c8,survey,93035-4,Has season or migrant farm work been your or your family's main source of income at any point in past 2 years [PRAPARE],No,,text
2026-02-25T10:16:37Z,aa616abe-1761-0c9a-7959-07544679dafd,aa616abe-1761-0c9a-47ee-9259d894f4c8,survey,32624-9,Race,White,,text
2026-02-25T10:16:37Z,aa616abe-1761-0c9a-7959-07544679dafd,aa616abe-1761-0c9a-47ee-9259d894f4c8,survey,56051-6,Hispanic or Latino,No,,text
2026-02-25T10:35:21Z,aa616abe-1761-0c9a-7959-07544679dafd,aa616abe-1761-0c9a-47ee-9259d894f4c8,survey,59460-6,Fall risk total [Morse Fall Scale],3.0,{#},numeric
2026-02-25T10:35:21Z,aa616abe-1761-0c9a-7959-07544679dafd,aa616abe-1761-0c9a-47ee-9259d894f4c8,survey,59461-4,Fall risk level [Morse Fall Scale],Low Risk (MFS Score 0 - 24),,text
2026-02-25T11:09:51Z,aa616abe-1761-0c9a-7959-07544679dafd,aa616abe-1761-0c9a-47ee-9259d894f4c8,survey,55758-7,Patient Health Questionnaire 2 item (PHQ-2) total score [Reported],2.0,{score},numeric
2026-02-25T11:43:49Z,aa616abe-1761-0c9a-7959-07544679dafd,aa616abe-1761-0c9a-47ee-9259d894f4c8,survey,75626-2,Total score [AUDIT-C],1.0,{score},numeric
2026-03-04T09:38:04Z,aa616abe-1761-0c9a-7959-07544679dafd,aa616abe-1761-0c9a-c4d1-57105c013ad6,laboratory,2345-7,Glucose [Mass/volume] in Serum or Plasma,87.8,mg/dL,numeric
2026-03-04T09:38:04Z,aa616abe-1761-0c9a-7959-07544679dafd,aa616abe-1761-0c9a-c4d1-57105c013ad6,laboratory,3094-0,Urea nitrogen [Mass/volume] in Serum or Plasma,16.3,mg/dL,numeric
2026-03-04T09:38:04Z,aa616abe-1761-0c9a-7959-07544679dafd,aa616abe-1761-0c9a-c4d1-57105c013ad6,laboratory,2160-0,Creatinine [Mass/volume] in Serum or Plasma,1.8,mg/dL,numeric
2026-03-04T09:38:04Z,aa616abe-1761-0c9a-7959-07544679dafd,aa616abe-1761-0c9a-c4d1-57105c013ad6,laboratory,17861-6,Calcium [Mass/volume] in Serum or Plasma,8.9,mg/dL,numeric
2026-03-04T09:38:04Z,aa616abe-1761-0c9a-7959-07544679dafd,aa616abe-1761-0c9a-c4d1-57105c013ad6,laboratory,2951-2,Sodium [Moles/volume] in Serum or Plasma,139.6,mmol/L,numeric
2026-03-04T09:38:04Z,aa616abe-1761-0c9a-7959-07544679dafd,aa616abe-1761-0c9a-c4d1-57105c013ad6,laboratory,2823-3,Potassium [Moles/volume] in Serum or Plasma,4.8,mmol/L,numeric
2026-03-04T09:38:04Z,aa616abe-1761-0c9a-7959-07544679dafd,aa616abe-1761-0c9a-c4d1-57105c013ad6,laboratory,2075-0,Chloride [Moles/volume] in Serum or Plasma,108.4,mmol/L,numeric
2026-03-04T09:38:04Z,aa616abe-1761-0c9a-7959-07544679dafd,aa616abe-1761-0c9a-c4d1-57105c013ad6,laboratory,2028-9,Carbon dioxide  total [Moles/volume] in Serum or Plasma,26.7,mmol/L,numeric
2026-03-04T09:38:04Z,aa616abe-1761-0c9a-7959-07544679dafd,aa616abe-1761-0c9a-c4d1-57105c013ad6,laboratory,33914-3,Glomerular filtration rate [Volume Rate/Area] in Serum or Plasma by Creatinine-based formula (MDRD)/1.73 sq M,73.3,mL/min/{1.73_m2},numeric
2026-03-04T09:38:04Z,aa616abe-1761-0c9a-7959-07544679dafd,aa616abe-1761-0c9a-c4d1-57105c013ad6,laboratory,5767-9,Appearance of Urine,Cloudy urine (finding),{nominal},text
2026-03-04T09:38:04Z,aa616abe-1761-0c9a-7959-07544679dafd,aa616abe-1761-0c9a-c4d1-57105c013ad6,laboratory,34533-0,Odor of Urine,Urine smell ammoniacal (finding),{nominal},text
2026-03-04T09:38:04Z,aa616abe-1761-0c9a-7959-07544679dafd,aa616abe-1761-0c9a-c4d1-57105c013ad6,laboratory,32167-9,Clarity of Urine,Translucent (qualifier value),{nominal},text
2026-03-04T09:38:04Z,aa616abe-1761-0c9a-7959-07544679dafd,aa616abe-1761-0c9a-c4d1-57105c013ad6,laboratory,5778-6,Color of Urine,Brown color (qualifier value),{nominal},text
2026-03-04T09:38:04Z,aa616abe-1761-0c9a-7959-07544679dafd,aa616abe-1761-0c9a-c4d1-57105c013ad6,laboratory,5792-7,Glucose [Mass/volume] in Urine by Test strip,0.7,mg/dL,numeric
2026-03-04T09:38:04Z,aa616abe-1761-0c9a-7959-07544679dafd,aa616abe-1761-0c9a-c4d1-57105c013ad6,laboratory,25428-4,Glucose [Presence] in Urine by Test strip,Urine glucose test = ++ (finding),{nominal},text
2026-03-04T09:38:04Z,aa616abe-1761-0c9a-7959-07544679dafd,aa616abe-1761-0c9a-c4d1-57105c013ad6,laboratory,20505-4,Bilirubin.total [Mass/volume] in Urine by Test strip,1.4,mg/dL,numeric
2026-03-04T09:38:04Z,aa616abe-1761-0c9a-7959-07544679dafd,aa616abe-1761-0c9a-c4d1-57105c013ad6,laboratory,5770-3,Bilirubin.total [Presence] in Urine by Test strip,Finding of bilirubin in urine (finding),{nominal},text
2026-03-04T09:38:04Z,aa616abe-1761-0c9a-7959-07544679dafd,aa616abe-1761-0c9a-c4d1-57105c013ad6,laboratory,5797-6,Ketones [Mass/volume] in Urine by Test strip,12.6,mg/dL,numeric
2026-03-04T09:38:04Z,aa616abe-1761-0c9a-7959-07544679dafd,aa616abe-1761-0c9a-c4d1-57105c013ad6,laboratory,2514-8,Ketones [Presence] in Urine by Test strip,Urine ketone test = + (finding),{nominal},text
2026-03-04T09:38:04Z,aa616abe-1761-0c9a-7959-07544679dafd,aa616abe-1761-0c9a-c4d1-57105c013ad6,laboratory,5811-5,Specific gravity of Urine by Test strip,1.0,{nominal},numeric
2026-03-04T09:38:04Z,aa616abe-1761-0c9a-7959-07544679dafd,aa616abe-1761-0c9a-c4d1-57105c013ad6,laboratory,5803-2,pH of Urine by Test strip,5.6,pH,numeric
2026-03-04T09:38:04Z,aa616abe-1761-0c9a-7959-07544679dafd,aa616abe-1761-0c9a-c4d1-57105c013ad6,laboratory,5804-0,Protein [Mass/volume] in Urine by Test strip,318.1,mg/dL,numeric
2026-03-04T09:38:04Z,aa616abe-1761-0c9a-7959-07544679dafd,aa616abe-1761-0c9a-c4d1-57105c013ad6,laboratory,20454-5,Protein [Presence] in Urine by Test strip,Urine protein test = ++ (finding),{nominal},text
2026-03-04T09:38:04Z,aa616abe-1761-0c9a-7959-07544679dafd,aa616abe-1761-0c9a-c4d1-57105c013ad6,laboratory,5802-4,Nitrite [Presence] in Urine by Test strip,Nitrite not detected in urine (finding),{nominal},text
2026-03-04T09:38:04Z,aa616abe-1761-0c9a-7959-07544679dafd,aa616abe-1761-0c9a-c4d1-57105c013ad6,laboratory,5794-3,Hemoglobin [Presence] in Urine by Test strip,Blood not detected in urine (finding),{nominal},text
2026-03-04T09:38:04Z,aa616abe-1761-0c9a-7959-07544679dafd,aa616abe-1761-0c9a-c4d1-57105c013ad6,laboratory,5799-2,Leukocyte esterase [Presence] in Urine by Test strip,Urine leukocytes not detected (finding),{nominal},text
2026-03-04T09:38:04Z,aa616abe-1761-0c9a-7959-07544679dafd,aa616abe-1761-0c9a-c4d1-57105c013ad6,laboratory,4548-4,Hemoglobin A1c/Hemoglobin.total in Blood,5.4,%,numeric
2026-03-25T09:38:04Z,aa616abe-1761-0c9a-7959-07544679dafd,aa616abe-1761-0c9a-bb96-bd6ac4bf3ddd,laboratory,2345-7,Glucose [Mass/volume] in Serum or Plasma,78.0,mg/dL,numeric
2026-03-25T09:38:04Z,aa616abe-1761-0c9a-7959-07544679dafd,aa616abe-1761-0c9a-bb96-bd6ac4bf3ddd,laboratory,3094-0,Urea nitrogen [Mass/volume] in Serum or Plasma,16.3,mg/dL,numeric
2026-03-25T09:38:04Z,aa616abe-1761-0c9a-7959-07544679dafd,aa616abe-1761-0c9a-bb96-bd6ac4bf3ddd,laboratory,2160-0,Creatinine [Mass/volume] in Serum or Plasma,2.0,mg/dL,numeric
2026-03-25T09:38:04Z,aa616abe-1761-0c9a-7959-07544679dafd,aa616abe-1761-0c9a-bb96-bd6ac4bf3ddd,laboratory,17861-6,Calcium [Mass/volume] in Serum or Plasma,8.8,mg/dL,numeric
2026-03-25T09:38:04Z,aa616abe-1761-0c9a-7959-07544679dafd,aa616abe-1761-0c9a-bb96-bd6ac4bf3ddd,laboratory,2951-2,Sodium [Moles/volume] in Serum or Plasma,140.4,mmol/L,numeric
2026-03-25T09:38:04Z,aa616abe-1761-0c9a-7959-07544679dafd,aa616abe-1761-0c9a-bb96-bd6ac4bf3ddd,laboratory,2823-3,Potassium [Moles/volume] in Serum or Plasma,3.9,mmol/L,numeric
2026-03-25T09:38:04Z,aa616abe-1761-0c9a-7959-07544679dafd,aa616abe-1761-0c9a-bb96-bd6ac4bf3ddd,laboratory,2075-0,Chloride [Moles/volume] in Serum or Plasma,104.5,mmol/L,numeric
2026-03-25T09:38:04Z,aa616abe-1761-0c9a-7959-07544679dafd,aa616abe-1761-0c9a-bb96-bd6ac4bf3ddd,laboratory,2028-9,Carbon dioxide  total [Moles/volume] in Serum or Plasma,20.5,mmol/L,numeric
2026-03-25T09:38:04Z,aa616abe-1761-0c9a-7959-07544679dafd,aa616abe-1761-0c9a-bb96-bd6ac4bf3ddd,laboratory,33914-3,Glomerular filtration rate [Volume Rate/Area] in Serum or Plasma by Creatinine-based formula (MDRD)/1.73 sq M,74.9,mL/min/{1.73_m2},numeric
2026-03-25T09:38:04Z,aa616abe-1761-0c9a-7959-07544679dafd,aa616abe-1761-0c9a-bb96-bd6ac4bf3ddd,laboratory,5767-9,Appearance of Urine,Cloudy urine (finding),{nominal},text
2026-03-25T09:38:04Z,aa616abe-1761-0c9a-7959-07544679dafd,aa616abe-1761-0c9a-bb96-bd6ac4bf3ddd,laboratory,34533-0,Odor of Urine,Urine smell ammoniacal (finding),{nominal},text
2026-03-25T09:38:04Z,aa616abe-1761-0c9a-7959-07544679dafd,aa616abe-1761-0c9a-bb96-bd6ac4bf3ddd,laboratory,32167-9,Clarity of Urine,Translucent (qualifier value),{nominal},text
2026-03-25T09:38:04Z,aa616abe-1761-0c9a-7959-07544679dafd,aa616abe-1761-0c9a-bb96-bd6ac4bf3ddd,laboratory,5778-6,Color of Urine,Brown color (qualifier value),{nominal},text
2026-03-25T09:38:04Z,aa616abe-1761-0c9a-7959-07544679dafd,aa616abe-1761-0c9a-bb96-bd6ac4bf3ddd,laboratory,5792-7,Glucose [Mass/volume] in Urine by Test strip,1.3,mg/dL,numeric
2026-03-25T09:38:04Z,aa616abe-1761-0c9a-7959-07544679dafd,aa616abe-1761-0c9a-bb96-bd6ac4bf3ddd,laboratory,25428-4,Glucose [Presence] in Urine by Test strip,Urine glucose test = ++ (finding),{nominal},text
2026-03-25T09:38:04Z,aa616abe-1761-0c9a-7959-07544679dafd,aa616abe-1761-0c9a-bb96-bd6ac4bf3ddd,laboratory,20505-4,Bilirubin.total [Mass/volume] in Urine by Test strip,0.4,mg/dL,numeric
2026-03-25T09:38:04Z,aa616abe-1761-0c9a-7959-07544679dafd,aa616abe-1761-0c9a-bb96-bd6ac4bf3ddd,laboratory,5770-3,Bilirubin.total [Presence] in Urine by Test strip,Finding of bilirubin in urine (finding),{nominal},text
2026-03-25T09:38:04Z,aa616abe-1761-0c9a-7959-07544679dafd,aa616abe-1761-0c9a-bb96-bd6ac4bf3ddd,laboratory,5797-6,Ketones [Mass/volume] in Urine by Test strip,16.8,mg/dL,numeric
2026-03-25T09:38:04Z,aa616abe-1761-0c9a-7959-07544679dafd,aa616abe-1761-0c9a-bb96-bd6ac4bf3ddd,laboratory,2514-8,Ketones [Presence] in Urine by Test strip,Urine ketone test = + (finding),{nominal},text
2026-03-25T09:38:04Z,aa616abe-1761-0c9a-7959-07544679dafd,aa616abe-1761-0c9a-bb96-bd6ac4bf3ddd,laboratory,5811-5,Specific gravity of Urine by Test strip,1.0,{nominal},numeric
2026-03-25T09:38:04Z,aa616abe-1761-0c9a-7959-07544679dafd,aa616abe-1761-0c9a-bb96-bd6ac4bf3ddd,laboratory,5803-2,pH of Urine by Test strip,5.9,pH,numeric
2026-03-25T09:38:04Z,aa616abe-1761-0c9a-7959-07544679dafd,aa616abe-1761-0c9a-bb96-bd6ac4bf3ddd,laboratory,5804-0,Protein [Mass/volume] in Urine by Test strip,238.5,mg/dL,numeric
2026-03-25T09:38:04Z,aa616abe-1761-0c9a-7959-07544679dafd,aa616abe-1761-0c9a-bb96-bd6ac4bf3ddd,laboratory,20454-5,Protein [Presence] in Urine by Test strip,Urine protein test = ++ (finding),{nominal},text
2026-03-25T09:38:04Z,aa616abe-1761-0c9a-7959-07544679dafd,aa616abe-1761-0c9a-bb96-bd6ac4bf3ddd,laboratory,5802-4,Nitrite [Presence] in Urine by Test strip,Nitrite not detected in urine (finding),{nominal},text
2026-03-25T09:38:04Z,aa616abe-1761-0c9a-7959-07544679dafd,aa616abe-1761-0c9a-bb96-bd6ac4bf3ddd,laboratory,5794-3,Hemoglobin [Presence] in Urine by Test strip,Blood not detected in urine (finding),{nominal},text
2026-03-25T09:38:04Z,aa616abe-1761-0c9a-7959-07544679dafd,aa616abe-1761-0c9a-bb96-bd6ac4bf3ddd,laboratory,5799-2,Leukocyte esterase [Presence] in Urine by Test strip,Urine leukocytes not detected (finding),{nominal},text
2026-03-25T09:38:04Z,aa616abe-1761-0c9a-7959-07544679dafd,aa616abe-1761-0c9a-bb96-bd6ac4bf3ddd,laboratory,4548-4,Hemoglobin A1c/Hemoglobin.total in Blood,5.4,%,numeric
2026-03-25T09:38:04Z,aa616abe-1761-0c9a-7959-07544679dafd,aa616abe-1761-0c9a-bb96-bd6ac4bf3ddd,vital-signs,8302-2,Body Height,164.6,cm,numeric
2026-03-25T09:38:04Z,aa616abe-1761-0c9a-7959-07544679dafd,aa616abe-1761-0c9a-bb96-bd6ac4bf3ddd,vital-signs,72514-3,Pain severity - 0-10 verbal numeric rating [Score] - Reported,2.0,{score},numeric
2026-03-25T09:38:04Z,aa616abe-1761-0c9a-7959-07544679dafd,aa616abe-1761-0c9a-bb96-bd6ac4bf3ddd,vital-signs,29463-7,Body Weight,75.2,kg,numeric
2026-03-25T09:38:04Z,aa616abe-1761-0c9a-7959-07544679dafd,aa616abe-1761-0c9a-bb96-bd6ac4bf3ddd,vital-signs,39156-5,Body mass index (BMI) [Ratio],27.8,kg/m2,numeric
2026-03-25T09:38:04Z,aa616abe-1761-0c9a-7959-07544679dafd,aa616abe-1761-0c9a-bb96-bd6ac4bf3ddd,vital-signs,8462-4,Diastolic Blood Pressure,82.0,mm[Hg],numeric
2026-03-25T09:38:04Z,aa616abe-1761-0c9a-7959-07544679dafd,aa616abe-1761-0c9a-bb96-bd6ac4bf3ddd,vital-signs,8480-6,Systolic Blood Pressure,96.0,mm[Hg],numeric
2026-03-25T09:38:04Z,aa616abe-1761-0c9a-7959-07544679dafd,aa616abe-1761-0c9a-bb96-bd6ac4bf3ddd,vital-signs,8867-4,Heart rate,82.0,/min,numeric
2026-03-25T09:38:04Z,aa616abe-1761-0c9a-7959-07544679dafd,aa616abe-1761-0c9a-bb96-bd6ac4bf3ddd,vital-signs,9279-1,Respiratory rate,14.0,/min,numeric
2026-03-25T09:38:04Z,aa616abe-1761-0c9a-7959-07544679dafd,aa616abe-1761-0c9a-bb96-bd6ac4bf3ddd,laboratory,2339-0,Glucose [Mass/volume] in Blood,78.0,mg/dL,numeric
2026-03-25T09:38:04Z,aa616abe-1761-0c9a-7959-07544679dafd,aa616abe-1761-0c9a-bb96-bd6ac4bf3ddd,laboratory,6299-2,Urea nitrogen [Mass/volume] in Blood,16.3,mg/dL,numeric
2026-03-25T09:38:04Z,aa616abe-1761-0c9a-7959-07544679dafd,aa616abe-1761-0c9a-bb96-bd6ac4bf3ddd,laboratory,38483-4,Creatinine [Mass/volume] in Blood,1.1,mg/dL,numeric
2026-03-25T09:38:04Z,aa616abe-1761-0c9a-7959-07544679dafd,aa616abe-1761-0c9a-bb96-bd6ac4bf3ddd,laboratory,49765-1,Calcium [Mass/volume] in Blood,8.8,mg/dL,numeric
2026-03-25T09:38:04Z,aa616abe-1761-0c9a-7959-07544679dafd,aa616abe-1761-0c9a-bb96-bd6ac4bf3ddd,laboratory,2947-0,Sodium [Moles/volume] in Blood,140.4,mmol/L,numeric
2026-03-25T09:38:04Z,aa616abe-1761-0c9a-7959-07544679dafd,aa616abe-1761-0c9a-bb96-bd6ac4bf3ddd,laboratory,6298-4,Potassium [Moles/volume] in Blood,3.9,mmol/L,numeric
2026-03-25T09:38:04Z,aa616abe-1761-0c9a-7959-07544679dafd,aa616abe-1761-0c9a-bb96-bd6ac4bf3ddd,laboratory,2069-3,Chloride [Moles/volume] in Blood,104.5,mmol/L,numeric
2026-03-25T09:38:04Z,aa616abe-1761-0c9a-7959-07544679dafd,aa616abe-1761-0c9a-bb96-bd6ac4bf3ddd,laboratory,20565-8,Carbon dioxide  total [Moles/volume] in Blood,20.5,mmol/L,numeric
2026-03-25T09:38:04Z,aa616abe-1761-0c9a-7959-07544679dafd,aa616abe-1761-0c9a-bb96-bd6ac4bf3ddd,laboratory,2093-3,Cholesterol [Mass/volume] in Serum or Plasma,137.0,mg/dL,numeric
2026-03-25T09:38:04Z,aa616abe-1761-0c9a-7959-07544679dafd,aa616abe-1761-0c9a-bb96-bd6ac4bf3ddd,laboratory,2571-8,Triglyceride [Mass/volume] in Serum or Plasma,145.5,mg/dL,numeric
2026-03-25T09:38:04Z,aa616abe-1761-0c9a-7959-07544679dafd,aa616abe-1761-0c9a-bb96-bd6ac4bf3ddd,laboratory,18262-6,Cholesterol in LDL [Mass/volume] in Serum or Plasma by Direct assay,58.5,mg/dL,numeric
2026-03-25T09:38:04Z,aa616abe-1761-0c9a-7959-07544679dafd,aa616abe-1761-0c9a-bb96-bd6ac4bf3ddd,laboratory,2085-9,Cholesterol in HDL [Mass/volume] in Serum or Plasma,49.4,mg/dL,numeric
2026-03-25T09:38:04Z,aa616abe-1761-0c9a-7959-07544679dafd,aa616abe-1761-0c9a-bb96-bd6ac4bf3ddd,laboratory,14959-1,Microalbumin/Creatinine [Mass Ratio] in Urine,27.5,mg/g,numeric
2026-03-25T09:38:04Z,aa616abe-1761-0c9a-7959-07544679dafd,aa616abe-1761-0c9a-bb96-bd6ac4bf3ddd,laboratory,33914-3,Glomerular filtration rate [Volume Rate/Area] in Serum or Plasma by Creatinine-based formula (MDRD)/1.73 sq M,53.2,mL/min/{1.73_m2},numeric
2026-03-25T09:38:04Z,aa616abe-1761-0c9a-7959-07544679dafd,aa616abe-1761-0c9a-bb96-bd6ac4bf3ddd,social-history,72166-2,Tobacco smoking status,Never smoked tobacco (finding),,text
2026-03-25T10:08:28Z,aa616abe-1761-0c9a-7959-07544679dafd,aa616abe-1761-0c9a-bb96-bd6ac4bf3ddd,survey,76501-6,Within the last year  have you been afraid of your partner or ex-partner,No,,text
2026-03-25T10:08:28Z,aa616abe-1761-0c9a-7959-07544679dafd,aa616abe-1761-0c9a-bb96-bd6ac4bf3ddd,survey,93026-3,Do you feel physically and emotionally safe where you currently live [PRAPARE],Yes,,text
2026-03-25T10:08:28Z,aa616abe-1761-0c9a-7959-07544679dafd,aa616abe-1761-0c9a-bb96-bd6ac4bf3ddd,survey,93027-1,Are you a refugee,No,,text
2026-03-25T10:08:28Z,aa616abe-1761-0c9a-7959-07544679dafd,aa616abe-1761-0c9a-bb96-bd6ac4bf3ddd,survey,93028-9,Have you spent more than 2 nights in a row in a jail  prison  detention center  or juvenile correctional facility in past 1 year [PRAPARE],Yes,,text
2026-03-25T10:08:28Z,aa616abe-1761-0c9a-7959-07544679dafd,aa616abe-1761-0c9a-bb96-bd6ac4bf3ddd,survey,93038-8,Stress level,Not at all,,text
2026-03-25T10:08:28Z,aa616abe-1761-0c9a-7959-07544679dafd,aa616abe-1761-0c9a-bb96-bd6ac4bf3ddd,survey,93029-7,How often do you see or talk to people that you care about and feel close to [PRAPARE],5 or more times a week,,text
2026-03-25T10:08:28Z,aa616abe-1761-0c9a-7959-07544679dafd,aa616abe-1761-0c9a-bb96-bd6ac4bf3ddd,survey,93030-5,Has lack of transportation kept you from medical appointments  meetings  work  or from getting things needed for daily living,No,,text
2026-03-25T10:08:28Z,aa616abe-1761-0c9a-7959-07544679dafd,aa616abe-1761-0c9a-bb96-bd6ac4bf3ddd,survey,93031-3,Have you or any family members you live with been unable to get any of the following when it was really needed in past 1 year [PRAPARE],Clothing,,text
2026-03-25T10:08:28Z,aa616abe-1761-0c9a-7959-07544679dafd,aa616abe-1761-0c9a-bb96-bd6ac4bf3ddd,survey,63586-2,What was your best estimate of the total income of all family members from all sources  before taxes  in last year [PhenX],15504,/a,text
2026-03-25T10:08:28Z,aa616abe-1761-0c9a-7959-07544679dafd,aa616abe-1761-0c9a-bb96-bd6ac4bf3ddd,survey,76437-3,Primary insurance,I choose not to answer this question,,text
2026-03-25T10:08:28Z,aa616abe-1761-0c9a-7959-07544679dafd,aa616abe-1761-0c9a-bb96-bd6ac4bf3ddd,survey,67875-5,Employment status - current,Full-time work,,text
2026-03-25T10:08:28Z,aa616abe-1761-0c9a-7959-07544679dafd,aa616abe-1761-0c9a-bb96-bd6ac4bf3ddd,survey,82589-3,Highest level of education,High school diploma or GED,,text
2026-03-25T10:08:28Z,aa616abe-1761-0c9a-7959-07544679dafd,aa616abe-1761-0c9a-bb96-bd6ac4bf3ddd,survey,56799-0,Address,997 Grant Row Unit 85,,text
2026-03-25T10:08:28Z,aa616abe-1761-0c9a-7959-07544679dafd,aa616abe-1761-0c9a-bb96-bd6ac4bf3ddd,survey,93033-9,Are you worried about losing your housing [PRAPARE],No,,text
2026-03-25T10:08:28Z,aa616abe-1761-0c9a-7959-07544679dafd,aa616abe-1761-0c9a-bb96-bd6ac4bf3ddd,survey,71802-3,Housing status,I have housing,,text
2026-03-25T10:08:28Z,aa616abe-1761-0c9a-7959-07544679dafd,aa616abe-1761-0c9a-bb96-bd6ac4bf3ddd,survey,63512-8,How many people are living or staying at this address [#],6.0,{#},numeric
2026-03-25T10:08:28Z,aa616abe-1761-0c9a-7959-07544679dafd,aa616abe-1761-0c9a-bb96-bd6ac4bf3ddd,survey,54899-0,Preferred language,English,,text
2026-03-25T10:08:28Z,aa616abe-1761-0c9a-7959-07544679dafd,aa616abe-1761-0c9a-bb96-bd6ac4bf3ddd,survey,93034-7,Discharged from the U.S. Armed Forces,No,,text
2026-03-25T10:08:28Z,aa616abe-1761-0c9a-7959-07544679dafd,aa616abe-1761-0c9a-bb96-bd6ac4bf3ddd,survey,93035-4,Has season or migrant farm work been your or your family's main source of income at any point in past 2 years [PRAPARE],No,,text
2026-03-25T10:08:28Z,aa616abe-1761-0c9a-7959-07544679dafd,aa616abe-1761-0c9a-bb96-bd6ac4bf3ddd,survey,32624-9,Race,White,,text
2026-03-25T10:08:28Z,aa616abe-1761-0c9a-7959-07544679dafd,aa616abe-1761-0c9a-bb96-bd6ac4bf3ddd,survey,56051-6,Hispanic or Latino,No,,text
2026-03-25T10:33:16Z,aa616abe-1761-0c9a-7959-07544679dafd,aa616abe-1761-0c9a-bb96-bd6ac4bf3ddd,survey,59460-6,Fall risk total [Morse Fall Scale],44.0,{#},numeric
2026-03-25T10:33:16Z,aa616abe-1761-0c9a-7959-07544679dafd,aa616abe-1761-0c9a-bb96-bd6ac4bf3ddd,survey,59461-4,Fall risk level [Morse Fall Scale],Moderate Risk (MFS Score 25 - 45),,text
2026-04-08T09:38:04Z,aa616abe-1761-0c9a-7959-07544679dafd,aa616abe-1761-0c9a-0373-d93b40bf4794,laboratory,2345-7,Glucose [Mass/volume] in Serum or Plasma,70.2,mg/dL,numeric
2026-04-08T09:38:04Z,aa616abe-1761-0c9a-7959-07544679dafd,aa616abe-1761-0c9a-0373-d93b40bf4794,laboratory,3094-0,Urea nitrogen [Mass/volume] in Serum or Plasma,14.1,mg/dL,numeric
2026-04-08T09:38:04Z,aa616abe-1761-0c9a-7959-07544679dafd,aa616abe-1761-0c9a-0373-d93b40bf4794,laboratory,2160-0,Creatinine [Mass/volume] in Serum or Plasma,2.1,mg/dL,numeric
2026-04-08T09:38:04Z,aa616abe-1761-0c9a-7959-07544679dafd,aa616abe-1761-0c9a-0373-d93b40bf4794,laboratory,17861-6,Calcium [Mass/volume] in Serum or Plasma,8.6,mg/dL,numeric
2026-04-08T09:38:04Z,aa616abe-1761-0c9a-7959-07544679dafd,aa616abe-1761-0c9a-0373-d93b40bf4794,laboratory,2951-2,Sodium [Moles/volume] in Serum or Plasma,141.8,mmol/L,numeric
2026-04-08T09:38:04Z,aa616abe-1761-0c9a-7959-07544679dafd,aa616abe-1761-0c9a-0373-d93b40bf4794,laboratory,2823-3,Potassium [Moles/volume] in Serum or Plasma,4.3,mmol/L,numeric
2026-04-08T09:38:04Z,aa616abe-1761-0c9a-7959-07544679dafd,aa616abe-1761-0c9a-0373-d93b40bf4794,laboratory,2075-0,Chloride [Moles/volume] in Serum or Plasma,108.8,mmol/L,numeric
2026-04-08T09:38:04Z,aa616abe-1761-0c9a-7959-07544679dafd,aa616abe-1761-0c9a-0373-d93b40bf4794,laboratory,2028-9,Carbon dioxide  total [Moles/volume] in Serum or Plasma,21.5,mmol/L,numeric
2026-04-08T09:38:04Z,aa616abe-1761-0c9a-7959-07544679dafd,aa616abe-1761-0c9a-0373-d93b40bf4794,laboratory,33914-3,Glomerular filtration rate [Volume Rate/Area] in Serum or Plasma by Creatinine-based formula (MDRD)/1.73 sq M,80.4,mL/min/{1.73_m2},numeric
2026-04-08T09:38:04Z,aa616abe-1761-0c9a-7959-07544679dafd,aa616abe-1761-0c9a-0373-d93b40bf4794,laboratory,5767-9,Appearance of Urine,Cloudy urine (finding),{nominal},text
2026-04-08T09:38:04Z,aa616abe-1761-0c9a-7959-07544679dafd,aa616abe-1761-0c9a-0373-d93b40bf4794,laboratory,34533-0,Odor of Urine,Urine smell ammoniacal (finding),{nominal},text
2026-04-08T09:38:04Z,aa616abe-1761-0c9a-7959-07544679dafd,aa616abe-1761-0c9a-0373-d93b40bf4794,laboratory,32167-9,Clarity of Urine,Translucent (qualifier value),{nominal},text
2026-04-08T09:38:04Z,aa616abe-1761-0c9a-7959-07544679dafd,aa616abe-1761-0c9a-0373-d93b40bf4794,laboratory,5778-6,Color of Urine,Brown color (qualifier value),{nominal},text
2026-04-08T09:38:04Z,aa616abe-1761-0c9a-7959-07544679dafd,aa616abe-1761-0c9a-0373-d93b40bf4794,laboratory,5792-7,Glucose [Mass/volume] in Urine by Test strip,0.5,mg/dL,numeric
2026-04-08T09:38:04Z,aa616abe-1761-0c9a-7959-07544679dafd,aa616abe-1761-0c9a-0373-d93b40bf4794,laboratory,25428-4,Glucose [Presence] in Urine by Test strip,Urine glucose test = ++ (finding),{nominal},text
2026-04-08T09:38:04Z,aa616abe-1761-0c9a-7959-07544679dafd,aa616abe-1761-0c9a-0373-d93b40bf4794,laboratory,20505-4,Bilirubin.total [Mass/volume] in Urine by Test strip,1.1,mg/dL,numeric
2026-04-08T09:38:04Z,aa616abe-1761-0c9a-7959-07544679dafd,aa616abe-1761-0c9a-0373-d93b40bf4794,laboratory,5770-3,Bilirubin.total [Presence] in Urine by Test strip,Finding of bilirubin in urine (finding),{nominal},text
2026-04-08T09:38:04Z,aa616abe-1761-0c9a-7959-07544679dafd,aa616abe-1761-0c9a-0373-d93b40bf4794,laboratory,5797-6,Ketones [Mass/volume] in Urine by Test strip,14.0,mg/dL,numeric
2026-04-08T09:38:04Z,aa616abe-1761-0c9a-7959-07544679dafd,aa616abe-1761-0c9a-0373-d93b40bf4794,laboratory,2514-8,Ketones [Presence] in Urine by Test strip,Urine ketone test = + (finding),{nominal},text
2026-04-08T09:38:04Z,aa616abe-1761-0c9a-7959-07544679dafd,aa616abe-1761-0c9a-0373-d93b40bf4794,laboratory,5811-5,Specific gravity of Urine by Test strip,1.0,{nominal},numeric
2026-04-08T09:38:04Z,aa616abe-1761-0c9a-7959-07544679dafd,aa616abe-1761-0c9a-0373-d93b40bf4794,laboratory,5803-2,pH of Urine by Test strip,6.3,pH,numeric
2026-04-08T09:38:04Z,aa616abe-1761-0c9a-7959-07544679dafd,aa616abe-1761-0c9a-0373-d93b40bf4794,laboratory,5804-0,Protein [Mass/volume] in Urine by Test strip,265.0,mg/dL,numeric
2026-04-08T09:38:04Z,aa616abe-1761-0c9a-7959-07544679dafd,aa616abe-1761-0c9a-0373-d93b40bf4794,laboratory,20454-5,Protein [Presence] in Urine by Test strip,Urine protein test = ++ (finding),{nominal},text
2026-04-08T09:38:04Z,aa616abe-1761-0c9a-7959-07544679dafd,aa616abe-1761-0c9a-0373-d93b40bf4794,laboratory,5802-4,Nitrite [Presence] in Urine by Test strip,Nitrite not detected in urine (finding),{nominal},text
2026-04-08T09:38:04Z,aa616abe-1761-0c9a-7959-07544679dafd,aa616abe-1761-0c9a-0373-d93b40bf4794,laboratory,5794-3,Hemoglobin [Presence] in Urine by Test strip,Blood not detected in urine (finding),{nominal},text
2026-04-08T09:38:04Z,aa616abe-1761-0c9a-7959-07544679dafd,aa616abe-1761-0c9a-0373-d93b40bf4794,laboratory,5799-2,Leukocyte esterase [Presence] in Urine by Test strip,Urine leukocytes not detected (finding),{nominal},text
2026-04-08T09:38:04Z,aa616abe-1761-0c9a-7959-07544679dafd,aa616abe-1761-0c9a-0373-d93b40bf4794,laboratory,4548-4,Hemoglobin A1c/Hemoglobin.total in Blood,5.4,%,numeric
2026-04-08T09:38:04Z,aa616abe-1761-0c9a-7959-07544679dafd,aa616abe-1761-0c9a-0373-d93b40bf4794,vital-signs,8302-2,Body Height,164.6,cm,numeric
2026-04-08T09:38:04Z,aa616abe-1761-0c9a-7959-07544679dafd,aa616abe-1761-0c9a-0373-d93b40bf4794,vital-signs,72514-3,Pain severity - 0-10 verbal numeric rating [Score] - Reported,1.0,{score},numeric
2026-04-08T09:38:04Z,aa616abe-1761-0c9a-7959-07544679dafd,aa616abe-1761-0c9a-0373-d93b40bf4794,vital-signs,29463-7,Body Weight,75.2,kg,numeric
2026-04-08T09:38:04Z,aa616abe-1761-0c9a-7959-07544679dafd,aa616abe-1761-0c9a-0373-d93b40bf4794,vital-signs,39156-5,Body mass index (BMI) [Ratio],27.8,kg/m2,numeric
2026-04-08T09:38:04Z,aa616abe-1761-0c9a-7959-07544679dafd,aa616abe-1761-0c9a-0373-d93b40bf4794,vital-signs,8462-4,Diastolic Blood Pressure,73.0,mm[Hg],numeric
2026-04-08T09:38:04Z,aa616abe-1761-0c9a-7959-07544679dafd,aa616abe-1761-0c9a-0373-d93b40bf4794,vital-signs,8480-6,Systolic Blood Pressure,98.0,mm[Hg],numeric
2026-04-08T09:38:04Z,aa616abe-1761-0c9a-7959-07544679dafd,aa616abe-1761-0c9a-0373-d93b40bf4794,vital-signs,8867-4,Heart rate,78.0,/min,numeric
2026-04-08T09:38:04Z,aa616abe-1761-0c9a-7959-07544679dafd,aa616abe-1761-0c9a-0373-d93b40bf4794,vital-signs,9279-1,Respiratory rate,14.0,/min,numeric
2026-04-08T09:38:04Z,aa616abe-1761-0c9a-7959-07544679dafd,aa616abe-1761-0c9a-0373-d93b40bf4794,laboratory,2339-0,Glucose [Mass/volume] in Blood,70.2,mg/dL,numeric
2026-04-08T09:38:04Z,aa616abe-1761-0c9a-7959-07544679dafd,aa616abe-1761-0c9a-0373-d93b40bf4794,laboratory,6299-2,Urea nitrogen [Mass/volume] in Blood,14.1,mg/dL,numeric
2026-04-08T09:38:04Z,aa616abe-1761-0c9a-7959-07544679dafd,aa616abe-1761-0c9a-0373-d93b40bf4794,laboratory,38483-4,Creatinine [Mass/volume] in Blood,1.7,mg/dL,numeric
2026-04-08T09:38:04Z,aa616abe-1761-0c9a-7959-07544679dafd,aa616abe-1761-0c9a-0373-d93b40bf4794,laboratory,49765-1,Calcium [Mass/volume] in Blood,8.6,mg/dL,numeric
2026-04-08T09:38:04Z,aa616abe-1761-0c9a-7959-07544679dafd,aa616abe-1761-0c9a-0373-d93b40bf4794,laboratory,2947-0,Sodium [Moles/volume] in Blood,141.8,mmol/L,numeric
2026-04-08T09:38:04Z,aa616abe-1761-0c9a-7959-07544679dafd,aa616abe-1761-0c9a-0373-d93b40bf4794,laboratory,6298-4,Potassium [Moles/volume] in Blood,4.3,mmol/L,numeric
2026-04-08T09:38:04Z,aa616abe-1761-0c9a-7959-07544679dafd,aa616abe-1761-0c9a-0373-d93b40bf4794,laboratory,2069-3,Chloride [Moles/volume] in Blood,108.8,mmol/L,numeric
2026-04-08T09:38:04Z,aa616abe-1761-0c9a-7959-07544679dafd,aa616abe-1761-0c9a-0373-d93b40bf4794,laboratory,20565-8,Carbon dioxide  total [Moles/volume] in Blood,21.5,mmol/L,numeric
2026-04-08T09:38:04Z,aa616abe-1761-0c9a-7959-07544679dafd,aa616abe-1761-0c9a-0373-d93b40bf4794,laboratory,2093-3,Cholesterol [Mass/volume] in Serum or Plasma,100.6,mg/dL,numeric
2026-04-08T09:38:04Z,aa616abe-1761-0c9a-7959-07544679dafd,aa616abe-1761-0c9a-0373-d93b40bf4794,laboratory,2571-8,Triglyceride [Mass/volume] in Serum or Plasma,111.9,mg/dL,numeric
2026-04-08T09:38:04Z,aa616abe-1761-0c9a-7959-07544679dafd,aa616abe-1761-0c9a-0373-d93b40bf4794,laboratory,18262-6,Cholesterol in LDL [Mass/volume] in Serum or Plasma by Direct assay,20.6,mg/dL,numeric
2026-04-08T09:38:04Z,aa616abe-1761-0c9a-7959-07544679dafd,aa616abe-1761-0c9a-0373-d93b40bf4794,laboratory,2085-9,Cholesterol in HDL [Mass/volume] in Serum or Plasma,57.7,mg/dL,numeric
2026-04-08T09:38:04Z,aa616abe-1761-0c9a-7959-07544679dafd,aa616abe-1761-0c9a-0373-d93b40bf4794,laboratory,14959-1,Microalbumin/Creatinine [Mass Ratio] in Urine,18.7,mg/g,numeric
2026-04-08T09:38:04Z,aa616abe-1761-0c9a-7959-07544679dafd,aa616abe-1761-0c9a-0373-d93b40bf4794,laboratory,33914-3,Glomerular filtration rate [Volume Rate/Area] in Serum or Plasma by Creatinine-based formula (MDRD)/1.73 sq M,33.2,mL/min/{1.73_m2},numeric
2026-04-08T09:38:04Z,aa616abe-1761-0c9a-7959-07544679dafd,aa616abe-1761-0c9a-0373-d93b40bf4794,social-history,72166-2,Tobacco smoking status,Never smoked tobacco (finding),,text
2026-04-08T10:16:21Z,aa616abe-1761-0c9a-7959-07544679dafd,aa616abe-1761-0c9a-0373-d93b40bf4794,survey,76501-6,Within the last year  have you been afraid of your partner or ex-partner,No,,text
2026-04-08T10:16:21Z,aa616abe-1761-0c9a-7959-07544679dafd,aa616abe-1761-0c9a-0373-d93b40bf4794,survey,93026-3,Do you feel physically and emotionally safe where you currently live [PRAPARE],Yes,,text
2026-04-08T10:16:21Z,aa616abe-1761-0c9a-7959-07544679dafd,aa616abe-1761-0c9a-0373-d93b40bf4794,survey,93027-1,Are you a refugee,No,,text
2026-04-08T10:16:21Z,aa616abe-1761-0c9a-7959-07544679dafd,aa616abe-1761-0c9a-0373-d93b40bf4794,survey,93028-9,Have you spent more than 2 nights in a row in a jail  prison  detention center  or juvenile correctional facility in past 1 year [PRAPARE],Yes,,text
2026-04-08T10:16:21Z,aa616abe-1761-0c9a-7959-07544679dafd,aa616abe-1761-0c9a-0373-d93b40bf4794,survey,93038-8,Stress level,Very much,,text
2026-04-08T10:16:21Z,aa616abe-1761-0c9a-7959-07544679dafd,aa616abe-1761-0c9a-0373-d93b40bf4794,survey,93029-7,How often do you see or talk to people that you care about and feel close to [PRAPARE],Less than once a week,,text
2026-04-08T10:16:21Z,aa616abe-1761-0c9a-7959-07544679dafd,aa616abe-1761-0c9a-0373-d93b40bf4794,survey,93030-5,Has lack of transportation kept you from medical appointments  meetings  work  or from getting things needed for daily living,No,,text
2026-04-08T10:16:21Z,aa616abe-1761-0c9a-7959-07544679dafd,aa616abe-1761-0c9a-0373-d93b40bf4794,survey,93031-3,Have you or any family members you live with been unable to get any of the following when it was really needed in past 1 year [PRAPARE],Phone,,text
2026-04-08T10:16:21Z,aa616abe-1761-0c9a-7959-07544679dafd,aa616abe-1761-0c9a-0373-d93b40bf4794,survey,63586-2,What was your best estimate of the total income of all family members from all sources  before taxes  in last year [PhenX],15504,/a,text
2026-04-08T10:16:21Z,aa616abe-1761-0c9a-7959-07544679dafd,aa616abe-1761-0c9a-0373-d93b40bf4794,survey,76437-3,Primary insurance,I choose not to answer this question,,text
2026-04-08T10:16:21Z,aa616abe-1761-0c9a-7959-07544679dafd,aa616abe-1761-0c9a-0373-d93b40bf4794,survey,67875-5,Employment status - current,Part-time or temporary work,,text
2026-04-08T10:16:21Z,aa616abe-1761-0c9a-7959-07544679dafd,aa616abe-1761-0c9a-0373-d93b40bf4794,survey,82589-3,Highest level of education,High school diploma or GED,,text
2026-04-08T10:16:21Z,aa616abe-1761-0c9a-7959-07544679dafd,aa616abe-1761-0c9a-0373-d93b40bf4794,survey,56799-0,Address,997 Grant Row Unit 85,,text
2026-04-08T10:16:21Z,aa616abe-1761-0c9a-7959-07544679dafd,aa616abe-1761-0c9a-0373-d93b40bf4794,survey,93033-9,Are you worried about losing your housing [PRAPARE],No,,text
2026-04-08T10:16:21Z,aa616abe-1761-0c9a-7959-07544679dafd,aa616abe-1761-0c9a-0373-d93b40bf4794,survey,71802-3,Housing status,I have housing,,text
2026-04-08T10:16:21Z,aa616abe-1761-0c9a-7959-07544679dafd,aa616abe-1761-0c9a-0373-d93b40bf4794,survey,63512-8,How many people are living or staying at this address [#],6.0,{#},numeric
2026-04-08T10:16:21Z,aa616abe-1761-0c9a-7959-07544679dafd,aa616abe-1761-0c9a-0373-d93b40bf4794,survey,54899-0,Preferred language,English,,text
2026-04-08T10:16:21Z,aa616abe-1761-0c9a-7959-07544679dafd,aa616abe-1761-0c9a-0373-d93b40bf4794,survey,93034-7,Discharged from the U.S. Armed Forces,No,,text
2026-04-08T10:16:21Z,aa616abe-1761-0c9a-7959-07544679dafd,aa616abe-1761-0c9a-0373-d93b40bf4794,survey,93035-4,Has season or migrant farm work been your or your family's main source of income at any point in past 2 years [PRAPARE],No,,text
2026-04-08T10:16:21Z,aa616abe-1761-0c9a-7959-07544679dafd,aa616abe-1761-0c9a-0373-d93b40bf4794,survey,32624-9,Race,White,,text
2026-04-08T10:16:21Z,aa616abe-1761-0c9a-7959-07544679dafd,aa616abe-1761-0c9a-0373-d93b40bf4794,survey,56051-6,Hispanic or Latino,No,,text
2026-04-08T10:38:34Z,aa616abe-1761-0c9a-7959-07544679dafd,aa616abe-1761-0c9a-0373-d93b40bf4794,survey,70274-6,Generalized anxiety disorder 7 item (GAD-7) total score [Reported.PHQ],0.0,{score},numeric
2026-04-08T10:56:19Z,aa616abe-1761-0c9a-7959-07544679dafd,aa616abe-1761-0c9a-0373-d93b40bf4794,survey,59460-6,Fall risk total [Morse Fall Scale],84.0,{#},numeric
2026-04-08T10:56:19Z,aa616abe-1761-0c9a-7959-07544679dafd,aa616abe-1761-0c9a-0373-d93b40bf4794,survey,59461-4,Fall risk level [Morse Fall Scale],High Risk (MFS Score 50+),,text
2026-04-08T11:36:35Z,aa616abe-1761-0c9a-7959-07544679dafd,aa616abe-1761-0c9a-0373-d93b40bf4794,survey,55758-7,Patient Health Questionnaire 2 item (PHQ-2) total score [Reported],0.0,{score},numeric
2026-04-08T12:10:40Z,aa616abe-1761-0c9a-7959-07544679dafd,aa616abe-1761-0c9a-0373-d93b40bf4794,survey,82667-7,Total score [DAST-10],0.0,{score},numeric
2026-05-06T09:38:04Z,aa616abe-1761-0c9a-7959-07544679dafd,aa616abe-1761-0c9a-c1c5-1dd1dba9b1d9,laboratory,2345-7,Glucose [Mass/volume] in Serum or Plasma,74.2,mg/dL,numeric
2026-05-06T09:38:04Z,aa616abe-1761-0c9a-7959-07544679dafd,aa616abe-1761-0c9a-c1c5-1dd1dba9b1d9,laboratory,3094-0,Urea nitrogen [Mass/volume] in Serum or Plasma,8.7,mg/dL,numeric
2026-05-06T09:38:04Z,aa616abe-1761-0c9a-7959-07544679dafd,aa616abe-1761-0c9a-c1c5-1dd1dba9b1d9,laboratory,2160-0,Creatinine [Mass/volume] in Serum or Plasma,1.8,mg/dL,numeric
2026-05-06T09:38:04Z,aa616abe-1761-0c9a-7959-07544679dafd,aa616abe-1761-0c9a-c1c5-1dd1dba9b1d9,laboratory,17861-6,Calcium [Mass/volume] in Serum or Plasma,9.1,mg/dL,numeric
2026-05-06T09:38:04Z,aa616abe-1761-0c9a-7959-07544679dafd,aa616abe-1761-0c9a-c1c5-1dd1dba9b1d9,laboratory,2951-2,Sodium [Moles/volume] in Serum or Plasma,143.4,mmol/L,numeric
2026-05-06T09:38:04Z,aa616abe-1761-0c9a-7959-07544679dafd,aa616abe-1761-0c9a-c1c5-1dd1dba9b1d9,laboratory,2823-3,Potassium [Moles/volume] in Serum or Plasma,4.8,mmol/L,numeric
2026-05-06T09:38:04Z,aa616abe-1761-0c9a-7959-07544679dafd,aa616abe-1761-0c9a-c1c5-1dd1dba9b1d9,laboratory,2075-0,Chloride [Moles/volume] in Serum or Plasma,109.8,mmol/L,numeric
2026-05-06T09:38:04Z,aa616abe-1761-0c9a-7959-07544679dafd,aa616abe-1761-0c9a-c1c5-1dd1dba9b1d9,laboratory,2028-9,Carbon dioxide  total [Moles/volume] in Serum or Plasma,22.6,mmol/L,numeric
2026-05-06T09:38:04Z,aa616abe-1761-0c9a-7959-07544679dafd,aa616abe-1761-0c9a-c1c5-1dd1dba9b1d9,laboratory,33914-3,Glomerular filtration rate [Volume Rate/Area] in Serum or Plasma by Creatinine-based formula (MDRD)/1.73 sq M,80.2,mL/min/{1.73_m2},numeric
2026-05-06T09:38:04Z,aa616abe-1761-0c9a-7959-07544679dafd,aa616abe-1761-0c9a-c1c5-1dd1dba9b1d9,laboratory,5767-9,Appearance of Urine,Cloudy urine (finding),{nominal},text
2026-05-06T09:38:04Z,aa616abe-1761-0c9a-7959-07544679dafd,aa616abe-1761-0c9a-c1c5-1dd1dba9b1d9,laboratory,34533-0,Odor of Urine,Urine smell ammoniacal (finding),{nominal},text
2026-05-06T09:38:04Z,aa616abe-1761-0c9a-7959-07544679dafd,aa616abe-1761-0c9a-c1c5-1dd1dba9b1d9,laboratory,32167-9,Clarity of Urine,Translucent (qualifier value),{nominal},text
2026-05-06T09:38:04Z,aa616abe-1761-0c9a-7959-07544679dafd,aa616abe-1761-0c9a-c1c5-1dd1dba9b1d9,laboratory,5778-6,Color of Urine,Brown color (qualifier value),{nominal},text
2026-05-06T09:38:04Z,aa616abe-1761-0c9a-7959-07544679dafd,aa616abe-1761-0c9a-c1c5-1dd1dba9b1d9,laboratory,5792-7,Glucose [Mass/volume] in Urine by Test strip,1.9,mg/dL,numeric
2026-05-06T09:38:04Z,aa616abe-1761-0c9a-7959-07544679dafd,aa616abe-1761-0c9a-c1c5-1dd1dba9b1d9,laboratory,25428-4,Glucose [Presence] in Urine by Test strip,Urine glucose test = ++ (finding),{nominal},text
2026-05-06T09:38:04Z,aa616abe-1761-0c9a-7959-07544679dafd,aa616abe-1761-0c9a-c1c5-1dd1dba9b1d9,laboratory,20505-4,Bilirubin.total [Mass/volume] in Urine by Test strip,1.4,mg/dL,numeric
2026-05-06T09:38:04Z,aa616abe-1761-0c9a-7959-07544679dafd,aa616abe-1761-0c9a-c1c5-1dd1dba9b1d9,laboratory,5770-3,Bilirubin.total [Presence] in Urine by Test strip,Finding of bilirubin in urine (finding),{nominal},text
2026-05-06T09:38:04Z,aa616abe-1761-0c9a-7959-07544679dafd,aa616abe-1761-0c9a-c1c5-1dd1dba9b1d9,laboratory,5797-6,Ketones [Mass/volume] in Urine by Test strip,8.7,mg/dL,numeric
2026-05-06T09:38:04Z,aa616abe-1761-0c9a-7959-07544679dafd,aa616abe-1761-0c9a-c1c5-1dd1dba9b1d9,laboratory,2514-8,Ketones [Presence] in Urine by Test strip,Urine ketone test = + (finding),{nominal},text
2026-05-06T09:38:04Z,aa616abe-1761-0c9a-7959-07544679dafd,aa616abe-1761-0c9a-c1c5-1dd1dba9b1d9,laboratory,5811-5,Specific gravity of Urine by Test strip,1.0,{nominal},numeric
2026-05-06T09:38:04Z,aa616abe-1761-0c9a-7959-07544679dafd,aa616abe-1761-0c9a-c1c5-1dd1dba9b1d9,laboratory,5803-2,pH of Urine by Test strip,6.1,pH,numeric
2026-05-06T09:38:04Z,aa616abe-1761-0c9a-7959-07544679dafd,aa616abe-1761-0c9a-c1c5-1dd1dba9b1d9,laboratory,5804-0,Protein [Mass/volume] in Urine by Test strip,251.7,mg/dL,numeric
2026-05-06T09:38:04Z,aa616abe-1761-0c9a-7959-07544679dafd,aa616abe-1761-0c9a-c1c5-1dd1dba9b1d9,laboratory,20454-5,Protein [Presence] in Urine by Test strip,Urine protein test = ++ (finding),{nominal},text
2026-05-06T09:38:04Z,aa616abe-1761-0c9a-7959-07544679dafd,aa616abe-1761-0c9a-c1c5-1dd1dba9b1d9,laboratory,5802-4,Nitrite [Presence] in Urine by Test strip,Nitrite not detected in urine (finding),{nominal},text
2026-05-06T09:38:04Z,aa616abe-1761-0c9a-7959-07544679dafd,aa616abe-1761-0c9a-c1c5-1dd1dba9b1d9,laboratory,5794-3,Hemoglobin [Presence] in Urine by Test strip,Blood not detected in urine (finding),{nominal},text
2026-05-06T09:38:04Z,aa616abe-1761-0c9a-7959-07544679dafd,aa616abe-1761-0c9a-c1c5-1dd1dba9b1d9,laboratory,5799-2,Leukocyte esterase [Presence] in Urine by Test strip,Urine leukocytes not detected (finding),{nominal},text
2026-05-06T09:38:04Z,aa616abe-1761-0c9a-7959-07544679dafd,aa616abe-1761-0c9a-c1c5-1dd1dba9b1d9,laboratory,4548-4,Hemoglobin A1c/Hemoglobin.total in Blood,5.4,%,numeric
2026-05-06T09:38:04Z,aa616abe-1761-0c9a-7959-07544679dafd,aa616abe-1761-0c9a-c1c5-1dd1dba9b1d9,vital-signs,8302-2,Body Height,164.6,cm,numeric
2026-05-06T09:38:04Z,aa616abe-1761-0c9a-7959-07544679dafd,aa616abe-1761-0c9a-c1c5-1dd1dba9b1d9,vital-signs,72514-3,Pain severity - 0-10 verbal numeric rating [Score] - Reported,3.0,{score},numeric
2026-05-06T09:38:04Z,aa616abe-1761-0c9a-7959-07544679dafd,aa616abe-1761-0c9a-c1c5-1dd1dba9b1d9,vital-signs,29463-7,Body Weight,75.2,kg,numeric
2026-05-06T09:38:04Z,aa616abe-1761-0c9a-7959-07544679dafd,aa616abe-1761-0c9a-c1c5-1dd1dba9b1d9,vital-signs,39156-5,Body mass index (BMI) [Ratio],27.8,kg/m2,numeric
2026-05-06T09:38:04Z,aa616abe-1761-0c9a-7959-07544679dafd,aa616abe-1761-0c9a-c1c5-1dd1dba9b1d9,vital-signs,8462-4,Diastolic Blood Pressure,76.0,mm[Hg],numeric
2026-05-06T09:38:04Z,aa616abe-1761-0c9a-7959-07544679dafd,aa616abe-1761-0c9a-c1c5-1dd1dba9b1d9,vital-signs,8480-6,Systolic Blood Pressure,98.0,mm[Hg],numeric
2026-05-06T09:38:04Z,aa616abe-1761-0c9a-7959-07544679dafd,aa616abe-1761-0c9a-c1c5-1dd1dba9b1d9,vital-signs,8867-4,Heart rate,81.0,/min,numeric
2026-05-06T09:38:04Z,aa616abe-1761-0c9a-7959-07544679dafd,aa616abe-1761-0c9a-c1c5-1dd1dba9b1d9,vital-signs,9279-1,Respiratory rate,15.0,/min,numeric
2026-05-06T09:38:04Z,aa616abe-1761-0c9a-7959-07544679dafd,aa616abe-1761-0c9a-c1c5-1dd1dba9b1d9,laboratory,2339-0,Glucose [Mass/volume] in Blood,74.2,mg/dL,numeric
2026-05-06T09:38:04Z,aa616abe-1761-0c9a-7959-07544679dafd,aa616abe-1761-0c9a-c1c5-1dd1dba9b1d9,laboratory,6299-2,Urea nitrogen [Mass/volume] in Blood,8.7,mg/dL,numeric
2026-05-06T09:38:04Z,aa616abe-1761-0c9a-7959-07544679dafd,aa616abe-1761-0c9a-c1c5-1dd1dba9b1d9,laboratory,38483-4,Creatinine [Mass/volume] in Blood,1.3,mg/dL,numeric
2026-05-06T09:38:04Z,aa616abe-1761-0c9a-7959-07544679dafd,aa616abe-1761-0c9a-c1c5-1dd1dba9b1d9,laboratory,49765-1,Calcium [Mass/volume] in Blood,9.1,mg/dL,numeric
2026-05-06T09:38:04Z,aa616abe-1761-0c9a-7959-07544679dafd,aa616abe-1761-0c9a-c1c5-1dd1dba9b1d9,laboratory,2947-0,Sodium [Moles/volume] in Blood,143.4,mmol/L,numeric
2026-05-06T09:38:04Z,aa616abe-1761-0c9a-7959-07544679dafd,aa616abe-1761-0c9a-c1c5-1dd1dba9b1d9,laboratory,6298-4,Potassium [Moles/volume] in Blood,4.8,mmol/L,numeric
2026-05-06T09:38:04Z,aa616abe-1761-0c9a-7959-07544679dafd,aa616abe-1761-0c9a-c1c5-1dd1dba9b1d9,laboratory,2069-3,Chloride [Moles/volume] in Blood,109.8,mmol/L,numeric
2026-05-06T09:38:04Z,aa616abe-1761-0c9a-7959-07544679dafd,aa616abe-1761-0c9a-c1c5-1dd1dba9b1d9,laboratory,20565-8,Carbon dioxide  total [Moles/volume] in Blood,22.6,mmol/L,numeric
2026-05-06T09:38:04Z,aa616abe-1761-0c9a-7959-07544679dafd,aa616abe-1761-0c9a-c1c5-1dd1dba9b1d9,laboratory,2093-3,Cholesterol [Mass/volume] in Serum or Plasma,158.0,mg/dL,numeric
2026-05-06T09:38:04Z,aa616abe-1761-0c9a-7959-07544679dafd,aa616abe-1761-0c9a-c1c5-1dd1dba9b1d9,laboratory,2571-8,Triglyceride [Mass/volume] in Serum or Plasma,108.1,mg/dL,numeric
2026-05-06T09:38:04Z,aa616abe-1761-0c9a-7959-07544679dafd,aa616abe-1761-0c9a-c1c5-1dd1dba9b1d9,laboratory,18262-6,Cholesterol in LDL [Mass/volume] in Serum or Plasma by Direct assay,80.8,mg/dL,numeric
2026-05-06T09:38:04Z,aa616abe-1761-0c9a-7959-07544679dafd,aa616abe-1761-0c9a-c1c5-1dd1dba9b1d9,laboratory,2085-9,Cholesterol in HDL [Mass/volume] in Serum or Plasma,55.6,mg/dL,numeric
2026-05-06T09:38:04Z,aa616abe-1761-0c9a-7959-07544679dafd,aa616abe-1761-0c9a-c1c5-1dd1dba9b1d9,laboratory,14959-1,Microalbumin/Creatinine [Mass Ratio] in Urine,20.2,mg/g,numeric
2026-05-06T09:38:04Z,aa616abe-1761-0c9a-7959-07544679dafd,aa616abe-1761-0c9a-c1c5-1dd1dba9b1d9,laboratory,33914-3,Glomerular filtration rate [Volume Rate/Area] in Serum or Plasma by Creatinine-based formula (MDRD)/1.73 sq M,43.2,mL/min/{1.73_m2},numeric
2026-05-06T09:38:04Z,aa616abe-1761-0c9a-7959-07544679dafd,aa616abe-1761-0c9a-c1c5-1dd1dba9b1d9,social-history,72166-2,Tobacco smoking status,Never smoked tobacco (finding),,text
2026-05-06T10:35:11Z,aa616abe-1761-0c9a-7959-07544679dafd,aa616abe-1761-0c9a-c1c5-1dd1dba9b1d9,survey,76501-6,Within the last year  have you been afraid of your partner or ex-partner,No,,text
2026-05-06T10:35:11Z,aa616abe-1761-0c9a-7959-07544679dafd,aa616abe-1761-0c9a-c1c5-1dd1dba9b1d9,survey,93026-3,Do you feel physically and emotionally safe where you currently live [PRAPARE],Yes,,text
2026-05-06T10:35:11Z,aa616abe-1761-0c9a-7959-07544679dafd,aa616abe-1761-0c9a-c1c5-1dd1dba9b1d9,survey,93027-1,Are you a refugee,No,,text
2026-05-06T10:35:11Z,aa616abe-1761-0c9a-7959-07544679dafd,aa616abe-1761-0c9a-c1c5-1dd1dba9b1d9,survey,93028-9,Have you spent more than 2 nights in a row in a jail  prison  detention center  or juvenile correctional facility in past 1 year [PRAPARE],Yes,,text
2026-05-06T10:35:11Z,aa616abe-1761-0c9a-7959-07544679dafd,aa616abe-1761-0c9a-c1c5-1dd1dba9b1d9,survey,93038-8,Stress level,Not at all,,text
2026-05-06T10:35:11Z,aa616abe-1761-0c9a-7959-07544679dafd,aa616abe-1761-0c9a-c1c5-1dd1dba9b1d9,survey,93029-7,How often do you see or talk to people that you care about and feel close to [PRAPARE],1 or 2 times a week,,text
2026-05-06T10:35:11Z,aa616abe-1761-0c9a-7959-07544679dafd,aa616abe-1761-0c9a-c1c5-1dd1dba9b1d9,survey,93030-5,Has lack of transportation kept you from medical appointments  meetings  work  or from getting things needed for daily living,No,,text
2026-05-06T10:35:11Z,aa616abe-1761-0c9a-7959-07544679dafd,aa616abe-1761-0c9a-c1c5-1dd1dba9b1d9,survey,93031-3,Have you or any family members you live with been unable to get any of the following when it was really needed in past 1 year [PRAPARE],Medicine or Any Health Care (Medical  Dental  Mental Health  Vision),,text
2026-05-06T10:35:11Z,aa616abe-1761-0c9a-7959-07544679dafd,aa616abe-1761-0c9a-c1c5-1dd1dba9b1d9,survey,63586-2,What was your best estimate of the total income of all family members from all sources  before taxes  in last year [PhenX],15504,/a,text
2026-05-06T10:35:11Z,aa616abe-1761-0c9a-7959-07544679dafd,aa616abe-1761-0c9a-c1c5-1dd1dba9b1d9,survey,76437-3,Primary insurance,I choose not to answer this question,,text
2026-05-06T10:35:11Z,aa616abe-1761-0c9a-7959-07544679dafd,aa616abe-1761-0c9a-c1c5-1dd1dba9b1d9,survey,67875-5,Employment status - current,Full-time work,,text
2026-05-06T10:35:11Z,aa616abe-1761-0c9a-7959-07544679dafd,aa616abe-1761-0c9a-c1c5-1dd1dba9b1d9,survey,82589-3,Highest level of education,High school diploma or GED,,text
2026-05-06T10:35:11Z,aa616abe-1761-0c9a-7959-07544679dafd,aa616abe-1761-0c9a-c1c5-1dd1dba9b1d9,survey,56799-0,Address,997 Grant Row Unit 85,,text
2026-05-06T10:35:11Z,aa616abe-1761-0c9a-7959-07544679dafd,aa616abe-1761-0c9a-c1c5-1dd1dba9b1d9,survey,93033-9,Are you worried about losing your housing [PRAPARE],No,,text
2026-05-06T10:35:11Z,aa616abe-1761-0c9a-7959-07544679dafd,aa616abe-1761-0c9a-c1c5-1dd1dba9b1d9,survey,71802-3,Housing status,I have housing,,text
2026-05-06T10:35:11Z,aa616abe-1761-0c9a-7959-07544679dafd,aa616abe-1761-0c9a-c1c5-1dd1dba9b1d9,survey,63512-8,How many people are living or staying at this address [#],6.0,{#},numeric
2026-05-06T10:35:11Z,aa616abe-1761-0c9a-7959-07544679dafd,aa616abe-1761-0c9a-c1c5-1dd1dba9b1d9,survey,54899-0,Preferred language,English,,text
2026-05-06T10:35:11Z,aa616abe-1761-0c9a-7959-07544679dafd,aa616abe-1761-0c9a-c1c5-1dd1dba9b1d9,survey,93034-7,Discharged from the U.S. Armed Forces,No,,text
2026-05-06T10:35:11Z,aa616abe-1761-0c9a-7959-07544679dafd,aa616abe-1761-0c9a-c1c5-1dd1dba9b1d9,survey,93035-4,Has season or migrant farm work been your or your family's main source of income at any point in past 2 years [PRAPARE],No,,text
2026-05-06T10:35:11Z,aa616abe-1761-0c9a-7959-07544679dafd,aa616abe-1761-0c9a-c1c5-1dd1dba9b1d9,survey,32624-9,Race,White,,text
2026-05-06T10:35:11Z,aa616abe-1761-0c9a-7959-07544679dafd,aa616abe-1761-0c9a-c1c5-1dd1dba9b1d9,survey,56051-6,Hispanic or Latino,No,,text
2026-05-06T11:01:04Z,aa616abe-1761-0c9a-7959-07544679dafd,aa616abe-1761-0c9a-c1c5-1dd1dba9b1d9,survey,70274-6,Generalized anxiety disorder 7 item (GAD-7) total score [Reported.PHQ],3.0,{score},numeric
2026-05-06T11:26:46Z,aa616abe-1761-0c9a-7959-07544679dafd,aa616abe-1761-0c9a-c1c5-1dd1dba9b1d9,survey,59460-6,Fall risk total [Morse Fall Scale],18.0,{#},numeric
2026-05-06T11:26:46Z,aa616abe-1761-0c9a-7959-07544679dafd,aa616abe-1761-0c9a-c1c5-1dd1dba9b1d9,survey,59461-4,Fall risk level [Morse Fall Scale],Low Risk (MFS Score 0 - 24),,text
2026-05-06T12:09:56Z,aa616abe-1761-0c9a-7959-07544679dafd,aa616abe-1761-0c9a-c1c5-1dd1dba9b1d9,survey,76504-0,Total score [HARK],0.0,{score},numeric
2026-05-06T12:50:18Z,aa616abe-1761-0c9a-7959-07544679dafd,aa616abe-1761-0c9a-c1c5-1dd1dba9b1d9,survey,55758-7,Patient Health Questionnaire 2 item (PHQ-2) total score [Reported],0.0,{score},numeric
2026-05-06T13:28:05Z,aa616abe-1761-0c9a-7959-07544679dafd,aa616abe-1761-0c9a-c1c5-1dd1dba9b1d9,survey,82667-7,Total score [DAST-10],2.0,{score},numeric
2026-07-08T09:38:04Z,aa616abe-1761-0c9a-7959-07544679dafd,aa616abe-1761-0c9a-9ddf-20d8d2673fa0,laboratory,2345-7,Glucose [Mass/volume] in Serum or Plasma,66.1,mg/dL,numeric
2026-07-08T09:38:04Z,aa616abe-1761-0c9a-7959-07544679dafd,aa616abe-1761-0c9a-9ddf-20d8d2673fa0,laboratory,3094-0,Urea nitrogen [Mass/volume] in Serum or Plasma,13.8,mg/dL,numeric
2026-07-08T09:38:04Z,aa616abe-1761-0c9a-7959-07544679dafd,aa616abe-1761-0c9a-9ddf-20d8d2673fa0,laboratory,2160-0,Creatinine [Mass/volume] in Serum or Plasma,1.8,mg/dL,numeric
2026-07-08T09:38:04Z,aa616abe-1761-0c9a-7959-07544679dafd,aa616abe-1761-0c9a-9ddf-20d8d2673fa0,laboratory,17861-6,Calcium [Mass/volume] in Serum or Plasma,9.3,mg/dL,numeric
2026-07-08T09:38:04Z,aa616abe-1761-0c9a-7959-07544679dafd,aa616abe-1761-0c9a-9ddf-20d8d2673fa0,laboratory,2951-2,Sodium [Moles/volume] in Serum or Plasma,139.9,mmol/L,numeric
2026-07-08T09:38:04Z,aa616abe-1761-0c9a-7959-07544679dafd,aa616abe-1761-0c9a-9ddf-20d8d2673fa0,laboratory,2823-3,Potassium [Moles/volume] in Serum or Plasma,4.1,mmol/L,numeric
2026-07-08T09:38:04Z,aa616abe-1761-0c9a-7959-07544679dafd,aa616abe-1761-0c9a-9ddf-20d8d2673fa0,laboratory,2075-0,Chloride [Moles/volume] in Serum or Plasma,101.2,mmol/L,numeric
2026-07-08T09:38:04Z,aa616abe-1761-0c9a-7959-07544679dafd,aa616abe-1761-0c9a-9ddf-20d8d2673fa0,laboratory,2028-9,Carbon dioxide  total [Moles/volume] in Serum or Plasma,22.0,mmol/L,numeric
2026-07-08T09:38:04Z,aa616abe-1761-0c9a-7959-07544679dafd,aa616abe-1761-0c9a-9ddf-20d8d2673fa0,laboratory,33914-3,Glomerular filtration rate [Volume Rate/Area] in Serum or Plasma by Creatinine-based formula (MDRD)/1.73 sq M,81.5,mL/min/{1.73_m2},numeric
2026-07-08T09:38:04Z,aa616abe-1761-0c9a-7959-07544679dafd,aa616abe-1761-0c9a-9ddf-20d8d2673fa0,laboratory,5767-9,Appearance of Urine,Cloudy urine (finding),{nominal},text
2026-07-08T09:38:04Z,aa616abe-1761-0c9a-7959-07544679dafd,aa616abe-1761-0c9a-9ddf-20d8d2673fa0,laboratory,34533-0,Odor of Urine,Urine smell ammoniacal (finding),{nominal},text
2026-07-08T09:38:04Z,aa616abe-1761-0c9a-7959-07544679dafd,aa616abe-1761-0c9a-9ddf-20d8d2673fa0,laboratory,32167-9,Clarity of Urine,Translucent (qualifier value),{nominal},text
2026-07-08T09:38:04Z,aa616abe-1761-0c9a-7959-07544679dafd,aa616abe-1761-0c9a-9ddf-20d8d2673fa0,laboratory,5778-6,Color of Urine,Brown color (qualifier value),{nominal},text
2026-07-08T09:38:04Z,aa616abe-1761-0c9a-7959-07544679dafd,aa616abe-1761-0c9a-9ddf-20d8d2673fa0,laboratory,5792-7,Glucose [Mass/volume] in Urine by Test strip,0.9,mg/dL,numeric
2026-07-08T09:38:04Z,aa616abe-1761-0c9a-7959-07544679dafd,aa616abe-1761-0c9a-9ddf-20d8d2673fa0,laboratory,25428-4,Glucose [Presence] in Urine by Test strip,Urine glucose test = ++ (finding),{nominal},text
2026-07-08T09:38:04Z,aa616abe-1761-0c9a-7959-07544679dafd,aa616abe-1761-0c9a-9ddf-20d8d2673fa0,laboratory,20505-4,Bilirubin.total [Mass/volume] in Urine by Test strip,0.8,mg/dL,numeric
2026-07-08T09:38:04Z,aa616abe-1761-0c9a-7959-07544679dafd,aa616abe-1761-0c9a-9ddf-20d8d2673fa0,laboratory,5770-3,Bilirubin.total [Presence] in Urine by Test strip,Finding of bilirubin in urine (finding),{nominal},text
2026-07-08T09:38:04Z,aa616abe-1761-0c9a-7959-07544679dafd,aa616abe-1761-0c9a-9ddf-20d8d2673fa0,laboratory,5797-6,Ketones [Mass/volume] in Urine by Test strip,3.9,mg/dL,numeric
2026-07-08T09:38:04Z,aa616abe-1761-0c9a-7959-07544679dafd,aa616abe-1761-0c9a-9ddf-20d8d2673fa0,laboratory,2514-8,Ketones [Presence] in Urine by Test strip,Urine ketone test = + (finding),{nominal},text
2026-07-08T09:38:04Z,aa616abe-1761-0c9a-7959-07544679dafd,aa616abe-1761-0c9a-9ddf-20d8d2673fa0,laboratory,5811-5,Specific gravity of Urine by Test strip,1.0,{nominal},numeric
2026-07-08T09:38:04Z,aa616abe-1761-0c9a-7959-07544679dafd,aa616abe-1761-0c9a-9ddf-20d8d2673fa0,laboratory,5803-2,pH of Urine by Test strip,6.2,pH,numeric
2026-07-08T09:38:04Z,aa616abe-1761-0c9a-7959-07544679dafd,aa616abe-1761-0c9a-9ddf-20d8d2673fa0,laboratory,5804-0,Protein [Mass/volume] in Urine by Test strip,224.8,mg/dL,numeric
2026-07-08T09:38:04Z,aa616abe-1761-0c9a-7959-07544679dafd,aa616abe-1761-0c9a-9ddf-20d8d2673fa0,laboratory,20454-5,Protein [Presence] in Urine by Test strip,Urine protein test = ++ (finding),{nominal},text
2026-07-08T09:38:04Z,aa616abe-1761-0c9a-7959-07544679dafd,aa616abe-1761-0c9a-9ddf-20d8d2673fa0,laboratory,5802-4,Nitrite [Presence] in Urine by Test strip,Nitrite not detected in urine (finding),{nominal},text
2026-07-08T09:38:04Z,aa616abe-1761-0c9a-7959-07544679dafd,aa616abe-1761-0c9a-9ddf-20d8d2673fa0,laboratory,5794-3,Hemoglobin [Presence] in Urine by Test strip,Blood not detected in urine (finding),{nominal},text
2026-07-08T09:38:04Z,aa616abe-1761-0c9a-7959-07544679dafd,aa616abe-1761-0c9a-9ddf-20d8d2673fa0,laboratory,5799-2,Leukocyte esterase [Presence] in Urine by Test strip,Urine leukocytes not detected (finding),{nominal},text
2026-07-08T09:38:04Z,aa616abe-1761-0c9a-7959-07544679dafd,aa616abe-1761-0c9a-9ddf-20d8d2673fa0,laboratory,4548-4,Hemoglobin A1c/Hemoglobin.total in Blood,5.4,%,numeric
2026-07-08T09:38:04Z,aa616abe-1761-0c9a-7959-07544679dafd,aa616abe-1761-0c9a-9ddf-20d8d2673fa0,vital-signs,8302-2,Body Height,164.6,cm,numeric
2026-07-08T09:38:04Z,aa616abe-1761-0c9a-7959-07544679dafd,aa616abe-1761-0c9a-9ddf-20d8d2673fa0,vital-signs,72514-3,Pain severity - 0-10 verbal numeric rating [Score] - Reported,4.0,{score},numeric
2026-07-08T09:38:04Z,aa616abe-1761-0c9a-7959-07544679dafd,aa616abe-1761-0c9a-9ddf-20d8d2673fa0,vital-signs,29463-7,Body Weight,75.2,kg,numeric
2026-07-08T09:38:04Z,aa616abe-1761-0c9a-7959-07544679dafd,aa616abe-1761-0c9a-9ddf-20d8d2673fa0,vital-signs,39156-5,Body mass index (BMI) [Ratio],27.8,kg/m2,numeric
2026-07-08T09:38:04Z,aa616abe-1761-0c9a-7959-07544679dafd,aa616abe-1761-0c9a-9ddf-20d8d2673fa0,vital-signs,8462-4,Diastolic Blood Pressure,74.0,mm[Hg],numeric
2026-07-08T09:38:04Z,aa616abe-1761-0c9a-7959-07544679dafd,aa616abe-1761-0c9a-9ddf-20d8d2673fa0,vital-signs,8480-6,Systolic Blood Pressure,95.0,mm[Hg],numeric
2026-07-08T09:38:04Z,aa616abe-1761-0c9a-7959-07544679dafd,aa616abe-1761-0c9a-9ddf-20d8d2673fa0,vital-signs,8867-4,Heart rate,80.0,/min,numeric
2026-07-08T09:38:04Z,aa616abe-1761-0c9a-7959-07544679dafd,aa616abe-1761-0c9a-9ddf-20d8d2673fa0,vital-signs,9279-1,Respiratory rate,13.0,/min,numeric
2026-07-08T09:38:04Z,aa616abe-1761-0c9a-7959-07544679dafd,aa616abe-1761-0c9a-9ddf-20d8d2673fa0,laboratory,2339-0,Glucose [Mass/volume] in Blood,66.1,mg/dL,numeric
2026-07-08T09:38:04Z,aa616abe-1761-0c9a-7959-07544679dafd,aa616abe-1761-0c9a-9ddf-20d8d2673fa0,laboratory,6299-2,Urea nitrogen [Mass/volume] in Blood,13.8,mg/dL,numeric
2026-07-08T09:38:04Z,aa616abe-1761-0c9a-7959-07544679dafd,aa616abe-1761-0c9a-9ddf-20d8d2673fa0,laboratory,38483-4,Creatinine [Mass/volume] in Blood,1.1,mg/dL,numeric
2026-07-08T09:38:04Z,aa616abe-1761-0c9a-7959-07544679dafd,aa616abe-1761-0c9a-9ddf-20d8d2673fa0,laboratory,49765-1,Calcium [Mass/volume] in Blood,9.3,mg/dL,numeric
2026-07-08T09:38:04Z,aa616abe-1761-0c9a-7959-07544679dafd,aa616abe-1761-0c9a-9ddf-20d8d2673fa0,laboratory,2947-0,Sodium [Moles/volume] in Blood,139.9,mmol/L,numeric
2026-07-08T09:38:04Z,aa616abe-1761-0c9a-7959-07544679dafd,aa616abe-1761-0c9a-9ddf-20d8d2673fa0,laboratory,6298-4,Potassium [Moles/volume] in Blood,4.1,mmol/L,numeric
2026-07-08T09:38:04Z,aa616abe-1761-0c9a-7959-07544679dafd,aa616abe-1761-0c9a-9ddf-20d8d2673fa0,laboratory,2069-3,Chloride [Moles/volume] in Blood,101.2,mmol/L,numeric
2026-07-08T09:38:04Z,aa616abe-1761-0c9a-7959-07544679dafd,aa616abe-1761-0c9a-9ddf-20d8d2673fa0,laboratory,20565-8,Carbon dioxide  total [Moles/volume] in Blood,22.0,mmol/L,numeric
2026-07-08T09:38:04Z,aa616abe-1761-0c9a-7959-07544679dafd,aa616abe-1761-0c9a-9ddf-20d8d2673fa0,laboratory,2093-3,Cholesterol [Mass/volume] in Serum or Plasma,188.4,mg/dL,numeric
2026-07-08T09:38:04Z,aa616abe-1761-0c9a-7959-07544679dafd,aa616abe-1761-0c9a-9ddf-20d8d2673fa0,laboratory,2571-8,Triglyceride [Mass/volume] in Serum or Plasma,130.8,mg/dL,numeric
2026-07-08T09:38:04Z,aa616abe-1761-0c9a-7959-07544679dafd,aa616abe-1761-0c9a-9ddf-20d8d2673fa0,laboratory,18262-6,Cholesterol in LDL [Mass/volume] in Serum or Plasma by Direct assay,113.4,mg/dL,numeric
2026-07-08T09:38:04Z,aa616abe-1761-0c9a-7959-07544679dafd,aa616abe-1761-0c9a-9ddf-20d8d2673fa0,laboratory,2085-9,Cholesterol in HDL [Mass/volume] in Serum or Plasma,48.9,mg/dL,numeric
2026-07-08T09:38:04Z,aa616abe-1761-0c9a-7959-07544679dafd,aa616abe-1761-0c9a-9ddf-20d8d2673fa0,laboratory,14959-1,Microalbumin/Creatinine [Mass Ratio] in Urine,24.6,mg/g,numeric
2026-07-08T09:38:04Z,aa616abe-1761-0c9a-7959-07544679dafd,aa616abe-1761-0c9a-9ddf-20d8d2673fa0,laboratory,33914-3,Glomerular filtration rate [Volume Rate/Area] in Serum or Plasma by Creatinine-based formula (MDRD)/1.73 sq M,54.7,mL/min/{1.73_m2},numeric
2026-07-08T09:38:04Z,aa616abe-1761-0c9a-7959-07544679dafd,aa616abe-1761-0c9a-9ddf-20d8d2673fa0,social-history,72166-2,Tobacco smoking status,Never smoked tobacco (finding),,text
2026-07-08T10:14:54Z,aa616abe-1761-0c9a-7959-07544679dafd,aa616abe-1761-0c9a-9ddf-20d8d2673fa0,survey,76501-6,Within the last year  have you been afraid of your partner or ex-partner,No,,text
2026-07-08T10:14:54Z,aa616abe-1761-0c9a-7959-07544679dafd,aa616abe-1761-0c9a-9ddf-20d8d2673fa0,survey,93026-3,Do you feel physically and emotionally safe where you currently live [PRAPARE],Yes,,text
2026-07-08T10:14:54Z,aa616abe-1761-0c9a-7959-07544679dafd,aa616abe-1761-0c9a-9ddf-20d8d2673fa0,survey,93027-1,Are you a refugee,No,,text
2026-07-08T10:14:54Z,aa616abe-1761-0c9a-7959-07544679dafd,aa616abe-1761-0c9a-9ddf-20d8d2673fa0,survey,93028-9,Have you spent more than 2 nights in a row in a jail  prison  detention center  or juvenile correctional facility in past 1 year [PRAPARE],Yes,,text
2026-07-08T10:14:54Z,aa616abe-1761-0c9a-7959-07544679dafd,aa616abe-1761-0c9a-9ddf-20d8d2673fa0,survey,93038-8,Stress level,Not at all,,text
2026-07-08T10:14:54Z,aa616abe-1761-0c9a-7959-07544679dafd,aa616abe-1761-0c9a-9ddf-20d8d2673fa0,survey,93029-7,How often do you see or talk to people that you care about and feel close to [PRAPARE],3 to 5 times a week,,text
2026-07-08T10:14:54Z,aa616abe-1761-0c9a-7959-07544679dafd,aa616abe-1761-0c9a-9ddf-20d8d2673fa0,survey,93030-5,Has lack of transportation kept you from medical appointments  meetings  work  or from getting things needed for daily living,No,,text
2026-07-08T10:14:54Z,aa616abe-1761-0c9a-7959-07544679dafd,aa616abe-1761-0c9a-9ddf-20d8d2673fa0,survey,93031-3,Have you or any family members you live with been unable to get any of the following when it was really needed in past 1 year [PRAPARE],Utilities,,text
2026-07-08T10:14:54Z,aa616abe-1761-0c9a-7959-07544679dafd,aa616abe-1761-0c9a-9ddf-20d8d2673fa0,survey,63586-2,What was your best estimate of the total income of all family members from all sources  before taxes  in last year [PhenX],15504,/a,text
2026-07-08T10:14:54Z,aa616abe-1761-0c9a-7959-07544679dafd,aa616abe-1761-0c9a-9ddf-20d8d2673fa0,survey,76437-3,Primary insurance,I choose not to answer this question,,text
2026-07-08T10:14:54Z,aa616abe-1761-0c9a-7959-07544679dafd,aa616abe-1761-0c9a-9ddf-20d8d2673fa0,survey,67875-5,Employment status - current,Full-time work,,text
2026-07-08T10:14:54Z,aa616abe-1761-0c9a-7959-07544679dafd,aa616abe-1761-0c9a-9ddf-20d8d2673fa0,survey,82589-3,Highest level of education,High school diploma or GED,,text
2026-07-08T10:14:54Z,aa616abe-1761-0c9a-7959-07544679dafd,aa616abe-1761-0c9a-9ddf-20d8d2673fa0,survey,56799-0,Address,997 Grant Row Unit 85,,text
2026-07-08T10:14:54Z,aa616abe-1761-0c9a-7959-07544679dafd,aa616abe-1761-0c9a-9ddf-20d8d2673fa0,survey,93033-9,Are you worried about losing your housing [PRAPARE],No,,text
2026-07-08T10:14:54Z,aa616abe-1761-0c9a-7959-07544679dafd,aa616abe-1761-0c9a-9ddf-20d8d2673fa0,survey,71802-3,Housing status,I have housing,,text
2026-07-08T10:14:54Z,aa616abe-1761-0c9a-7959-07544679dafd,aa616abe-1761-0c9a-9ddf-20d8d2673fa0,survey,63512-8,How many people are living or staying at this address [#],6.0,{#},numeric
2026-07-08T10:14:54Z,aa616abe-1761-0c9a-7959-07544679dafd,aa616abe-1761-0c9a-9ddf-20d8d2673fa0,survey,54899-0,Preferred language,English,,text
2026-07-08T10:14:54Z,aa616abe-1761-0c9a-7959-07544679dafd,aa616abe-1761-0c9a-9ddf-20d8d2673fa0,survey,93034-7,Discharged from the U.S. Armed Forces,No,,text
2026-07-08T10:14:54Z,aa616abe-1761-0c9a-7959-07544679dafd,aa616abe-1761-0c9a-9ddf-20d8d2673fa0,survey,93035-4,Has season or migrant farm work been your or your family's main source of income at any point in past 2 years [PRAPARE],No,,text
2026-07-08T10:14:54Z,aa616abe-1761-0c9a-7959-07544679dafd,aa616abe-1761-0c9a-9ddf-20d8d2673fa0,survey,32624-9,Race,White,,text
2026-07-08T10:14:54Z,aa616abe-1761-0c9a-7959-07544679dafd,aa616abe-1761-0c9a-9ddf-20d8d2673fa0,survey,56051-6,Hispanic or Latino,No,,text
2026-07-08T10:35:36Z,aa616abe-1761-0c9a-7959-07544679dafd,aa616abe-1761-0c9a-9ddf-20d8d2673fa0,survey,59460-6,Fall risk total [Morse Fall Scale],94.0,{#},numeric
2026-07-08T10:35:36Z,aa616abe-1761-0c9a-7959-07544679dafd,aa616abe-1761-0c9a-9ddf-20d8d2673fa0,survey,59461-4,Fall risk level [Morse Fall Scale],High Risk (MFS Score 50+),,text
2026-07-08T11:06:49Z,aa616abe-1761-0c9a-7959-07544679dafd,aa616abe-1761-0c9a-9ddf-20d8d2673fa0,survey,55758-7,Patient Health Questionnaire 2 item (PHQ-2) total score [Reported],2.0,{score},numeric
2026-07-08T11:45:15Z,aa616abe-1761-0c9a-7959-07544679dafd,aa616abe-1761-0c9a-9ddf-20d8d2673fa0,survey,82667-7,Total score [DAST-10],1.0,{score},numeric
2026-07-15T09:38:04Z,aa616abe-1761-0c9a-7959-07544679dafd,aa616abe-1761-0c9a-ea9d-284cf789343b,laboratory,2345-7,Glucose [Mass/volume] in Serum or Plasma,96.7,mg/dL,numeric
2026-07-15T09:38:04Z,aa616abe-1761-0c9a-7959-07544679dafd,aa616abe-1761-0c9a-ea9d-284cf789343b,laboratory,3094-0,Urea nitrogen [Mass/volume] in Serum or Plasma,17.8,mg/dL,numeric
2026-07-15T09:38:04Z,aa616abe-1761-0c9a-7959-07544679dafd,aa616abe-1761-0c9a-ea9d-284cf789343b,laboratory,2160-0,Creatinine [Mass/volume] in Serum or Plasma,2.0,mg/dL,numeric
2026-07-15T09:38:04Z,aa616abe-1761-0c9a-7959-07544679dafd,aa616abe-1761-0c9a-ea9d-284cf789343b,laboratory,17861-6,Calcium [Mass/volume] in Serum or Plasma,9.4,mg/dL,numeric
2026-07-15T09:38:04Z,aa616abe-1761-0c9a-7959-07544679dafd,aa616abe-1761-0c9a-ea9d-284cf789343b,laboratory,2951-2,Sodium [Moles/volume] in Serum or Plasma,140.8,mmol/L,numeric
2026-07-15T09:38:04Z,aa616abe-1761-0c9a-7959-07544679dafd,aa616abe-1761-0c9a-ea9d-284cf789343b,laboratory,2823-3,Potassium [Moles/volume] in Serum or Plasma,4.8,mmol/L,numeric
2026-07-15T09:38:04Z,aa616abe-1761-0c9a-7959-07544679dafd,aa616abe-1761-0c9a-ea9d-284cf789343b,laboratory,2075-0,Chloride [Moles/volume] in Serum or Plasma,105.7,mmol/L,numeric
2026-07-15T09:38:04Z,aa616abe-1761-0c9a-7959-07544679dafd,aa616abe-1761-0c9a-ea9d-284cf789343b,laboratory,2028-9,Carbon dioxide  total [Moles/volume] in Serum or Plasma,27.9,mmol/L,numeric
2026-07-15T09:38:04Z,aa616abe-1761-0c9a-7959-07544679dafd,aa616abe-1761-0c9a-ea9d-284cf789343b,laboratory,33914-3,Glomerular filtration rate [Volume Rate/Area] in Serum or Plasma by Creatinine-based formula (MDRD)/1.73 sq M,84.3,mL/min/{1.73_m2},numeric
2026-07-15T09:38:04Z,aa616abe-1761-0c9a-7959-07544679dafd,aa616abe-1761-0c9a-ea9d-284cf789343b,laboratory,5767-9,Appearance of Urine,Cloudy urine (finding),{nominal},text
2026-07-15T09:38:04Z,aa616abe-1761-0c9a-7959-07544679dafd,aa616abe-1761-0c9a-ea9d-284cf789343b,laboratory,34533-0,Odor of Urine,Urine smell ammoniacal (finding),{nominal},text
2026-07-15T09:38:04Z,aa616abe-1761-0c9a-7959-07544679dafd,aa616abe-1761-0c9a-ea9d-284cf789343b,laboratory,32167-9,Clarity of Urine,Translucent (qualifier value),{nominal},text
2026-07-15T09:38:04Z,aa616abe-1761-0c9a-7959-07544679dafd,aa616abe-1761-0c9a-ea9d-284cf789343b,laboratory,5778-6,Color of Urine,Brown color (qualifier value),{nominal},text
2026-07-15T09:38:04Z,aa616abe-1761-0c9a-7959-07544679dafd,aa616abe-1761-0c9a-ea9d-284cf789343b,laboratory,5792-7,Glucose [Mass/volume] in Urine by Test strip,0.7,mg/dL,numeric
2026-07-15T09:38:04Z,aa616abe-1761-0c9a-7959-07544679dafd,aa616abe-1761-0c9a-ea9d-284cf789343b,laboratory,25428-4,Glucose [Presence] in Urine by Test strip,Urine glucose test = ++ (finding),{nominal},text
2026-07-15T09:38:04Z,aa616abe-1761-0c9a-7959-07544679dafd,aa616abe-1761-0c9a-ea9d-284cf789343b,laboratory,20505-4,Bilirubin.total [Mass/volume] in Urine by Test strip,1.3,mg/dL,numeric
2026-07-15T09:38:04Z,aa616abe-1761-0c9a-7959-07544679dafd,aa616abe-1761-0c9a-ea9d-284cf789343b,laboratory,5770-3,Bilirubin.total [Presence] in Urine by Test strip,Finding of bilirubin in urine (finding),{nominal},text
2026-07-15T09:38:04Z,aa616abe-1761-0c9a-7959-07544679dafd,aa616abe-1761-0c9a-ea9d-284cf789343b,laboratory,5797-6,Ketones [Mass/volume] in Urine by Test strip,16.9,mg/dL,numeric
2026-07-15T09:38:04Z,aa616abe-1761-0c9a-7959-07544679dafd,aa616abe-1761-0c9a-ea9d-284cf789343b,laboratory,2514-8,Ketones [Presence] in Urine by Test strip,Urine ketone test = + (finding),{nominal},text
2026-07-15T09:38:04Z,aa616abe-1761-0c9a-7959-07544679dafd,aa616abe-1761-0c9a-ea9d-284cf789343b,laboratory,5811-5,Specific gravity of Urine by Test strip,1.0,{nominal},numeric
2026-07-15T09:38:04Z,aa616abe-1761-0c9a-7959-07544679dafd,aa616abe-1761-0c9a-ea9d-284cf789343b,laboratory,5803-2,pH of Urine by Test strip,5.3,pH,numeric
2026-07-15T09:38:04Z,aa616abe-1761-0c9a-7959-07544679dafd,aa616abe-1761-0c9a-ea9d-284cf789343b,laboratory,5804-0,Protein [Mass/volume] in Urine by Test strip,344.3,mg/dL,numeric
2026-07-15T09:38:04Z,aa616abe-1761-0c9a-7959-07544679dafd,aa616abe-1761-0c9a-ea9d-284cf789343b,laboratory,20454-5,Protein [Presence] in Urine by Test strip,Urine protein test = ++ (finding),{nominal},text
2026-07-15T09:38:04Z,aa616abe-1761-0c9a-7959-07544679dafd,aa616abe-1761-0c9a-ea9d-284cf789343b,laboratory,5802-4,Nitrite [Presence] in Urine by Test strip,Nitrite not detected in urine (finding),{nominal},text
2026-07-15T09:38:04Z,aa616abe-1761-0c9a-7959-07544679dafd,aa616abe-1761-0c9a-ea9d-284cf789343b,laboratory,5794-3,Hemoglobin [Presence] in Urine by Test strip,Blood not detected in urine (finding),{nominal},text
2026-07-15T09:38:04Z,aa616abe-1761-0c9a-7959-07544679dafd,aa616abe-1761-0c9a-ea9d-284cf789343b,laboratory,5799-2,Leukocyte esterase [Presence] in Urine by Test strip,Urine leukocytes not detected (finding),{nominal},text
2026-07-15T09:38:04Z,aa616abe-1761-0c9a-7959-07544679dafd,aa616abe-1761-0c9a-ea9d-284cf789343b,laboratory,4548-4,Hemoglobin A1c/Hemoglobin.total in Blood,5.4,%,numeric
2026-08-05T09:38:04Z,aa616abe-1761-0c9a-7959-07544679dafd,aa616abe-1761-0c9a-b6b4-10bec79003a2,laboratory,2345-7,Glucose [Mass/volume] in Serum or Plasma,74.2,mg/dL,numeric
2026-08-05T09:38:04Z,aa616abe-1761-0c9a-7959-07544679dafd,aa616abe-1761-0c9a-b6b4-10bec79003a2,laboratory,3094-0,Urea nitrogen [Mass/volume] in Serum or Plasma,8.7,mg/dL,numeric
2026-08-05T09:38:04Z,aa616abe-1761-0c9a-7959-07544679dafd,aa616abe-1761-0c9a-b6b4-10bec79003a2,laboratory,2160-0,Creatinine [Mass/volume] in Serum or Plasma,1.9,mg/dL,numeric
2026-08-05T09:38:04Z,aa616abe-1761-0c9a-7959-07544679dafd,aa616abe-1761-0c9a-b6b4-10bec79003a2,laboratory,17861-6,Calcium [Mass/volume] in Serum or Plasma,9.7,mg/dL,numeric
2026-08-05T09:38:04Z,aa616abe-1761-0c9a-7959-07544679dafd,aa616abe-1761-0c9a-b6b4-10bec79003a2,laboratory,2951-2,Sodium [Moles/volume] in Serum or Plasma,142.4,mmol/L,numeric
2026-08-05T09:38:04Z,aa616abe-1761-0c9a-7959-07544679dafd,aa616abe-1761-0c9a-b6b4-10bec79003a2,laboratory,2823-3,Potassium [Moles/volume] in Serum or Plasma,5.2,mmol/L,numeric
2026-08-05T09:38:04Z,aa616abe-1761-0c9a-7959-07544679dafd,aa616abe-1761-0c9a-b6b4-10bec79003a2,laboratory,2075-0,Chloride [Moles/volume] in Serum or Plasma,101.3,mmol/L,numeric
2026-08-05T09:38:04Z,aa616abe-1761-0c9a-7959-07544679dafd,aa616abe-1761-0c9a-b6b4-10bec79003a2,laboratory,2028-9,Carbon dioxide  total [Moles/volume] in Serum or Plasma,26.4,mmol/L,numeric
2026-08-05T09:38:04Z,aa616abe-1761-0c9a-7959-07544679dafd,aa616abe-1761-0c9a-b6b4-10bec79003a2,laboratory,33914-3,Glomerular filtration rate [Volume Rate/Area] in Serum or Plasma by Creatinine-based formula (MDRD)/1.73 sq M,85.6,mL/min/{1.73_m2},numeric
2026-08-05T09:38:04Z,aa616abe-1761-0c9a-7959-07544679dafd,aa616abe-1761-0c9a-b6b4-10bec79003a2,laboratory,5767-9,Appearance of Urine,Cloudy urine (finding),{nominal},text
2026-08-05T09:38:04Z,aa616abe-1761-0c9a-7959-07544679dafd,aa616abe-1761-0c9a-b6b4-10bec79003a2,laboratory,34533-0,Odor of Urine,Urine smell ammoniacal (finding),{nominal},text
2026-08-05T09:38:04Z,aa616abe-1761-0c9a-7959-07544679dafd,aa616abe-1761-0c9a-b6b4-10bec79003a2,laboratory,32167-9,Clarity of Urine,Translucent (qualifier value),{nominal},text
2026-08-05T09:38:04Z,aa616abe-1761-0c9a-7959-07544679dafd,aa616abe-1761-0c9a-b6b4-10bec79003a2,laboratory,5778-6,Color of Urine,Brown color (qualifier value),{nominal},text
2026-08-05T09:38:04Z,aa616abe-1761-0c9a-7959-07544679dafd,aa616abe-1761-0c9a-b6b4-10bec79003a2,laboratory,5792-7,Glucose [Mass/volume] in Urine by Test strip,0.7,mg/dL,numeric
2026-08-05T09:38:04Z,aa616abe-1761-0c9a-7959-07544679dafd,aa616abe-1761-0c9a-b6b4-10bec79003a2,laboratory,25428-4,Glucose [Presence] in Urine by Test strip,Urine glucose test = ++ (finding),{nominal},text
2026-08-05T09:38:04Z,aa616abe-1761-0c9a-7959-07544679dafd,aa616abe-1761-0c9a-b6b4-10bec79003a2,laboratory,20505-4,Bilirubin.total [Mass/volume] in Urine by Test strip,0.9,mg/dL,numeric
2026-08-05T09:38:04Z,aa616abe-1761-0c9a-7959-07544679dafd,aa616abe-1761-0c9a-b6b4-10bec79003a2,laboratory,5770-3,Bilirubin.total [Presence] in Urine by Test strip,Finding of bilirubin in urine (finding),{nominal},text
2026-08-05T09:38:04Z,aa616abe-1761-0c9a-7959-07544679dafd,aa616abe-1761-0c9a-b6b4-10bec79003a2,laboratory,5797-6,Ketones [Mass/volume] in Urine by Test strip,1.2,mg/dL,numeric
2026-08-05T09:38:04Z,aa616abe-1761-0c9a-7959-07544679dafd,aa616abe-1761-0c9a-b6b4-10bec79003a2,laboratory,2514-8,Ketones [Presence] in Urine by Test strip,Urine ketone test = + (finding),{nominal},text
2026-08-05T09:38:04Z,aa616abe-1761-0c9a-7959-07544679dafd,aa616abe-1761-0c9a-b6b4-10bec79003a2,laboratory,5811-5,Specific gravity of Urine by Test strip,1.0,{nominal},numeric
2026-08-05T09:38:04Z,aa616abe-1761-0c9a-7959-07544679dafd,aa616abe-1761-0c9a-b6b4-10bec79003a2,laboratory,5803-2,pH of Urine by Test strip,5.5,pH,numeric
2026-08-05T09:38:04Z,aa616abe-1761-0c9a-7959-07544679dafd,aa616abe-1761-0c9a-b6b4-10bec79003a2,laboratory,5804-0,Protein [Mass/volume] in Urine by Test strip,222.0,mg/dL,numeric
2026-08-05T09:38:04Z,aa616abe-1761-0c9a-7959-07544679dafd,aa616abe-1761-0c9a-b6b4-10bec79003a2,laboratory,20454-5,Protein [Presence] in Urine by Test strip,Urine protein test = ++ (finding),{nominal},text
2026-08-05T09:38:04Z,aa616abe-1761-0c9a-7959-07544679dafd,aa616abe-1761-0c9a-b6b4-10bec79003a2,laboratory,5802-4,Nitrite [Presence] in Urine by Test strip,Nitrite not detected in urine (finding),{nominal},text
2026-08-05T09:38:04Z,aa616abe-1761-0c9a-7959-07544679dafd,aa616abe-1761-0c9a-b6b4-10bec79003a2,laboratory,5794-3,Hemoglobin [Presence] in Urine by Test strip,Blood not detected in urine (finding),{nominal},text
2026-08-05T09:38:04Z,aa616abe-1761-0c9a-7959-07544679dafd,aa616abe-1761-0c9a-b6b4-10bec79003a2,laboratory,5799-2,Leukocyte esterase [Presence] in Urine by Test strip,Urine leukocytes not detected (finding),{nominal},text
2026-08-05T09:38:04Z,aa616abe-1761-0c9a-7959-07544679dafd,aa616abe-1761-0c9a-b6b4-10bec79003a2,laboratory,4548-4,Hemoglobin A1c/Hemoglobin.total in Blood,5.4,%,numeric
2026-08-05T09:38:04Z,aa616abe-1761-0c9a-7959-07544679dafd,aa616abe-1761-0c9a-b6b4-10bec79003a2,vital-signs,8302-2,Body Height,164.6,cm,numeric
2026-08-05T09:38:04Z,aa616abe-1761-0c9a-7959-07544679dafd,aa616abe-1761-0c9a-b6b4-10bec79003a2,vital-signs,72514-3,Pain severity - 0-10 verbal numeric rating [Score] - Reported,2.0,{score},numeric
2026-08-05T09:38:04Z,aa616abe-1761-0c9a-7959-07544679dafd,aa616abe-1761-0c9a-b6b4-10bec79003a2,vital-signs,29463-7,Body Weight,75.2,kg,numeric
2026-08-05T09:38:04Z,aa616abe-1761-0c9a-7959-07544679dafd,aa616abe-1761-0c9a-b6b4-10bec79003a2,vital-signs,39156-5,Body mass index (BMI) [Ratio],27.8,kg/m2,numeric
2026-08-05T09:38:04Z,aa616abe-1761-0c9a-7959-07544679dafd,aa616abe-1761-0c9a-b6b4-10bec79003a2,vital-signs,8462-4,Diastolic Blood Pressure,81.0,mm[Hg],numeric
2026-08-05T09:38:04Z,aa616abe-1761-0c9a-7959-07544679dafd,aa616abe-1761-0c9a-b6b4-10bec79003a2,vital-signs,8480-6,Systolic Blood Pressure,105.0,mm[Hg],numeric
2026-08-05T09:38:04Z,aa616abe-1761-0c9a-7959-07544679dafd,aa616abe-1761-0c9a-b6b4-10bec79003a2,vital-signs,8867-4,Heart rate,76.0,/min,numeric
2026-08-05T09:38:04Z,aa616abe-1761-0c9a-7959-07544679dafd,aa616abe-1761-0c9a-b6b4-10bec79003a2,vital-signs,9279-1,Respiratory rate,13.0,/min,numeric
2026-08-05T09:38:04Z,aa616abe-1761-0c9a-7959-07544679dafd,aa616abe-1761-0c9a-b6b4-10bec79003a2,laboratory,2339-0,Glucose [Mass/volume] in Blood,74.2,mg/dL,numeric
2026-08-05T09:38:04Z,aa616abe-1761-0c9a-7959-07544679dafd,aa616abe-1761-0c9a-b6b4-10bec79003a2,laboratory,6299-2,Urea nitrogen [Mass/volume] in Blood,8.7,mg/dL,numeric
2026-08-05T09:38:04Z,aa616abe-1761-0c9a-7959-07544679dafd,aa616abe-1761-0c9a-b6b4-10bec79003a2,laboratory,38483-4,Creatinine [Mass/volume] in Blood,1.2,mg/dL,numeric
2026-08-05T09:38:04Z,aa616abe-1761-0c9a-7959-07544679dafd,aa616abe-1761-0c9a-b6b4-10bec79003a2,laboratory,49765-1,Calcium [Mass/volume] in Blood,9.7,mg/dL,numeric
2026-08-05T09:38:04Z,aa616abe-1761-0c9a-7959-07544679dafd,aa616abe-1761-0c9a-b6b4-10bec79003a2,laboratory,2947-0,Sodium [Moles/volume] in Blood,142.4,mmol/L,numeric
2026-08-05T09:38:04Z,aa616abe-1761-0c9a-7959-07544679dafd,aa616abe-1761-0c9a-b6b4-10bec79003a2,laboratory,6298-4,Potassium [Moles/volume] in Blood,5.2,mmol/L,numeric
2026-08-05T09:38:04Z,aa616abe-1761-0c9a-7959-07544679dafd,aa616abe-1761-0c9a-b6b4-10bec79003a2,laboratory,2069-3,Chloride [Moles/volume] in Blood,101.3,mmol/L,numeric
2026-08-05T09:38:04Z,aa616abe-1761-0c9a-7959-07544679dafd,aa616abe-1761-0c9a-b6b4-10bec79003a2,laboratory,20565-8,Carbon dioxide  total [Moles/volume] in Blood,26.4,mmol/L,numeric
2026-08-05T09:38:04Z,aa616abe-1761-0c9a-7959-07544679dafd,aa616abe-1761-0c9a-b6b4-10bec79003a2,laboratory,2093-3,Cholesterol [Mass/volume] in Serum or Plasma,193.8,mg/dL,numeric
2026-08-05T09:38:04Z,aa616abe-1761-0c9a-7959-07544679dafd,aa616abe-1761-0c9a-b6b4-10bec79003a2,laboratory,2571-8,Triglyceride [Mass/volume] in Serum or Plasma,117.3,mg/dL,numeric
2026-08-05T09:38:04Z,aa616abe-1761-0c9a-7959-07544679dafd,aa616abe-1761-0c9a-b6b4-10bec79003a2,laboratory,18262-6,Cholesterol in LDL [Mass/volume] in Serum or Plasma by Direct assay,110.9,mg/dL,numeric
2026-08-05T09:38:04Z,aa616abe-1761-0c9a-7959-07544679dafd,aa616abe-1761-0c9a-b6b4-10bec79003a2,laboratory,2085-9,Cholesterol in HDL [Mass/volume] in Serum or Plasma,59.4,mg/dL,numeric
2026-08-05T09:38:04Z,aa616abe-1761-0c9a-7959-07544679dafd,aa616abe-1761-0c9a-b6b4-10bec79003a2,laboratory,14959-1,Microalbumin/Creatinine [Mass Ratio] in Urine,27.6,mg/g,numeric
2026-08-05T09:38:04Z,aa616abe-1761-0c9a-7959-07544679dafd,aa616abe-1761-0c9a-b6b4-10bec79003a2,laboratory,33914-3,Glomerular filtration rate [Volume Rate/Area] in Serum or Plasma by Creatinine-based formula (MDRD)/1.73 sq M,49.3,mL/min/{1.73_m2},numeric
2026-08-05T09:38:04Z,aa616abe-1761-0c9a-7959-07544679dafd,aa616abe-1761-0c9a-b6b4-10bec79003a2,social-history,72166-2,Tobacco smoking status,Never smoked tobacco (finding),,text
2026-08-05T10:13:33Z,aa616abe-1761-0c9a-7959-07544679dafd,aa616abe-1761-0c9a-b6b4-10bec79003a2,survey,76501-6,Within the last year  have you been afraid of your partner or ex-partner,Yes,,text
2026-08-05T10:13:33Z,aa616abe-1761-0c9a-7959-07544679dafd,aa616abe-1761-0c9a-b6b4-10bec79003a2,survey,93026-3,Do you feel physically and emotionally safe where you currently live [PRAPARE],Yes,,text
2026-08-05T10:13:33Z,aa616abe-1761-0c9a-7959-07544679dafd,aa616abe-1761-0c9a-b6b4-10bec79003a2,survey,93027-1,Are you a refugee,No,,text
2026-08-05T10:13:33Z,aa616abe-1761-0c9a-7959-07544679dafd,aa616abe-1761-0c9a-b6b4-10bec79003a2,survey,93028-9,Have you spent more than 2 nights in a row in a jail  prison  detention center  or juvenile correctional facility in past 1 year [PRAPARE],Yes,,text
2026-08-05T10:13:33Z,aa616abe-1761-0c9a-7959-07544679dafd,aa616abe-1761-0c9a-b6b4-10bec79003a2,survey,93038-8,Stress level,Somewhat,,text
2026-08-05T10:13:33Z,aa616abe-1761-0c9a-7959-07544679dafd,aa616abe-1761-0c9a-b6b4-10bec79003a2,survey,93029-7,How often do you see or talk to people that you care about and feel close to [PRAPARE],Less than once a week,,text
2026-08-05T10:13:33Z,aa616abe-1761-0c9a-7959-07544679dafd,aa616abe-1761-0c9a-b6b4-10bec79003a2,survey,93030-5,Has lack of transportation kept you from medical appointments  meetings  work  or from getting things needed for daily living,No,,text
2026-08-05T10:13:33Z,aa616abe-1761-0c9a-7959-07544679dafd,aa616abe-1761-0c9a-b6b4-10bec79003a2,survey,93031-3,Have you or any family members you live with been unable to get any of the following when it was really needed in past 1 year [PRAPARE],I choose not to answer this question,,text
2026-08-05T10:13:33Z,aa616abe-1761-0c9a-7959-07544679dafd,aa616abe-1761-0c9a-b6b4-10bec79003a2,survey,63586-2,What was your best estimate of the total income of all family members from all sources  before taxes  in last year [PhenX],15504,/a,text
2026-08-05T10:13:33Z,aa616abe-1761-0c9a-7959-07544679dafd,aa616abe-1761-0c9a-b6b4-10bec79003a2,survey,76437-3,Primary insurance,I choose not to answer this question,,text
2026-08-05T10:13:33Z,aa616abe-1761-0c9a-7959-07544679dafd,aa616abe-1761-0c9a-b6b4-10bec79003a2,survey,67875-5,Employment status - current,Full-time work,,text
2026-08-05T10:13:33Z,aa616abe-1761-0c9a-7959-07544679dafd,aa616abe-1761-0c9a-b6b4-10bec79003a2,survey,82589-3,Highest level of education,High school diploma or GED,,text
2026-08-05T10:13:33Z,aa616abe-1761-0c9a-7959-07544679dafd,aa616abe-1761-0c9a-b6b4-10bec79003a2,survey,56799-0,Address,997 Grant Row Unit 85,,text
2026-08-05T10:13:33Z,aa616abe-1761-0c9a-7959-07544679dafd,aa616abe-1761-0c9a-b6b4-10bec79003a2,survey,93033-9,Are you worried about losing your housing [PRAPARE],No,,text
2026-08-05T10:13:33Z,aa616abe-1761-0c9a-7959-07544679dafd,aa616abe-1761-0c9a-b6b4-10bec79003a2,survey,71802-3,Housing status,I have housing,,text
2026-08-05T10:13:33Z,aa616abe-1761-0c9a-7959-07544679dafd,aa616abe-1761-0c9a-b6b4-10bec79003a2,survey,63512-8,How many people are living or staying at this address [#],6.0,{#},numeric
2026-08-05T10:13:33Z,aa616abe-1761-0c9a-7959-07544679dafd,aa616abe-1761-0c9a-b6b4-10bec79003a2,survey,54899-0,Preferred language,English,,text
2026-08-05T10:13:33Z,aa616abe-1761-0c9a-7959-07544679dafd,aa616abe-1761-0c9a-b6b4-10bec79003a2,survey,93034-7,Discharged from the U.S. Armed Forces,No,,text
2026-08-05T10:13:33Z,aa616abe-1761-0c9a-7959-07544679dafd,aa616abe-1761-0c9a-b6b4-10bec79003a2,survey,93035-4,Has season or migrant farm work been your or your family's main source of income at any point in past 2 years [PRAPARE],No,,text
2026-08-05T10:13:33Z,aa616abe-1761-0c9a-7959-07544679dafd,aa616abe-1761-0c9a-b6b4-10bec79003a2,survey,32624-9,Race,White,,text
2026-08-05T10:13:33Z,aa616abe-1761-0c9a-7959-07544679dafd,aa616abe-1761-0c9a-b6b4-10bec79003a2,survey,56051-6,Hispanic or Latino,No,,text
2026-08-05T10:33:38Z,aa616abe-1761-0c9a-7959-07544679dafd,aa616abe-1761-0c9a-b6b4-10bec79003a2,survey,59460-6,Fall risk total [Morse Fall Scale],27.0,{#},numeric
2026-08-05T10:33:38Z,aa616abe-1761-0c9a-7959-07544679dafd,aa616abe-1761-0c9a-b6b4-10bec79003a2,survey,59461-4,Fall risk level [Morse Fall Scale],Moderate Risk (MFS Score 25 - 45),,text
2026-08-05T11:12:01Z,aa616abe-1761-0c9a-7959-07544679dafd,aa616abe-1761-0c9a-b6b4-10bec79003a2,survey,55758-7,Patient Health Questionnaire 2 item (PHQ-2) total score [Reported],1.0,{score},numeric
2026-08-19T09:38:04Z,aa616abe-1761-0c9a-7959-07544679dafd,aa616abe-1761-0c9a-66c3-b1c5d50f81f0,laboratory,2345-7,Glucose [Mass/volume] in Serum or Plasma,96.1,mg/dL,numeric
2026-08-19T09:38:04Z,aa616abe-1761-0c9a-7959-07544679dafd,aa616abe-1761-0c9a-66c3-b1c5d50f81f0,laboratory,3094-0,Urea nitrogen [Mass/volume] in Serum or Plasma,14.8,mg/dL,numeric
2026-08-19T09:38:04Z,aa616abe-1761-0c9a-7959-07544679dafd,aa616abe-1761-0c9a-66c3-b1c5d50f81f0,laboratory,2160-0,Creatinine [Mass/volume] in Serum or Plasma,1.9,mg/dL,numeric
2026-08-19T09:38:04Z,aa616abe-1761-0c9a-7959-07544679dafd,aa616abe-1761-0c9a-66c3-b1c5d50f81f0,laboratory,17861-6,Calcium [Mass/volume] in Serum or Plasma,9.4,mg/dL,numeric
2026-08-19T09:38:04Z,aa616abe-1761-0c9a-7959-07544679dafd,aa616abe-1761-0c9a-66c3-b1c5d50f81f0,laboratory,2951-2,Sodium [Moles/volume] in Serum or Plasma,143.7,mmol/L,numeric
2026-08-19T09:38:04Z,aa616abe-1761-0c9a-7959-07544679dafd,aa616abe-1761-0c9a-66c3-b1c5d50f81f0,laboratory,2823-3,Potassium [Moles/volume] in Serum or Plasma,4.5,mmol/L,numeric
2026-08-19T09:38:04Z,aa616abe-1761-0c9a-7959-07544679dafd,aa616abe-1761-0c9a-66c3-b1c5d50f81f0,laboratory,2075-0,Chloride [Moles/volume] in Serum or Plasma,102.0,mmol/L,numeric
2026-08-19T09:38:04Z,aa616abe-1761-0c9a-7959-07544679dafd,aa616abe-1761-0c9a-66c3-b1c5d50f81f0,laboratory,2028-9,Carbon dioxide  total [Moles/volume] in Serum or Plasma,28.4,mmol/L,numeric
2026-08-19T09:38:04Z,aa616abe-1761-0c9a-7959-07544679dafd,aa616abe-1761-0c9a-66c3-b1c5d50f81f0,laboratory,33914-3,Glomerular filtration rate [Volume Rate/Area] in Serum or Plasma by Creatinine-based formula (MDRD)/1.73 sq M,87.3,mL/min/{1.73_m2},numeric
2026-08-19T09:38:04Z,aa616abe-1761-0c9a-7959-07544679dafd,aa616abe-1761-0c9a-66c3-b1c5d50f81f0,laboratory,5767-9,Appearance of Urine,Cloudy urine (finding),{nominal},text
2026-08-19T09:38:04Z,aa616abe-1761-0c9a-7959-07544679dafd,aa616abe-1761-0c9a-66c3-b1c5d50f81f0,laboratory,34533-0,Odor of Urine,Urine smell ammoniacal (finding),{nominal},text
2026-08-19T09:38:04Z,aa616abe-1761-0c9a-7959-07544679dafd,aa616abe-1761-0c9a-66c3-b1c5d50f81f0,laboratory,32167-9,Clarity of Urine,Translucent (qualifier value),{nominal},text
2026-08-19T09:38:04Z,aa616abe-1761-0c9a-7959-07544679dafd,aa616abe-1761-0c9a-66c3-b1c5d50f81f0,laboratory,5778-6,Color of Urine,Brown color (qualifier value),{nominal},text
2026-08-19T09:38:04Z,aa616abe-1761-0c9a-7959-07544679dafd,aa616abe-1761-0c9a-66c3-b1c5d50f81f0,laboratory,5792-7,Glucose [Mass/volume] in Urine by Test strip,1.0,mg/dL,numeric
2026-08-19T09:38:04Z,aa616abe-1761-0c9a-7959-07544679dafd,aa616abe-1761-0c9a-66c3-b1c5d50f81f0,laboratory,25428-4,Glucose [Presence] in Urine by Test strip,Urine glucose test = ++ (finding),{nominal},text
2026-08-19T09:38:04Z,aa616abe-1761-0c9a-7959-07544679dafd,aa616abe-1761-0c9a-66c3-b1c5d50f81f0,laboratory,20505-4,Bilirubin.total [Mass/volume] in Urine by Test strip,1.1,mg/dL,numeric
2026-08-19T09:38:04Z,aa616abe-1761-0c9a-7959-07544679dafd,aa616abe-1761-0c9a-66c3-b1c5d50f81f0,laboratory,5770-3,Bilirubin.total [Presence] in Urine by Test strip,Finding of bilirubin in urine (finding),{nominal},text
2026-08-19T09:38:04Z,aa616abe-1761-0c9a-7959-07544679dafd,aa616abe-1761-0c9a-66c3-b1c5d50f81f0,laboratory,5797-6,Ketones [Mass/volume] in Urine by Test strip,14.7,mg/dL,numeric
2026-08-19T09:38:04Z,aa616abe-1761-0c9a-7959-07544679dafd,aa616abe-1761-0c9a-66c3-b1c5d50f81f0,laboratory,2514-8,Ketones [Presence] in Urine by Test strip,Urine ketone test = + (finding),{nominal},text
2026-08-19T09:38:04Z,aa616abe-1761-0c9a-7959-07544679dafd,aa616abe-1761-0c9a-66c3-b1c5d50f81f0,laboratory,5811-5,Specific gravity of Urine by Test strip,1.0,{nominal},numeric
2026-08-19T09:38:04Z,aa616abe-1761-0c9a-7959-07544679dafd,aa616abe-1761-0c9a-66c3-b1c5d50f81f0,laboratory,5803-2,pH of Urine by Test strip,5.1,pH,numeric
2026-08-19T09:38:04Z,aa616abe-1761-0c9a-7959-07544679dafd,aa616abe-1761-0c9a-66c3-b1c5d50f81f0,laboratory,5804-0,Protein [Mass/volume] in Urine by Test strip,167.6,mg/dL,numeric
2026-08-19T09:38:04Z,aa616abe-1761-0c9a-7959-07544679dafd,aa616abe-1761-0c9a-66c3-b1c5d50f81f0,laboratory,20454-5,Protein [Presence] in Urine by Test strip,Urine protein test = ++ (finding),{nominal},text
2026-08-19T09:38:04Z,aa616abe-1761-0c9a-7959-07544679dafd,aa616abe-1761-0c9a-66c3-b1c5d50f81f0,laboratory,5802-4,Nitrite [Presence] in Urine by Test strip,Nitrite not detected in urine (finding),{nominal},text
2026-08-19T09:38:04Z,aa616abe-1761-0c9a-7959-07544679dafd,aa616abe-1761-0c9a-66c3-b1c5d50f81f0,laboratory,5794-3,Hemoglobin [Presence] in Urine by Test strip,Blood not detected in urine (finding),{nominal},text
2026-08-19T09:38:04Z,aa616abe-1761-0c9a-7959-07544679dafd,aa616abe-1761-0c9a-66c3-b1c5d50f81f0,laboratory,5799-2,Leukocyte esterase [Presence] in Urine by Test strip,Urine leukocytes not detected (finding),{nominal},text
2026-08-19T09:38:04Z,aa616abe-1761-0c9a-7959-07544679dafd,aa616abe-1761-0c9a-66c3-b1c5d50f81f0,laboratory,4548-4,Hemoglobin A1c/Hemoglobin.total in Blood,5.4,%,numeric
2026-08-19T09:38:04Z,aa616abe-1761-0c9a-7959-07544679dafd,aa616abe-1761-0c9a-66c3-b1c5d50f81f0,vital-signs,8302-2,Body Height,164.6,cm,numeric
2026-08-19T09:38:04Z,aa616abe-1761-0c9a-7959-07544679dafd,aa616abe-1761-0c9a-66c3-b1c5d50f81f0,vital-signs,72514-3,Pain severity - 0-10 verbal numeric rating [Score] - Reported,1.0,{score},numeric
2026-08-19T09:38:04Z,aa616abe-1761-0c9a-7959-07544679dafd,aa616abe-1761-0c9a-66c3-b1c5d50f81f0,vital-signs,29463-7,Body Weight,75.2,kg,numeric
2026-08-19T09:38:04Z,aa616abe-1761-0c9a-7959-07544679dafd,aa616abe-1761-0c9a-66c3-b1c5d50f81f0,vital-signs,39156-5,Body mass index (BMI) [Ratio],27.8,kg/m2,numeric
2026-08-19T09:38:04Z,aa616abe-1761-0c9a-7959-07544679dafd,aa616abe-1761-0c9a-66c3-b1c5d50f81f0,vital-signs,8462-4,Diastolic Blood Pressure,73.0,mm[Hg],numeric
2026-08-19T09:38:04Z,aa616abe-1761-0c9a-7959-07544679dafd,aa616abe-1761-0c9a-66c3-b1c5d50f81f0,vital-signs,8480-6,Systolic Blood Pressure,98.0,mm[Hg],numeric
2026-08-19T09:38:04Z,aa616abe-1761-0c9a-7959-07544679dafd,aa616abe-1761-0c9a-66c3-b1c5d50f81f0,vital-signs,8867-4,Heart rate,83.0,/min,numeric
2026-08-19T09:38:04Z,aa616abe-1761-0c9a-7959-07544679dafd,aa616abe-1761-0c9a-66c3-b1c5d50f81f0,vital-signs,9279-1,Respiratory rate,15.0,/min,numeric
2026-08-19T09:38:04Z,aa616abe-1761-0c9a-7959-07544679dafd,aa616abe-1761-0c9a-66c3-b1c5d50f81f0,laboratory,2339-0,Glucose [Mass/volume] in Blood,96.1,mg/dL,numeric
2026-08-19T09:38:04Z,aa616abe-1761-0c9a-7959-07544679dafd,aa616abe-1761-0c9a-66c3-b1c5d50f81f0,laboratory,6299-2,Urea nitrogen [Mass/volume] in Blood,14.8,mg/dL,numeric
2026-08-19T09:38:04Z,aa616abe-1761-0c9a-7959-07544679dafd,aa616abe-1761-0c9a-66c3-b1c5d50f81f0,laboratory,38483-4,Creatinine [Mass/volume] in Blood,1.0,mg/dL,numeric
2026-08-19T09:38:04Z,aa616abe-1761-0c9a-7959-07544679dafd,aa616abe-1761-0c9a-66c3-b1c5d50f81f0,laboratory,49765-1,Calcium [Mass/volume] in Blood,9.4,mg/dL,numeric
2026-08-19T09:38:04Z,aa616abe-1761-0c9a-7959-07544679dafd,aa616abe-1761-0c9a-66c3-b1c5d50f81f0,laboratory,2947-0,Sodium [Moles/volume] in Blood,143.7,mmol/L,numeric
2026-08-19T09:38:04Z,aa616abe-1761-0c9a-7959-07544679dafd,aa616abe-1761-0c9a-66c3-b1c5d50f81f0,laboratory,6298-4,Potassium [Moles/volume] in Blood,4.5,mmol/L,numeric
2026-08-19T09:38:04Z,aa616abe-1761-0c9a-7959-07544679dafd,aa616abe-1761-0c9a-66c3-b1c5d50f81f0,laboratory,2069-3,Chloride [Moles/volume] in Blood,102.0,mmol/L,numeric
2026-08-19T09:38:04Z,aa616abe-1761-0c9a-7959-07544679dafd,aa616abe-1761-0c9a-66c3-b1c5d50f81f0,laboratory,20565-8,Carbon dioxide  total [Moles/volume] in Blood,28.4,mmol/L,numeric
2026-08-19T09:38:04Z,aa616abe-1761-0c9a-7959-07544679dafd,aa616abe-1761-0c9a-66c3-b1c5d50f81f0,laboratory,2093-3,Cholesterol [Mass/volume] in Serum or Plasma,175.3,mg/dL,numeric
2026-08-19T09:38:04Z,aa616abe-1761-0c9a-7959-07544679dafd,aa616abe-1761-0c9a-66c3-b1c5d50f81f0,laboratory,2571-8,Triglyceride [Mass/volume] in Serum or Plasma,143.6,mg/dL,numeric
2026-08-19T09:38:04Z,aa616abe-1761-0c9a-7959-07544679dafd,aa616abe-1761-0c9a-66c3-b1c5d50f81f0,laboratory,18262-6,Cholesterol in LDL [Mass/volume] in Serum or Plasma by Direct assay,89.5,mg/dL,numeric
2026-08-19T09:38:04Z,aa616abe-1761-0c9a-7959-07544679dafd,aa616abe-1761-0c9a-66c3-b1c5d50f81f0,laboratory,2085-9,Cholesterol in HDL [Mass/volume] in Serum or Plasma,57.0,mg/dL,numeric
2026-08-19T09:38:04Z,aa616abe-1761-0c9a-7959-07544679dafd,aa616abe-1761-0c9a-66c3-b1c5d50f81f0,laboratory,14959-1,Microalbumin/Creatinine [Mass Ratio] in Urine,28.4,mg/g,numeric
2026-08-19T09:38:04Z,aa616abe-1761-0c9a-7959-07544679dafd,aa616abe-1761-0c9a-66c3-b1c5d50f81f0,laboratory,33914-3,Glomerular filtration rate [Volume Rate/Area] in Serum or Plasma by Creatinine-based formula (MDRD)/1.73 sq M,55.7,mL/min/{1.73_m2},numeric
2026-08-19T09:38:04Z,aa616abe-1761-0c9a-7959-07544679dafd,aa616abe-1761-0c9a-66c3-b1c5d50f81f0,social-history,72166-2,Tobacco smoking status,Never smoked tobacco (finding),,text
2026-08-19T10:13:45Z,aa616abe-1761-0c9a-7959-07544679dafd,aa616abe-1761-0c9a-66c3-b1c5d50f81f0,survey,76501-6,Within the last year  have you been afraid of your partner or ex-partner,No,,text
2026-08-19T10:13:45Z,aa616abe-1761-0c9a-7959-07544679dafd,aa616abe-1761-0c9a-66c3-b1c5d50f81f0,survey,93026-3,Do you feel physically and emotionally safe where you currently live [PRAPARE],Yes,,text
2026-08-19T10:13:45Z,aa616abe-1761-0c9a-7959-07544679dafd,aa616abe-1761-0c9a-66c3-b1c5d50f81f0,survey,93027-1,Are you a refugee,No,,text
2026-08-19T10:13:45Z,aa616abe-1761-0c9a-7959-07544679dafd,aa616abe-1761-0c9a-66c3-b1c5d50f81f0,survey,93028-9,Have you spent more than 2 nights in a row in a jail  prison  detention center  or juvenile correctional facility in past 1 year [PRAPARE],Yes,,text
2026-08-19T10:13:45Z,aa616abe-1761-0c9a-7959-07544679dafd,aa616abe-1761-0c9a-66c3-b1c5d50f81f0,survey,93038-8,Stress level,Very much,,text
2026-08-19T10:13:45Z,aa616abe-1761-0c9a-7959-07544679dafd,aa616abe-1761-0c9a-66c3-b1c5d50f81f0,survey,93029-7,How often do you see or talk to people that you care about and feel close to [PRAPARE],Less than once a week,,text
2026-08-19T10:13:45Z,aa616abe-1761-0c9a-7959-07544679dafd,aa616abe-1761-0c9a-66c3-b1c5d50f81f0,survey,93030-5,Has lack of transportation kept you from medical appointments  meetings  work  or from getting things needed for daily living,No,,text
2026-08-19T10:13:45Z,aa616abe-1761-0c9a-7959-07544679dafd,aa616abe-1761-0c9a-66c3-b1c5d50f81f0,survey,93031-3,Have you or any family members you live with been unable to get any of the following when it was really needed in past 1 year [PRAPARE],I choose not to answer this question,,text
2026-08-19T10:13:45Z,aa616abe-1761-0c9a-7959-07544679dafd,aa616abe-1761-0c9a-66c3-b1c5d50f81f0,survey,63586-2,What was your best estimate of the total income of all family members from all sources  before taxes  in last year [PhenX],15504,/a,text
2026-08-19T10:13:45Z,aa616abe-1761-0c9a-7959-07544679dafd,aa616abe-1761-0c9a-66c3-b1c5d50f81f0,survey,76437-3,Primary insurance,I choose not to answer this question,,text
2026-08-19T10:13:45Z,aa616abe-1761-0c9a-7959-07544679dafd,aa616abe-1761-0c9a-66c3-b1c5d50f81f0,survey,67875-5,Employment status - current,Full-time work,,text
2026-08-19T10:13:45Z,aa616abe-1761-0c9a-7959-07544679dafd,aa616abe-1761-0c9a-66c3-b1c5d50f81f0,survey,82589-3,Highest level of education,High school diploma or GED,,text
2026-08-19T10:13:45Z,aa616abe-1761-0c9a-7959-07544679dafd,aa616abe-1761-0c9a-66c3-b1c5d50f81f0,survey,56799-0,Address,997 Grant Row Unit 85,,text
2026-08-19T10:13:45Z,aa616abe-1761-0c9a-7959-07544679dafd,aa616abe-1761-0c9a-66c3-b1c5d50f81f0,survey,93033-9,Are you worried about losing your housing [PRAPARE],No,,text
2026-08-19T10:13:45Z,aa616abe-1761-0c9a-7959-07544679dafd,aa616abe-1761-0c9a-66c3-b1c5d50f81f0,survey,71802-3,Housing status,I have housing,,text
2026-08-19T10:13:45Z,aa616abe-1761-0c9a-7959-07544679dafd,aa616abe-1761-0c9a-66c3-b1c5d50f81f0,survey,63512-8,How many people are living or staying at this address [#],6.0,{#},numeric
2026-08-19T10:13:45Z,aa616abe-1761-0c9a-7959-07544679dafd,aa616abe-1761-0c9a-66c3-b1c5d50f81f0,survey,54899-0,Preferred language,English,,text
2026-08-19T10:13:45Z,aa616abe-1761-0c9a-7959-07544679dafd,aa616abe-1761-0c9a-66c3-b1c5d50f81f0,survey,93034-7,Discharged from the U.S. Armed Forces,No,,text
2026-08-19T10:13:45Z,aa616abe-1761-0c9a-7959-07544679dafd,aa616abe-1761-0c9a-66c3-b1c5d50f81f0,survey,93035-4,Has season or migrant farm work been your or your family's main source of income at any point in past 2 years [PRAPARE],No,,text
2026-08-19T10:13:45Z,aa616abe-1761-0c9a-7959-07544679dafd,aa616abe-1761-0c9a-66c3-b1c5d50f81f0,survey,32624-9,Race,White,,text
2026-08-19T10:13:45Z,aa616abe-1761-0c9a-7959-07544679dafd,aa616abe-1761-0c9a-66c3-b1c5d50f81f0,survey,56051-6,Hispanic or Latino,No,,text
2026-08-19T10:52:31Z,aa616abe-1761-0c9a-7959-07544679dafd,aa616abe-1761-0c9a-66c3-b1c5d50f81f0,survey,55758-7,Patient Health Questionnaire 2 item (PHQ-2) total score [Reported],0.0,{score},numeric
2026-08-19T11:26:23Z,aa616abe-1761-0c9a-7959-07544679dafd,aa616abe-1761-0c9a-66c3-b1c5d50f81f0,survey,75626-2,Total score [AUDIT-C],1.0,{score},numeric
2026-09-02T09:38:04Z,aa616abe-1761-0c9a-7959-07544679dafd,aa616abe-1761-0c9a-01f7-4ab5aa771875,laboratory,2345-7,Glucose [Mass/volume] in Serum or Plasma,65.5,mg/dL,numeric
2026-09-02T09:38:04Z,aa616abe-1761-0c9a-7959-07544679dafd,aa616abe-1761-0c9a-01f7-4ab5aa771875,laboratory,3094-0,Urea nitrogen [Mass/volume] in Serum or Plasma,8.3,mg/dL,numeric
2026-09-02T09:38:04Z,aa616abe-1761-0c9a-7959-07544679dafd,aa616abe-1761-0c9a-01f7-4ab5aa771875,laboratory,2160-0,Creatinine [Mass/volume] in Serum or Plasma,1.9,mg/dL,numeric
2026-09-02T09:38:04Z,aa616abe-1761-0c9a-7959-07544679dafd,aa616abe-1761-0c9a-01f7-4ab5aa771875,laboratory,17861-6,Calcium [Mass/volume] in Serum or Plasma,9.3,mg/dL,numeric
2026-09-02T09:38:04Z,aa616abe-1761-0c9a-7959-07544679dafd,aa616abe-1761-0c9a-01f7-4ab5aa771875,laboratory,2951-2,Sodium [Moles/volume] in Serum or Plasma,138.4,mmol/L,numeric
2026-09-02T09:38:04Z,aa616abe-1761-0c9a-7959-07544679dafd,aa616abe-1761-0c9a-01f7-4ab5aa771875,laboratory,2823-3,Potassium [Moles/volume] in Serum or Plasma,4.1,mmol/L,numeric
2026-09-02T09:38:04Z,aa616abe-1761-0c9a-7959-07544679dafd,aa616abe-1761-0c9a-01f7-4ab5aa771875,laboratory,2075-0,Chloride [Moles/volume] in Serum or Plasma,110.9,mmol/L,numeric
2026-09-02T09:38:04Z,aa616abe-1761-0c9a-7959-07544679dafd,aa616abe-1761-0c9a-01f7-4ab5aa771875,laboratory,2028-9,Carbon dioxide  total [Moles/volume] in Serum or Plasma,26.1,mmol/L,numeric
2026-09-02T09:38:04Z,aa616abe-1761-0c9a-7959-07544679dafd,aa616abe-1761-0c9a-01f7-4ab5aa771875,laboratory,33914-3,Glomerular filtration rate [Volume Rate/Area] in Serum or Plasma by Creatinine-based formula (MDRD)/1.73 sq M,73.5,mL/min/{1.73_m2},numeric
2026-09-02T09:38:04Z,aa616abe-1761-0c9a-7959-07544679dafd,aa616abe-1761-0c9a-01f7-4ab5aa771875,laboratory,5767-9,Appearance of Urine,Cloudy urine (finding),{nominal},text
2026-09-02T09:38:04Z,aa616abe-1761-0c9a-7959-07544679dafd,aa616abe-1761-0c9a-01f7-4ab5aa771875,laboratory,34533-0,Odor of Urine,Urine smell ammoniacal (finding),{nominal},text
2026-09-02T09:38:04Z,aa616abe-1761-0c9a-7959-07544679dafd,aa616abe-1761-0c9a-01f7-4ab5aa771875,laboratory,32167-9,Clarity of Urine,Translucent (qualifier value),{nominal},text
2026-09-02T09:38:04Z,aa616abe-1761-0c9a-7959-07544679dafd,aa616abe-1761-0c9a-01f7-4ab5aa771875,laboratory,5778-6,Color of Urine,Brown color (qualifier value),{nominal},text
2026-09-02T09:38:04Z,aa616abe-1761-0c9a-7959-07544679dafd,aa616abe-1761-0c9a-01f7-4ab5aa771875,laboratory,5792-7,Glucose [Mass/volume] in Urine by Test strip,2.2,mg/dL,numeric
2026-09-02T09:38:04Z,aa616abe-1761-0c9a-7959-07544679dafd,aa616abe-1761-0c9a-01f7-4ab5aa771875,laboratory,25428-4,Glucose [Presence] in Urine by Test strip,Urine glucose test = ++ (finding),{nominal},text
2026-09-02T09:38:04Z,aa616abe-1761-0c9a-7959-07544679dafd,aa616abe-1761-0c9a-01f7-4ab5aa771875,laboratory,20505-4,Bilirubin.total [Mass/volume] in Urine by Test strip,0.7,mg/dL,numeric
2026-09-02T09:38:04Z,aa616abe-1761-0c9a-7959-07544679dafd,aa616abe-1761-0c9a-01f7-4ab5aa771875,laboratory,5770-3,Bilirubin.total [Presence] in Urine by Test strip,Finding of bilirubin in urine (finding),{nominal},text
2026-09-02T09:38:04Z,aa616abe-1761-0c9a-7959-07544679dafd,aa616abe-1761-0c9a-01f7-4ab5aa771875,laboratory,5797-6,Ketones [Mass/volume] in Urine by Test strip,3.7,mg/dL,numeric
2026-09-02T09:38:04Z,aa616abe-1761-0c9a-7959-07544679dafd,aa616abe-1761-0c9a-01f7-4ab5aa771875,laboratory,2514-8,Ketones [Presence] in Urine by Test strip,Urine ketone test = + (finding),{nominal},text
2026-09-02T09:38:04Z,aa616abe-1761-0c9a-7959-07544679dafd,aa616abe-1761-0c9a-01f7-4ab5aa771875,laboratory,5811-5,Specific gravity of Urine by Test strip,1.0,{nominal},numeric
2026-09-02T09:38:04Z,aa616abe-1761-0c9a-7959-07544679dafd,aa616abe-1761-0c9a-01f7-4ab5aa771875,laboratory,5803-2,pH of Urine by Test strip,5.3,pH,numeric
2026-09-02T09:38:04Z,aa616abe-1761-0c9a-7959-07544679dafd,aa616abe-1761-0c9a-01f7-4ab5aa771875,laboratory,5804-0,Protein [Mass/volume] in Urine by Test strip,201.3,mg/dL,numeric
2026-09-02T09:38:04Z,aa616abe-1761-0c9a-7959-07544679dafd,aa616abe-1761-0c9a-01f7-4ab5aa771875,laboratory,20454-5,Protein [Presence] in Urine by Test strip,Urine protein test = ++ (finding),{nominal},text
2026-09-02T09:38:04Z,aa616abe-1761-0c9a-7959-07544679dafd,aa616abe-1761-0c9a-01f7-4ab5aa771875,laboratory,5802-4,Nitrite [Presence] in Urine by Test strip,Nitrite not detected in urine (finding),{nominal},text
2026-09-02T09:38:04Z,aa616abe-1761-0c9a-7959-07544679dafd,aa616abe-1761-0c9a-01f7-4ab5aa771875,laboratory,5794-3,Hemoglobin [Presence] in Urine by Test strip,Blood not detected in urine (finding),{nominal},text
2026-09-02T09:38:04Z,aa616abe-1761-0c9a-7959-07544679dafd,aa616abe-1761-0c9a-01f7-4ab5aa771875,laboratory,5799-2,Leukocyte esterase [Presence] in Urine by Test strip,Urine leukocytes not detected (finding),{nominal},text
2026-09-02T09:38:04Z,aa616abe-1761-0c9a-7959-07544679dafd,aa616abe-1761-0c9a-01f7-4ab5aa771875,laboratory,4548-4,Hemoglobin A1c/Hemoglobin.total in Blood,5.4,%,numeric
2026-09-02T09:38:04Z,aa616abe-1761-0c9a-7959-07544679dafd,aa616abe-1761-0c9a-01f7-4ab5aa771875,vital-signs,8302-2,Body Height,164.6,cm,numeric
2026-09-02T09:38:04Z,aa616abe-1761-0c9a-7959-07544679dafd,aa616abe-1761-0c9a-01f7-4ab5aa771875,vital-signs,72514-3,Pain severity - 0-10 verbal numeric rating [Score] - Reported,2.0,{score},numeric
2026-09-02T09:38:04Z,aa616abe-1761-0c9a-7959-07544679dafd,aa616abe-1761-0c9a-01f7-4ab5aa771875,vital-signs,29463-7,Body Weight,75.2,kg,numeric
2026-09-02T09:38:04Z,aa616abe-1761-0c9a-7959-07544679dafd,aa616abe-1761-0c9a-01f7-4ab5aa771875,vital-signs,39156-5,Body mass index (BMI) [Ratio],27.8,kg/m2,numeric
2026-09-02T09:38:04Z,aa616abe-1761-0c9a-7959-07544679dafd,aa616abe-1761-0c9a-01f7-4ab5aa771875,vital-signs,8462-4,Diastolic Blood Pressure,75.0,mm[Hg],numeric
2026-09-02T09:38:04Z,aa616abe-1761-0c9a-7959-07544679dafd,aa616abe-1761-0c9a-01f7-4ab5aa771875,vital-signs,8480-6,Systolic Blood Pressure,99.0,mm[Hg],numeric
2026-09-02T09:38:04Z,aa616abe-1761-0c9a-7959-07544679dafd,aa616abe-1761-0c9a-01f7-4ab5aa771875,vital-signs,8867-4,Heart rate,62.0,/min,numeric
2026-09-02T09:38:04Z,aa616abe-1761-0c9a-7959-07544679dafd,aa616abe-1761-0c9a-01f7-4ab5aa771875,vital-signs,9279-1,Respiratory rate,15.0,/min,numeric
2026-09-02T09:38:04Z,aa616abe-1761-0c9a-7959-07544679dafd,aa616abe-1761-0c9a-01f7-4ab5aa771875,laboratory,2339-0,Glucose [Mass/volume] in Blood,65.5,mg/dL,numeric
2026-09-02T09:38:04Z,aa616abe-1761-0c9a-7959-07544679dafd,aa616abe-1761-0c9a-01f7-4ab5aa771875,laboratory,6299-2,Urea nitrogen [Mass/volume] in Blood,8.3,mg/dL,numeric
2026-09-02T09:38:04Z,aa616abe-1761-0c9a-7959-07544679dafd,aa616abe-1761-0c9a-01f7-4ab5aa771875,laboratory,38483-4,Creatinine [Mass/volume] in Blood,1.2,mg/dL,numeric
2026-09-02T09:38:04Z,aa616abe-1761-0c9a-7959-07544679dafd,aa616abe-1761-0c9a-01f7-4ab5aa771875,laboratory,49765-1,Calcium [Mass/volume] in Blood,9.3,mg/dL,numeric
2026-09-02T09:38:04Z,aa616abe-1761-0c9a-7959-07544679dafd,aa616abe-1761-0c9a-01f7-4ab5aa771875,laboratory,2947-0,Sodium [Moles/volume] in Blood,138.4,mmol/L,numeric
2026-09-02T09:38:04Z,aa616abe-1761-0c9a-7959-07544679dafd,aa616abe-1761-0c9a-01f7-4ab5aa771875,laboratory,6298-4,Potassium [Moles/volume] in Blood,4.1,mmol/L,numeric
2026-09-02T09:38:04Z,aa616abe-1761-0c9a-7959-07544679dafd,aa616abe-1761-0c9a-01f7-4ab5aa771875,laboratory,2069-3,Chloride [Moles/volume] in Blood,110.9,mmol/L,numeric
2026-09-02T09:38:04Z,aa616abe-1761-0c9a-7959-07544679dafd,aa616abe-1761-0c9a-01f7-4ab5aa771875,laboratory,20565-8,Carbon dioxide  total [Moles/volume] in Blood,26.1,mmol/L,numeric
2026-09-02T09:38:04Z,aa616abe-1761-0c9a-7959-07544679dafd,aa616abe-1761-0c9a-01f7-4ab5aa771875,laboratory,2093-3,Cholesterol [Mass/volume] in Serum or Plasma,181.5,mg/dL,numeric
2026-09-02T09:38:04Z,aa616abe-1761-0c9a-7959-07544679dafd,aa616abe-1761-0c9a-01f7-4ab5aa771875,laboratory,2571-8,Triglyceride [Mass/volume] in Serum or Plasma,127.3,mg/dL,numeric
2026-09-02T09:38:04Z,aa616abe-1761-0c9a-7959-07544679dafd,aa616abe-1761-0c9a-01f7-4ab5aa771875,laboratory,18262-6,Cholesterol in LDL [Mass/volume] in Serum or Plasma by Direct assay,102.2,mg/dL,numeric
2026-09-02T09:38:04Z,aa616abe-1761-0c9a-7959-07544679dafd,aa616abe-1761-0c9a-01f7-4ab5aa771875,laboratory,2085-9,Cholesterol in HDL [Mass/volume] in Serum or Plasma,53.9,mg/dL,numeric
2026-09-02T09:38:04Z,aa616abe-1761-0c9a-7959-07544679dafd,aa616abe-1761-0c9a-01f7-4ab5aa771875,laboratory,14959-1,Microalbumin/Creatinine [Mass Ratio] in Urine,22.8,mg/g,numeric
2026-09-02T09:38:04Z,aa616abe-1761-0c9a-7959-07544679dafd,aa616abe-1761-0c9a-01f7-4ab5aa771875,laboratory,33914-3,Glomerular filtration rate [Volume Rate/Area] in Serum or Plasma by Creatinine-based formula (MDRD)/1.73 sq M,47.8,mL/min/{1.73_m2},numeric
2026-09-02T09:38:04Z,aa616abe-1761-0c9a-7959-07544679dafd,aa616abe-1761-0c9a-01f7-4ab5aa771875,social-history,72166-2,Tobacco smoking status,Never smoked tobacco (finding),,text
2026-09-02T10:29:12Z,aa616abe-1761-0c9a-7959-07544679dafd,aa616abe-1761-0c9a-01f7-4ab5aa771875,survey,76501-6,Within the last year  have you been afraid of your partner or ex-partner,No,,text
2026-09-02T10:29:12Z,aa616abe-1761-0c9a-7959-07544679dafd,aa616abe-1761-0c9a-01f7-4ab5aa771875,survey,93026-3,Do you feel physically and emotionally safe where you currently live [PRAPARE],Yes,,text
2026-09-02T10:29:12Z,aa616abe-1761-0c9a-7959-07544679dafd,aa616abe-1761-0c9a-01f7-4ab5aa771875,survey,93027-1,Are you a refugee,No,,text
2026-09-02T10:29:12Z,aa616abe-1761-0c9a-7959-07544679dafd,aa616abe-1761-0c9a-01f7-4ab5aa771875,survey,93028-9,Have you spent more than 2 nights in a row in a jail  prison  detention center  or juvenile correctional facility in past 1 year [PRAPARE],Yes,,text
2026-09-02T10:29:12Z,aa616abe-1761-0c9a-7959-07544679dafd,aa616abe-1761-0c9a-01f7-4ab5aa771875,survey,93038-8,Stress level,A little bit,,text
2026-09-02T10:29:12Z,aa616abe-1761-0c9a-7959-07544679dafd,aa616abe-1761-0c9a-01f7-4ab5aa771875,survey,93029-7,How often do you see or talk to people that you care about and feel close to [PRAPARE],3 to 5 times a week,,text
2026-09-02T10:29:12Z,aa616abe-1761-0c9a-7959-07544679dafd,aa616abe-1761-0c9a-01f7-4ab5aa771875,survey,93030-5,Has lack of transportation kept you from medical appointments  meetings  work  or from getting things needed for daily living,No,,text
2026-09-02T10:29:12Z,aa616abe-1761-0c9a-7959-07544679dafd,aa616abe-1761-0c9a-01f7-4ab5aa771875,survey,93031-3,Have you or any family members you live with been unable to get any of the following when it was really needed in past 1 year [PRAPARE],Food,,text
2026-09-02T10:29:12Z,aa616abe-1761-0c9a-7959-07544679dafd,aa616abe-1761-0c9a-01f7-4ab5aa771875,survey,63586-2,What was your best estimate of the total income of all family members from all sources  before taxes  in last year [PhenX],15504,/a,text
2026-09-02T10:29:12Z,aa616abe-1761-0c9a-7959-07544679dafd,aa616abe-1761-0c9a-01f7-4ab5aa771875,survey,76437-3,Primary insurance,I choose not to answer this question,,text
2026-09-02T10:29:12Z,aa616abe-1761-0c9a-7959-07544679dafd,aa616abe-1761-0c9a-01f7-4ab5aa771875,survey,67875-5,Employment status - current,Otherwise unemployed but not seeking work (ex: student  retired  disabled  unpaid primary care giver),,text
2026-09-02T10:29:12Z,aa616abe-1761-0c9a-7959-07544679dafd,aa616abe-1761-0c9a-01f7-4ab5aa771875,survey,82589-3,Highest level of education,High school diploma or GED,,text
2026-09-02T10:29:12Z,aa616abe-1761-0c9a-7959-07544679dafd,aa616abe-1761-0c9a-01f7-4ab5aa771875,survey,56799-0,Address,997 Grant Row Unit 85,,text
2026-09-02T10:29:12Z,aa616abe-1761-0c9a-7959-07544679dafd,aa616abe-1761-0c9a-01f7-4ab5aa771875,survey,93033-9,Are you worried about losing your housing [PRAPARE],No,,text
2026-09-02T10:29:12Z,aa616abe-1761-0c9a-7959-07544679dafd,aa616abe-1761-0c9a-01f7-4ab5aa771875,survey,71802-3,Housing status,I have housing,,text
2026-09-02T10:29:12Z,aa616abe-1761-0c9a-7959-07544679dafd,aa616abe-1761-0c9a-01f7-4ab5aa771875,survey,63512-8,How many people are living or staying at this address [#],6.0,{#},numeric
2026-09-02T10:29:12Z,aa616abe-1761-0c9a-7959-07544679dafd,aa616abe-1761-0c9a-01f7-4ab5aa771875,survey,54899-0,Preferred language,English,,text
2026-09-02T10:29:12Z,aa616abe-1761-0c9a-7959-07544679dafd,aa616abe-1761-0c9a-01f7-4ab5aa771875,survey,93034-7,Discharged from the U.S. Armed Forces,No,,text
2026-09-02T10:29:12Z,aa616abe-1761-0c9a-7959-07544679dafd,aa616abe-1761-0c9a-01f7-4ab5aa771875,survey,93035-4,Has season or migrant farm work been your or your family's main source of income at any point in past 2 years [PRAPARE],No,,text
2026-09-02T10:29:12Z,aa616abe-1761-0c9a-7959-07544679dafd,aa616abe-1761-0c9a-01f7-4ab5aa771875,survey,32624-9,Race,White,,text
2026-09-02T10:29:12Z,aa616abe-1761-0c9a-7959-07544679dafd,aa616abe-1761-0c9a-01f7-4ab5aa771875,survey,56051-6,Hispanic or Latino,No,,text
2026-09-02T10:50:45Z,aa616abe-1761-0c9a-7959-07544679dafd,aa616abe-1761-0c9a-01f7-4ab5aa771875,survey,70274-6,Generalized anxiety disorder 7 item (GAD-7) total score [Reported.PHQ],4.0,{score},numeric
2026-09-02T11:09:43Z,aa616abe-1761-0c9a-7959-07544679dafd,aa616abe-1761-0c9a-01f7-4ab5aa771875,survey,59460-6,Fall risk total [Morse Fall Scale],13.0,{#},numeric
2026-09-02T11:09:43Z,aa616abe-1761-0c9a-7959-07544679dafd,aa616abe-1761-0c9a-01f7-4ab5aa771875,survey,59461-4,Fall risk level [Morse Fall Scale],Low Risk (MFS Score 0 - 24),,text
2026-09-02T11:43:15Z,aa616abe-1761-0c9a-7959-07544679dafd,aa616abe-1761-0c9a-01f7-4ab5aa771875,survey,55758-7,Patient Health Questionnaire 2 item (PHQ-2) total score [Reported],1.0,{score},numeric
2026-09-02T12:24:58Z,aa616abe-1761-0c9a-7959-07544679dafd,aa616abe-1761-0c9a-01f7-4ab5aa771875,survey,75626-2,Total score [AUDIT-C],1.0,{score},numeric
2023-07-26T09:38:04Z,aa616abe-1761-0c9a-7959-07544679dafd,,,QALY,QALY,65.2,a,numeric
2024-07-26T09:38:04Z,aa616abe-1761-0c9a-7959-07544679dafd,,,QALY,QALY,65.8,a,numeric
2025-07-26T09:38:04Z,aa616abe-1761-0c9a-7959-07544679dafd,,,QALY,QALY,66.5,a,numeric
2026-07-26T09:38:04Z,aa616abe-1761-0c9a-7959-07544679dafd,,,QALY,QALY,67.2,a,numeric
2023-07-26T09:38:04Z,aa616abe-1761-0c9a-7959-07544679dafd,,,DALY,DALY,6.8,a,numeric
2024-07-26T09:38:04Z,aa616abe-1761-0c9a-7959-07544679dafd,,,DALY,DALY,7.2,a,numeric
2025-07-26T09:38:04Z,aa616abe-1761-0c9a-7959-07544679dafd,,,DALY,DALY,7.5,a,numeric
2026-07-26T09:38:04Z,aa616abe-1761-0c9a-7959-07544679dafd,,,DALY,DALY,7.8,a,numeric
2023-07-26T09:38:04Z,aa616abe-1761-0c9a-7959-07544679dafd,,,QOLS,QOLS,0.7,{score},numeric
2024-07-26T09:38:04Z,aa616abe-1761-0c9a-7959-07544679dafd,,,QOLS,QOLS,0.7,{score},numeric
2025-07-26T09:38:04Z,aa616abe-1761-0c9a-7959-07544679dafd,,,QOLS,QOLS,0.7,{score},numeric
2026-07-26T09:38:04Z,aa616abe-1761-0c9a-7959-07544679dafd,,,QOLS,QOLS,0.7,{score},numeric
