START,STOP,PATIENT,ENCOUNTER,SYSTEM,CODE,DESCRIPTION,BASE_COST,REASONCODE,REASONDESCRIPTION
2023-11-15T01:52:42Z,2023-11-15T02:07:42Z,aee7bbe1-0c45-c028-1e62-1f4cdb30c273,aee7bbe1-0c45-c028-4fc2-22bf838d4eef,http://snomed.info/sct,430193006,Medication reconciliation (procedure),592.70,,
2023-11-15T01:52:42Z,2023-11-15T02:19:16Z,aee7bbe1-0c45-c028-1e62-1f4cdb30c273,aee7bbe1-0c45-c028-4fc2-22bf838d4eef,http://snomed.info/sct,710841007,Assessment of anxiety (procedure),431.40,,
2023-11-15T02:19:16Z,2023-11-15T02:32:41Z,aee7bbe1-0c45-c028-1e62-1f4cdb30c273,aee7bbe1-0c45-c028-4fc2-22bf838d4eef,http://snomed.info/sct,171207006,Depression screening (procedure),431.40,,
2023-11-15T02:32:41Z,2023-11-15T02:56:50Z,aee7bbe1-0c45-c028-1e62-1f4cdb30c273,aee7bbe1-0c45-c028-4fc2-22bf838d4eef,http://snomed.info/sct,715252007,Depression screening using Patient Health Questionnaire Nine Item score (procedure),25.88,,
2023-11-15T02:56:50Z,2023-11-15T03:10:18Z,aee7bbe1-0c45-c028-1e62-1f4cdb30c273,aee7bbe1-0c45-c028-4fc2-22bf838d4eef,http://snomed.info/sct,428211000124100,Assessment of substance use (procedure),431.40,,
2023-11-15T03:10:18Z,2023-11-15T03:35:28Z,aee7bbe1-0c45-c028-1e62-1f4cdb30c273,aee7bbe1-0c45-c028-4fc2-22bf838d4eef,http://snomed.info/sct,868187001,Assessment using Car  Relax  Alone  Forget  Friends  Trouble Screening Test (procedure),431.40,,
2023-11-15T03:35:28Z,2023-11-15T03:46:22Z,aee7bbe1-0c45-c028-1e62-1f4cdb30c273,aee7bbe1-0c45-c028-4fc2-22bf838d4eef,http://snomed.info/sct,386516004,Anticipatory guidance (procedure),431.40,,
2023-11-09T16:14:21Z,2023-11-09T16:53:33Z,4f083ce3-f12b-bb4b-7353-e17f0cd55b0a,4f083ce3-f12b-bb4b-fff7-83c90d346a71,http://snomed.info/sct,710824005,Assessment of health and social care needs (procedure),431.40,,
2023-11-09T16:53:33Z,2023-11-09T17:11:21Z,4f083ce3-f12b-bb4b-7353-e17f0cd55b0a,4f083ce3-f12b-bb4b-fff7-83c90d346a71,http://snomed.info/sct,710841007,Assessment of anxiety (procedure),431.40,,
2023-11-09T17:11:21Z,2023-11-09T17:24:27Z,4f083ce3-f12b-bb4b-7353-e17f0cd55b0a,4f083ce3-f12b-bb4b-fff7-83c90d346a71,http://snomed.info/sct,171207006,Depression screening (procedure),431.40,,
2023-11-09T17:24:27Z,2023-11-09T17:51:53Z,4f083ce3-f12b-bb4b-7353-e17f0cd55b0a,4f083ce3-f12b-bb4b-fff7-83c90d346a71,http://snomed.info/sct,171207006,Depression screening (procedure),431.40,,
2023-11-09T17:51:53Z,2023-11-09T18:06:42Z,4f083ce3-f12b-bb4b-7353-e17f0cd55b0a,4f083ce3-f12b-bb4b-fff7-83c90d346a71,http://snomed.info/sct,428211000124100,Assessment of substance use (procedure),431.40,,
2023-11-09T18:06:42Z,2023-11-09T18:36:41Z,4f083ce3-f12b-bb4b-7353-e17f0cd55b0a,4f083ce3-f12b-bb4b-fff7-83c90d346a71,http://snomed.info/sct,713106006,Screening for drug abuse (procedure),431.40,,
2023-11-09T18:36:41Z,2023-11-09T18:41:41Z,4f083ce3-f12b-bb4b-7353-e17f0cd55b0a,4f083ce3-f12b-bb4b-fff7-83c90d346a71,http://snomed.info/sct,103697008,Patient referral for dental care (procedure),431.40,,
2025-05-11T01:23:02Z,2025-05-11T02:06:42Z,c86c400e-ff88-a1e3-2e23-caa4d8311f47,c86c400e-ff88-a1e3-031e-6704c1a49157,http://snomed.info/sct,710824005,Assessment of health and social care needs (procedure),431.40,,
2025-05-11T02:06:42Z,2025-05-11T02:35:01Z,c86c400e-ff88-a1e3-2e23-caa4d8311f47,c86c400e-ff88-a1e3-031e-6704c1a49157,http://snomed.info/sct,710841007,Assessment of anxiety (procedure),431.40,,
2025-05-11T02:35:01Z,2025-05-11T02:49:23Z,c86c400e-ff88-a1e3-2e23-caa4d8311f47,c86c400e-ff88-a1e3-031e-6704c1a49157,http://snomed.info/sct,171207006,Depression screening (procedure),431.40,,
2025-05-11T02:49:23Z,2025-05-11T03:17:22Z,c86c400e-ff88-a1e3-2e23-caa4d8311f47,c86c400e-ff88-a1e3-031e-6704c1a49157,http://snomed.info/sct,171207006,Depression screening (procedure),431.40,,
2025-05-11T03:17:22Z,2025-05-11T03:29:20Z,c86c400e-ff88-a1e3-2e23-caa4d8311f47,c86c400e-ff88-a1e3-031e-6704c1a49157,http://snomed.info/sct,428211000124100,Assessment of substance use (procedure),431.40,,
2025-05-11T03:29:20Z,2025-05-11T03:50:14Z,c86c400e-ff88-a1e3-2e23-caa4d8311f47,c86c400e-ff88-a1e3-031e-6704c1a49157,http://snomed.info/sct,763302001,Assessment using Alcohol Use Disorders Identification Test - Consumption (procedure),431.40,,
2025-05-11T03:50:14Z,2025-05-11T04:02:32Z,c86c400e-ff88-a1e3-2e23-caa4d8311f47,c86c400e-ff88-a1e3-031e-6704c1a49157,http://snomed.info/sct,103697008,Patient referral for dental care (procedure),431.40,,
2025-11-04T08:54:44Z,2025-11-04T09:09:44Z,5e688e99-61b3-5c88-3f60-21df8aaced27,5e688e99-61b3-5c88-d6ed-0726c9d0ea48,http://snomed.info/sct,430193006,Medication reconciliation (procedure),215.70,,
2025-11-04T08:54:44Z,2025-11-04T09:33:13Z,5e688e99-61b3-5c88-3f60-21df8aaced27,5e688e99-61b3-5c88-d6ed-0726c9d0ea48,http://snomed.info/sct,710824005,Assessment of health and social care needs (procedure),431.40,,
2025-11-04T09:33:13Z,2025-11-04T10:15:24Z,5e688e99-61b3-5c88-3f60-21df8aaced27,5e688e99-61b3-5c88-d6ed-0726c9d0ea48,http://snomed.info/sct,866148006,Screening for domestic abuse (procedure),431.40,,
2025-11-04T10:15:24Z,2025-11-04T10:29:41Z,5e688e99-61b3-5c88-3f60-21df8aaced27,5e688e99-61b3-5c88-d6ed-0726c9d0ea48,http://snomed.info/sct,428211000124100,Assessment of substance use (procedure),431.40,,
2025-11-04T10:29:41Z,2025-11-04T10:57:33Z,5e688e99-61b3-5c88-3f60-21df8aaced27,5e688e99-61b3-5c88-d6ed-0726c9d0ea48,http://snomed.info/sct,713106006,Screening for drug abuse (procedure),431.40,,
2025-11-04T10:57:33Z,2025-11-04T11:02:33Z,5e688e99-61b3-5c88-3f60-21df8aaced27,5e688e99-61b3-5c88-d6ed-0726c9d0ea48,http://snomed.info/sct,103697008,Patient referral for dental care (procedure),431.40,66383009,Gingivitis (disorder)
2023-11-23T16:14:21Z,2023-11-23T16:44:22Z,4f083ce3-f12b-bb4b-7353-e17f0cd55b0a,4f083ce3-f12b-bb4b-0fb9-ff65b5d03330,http://www.ada.org/cdt,D0120,periodic oral evaluation  established patient,25.18,,
2025-04-25T19:11:58Z,2025-04-25T19:26:58Z,e74367bd-7385-97dc-2c7f-251b4cd9fe29,e74367bd-7385-97dc-6dff-b86b29e2075b,http://snomed.info/sct,430193006,Medication reconciliation (procedure),421.27,,
2025-05-25T01:23:02Z,2025-05-25T02:08:22Z,c86c400e-ff88-a1e3-2e23-caa4d8311f47,c86c400e-ff88-a1e3-f1c8-2313c7e7a89f,http://www.ada.org/cdt,D1206,topical application of fluoride varnish,74.39,,
2025-04-25T19:11:58Z,2025-04-25T19:54:06Z,e74367bd-7385-97dc-2c7f-251b4cd9fe29,e74367bd-7385-97dc-6dff-b86b29e2075b,http://snomed.info/sct,710824005,Assessment of health and social care needs (procedure),431.40,,
2025-04-25T19:54:06Z,2025-04-25T20:08:44Z,e74367bd-7385-97dc-2c7f-251b4cd9fe29,e74367bd-7385-97dc-6dff-b86b29e2075b,http://snomed.info/sct,171207006,Depression screening (procedure),431.40,,
2025-04-25T20:08:44Z,2025-04-25T20:37:33Z,e74367bd-7385-97dc-2c7f-251b4cd9fe29,e74367bd-7385-97dc-6dff-b86b29e2075b,http://snomed.info/sct,171207006,Depression screening (procedure),431.40,,
2025-04-25T20:37:33Z,2025-04-25T20:50:51Z,e74367bd-7385-97dc-2c7f-251b4cd9fe29,e74367bd-7385-97dc-6dff-b86b29e2075b,http://snomed.info/sct,428211000124100,Assessment of substance use (procedure),431.40,,
2025-04-25T20:50:51Z,2025-04-25T21:14:20Z,e74367bd-7385-97dc-2c7f-251b4cd9fe29,e74367bd-7385-97dc-6dff-b86b29e2075b,http://snomed.info/sct,713106006,Screening for drug abuse (procedure),431.40,,
2025-11-18T08:54:44Z,2025-11-18T09:27:32Z,5e688e99-61b3-5c88-3f60-21df8aaced27,5e688e99-61b3-5c88-ec8b-f371d291d3ac,http://www.ada.org/cdt,D0150,comprehensive oral evaluation  new or established patient,216.44,,
2024-10-02T01:52:42Z,2024-10-02T02:07:42Z,aee7bbe1-0c45-c028-1e62-1f4cdb30c273,aee7bbe1-0c45-c028-c7d7-a3864552d0ed,http://snomed.info/sct,430193006,Medication reconciliation (procedure),862.80,,
2024-10-02T01:52:42Z,2024-10-02T02:03:43Z,aee7bbe1-0c45-c028-1e62-1f4cdb30c273,aee7bbe1-0c45-c028-c7d7-a3864552d0ed,http://snomed.info/sct,428211000124100,Assessment of substance use (procedure),431.40,,
2024-10-02T02:03:43Z,2024-10-02T02:21:23Z,aee7bbe1-0c45-c028-1e62-1f4cdb30c273,aee7bbe1-0c45-c028-c7d7-a3864552d0ed,http://snomed.info/sct,868187001,Assessment using Car  Relax  Alone  Forget  Friends  Trouble Screening Test (procedure),431.40,,
2024-10-02T02:21:23Z,2024-10-02T02:29:18Z,aee7bbe1-0c45-c028-1e62-1f4cdb30c273,aee7bbe1-0c45-c028-c7d7-a3864552d0ed,http://snomed.info/sct,386516004,Anticipatory guidance (procedure),431.40,,
2024-10-02T02:29:18Z,2024-10-02T02:39:13Z,aee7bbe1-0c45-c028-1e62-1f4cdb30c273,aee7bbe1-0c45-c028-c7d7-a3864552d0ed,http://snomed.info/sct,103697008,Patient referral for dental care (procedure),431.40,66383009,Gingivitis (disorder)
2024-07-23T19:08:48Z,2024-07-23T19:30:38Z,4f083ce3-f12b-bb4b-7353-e17f0cd55b0a,4f083ce3-f12b-bb4b-c743-6f7babdaed7a,http://snomed.info/sct,169553002,Implantation of subcutaneous contraceptive (procedure),3910.33,,
2024-10-09T01:52:42Z,2024-10-09T02:07:42Z,aee7bbe1-0c45-c028-1e62-1f4cdb30c273,aee7bbe1-0c45-c028-1b5f-3d4f4ac3378d,http://snomed.info/sct,430193006,Medication reconciliation (procedure),215.70,,
2024-01-25T14:14:31Z,2024-01-25T14:29:31Z,46ee9d82-b52c-856d-069b-5064ff052225,46ee9d82-b52c-856d-7de0-5c6adc215474,http://snomed.info/sct,430193006,Medication reconciliation (procedure),215.70,,
2024-01-25T14:14:31Z,2024-01-25T14:51:44Z,46ee9d82-b52c-856d-069b-5064ff052225,46ee9d82-b52c-856d-7de0-5c6adc215474,http://snomed.info/sct,710824005,Assessment of health and social care needs (procedure),431.40,,
2024-01-25T14:51:44Z,2024-01-25T15:18:13Z,46ee9d82-b52c-856d-069b-5064ff052225,46ee9d82-b52c-856d-7de0-5c6adc215474,http://snomed.info/sct,710841007,Assessment of anxiety (procedure),431.40,,
2024-01-25T15:18:13Z,2024-01-25T15:30:44Z,46ee9d82-b52c-856d-069b-5064ff052225,46ee9d82-b52c-856d-7de0-5c6adc215474,http://snomed.info/sct,171207006,Depression screening (procedure),431.40,,
2024-01-25T15:30:44Z,2024-01-25T15:59:18Z,46ee9d82-b52c-856d-069b-5064ff052225,46ee9d82-b52c-856d-7de0-5c6adc215474,http://snomed.info/sct,171207006,Depression screening (procedure),431.40,,
2024-01-25T15:59:18Z,2024-01-25T16:10:32Z,46ee9d82-b52c-856d-069b-5064ff052225,46ee9d82-b52c-856d-7de0-5c6adc215474,http://snomed.info/sct,428211000124100,Assessment of substance use (procedure),431.40,,
2024-01-25T16:10:32Z,2024-01-25T16:37:20Z,46ee9d82-b52c-856d-069b-5064ff052225,46ee9d82-b52c-856d-7de0-5c6adc215474,http://snomed.info/sct,713106006,Screening for drug abuse (procedure),431.40,,
2024-10-16T01:52:42Z,2024-10-16T02:22:27Z,aee7bbe1-0c45-c028-1e62-1f4cdb30c273,aee7bbe1-0c45-c028-6e60-6b1399305ca2,http://www.ada.org/cdt,D3330,endodontic therapy molar tooth excluding final restoration,59.03,,
2024-11-20T01:52:42Z,2024-11-20T02:22:33Z,aee7bbe1-0c45-c028-1e62-1f4cdb30c273,aee7bbe1-0c45-c028-6b38-46ef1accdec3,http://snomed.info/sct,710841007,Assessment of anxiety (procedure),431.40,,
2024-11-20T02:22:33Z,2024-11-20T02:34:58Z,aee7bbe1-0c45-c028-1e62-1f4cdb30c273,aee7bbe1-0c45-c028-6b38-46ef1accdec3,http://snomed.info/sct,171207006,Depression screening (procedure),431.40,,
2024-11-20T02:34:58Z,2024-11-20T03:02:35Z,aee7bbe1-0c45-c028-1e62-1f4cdb30c273,aee7bbe1-0c45-c028-6b38-46ef1accdec3,http://snomed.info/sct,715252007,Depression screening using Patient Health Questionnaire Nine Item score (procedure),34.51,,
2024-11-20T03:02:35Z,2024-11-20T03:13:23Z,aee7bbe1-0c45-c028-1e62-1f4cdb30c273,aee7bbe1-0c45-c028-6b38-46ef1accdec3,http://snomed.info/sct,428211000124100,Assessment of substance use (procedure),431.40,,
2024-11-20T03:13:23Z,2024-11-20T03:32:28Z,aee7bbe1-0c45-c028-1e62-1f4cdb30c273,aee7bbe1-0c45-c028-6b38-46ef1accdec3,http://snomed.info/sct,868187001,Assessment using Car  Relax  Alone  Forget  Friends  Trouble Screening Test (procedure),431.40,,
2024-11-20T03:32:28Z,2024-11-20T03:42:34Z,aee7bbe1-0c45-c028-1e62-1f4cdb30c273,aee7bbe1-0c45-c028-6b38-46ef1accdec3,http://snomed.info/sct,386516004,Anticipatory guidance (procedure),431.40,,
2025-07-21T07:30:38Z,2025-07-21T08:39:47Z,4f083ce3-f12b-bb4b-7353-e17f0cd55b0a,4f083ce3-f12b-bb4b-1405-0f00ba598bc4,http://snomed.info/sct,65200003,Insertion of intrauterine contraceptive device (procedure),7808.67,,
2026-08-13T16:14:21Z,2026-08-13T17:09:17Z,4f083ce3-f12b-bb4b-7353-e17f0cd55b0a,4f083ce3-f12b-bb4b-7e0a-52e3872f6989,http://snomed.info/sct,1263416007,Removal of intrauterine contraceptive device (procedure),431.40,,
2025-11-26T01:52:42Z,2025-11-26T02:02:05Z,aee7bbe1-0c45-c028-1e62-1f4cdb30c273,aee7bbe1-0c45-c028-c67c-2de42fd83c5d,http://snomed.info/sct,103697008,Patient referral for dental care (procedure),431.40,66383009,Gingivitis (disorder)
2025-12-03T01:52:42Z,2025-12-03T02:10:35Z,aee7bbe1-0c45-c028-1e62-1f4cdb30c273,aee7bbe1-0c45-c028-8fb7-3b46c2305a48,http://www.ada.org/cdt,D0140,limited oral evaluation  problem focused,9.71,,
2024-03-02T16:57:41Z,2024-03-02T17:31:17Z,76b20010-c318-5754-8c85-983aa538522f,76b20010-c318-5754-ef98-4ec33e5e461b,http://www.ada.org/cdt,D2392,resinbased composite  two surfaces posterior,158.29,,
2024-03-02T17:31:17Z,2024-03-02T17:52:18Z,76b20010-c318-5754-8c85-983aa538522f,76b20010-c318-5754-ef98-4ec33e5e461b,http://www.ada.org/cdt,D0230,intraoral  periapical each additional radiographic image,33.01,,
2024-07-13T16:22:38Z,2024-07-13T17:14:31Z,76b20010-c318-5754-8c85-983aa538522f,76b20010-c318-5754-1e4c-a0bab0bf634b,http://snomed.info/sct,710824005,Assessment of health and social care needs (procedure),431.40,,
2024-07-13T17:14:31Z,2024-07-13T17:31:39Z,76b20010-c318-5754-8c85-983aa538522f,76b20010-c318-5754-1e4c-a0bab0bf634b,http://snomed.info/sct,710841007,Assessment of anxiety (procedure),431.40,,
2024-07-13T17:31:39Z,2024-07-13T17:46:02Z,76b20010-c318-5754-8c85-983aa538522f,76b20010-c318-5754-1e4c-a0bab0bf634b,http://snomed.info/sct,171207006,Depression screening (procedure),431.40,,
2024-07-13T17:46:02Z,2024-07-13T18:10:01Z,76b20010-c318-5754-8c85-983aa538522f,76b20010-c318-5754-1e4c-a0bab0bf634b,http://snomed.info/sct,171207006,Depression screening (procedure),431.40,,
2024-07-13T18:10:01Z,2024-07-13T18:17:32Z,76b20010-c318-5754-8c85-983aa538522f,76b20010-c318-5754-1e4c-a0bab0bf634b,http://snomed.info/sct,103697008,Patient referral for dental care (procedure),431.40,66383009,Gingivitis (disorder)
2024-07-27T16:22:38Z,2024-07-27T16:42:49Z,76b20010-c318-5754-8c85-983aa538522f,76b20010-c318-5754-ba34-3e2d74bb7df2,http://www.ada.org/cdt,D0330,panoramic radiographic image,43.04,,
2024-07-27T16:42:49Z,2024-07-27T17:08:45Z,76b20010-c318-5754-8c85-983aa538522f,76b20010-c318-5754-ba34-3e2d74bb7df2,http://www.ada.org/cdt,D1110,prophylaxis  adult,106.97,,
2025-07-19T16:22:38Z,2025-07-19T16:37:38Z,76b20010-c318-5754-8c85-983aa538522f,76b20010-c318-5754-dda9-e7d53df63d3d,http://snomed.info/sct,430193006,Medication reconciliation (procedure),862.80,,
2025-07-19T16:22:38Z,2025-07-19T17:09:14Z,76b20010-c318-5754-8c85-983aa538522f,76b20010-c318-5754-dda9-e7d53df63d3d,http://snomed.info/sct,710824005,Assessment of health and social care needs (procedure),431.40,,
2025-07-19T17:09:14Z,2025-07-19T17:18:52Z,76b20010-c318-5754-8c85-983aa538522f,76b20010-c318-5754-dda9-e7d53df63d3d,http://snomed.info/sct,103697008,Patient referral for dental care (procedure),431.40,,
2025-08-02T16:22:38Z,2025-08-02T16:45:56Z,76b20010-c318-5754-8c85-983aa538522f,76b20010-c318-5754-3765-732824055857,http://www.ada.org/cdt,D0220,intraoral  periapical first radiographic image,40.63,,
2025-08-02T16:45:56Z,2025-08-02T17:23:29Z,76b20010-c318-5754-8c85-983aa538522f,76b20010-c318-5754-3765-732824055857,http://www.ada.org/cdt,D1208,topical application of fluoride  excluding varnish,82.53,,
2025-08-23T16:22:38Z,2025-08-23T16:37:38Z,76b20010-c318-5754-8c85-983aa538522f,76b20010-c318-5754-1f6a-6f4f937481c2,http://snomed.info/sct,252160004,Standard pregnancy test (procedure),3387.26,72892002,Normal pregnancy (finding)
2025-08-23T16:22:38Z,2025-08-23T16:37:38Z,76b20010-c318-5754-8c85-983aa538522f,76b20010-c318-5754-1f6a-6f4f937481c2,http://snomed.info/sct,169230002,Ultrasound scan for fetal viability (procedure),4049.70,72892002,Normal pregnancy (finding)
2025-09-07T16:22:38Z,2025-09-07T16:37:38Z,76b20010-c318-5754-8c85-983aa538522f,76b20010-c318-5754-edb3-29b00cb43156,http://snomed.info/sct,10383002,Counseling for termination of pregnancy (procedure),431.40,72892002,Normal pregnancy (finding)
2025-09-07T16:22:38Z,2025-09-07T16:37:38Z,76b20010-c318-5754-8c85-983aa538522f,76b20010-c318-5754-edb3-29b00cb43156,http://snomed.info/sct,714812005,Induced termination of pregnancy (procedure),15712.14,72892002,Normal pregnancy (finding)
2025-09-25T16:22:38Z,2025-09-25T16:37:38Z,76b20010-c318-5754-8c85-983aa538522f,76b20010-c318-5754-2b27-b2d79d0d4ae7,http://snomed.info/sct,386394001,Pregnancy termination care (regime/therapy),438.30,72892002,Normal pregnancy (finding)
2025-09-25T16:22:38Z,2025-09-25T16:37:38Z,76b20010-c318-5754-8c85-983aa538522f,76b20010-c318-5754-2b27-b2d79d0d4ae7,http://snomed.info/sct,5880005,Physical examination procedure (procedure),431.40,72892002,Normal pregnancy (finding)
2025-09-25T16:22:38Z,2025-09-25T16:37:38Z,76b20010-c318-5754-8c85-983aa538522f,76b20010-c318-5754-2b27-b2d79d0d4ae7,http://snomed.info/sct,171207006,Depression screening (procedure),431.40,72892002,Normal pregnancy (finding)
2026-07-25T16:22:38Z,2026-07-25T16:37:38Z,76b20010-c318-5754-8c85-983aa538522f,76b20010-c318-5754-284e-ec46603e304f,http://snomed.info/sct,430193006,Medication reconciliation (procedure),215.70,,
2026-07-25T16:22:38Z,2026-07-25T17:19:06Z,76b20010-c318-5754-8c85-983aa538522f,76b20010-c318-5754-284e-ec46603e304f,http://snomed.info/sct,710824005,Assessment of health and social care needs (procedure),431.40,,
2026-07-25T17:19:06Z,2026-07-25T17:40:56Z,76b20010-c318-5754-8c85-983aa538522f,76b20010-c318-5754-284e-ec46603e304f,http://snomed.info/sct,710841007,Assessment of anxiety (procedure),431.40,,
2026-07-25T17:40:56Z,2026-07-25T17:53:08Z,76b20010-c318-5754-8c85-983aa538522f,76b20010-c318-5754-284e-ec46603e304f,http://snomed.info/sct,171207006,Depression screening (procedure),431.40,,
2026-07-25T17:53:08Z,2026-07-25T18:16:47Z,76b20010-c318-5754-8c85-983aa538522f,76b20010-c318-5754-284e-ec46603e304f,http://snomed.info/sct,171207006,Depression screening (procedure),431.40,,
2026-07-25T18:16:47Z,2026-07-25T18:29:51Z,76b20010-c318-5754-8c85-983aa538522f,76b20010-c318-5754-284e-ec46603e304f,http://snomed.info/sct,428211000124100,Assessment of substance use (procedure),431.40,,
2026-07-25T18:29:51Z,2026-07-25T18:54:33Z,76b20010-c318-5754-8c85-983aa538522f,76b20010-c318-5754-284e-ec46603e304f,http://snomed.info/sct,713106006,Screening for drug abuse (procedure),431.40,,
2024-01-30T13:47:35Z,2024-01-30T14:02:46Z,46976cf7-b0bf-be20-39a5-9f425a52886d,46976cf7-b0bf-be20-c6fb-97205e7942f6,http://snomed.info/sct,76601001,Intramuscular injection (procedure),1108.27,,
2026-08-01T16:22:38Z,2026-08-01T16:52:38Z,76b20010-c318-5754-8c85-983aa538522f,76b20010-c318-5754-535e-2ade0195581f,http://snomed.info/sct,14768001,Peripheral blood smear interpretation (procedure),431.40,,
2026-08-01T16:52:38Z,2026-08-01T17:05:24Z,76b20010-c318-5754-8c85-983aa538522f,76b20010-c318-5754-535e-2ade0195581f,http://snomed.info/sct,415300000,Review of systems (procedure),60.39,,
2026-08-01T17:05:24Z,2026-08-01T17:11:09Z,76b20010-c318-5754-8c85-983aa538522f,76b20010-c318-5754-535e-2ade0195581f,http://snomed.info/sct,430193006,Medication reconciliation (procedure),215.70,,
2026-08-01T17:11:09Z,2026-08-01T17:24:38Z,76b20010-c318-5754-8c85-983aa538522f,76b20010-c318-5754-535e-2ade0195581f,http://snomed.info/sct,162676008,Brief general examination (procedure),43.14,,
2024-08-25T00:47:24Z,2024-08-25T01:02:24Z,46976cf7-b0bf-be20-39a5-9f425a52886d,46976cf7-b0bf-be20-e20b-846107d1bb3c,http://snomed.info/sct,430193006,Medication reconciliation (procedure),862.80,,
2024-08-25T00:47:24Z,2024-08-25T01:33:46Z,46976cf7-b0bf-be20-39a5-9f425a52886d,46976cf7-b0bf-be20-e20b-846107d1bb3c,http://snomed.info/sct,710824005,Assessment of health and social care needs (procedure),431.40,,
2024-08-25T01:33:46Z,2024-08-25T02:16:23Z,46976cf7-b0bf-be20-39a5-9f425a52886d,46976cf7-b0bf-be20-e20b-846107d1bb3c,http://snomed.info/sct,866148006,Screening for domestic abuse (procedure),431.40,,
2024-08-25T02:16:23Z,2024-08-25T02:29:36Z,46976cf7-b0bf-be20-39a5-9f425a52886d,46976cf7-b0bf-be20-e20b-846107d1bb3c,http://snomed.info/sct,171207006,Depression screening (procedure),431.40,,
2024-08-25T02:29:36Z,2024-08-25T02:56:12Z,46976cf7-b0bf-be20-39a5-9f425a52886d,46976cf7-b0bf-be20-e20b-846107d1bb3c,http://snomed.info/sct,171207006,Depression screening (procedure),431.40,,
2024-08-25T02:56:12Z,2024-08-25T03:07:37Z,46976cf7-b0bf-be20-39a5-9f425a52886d,46976cf7-b0bf-be20-e20b-846107d1bb3c,http://snomed.info/sct,428211000124100,Assessment of substance use (procedure),431.40,,
2024-08-25T03:07:37Z,2024-08-25T03:29:52Z,46976cf7-b0bf-be20-39a5-9f425a52886d,46976cf7-b0bf-be20-e20b-846107d1bb3c,http://snomed.info/sct,763302001,Assessment using Alcohol Use Disorders Identification Test - Consumption (procedure),431.40,,
2025-08-31T00:47:24Z,2025-08-31T01:02:24Z,46976cf7-b0bf-be20-39a5-9f425a52886d,46976cf7-b0bf-be20-e16b-e2b944724e5b,http://snomed.info/sct,430193006,Medication reconciliation (procedure),356.63,,
2025-08-31T00:47:24Z,2025-08-31T01:32:08Z,46976cf7-b0bf-be20-39a5-9f425a52886d,46976cf7-b0bf-be20-e16b-e2b944724e5b,http://snomed.info/sct,710824005,Assessment of health and social care needs (procedure),431.40,,
2025-08-31T01:32:08Z,2025-08-31T01:58:04Z,46976cf7-b0bf-be20-39a5-9f425a52886d,46976cf7-b0bf-be20-e16b-e2b944724e5b,http://snomed.info/sct,710841007,Assessment of anxiety (procedure),431.40,,
2025-08-31T01:58:04Z,2025-08-31T02:11:22Z,46976cf7-b0bf-be20-39a5-9f425a52886d,46976cf7-b0bf-be20-e16b-e2b944724e5b,http://snomed.info/sct,171207006,Depression screening (procedure),431.40,,
2025-08-31T02:11:22Z,2025-08-31T02:36:55Z,46976cf7-b0bf-be20-39a5-9f425a52886d,46976cf7-b0bf-be20-e16b-e2b944724e5b,http://snomed.info/sct,171207006,Depression screening (procedure),431.40,,
2025-08-31T02:36:55Z,2025-08-31T02:48:10Z,46976cf7-b0bf-be20-39a5-9f425a52886d,46976cf7-b0bf-be20-e16b-e2b944724e5b,http://snomed.info/sct,103697008,Patient referral for dental care (procedure),431.40,,
2025-09-14T00:47:24Z,2025-09-14T01:20:51Z,46976cf7-b0bf-be20-39a5-9f425a52886d,46976cf7-b0bf-be20-5b23-eea64adf5eb3,http://www.ada.org/cdt,D0330,panoramic radiographic image,22.11,,
2026-09-06T00:47:24Z,2026-09-06T01:41:58Z,46976cf7-b0bf-be20-39a5-9f425a52886d,46976cf7-b0bf-be20-64a0-0c2a910cc846,http://snomed.info/sct,710824005,Assessment of health and social care needs (procedure),431.40,,
2026-09-06T01:41:58Z,2026-09-06T02:08:50Z,46976cf7-b0bf-be20-39a5-9f425a52886d,46976cf7-b0bf-be20-64a0-0c2a910cc846,http://snomed.info/sct,710841007,Assessment of anxiety (procedure),431.40,,
2026-09-06T02:08:50Z,2026-09-06T02:20:27Z,46976cf7-b0bf-be20-39a5-9f425a52886d,46976cf7-b0bf-be20-64a0-0c2a910cc846,http://snomed.info/sct,171207006,Depression screening (procedure),431.40,,
2026-09-06T02:20:27Z,2026-09-06T02:44:16Z,46976cf7-b0bf-be20-39a5-9f425a52886d,46976cf7-b0bf-be20-64a0-0c2a910cc846,http://snomed.info/sct,171207006,Depression screening (procedure),431.40,,
2023-12-11T22:30:59Z,2023-12-11T22:42:57Z,ba419d35-0dfe-8af7-347c-eebf02485a56,ba419d35-0dfe-8af7-0a1c-7a350fd67ced,http://snomed.info/sct,76601001,Intramuscular injection (procedure),4433.10,,
2024-01-01T22:30:59Z,2024-01-01T22:45:59Z,ba419d35-0dfe-8af7-347c-eebf02485a56,ba419d35-0dfe-8af7-60df-98d56b815daf,http://snomed.info/sct,430193006,Medication reconciliation (procedure),785.11,,
2024-01-01T22:30:59Z,2024-01-01T23:19:08Z,ba419d35-0dfe-8af7-347c-eebf02485a56,ba419d35-0dfe-8af7-60df-98d56b815daf,http://snomed.info/sct,710824005,Assessment of health and social care needs (procedure),431.40,,
2024-01-01T23:19:08Z,2024-01-01T23:38:55Z,ba419d35-0dfe-8af7-347c-eebf02485a56,ba419d35-0dfe-8af7-60df-98d56b815daf,http://snomed.info/sct,710841007,Assessment of anxiety (procedure),431.40,,
2024-01-01T23:38:55Z,2024-01-01T23:50:37Z,ba419d35-0dfe-8af7-347c-eebf02485a56,ba419d35-0dfe-8af7-60df-98d56b815daf,http://snomed.info/sct,171207006,Depression screening (procedure),431.40,,
2024-01-01T23:50:37Z,2024-01-02T00:12:55Z,ba419d35-0dfe-8af7-347c-eebf02485a56,ba419d35-0dfe-8af7-60df-98d56b815daf,http://snomed.info/sct,171207006,Depression screening (procedure),431.40,,
2024-01-02T00:12:55Z,2024-01-02T00:26:57Z,ba419d35-0dfe-8af7-347c-eebf02485a56,ba419d35-0dfe-8af7-60df-98d56b815daf,http://snomed.info/sct,428211000124100,Assessment of substance use (procedure),431.40,,
2024-01-02T00:26:57Z,2024-01-02T00:56:28Z,ba419d35-0dfe-8af7-347c-eebf02485a56,ba419d35-0dfe-8af7-60df-98d56b815daf,http://snomed.info/sct,713106006,Screening for drug abuse (procedure),431.40,,
2024-01-02T00:56:28Z,2024-01-02T01:05:55Z,ba419d35-0dfe-8af7-347c-eebf02485a56,ba419d35-0dfe-8af7-60df-98d56b815daf,http://snomed.info/sct,103697008,Patient referral for dental care (procedure),431.40,66383009,Gingivitis (disorder)
2024-01-15T22:30:59Z,2024-01-15T22:44:05Z,ba419d35-0dfe-8af7-347c-eebf02485a56,ba419d35-0dfe-8af7-8252-7899ca486d96,http://www.ada.org/cdt,D0602,caries risk assessment and documentation  with a finding of moderate risk,0.62,,
2024-02-19T22:30:59Z,2024-02-19T22:45:59Z,ba419d35-0dfe-8af7-347c-eebf02485a56,ba419d35-0dfe-8af7-7851-37125678eedb,http://snomed.info/sct,112790001,Nasal sinus endoscopy (procedure),7915.56,,
2024-03-11T22:30:59Z,2024-03-11T22:45:01Z,ba419d35-0dfe-8af7-347c-eebf02485a56,ba419d35-0dfe-8af7-e146-1760eece65c2,http://snomed.info/sct,76601001,Intramuscular injection (procedure),1379.23,,
2024-05-20T22:30:59Z,2024-05-20T22:45:59Z,ba419d35-0dfe-8af7-347c-eebf02485a56,ba419d35-0dfe-8af7-8f87-c048f773eb0a,http://snomed.info/sct,430193006,Medication reconciliation (procedure),215.70,,
2024-05-20T22:30:59Z,2024-05-20T23:23:48Z,ba419d35-0dfe-8af7-347c-eebf02485a56,ba419d35-0dfe-8af7-8f87-c048f773eb0a,http://snomed.info/sct,710824005,Assessment of health and social care needs (procedure),431.40,,
2024-05-20T23:23:48Z,2024-05-20T23:52:36Z,ba419d35-0dfe-8af7-347c-eebf02485a56,ba419d35-0dfe-8af7-8f87-c048f773eb0a,http://snomed.info/sct,710841007,Assessment of anxiety (procedure),431.40,,
2024-05-20T23:52:36Z,2024-05-21T00:21:40Z,ba419d35-0dfe-8af7-347c-eebf02485a56,ba419d35-0dfe-8af7-8f87-c048f773eb0a,http://snomed.info/sct,866148006,Screening for domestic abuse (procedure),431.40,,
2024-05-21T00:21:40Z,2024-05-21T00:32:17Z,ba419d35-0dfe-8af7-347c-eebf02485a56,ba419d35-0dfe-8af7-8f87-c048f773eb0a,http://snomed.info/sct,171207006,Depression screening (procedure),431.40,,
2024-05-21T00:32:17Z,2024-05-21T01:01:50Z,ba419d35-0dfe-8af7-347c-eebf02485a56,ba419d35-0dfe-8af7-8f87-c048f773eb0a,http://snomed.info/sct,171207006,Depression screening (procedure),431.40,,
2024-05-21T01:01:50Z,2024-05-21T01:12:37Z,ba419d35-0dfe-8af7-347c-eebf02485a56,ba419d35-0dfe-8af7-8f87-c048f773eb0a,http://snomed.info/sct,428211000124100,Assessment of substance use (procedure),431.40,,
2024-05-21T01:12:37Z,2024-05-21T01:37:18Z,ba419d35-0dfe-8af7-347c-eebf02485a56,ba419d35-0dfe-8af7-8f87-c048f773eb0a,http://snomed.info/sct,763302001,Assessment using Alcohol Use Disorders Identification Test - Consumption (procedure),431.40,,
2024-06-10T22:30:59Z,2024-06-10T22:48:47Z,ba419d35-0dfe-8af7-347c-eebf02485a56,ba419d35-0dfe-8af7-105f-a64e044456e8,http://snomed.info/sct,76601001,Intramuscular injection (procedure),1108.27,,
2024-09-09T22:30:59Z,2024-09-09T22:46:50Z,ba419d35-0dfe-8af7-347c-eebf02485a56,ba419d35-0dfe-8af7-480d-184767ef3770,http://snomed.info/sct,76601001,Intramuscular injection (procedure),2007.63,,
2024-12-09T22:30:59Z,2024-12-09T22:45:19Z,ba419d35-0dfe-8af7-347c-eebf02485a56,ba419d35-0dfe-8af7-6b73-597c800b867a,http://snomed.info/sct,76601001,Intramuscular injection (procedure),1491.42,,
2025-03-10T22:30:59Z,2025-03-10T22:48:32Z,ba419d35-0dfe-8af7-347c-eebf02485a56,ba419d35-0dfe-8af7-53db-a7cc2c583432,http://snomed.info/sct,76601001,Intramuscular injection (procedure),2056.87,,
2025-05-26T22:30:59Z,2025-05-26T23:18:08Z,ba419d35-0dfe-8af7-347c-eebf02485a56,ba419d35-0dfe-8af7-d211-d84757465ba3,http://snomed.info/sct,710824005,Assessment of health and social care needs (procedure),431.40,,
2025-05-26T23:18:08Z,2025-05-26T23:53:25Z,ba419d35-0dfe-8af7-347c-eebf02485a56,ba419d35-0dfe-8af7-d211-d84757465ba3,http://snomed.info/sct,866148006,Screening for domestic abuse (procedure),431.40,,
2025-05-26T23:53:25Z,2025-05-27T00:06:46Z,ba419d35-0dfe-8af7-347c-eebf02485a56,ba419d35-0dfe-8af7-d211-d84757465ba3,http://snomed.info/sct,171207006,Depression screening (procedure),431.40,,
2025-05-27T00:06:46Z,2025-05-27T00:27:15Z,ba419d35-0dfe-8af7-347c-eebf02485a56,ba419d35-0dfe-8af7-d211-d84757465ba3,http://snomed.info/sct,171207006,Depression screening (procedure),431.40,,
2025-05-27T00:27:15Z,2025-05-27T00:38:02Z,ba419d35-0dfe-8af7-347c-eebf02485a56,ba419d35-0dfe-8af7-d211-d84757465ba3,http://snomed.info/sct,428211000124100,Assessment of substance use (procedure),431.40,,
2025-05-27T00:38:02Z,2025-05-27T00:58:02Z,ba419d35-0dfe-8af7-347c-eebf02485a56,ba419d35-0dfe-8af7-d211-d84757465ba3,http://snomed.info/sct,713106006,Screening for drug abuse (procedure),431.40,,
2025-06-09T22:30:59Z,2025-06-09T22:45:01Z,ba419d35-0dfe-8af7-347c-eebf02485a56,ba419d35-0dfe-8af7-807a-b8157d1e6d83,http://snomed.info/sct,76601001,Intramuscular injection (procedure),1108.27,,
2025-09-08T22:30:59Z,2025-09-08T22:42:09Z,ba419d35-0dfe-8af7-347c-eebf02485a56,ba419d35-0dfe-8af7-4b34-a9987cf34369,http://snomed.info/sct,76601001,Intramuscular injection (procedure),3636.55,,
2025-12-08T22:30:59Z,2025-12-08T22:47:52Z,ba419d35-0dfe-8af7-347c-eebf02485a56,ba419d35-0dfe-8af7-3719-123bddc7c7d0,http://snomed.info/sct,76601001,Intramuscular injection (procedure),1108.27,,
2026-03-09T22:30:59Z,2026-03-09T22:46:48Z,ba419d35-0dfe-8af7-347c-eebf02485a56,ba419d35-0dfe-8af7-2d5c-78c3d5b2f66d,http://snomed.info/sct,76601001,Intramuscular injection (procedure),4433.10,,
2026-06-01T22:30:59Z,2026-06-01T23:02:02Z,ba419d35-0dfe-8af7-347c-eebf02485a56,ba419d35-0dfe-8af7-7d5c-d3b10644b283,http://snomed.info/sct,710824005,Assessment of health and social care needs (procedure),431.40,,
2026-06-01T23:02:02Z,2026-06-01T23:30:13Z,ba419d35-0dfe-8af7-347c-eebf02485a56,ba419d35-0dfe-8af7-7d5c-d3b10644b283,http://snomed.info/sct,710841007,Assessment of anxiety (procedure),431.40,,
2026-06-01T23:30:13Z,2026-06-01T23:41:34Z,ba419d35-0dfe-8af7-347c-eebf02485a56,ba419d35-0dfe-8af7-7d5c-d3b10644b283,http://snomed.info/sct,171207006,Depression screening (procedure),431.40,,
2026-06-01T23:41:34Z,2026-06-02T00:04:43Z,ba419d35-0dfe-8af7-347c-eebf02485a56,ba419d35-0dfe-8af7-7d5c-d3b10644b283,http://snomed.info/sct,171207006,Depression screening (procedure),431.40,,
2026-06-02T00:04:43Z,2026-06-02T00:16:08Z,ba419d35-0dfe-8af7-347c-eebf02485a56,ba419d35-0dfe-8af7-7d5c-d3b10644b283,http://snomed.info/sct,428211000124100,Assessment of substance use (procedure),431.40,,
2026-06-02T00:16:08Z,2026-06-02T00:41:55Z,ba419d35-0dfe-8af7-347c-eebf02485a56,ba419d35-0dfe-8af7-7d5c-d3b10644b283,http://snomed.info/sct,763302001,Assessment using Alcohol Use Disorders Identification Test - Consumption (procedure),431.40,,
2026-06-02T00:41:55Z,2026-06-02T00:51:49Z,ba419d35-0dfe-8af7-347c-eebf02485a56,ba419d35-0dfe-8af7-7d5c-d3b10644b283,http://snomed.info/sct,103697008,Patient referral for dental care (procedure),431.40,,
2026-06-08T22:30:59Z,2026-06-08T22:47:01Z,ba419d35-0dfe-8af7-347c-eebf02485a56,ba419d35-0dfe-8af7-5a7a-9bf05939635b,http://snomed.info/sct,76601001,Intramuscular injection (procedure),4241.09,,
2026-06-15T22:30:59Z,2026-06-15T23:13:37Z,ba419d35-0dfe-8af7-347c-eebf02485a56,ba419d35-0dfe-8af7-8c41-1ded1989433a,http://www.ada.org/cdt,D0604,antigen testing for a public health related pathogen  including coronavirus,0.02,,
2026-09-07T22:30:59Z,2026-09-07T22:47:56Z,ba419d35-0dfe-8af7-347c-eebf02485a56,ba419d35-0dfe-8af7-8492-84c724047476,http://snomed.info/sct,76601001,Intramuscular injection (procedure),3692.52,,
2023-10-04T09:38:04Z,2023-10-04T10:11:18Z,aa616abe-1761-0c9a-7959-07544679dafd,aa616abe-1761-0c9a-fba5-24eea51e79bc,http://www.ada.org/cdt,D0602,caries risk assessment and documentation  with a finding of moderate risk,0.56,,
2023-11-08T09:38:04Z,2023-11-08T09:53:04Z,aa616abe-1761-0c9a-7959-07544679dafd,aa616abe-1761-0c9a-8cdd-8e3d599fa386,http://snomed.info/sct,430193006,Medication reconciliation (procedure),215.70,,
2023-11-08T09:38:04Z,2023-11-08T10:16:15Z,aa616abe-1761-0c9a-7959-07544679dafd,aa616abe-1761-0c9a-8cdd-8e3d599fa386,http://snomed.info/sct,710824005,Assessment of health and social care needs (procedure),431.40,,
2023-11-08T10:16:15Z,2023-11-08T10:40:03Z,aa616abe-1761-0c9a-7959-07544679dafd,aa616abe-1761-0c9a-8cdd-8e3d599fa386,http://snomed.info/sct,710841007,Assessment of anxiety (procedure),431.40,,
2023-11-08T10:40:03Z,2023-11-08T11:07:15Z,aa616abe-1761-0c9a-7959-07544679dafd,aa616abe-1761-0c9a-8cdd-8e3d599fa386,http://snomed.info/sct,762993000,Assessment using Morse Fall Scale (procedure),431.40,,
2023-11-08T11:07:15Z,2023-11-08T11:20:08Z,aa616abe-1761-0c9a-7959-07544679dafd,aa616abe-1761-0c9a-8cdd-8e3d599fa386,http://snomed.info/sct,171207006,Depression screening (procedure),431.40,,
2023-11-08T11:20:08Z,2023-11-08T11:43:29Z,aa616abe-1761-0c9a-7959-07544679dafd,aa616abe-1761-0c9a-8cdd-8e3d599fa386,http://snomed.info/sct,171207006,Depression screening (procedure),431.40,,
2023-11-08T11:43:29Z,2023-11-08T11:54:52Z,aa616abe-1761-0c9a-7959-07544679dafd,aa616abe-1761-0c9a-8cdd-8e3d599fa386,http://snomed.info/sct,428211000124100,Assessment of substance use (procedure),431.40,,
2023-11-08T11:54:52Z,2023-11-08T12:18:25Z,aa616abe-1761-0c9a-7959-07544679dafd,aa616abe-1761-0c9a-8cdd-8e3d599fa386,http://snomed.info/sct,713106006,Screening for drug abuse (procedure),431.40,,
2023-11-08T12:18:25Z,2023-11-08T12:29:34Z,aa616abe-1761-0c9a-7959-07544679dafd,aa616abe-1761-0c9a-8cdd-8e3d599fa386,http://snomed.info/sct,103697008,Patient referral for dental care (procedure),431.40,,
2023-11-15T09:38:04Z,2023-11-15T09:53:04Z,aa616abe-1761-0c9a-7959-07544679dafd,aa616abe-1761-0c9a-dff6-d2fd242f9d94,http://snomed.info/sct,430193006,Medication reconciliation (procedure),720.82,,
2023-11-22T09:38:04Z,2023-11-22T09:53:04Z,aa616abe-1761-0c9a-7959-07544679dafd,aa616abe-1761-0c9a-17b7-6db2e594fffb,http://snomed.info/sct,430193006,Medication reconciliation (procedure),862.80,,
2023-11-22T09:38:04Z,2023-11-22T10:14:54Z,aa616abe-1761-0c9a-7959-07544679dafd,aa616abe-1761-0c9a-17b7-6db2e594fffb,http://snomed.info/sct,710824005,Assessment of health and social care needs (procedure),431.40,,
2023-11-22T10:14:54Z,2023-11-22T10:27:03Z,aa616abe-1761-0c9a-7959-07544679dafd,aa616abe-1761-0c9a-17b7-6db2e594fffb,http://snomed.info/sct,171207006,Depression screening (procedure),431.40,,
2023-11-22T10:27:03Z,2023-11-22T10:54:27Z,aa616abe-1761-0c9a-7959-07544679dafd,aa616abe-1761-0c9a-17b7-6db2e594fffb,http://snomed.info/sct,171207006,Depression screening (procedure),431.40,,
2023-11-22T10:54:27Z,2023-11-22T11:07:35Z,aa616abe-1761-0c9a-7959-07544679dafd,aa616abe-1761-0c9a-17b7-6db2e594fffb,http://snomed.info/sct,428211000124100,Assessment of substance use (procedure),431.40,,
2023-11-22T11:07:35Z,2023-11-22T11:29:41Z,aa616abe-1761-0c9a-7959-07544679dafd,aa616abe-1761-0c9a-17b7-6db2e594fffb,http://snomed.info/sct,763302001,Assessment using Alcohol Use Disorders Identification Test - Consumption (procedure),431.40,,
2023-11-22T11:29:41Z,2023-11-22T11:37:18Z,aa616abe-1761-0c9a-7959-07544679dafd,aa616abe-1761-0c9a-17b7-6db2e594fffb,http://snomed.info/sct,103697008,Patient referral for dental care (procedure),431.40,66383009,Gingivitis (disorder)
2023-11-29T09:38:04Z,2023-11-29T09:58:44Z,aa616abe-1761-0c9a-7959-07544679dafd,aa616abe-1761-0c9a-884c-442f36c6894e,http://www.ada.org/cdt,D0602,caries risk assessment and documentation  with a finding of moderate risk,0.01,,
2023-12-20T09:38:04Z,2023-12-20T10:22:15Z,aa616abe-1761-0c9a-7959-07544679dafd,aa616abe-1761-0c9a-565f-c4ea6986a7ae,http://snomed.info/sct,710824005,Assessment of health and social care needs (procedure),431.40,,
2023-12-20T10:22:15Z,2023-12-20T10:49:00Z,aa616abe-1761-0c9a-7959-07544679dafd,aa616abe-1761-0c9a-565f-c4ea6986a7ae,http://snomed.info/sct,710841007,Assessment of anxiety (procedure),431.40,,
2023-12-20T10:49:00Z,2023-12-20T11:08:25Z,aa616abe-1761-0c9a-7959-07544679dafd,aa616abe-1761-0c9a-565f-c4ea6986a7ae,http://snomed.info/sct,762993000,Assessment using Morse Fall Scale (procedure),431.40,,
2023-12-20T11:08:25Z,2023-12-20T11:20:51Z,aa616abe-1761-0c9a-7959-07544679dafd,aa616abe-1761-0c9a-565f-c4ea6986a7ae,http://snomed.info/sct,171207006,Depression screening (procedure),431.40,,
2023-12-20T11:20:51Z,2023-12-20T11:49:31Z,aa616abe-1761-0c9a-7959-07544679dafd,aa616abe-1761-0c9a-565f-c4ea6986a7ae,http://snomed.info/sct,171207006,Depression screening (procedure),431.40,,
2024-01-17T09:38:04Z,2024-01-17T09:53:04Z,aa616abe-1761-0c9a-7959-07544679dafd,aa616abe-1761-0c9a-0945-adec19b34f1c,http://snomed.info/sct,430193006,Medication reconciliation (procedure),308.73,,
2024-01-17T09:38:04Z,2024-01-17T10:10:43Z,aa616abe-1761-0c9a-7959-07544679dafd,aa616abe-1761-0c9a-0945-adec19b34f1c,http://snomed.info/sct,710824005,Assessment of health and social care needs (procedure),431.40,,
2024-01-17T10:10:43Z,2024-01-17T10:27:55Z,aa616abe-1761-0c9a-7959-07544679dafd,aa616abe-1761-0c9a-0945-adec19b34f1c,http://snomed.info/sct,762993000,Assessment using Morse Fall Scale (procedure),431.40,,
2024-01-17T10:27:55Z,2024-01-17T10:55:10Z,aa616abe-1761-0c9a-7959-07544679dafd,aa616abe-1761-0c9a-0945-adec19b34f1c,http://snomed.info/sct,866148006,Screening for domestic abuse (procedure),431.40,,
2024-01-17T10:55:10Z,2024-01-17T11:09:36Z,aa616abe-1761-0c9a-7959-07544679dafd,aa616abe-1761-0c9a-0945-adec19b34f1c,http://snomed.info/sct,171207006,Depression screening (procedure),431.40,,
2024-01-17T11:09:36Z,2024-01-17T11:33:44Z,aa616abe-1761-0c9a-7959-07544679dafd,aa616abe-1761-0c9a-0945-adec19b34f1c,http://snomed.info/sct,171207006,Depression screening (procedure),431.40,,
2024-01-17T11:33:44Z,2024-01-17T11:38:44Z,aa616abe-1761-0c9a-7959-07544679dafd,aa616abe-1761-0c9a-0945-adec19b34f1c,http://snomed.info/sct,103697008,Patient referral for dental care (procedure),431.40,66383009,Gingivitis (disorder)
2024-01-31T09:38:04Z,2024-01-31T10:13:02Z,aa616abe-1761-0c9a-7959-07544679dafd,aa616abe-1761-0c9a-397d-4a2ae565f0e5,http://www.ada.org/cdt,D4261,osseous surgery (including elevation of a full thickness flap and closure) - one to three contiguous teeth or tooth bounded spaces per quadrant,9.94,,
2024-02-07T09:38:04Z,2024-02-07T09:39:04Z,aa616abe-1761-0c9a-7959-07544679dafd,aa616abe-1761-0c9a-75bf-b4e9504dacfd,http://snomed.info/sct,16830007,Visual acuity testing (procedure),431.40,,
2024-02-07T09:39:04Z,2024-02-07T09:40:04Z,aa616abe-1761-0c9a-7959-07544679dafd,aa616abe-1761-0c9a-75bf-b4e9504dacfd,http://snomed.info/sct,252832004,Intraocular pressure test (procedure),431.40,,
2024-02-07T09:40:04Z,2024-02-07T09:42:04Z,aa616abe-1761-0c9a-7959-07544679dafd,aa616abe-1761-0c9a-75bf-b4e9504dacfd,http://snomed.info/sct,55468007,Ocular slit lamp examination (procedure),431.40,44054006,Diabetes mellitus type 2 (disorder)
2024-02-07T09:42:04Z,2024-02-07T09:52:04Z,aa616abe-1761-0c9a-7959-07544679dafd,aa616abe-1761-0c9a-75bf-b4e9504dacfd,http://snomed.info/sct,389153003,Indirect gonioscopy (procedure),431.40,44054006,Diabetes mellitus type 2 (disorder)
2024-02-07T09:52:04Z,2024-02-07T10:22:04Z,aa616abe-1761-0c9a-7959-07544679dafd,aa616abe-1761-0c9a-75bf-b4e9504dacfd,http://snomed.info/sct,314971001,Camera fundoscopy (procedure),431.40,,
2024-02-07T09:52:04Z,2024-02-07T09:54:11Z,aa616abe-1761-0c9a-7959-07544679dafd,aa616abe-1761-0c9a-75bf-b4e9504dacfd,http://snomed.info/sct,722161008,Diabetic retinal eye exam (procedure),431.40,44054006,Diabetes mellitus type 2 (disorder)
2024-02-07T09:54:11Z,2024-02-07T10:24:11Z,aa616abe-1761-0c9a-7959-07544679dafd,aa616abe-1761-0c9a-75bf-b4e9504dacfd,http://snomed.info/sct,700070005,Optical coherence tomography of retina (procedure),431.40,,
2024-02-21T09:38:04Z,2024-02-21T09:53:04Z,aa616abe-1761-0c9a-7959-07544679dafd,aa616abe-1761-0c9a-2681-bb2e644093cc,http://snomed.info/sct,430193006,Medication reconciliation (procedure),862.80,,
2024-02-21T09:38:04Z,2024-02-21T10:33:31Z,aa616abe-1761-0c9a-7959-07544679dafd,aa616abe-1761-0c9a-2681-bb2e644093cc,http://snomed.info/sct,710824005,Assessment of health and social care needs (procedure),431.40,,
2024-02-21T10:33:31Z,2024-02-21T10:59:55Z,aa616abe-1761-0c9a-7959-07544679dafd,aa616abe-1761-0c9a-2681-bb2e644093cc,http://snomed.info/sct,710841007,Assessment of anxiety (procedure),431.40,,
2024-02-21T10:59:55Z,2024-02-21T11:21:16Z,aa616abe-1761-0c9a-7959-07544679dafd,aa616abe-1761-0c9a-2681-bb2e644093cc,http://snomed.info/sct,762993000,Assessment using Morse Fall Scale (procedure),431.40,,
2024-02-21T11:21:16Z,2024-02-21T12:05:35Z,aa616abe-1761-0c9a-7959-07544679dafd,aa616abe-1761-0c9a-2681-bb2e644093cc,http://snomed.info/sct,866148006,Screening for domestic abuse (procedure),431.40,,
2024-02-21T12:05:35Z,2024-02-21T12:17:45Z,aa616abe-1761-0c9a-7959-07544679dafd,aa616abe-1761-0c9a-2681-bb2e644093cc,http://snomed.info/sct,171207006,Depression screening (procedure),431.40,,
2024-02-21T12:17:45Z,2024-02-21T12:41:20Z,aa616abe-1761-0c9a-7959-07544679dafd,aa616abe-1761-0c9a-2681-bb2e644093cc,http://snomed.info/sct,171207006,Depression screening (procedure),431.40,,
2024-02-21T12:41:20Z,2024-02-21T12:52:30Z,aa616abe-1761-0c9a-7959-07544679dafd,aa616abe-1761-0c9a-2681-bb2e644093cc,http://snomed.info/sct,428211000124100,Assessment of substance use (procedure),431.40,,
2024-02-21T12:52:30Z,2024-02-21T13:12:40Z,aa616abe-1761-0c9a-7959-07544679dafd,aa616abe-1761-0c9a-2681-bb2e644093cc,http://snomed.info/sct,713106006,Screening for drug abuse (procedure),431.40,,
2024-03-06T09:38:04Z,2024-03-06T10:21:57Z,aa616abe-1761-0c9a-7959-07544679dafd,aa616abe-1761-0c9a-734b-fc8587254c98,http://snomed.info/sct,710824005,Assessment of health and social care needs (procedure),431.40,,
2024-03-06T10:21:57Z,2024-03-06T10:37:39Z,aa616abe-1761-0c9a-7959-07544679dafd,aa616abe-1761-0c9a-734b-fc8587254c98,http://snomed.info/sct,710841007,Assessment of anxiety (procedure),431.40,,
2024-03-06T10:37:39Z,2024-03-06T10:57:50Z,aa616abe-1761-0c9a-7959-07544679dafd,aa616abe-1761-0c9a-734b-fc8587254c98,http://snomed.info/sct,762993000,Assessment using Morse Fall Scale (procedure),431.40,,
2024-03-06T10:57:50Z,2024-03-06T11:09:37Z,aa616abe-1761-0c9a-7959-07544679dafd,aa616abe-1761-0c9a-734b-fc8587254c98,http://snomed.info/sct,428211000124100,Assessment of substance use (procedure),431.40,,
2024-03-06T11:09:37Z,2024-03-06T11:32:47Z,aa616abe-1761-0c9a-7959-07544679dafd,aa616abe-1761-0c9a-734b-fc8587254c98,http://snomed.info/sct,763302001,Assessment using Alcohol Use Disorders Identification Test - Consumption (procedure),431.40,,
2024-03-20T09:38:04Z,2024-03-20T09:53:04Z,aa616abe-1761-0c9a-7959-07544679dafd,aa616abe-1761-0c9a-6ee0-acea6b0f4399,http://snomed.info/sct,430193006,Medication reconciliation (procedure),215.70,,
2024-03-20T09:38:04Z,2024-03-20T10:10:59Z,aa616abe-1761-0c9a-7959-07544679dafd,aa616abe-1761-0c9a-6ee0-acea6b0f4399,http://snomed.info/sct,710824005,Assessment of health and social care needs (procedure),431.40,,
2024-03-20T10:10:59Z,2024-03-20T10:40:32Z,aa616abe-1761-0c9a-7959-07544679dafd,aa616abe-1761-0c9a-6ee0-acea6b0f4399,http://snomed.info/sct,710841007,Assessment of anxiety (procedure),431.40,,
2024-03-20T10:40:32Z,2024-03-20T10:57:08Z,aa616abe-1761-0c9a-7959-07544679dafd,aa616abe-1761-0c9a-6ee0-acea6b0f4399,http://snomed.info/sct,762993000,Assessment using Morse Fall Scale (procedure),431.40,,
2024-03-20T10:57:08Z,2024-03-20T11:25:17Z,aa616abe-1761-0c9a-7959-07544679dafd,aa616abe-1761-0c9a-6ee0-acea6b0f4399,http://snomed.info/sct,866148006,Screening for domestic abuse (procedure),431.40,,
2024-03-20T11:25:17Z,2024-03-20T11:38:41Z,aa616abe-1761-0c9a-7959-07544679dafd,aa616abe-1761-0c9a-6ee0-acea6b0f4399,http://snomed.info/sct,171207006,Depression screening (procedure),431.40,,
2024-03-20T11:38:41Z,2024-03-20T12:08:19Z,aa616abe-1761-0c9a-7959-07544679dafd,aa616abe-1761-0c9a-6ee0-acea6b0f4399,http://snomed.info/sct,171207006,Depression screening (procedure),431.40,,
2024-03-27T09:38:04Z,2024-03-27T09:53:04Z,aa616abe-1761-0c9a-7959-07544679dafd,aa616abe-1761-0c9a-b26c-d4d2ac8efffd,http://snomed.info/sct,430193006,Medication reconciliation (procedure),430.22,,
2024-04-17T09:38:04Z,2024-04-17T09:53:04Z,aa616abe-1761-0c9a-7959-07544679dafd,aa616abe-1761-0c9a-4bbf-bc034380cbe7,http://snomed.info/sct,430193006,Medication reconciliation (procedure),215.70,,
2024-04-17T09:38:04Z,2024-04-17T10:10:20Z,aa616abe-1761-0c9a-7959-07544679dafd,aa616abe-1761-0c9a-4bbf-bc034380cbe7,http://snomed.info/sct,710824005,Assessment of health and social care needs (procedure),431.40,,
2024-04-17T10:10:20Z,2024-04-17T10:27:51Z,aa616abe-1761-0c9a-7959-07544679dafd,aa616abe-1761-0c9a-4bbf-bc034380cbe7,http://snomed.info/sct,762993000,Assessment using Morse Fall Scale (procedure),431.40,,
2024-04-24T09:38:04Z,2024-04-24T09:53:04Z,aa616abe-1761-0c9a-7959-07544679dafd,aa616abe-1761-0c9a-c290-2f1d0f151f5b,http://snomed.info/sct,430193006,Medication reconciliation (procedure),454.08,,
2024-05-15T09:38:04Z,2024-05-15T09:53:04Z,aa616abe-1761-0c9a-7959-07544679dafd,aa616abe-1761-0c9a-e3b3-8841a497bd44,http://snomed.info/sct,430193006,Medication reconciliation (procedure),862.80,,
2024-05-15T09:38:04Z,2024-05-15T10:29:18Z,aa616abe-1761-0c9a-7959-07544679dafd,aa616abe-1761-0c9a-e3b3-8841a497bd44,http://snomed.info/sct,710824005,Assessment of health and social care needs (procedure),431.40,,
2024-05-15T10:29:18Z,2024-05-15T10:54:39Z,aa616abe-1761-0c9a-7959-07544679dafd,aa616abe-1761-0c9a-e3b3-8841a497bd44,http://snomed.info/sct,710841007,Assessment of anxiety (procedure),431.40,,
2024-05-15T10:54:39Z,2024-05-15T11:22:10Z,aa616abe-1761-0c9a-7959-07544679dafd,aa616abe-1761-0c9a-e3b3-8841a497bd44,http://snomed.info/sct,762993000,Assessment using Morse Fall Scale (procedure),431.40,,
2024-05-15T11:22:10Z,2024-05-15T12:04:47Z,aa616abe-1761-0c9a-7959-07544679dafd,aa616abe-1761-0c9a-e3b3-8841a497bd44,http://snomed.info/sct,866148006,Screening for domestic abuse (procedure),431.40,,
2024-06-05T09:38:04Z,2024-06-05T09:53:04Z,aa616abe-1761-0c9a-7959-07544679dafd,aa616abe-1761-0c9a-6927-d146f96cd914,http://snomed.info/sct,430193006,Medication reconciliation (procedure),862.80,,
2024-06-05T09:38:04Z,2024-06-05T10:16:41Z,aa616abe-1761-0c9a-7959-07544679dafd,aa616abe-1761-0c9a-6927-d146f96cd914,http://snomed.info/sct,710824005,Assessment of health and social care needs (procedure),431.40,,
2024-06-05T10:16:41Z,2024-06-05T10:29:17Z,aa616abe-1761-0c9a-7959-07544679dafd,aa616abe-1761-0c9a-6927-d146f96cd914,http://snomed.info/sct,171207006,Depression screening (procedure),431.40,,
2024-06-05T10:29:17Z,2024-06-05T10:58:48Z,aa616abe-1761-0c9a-7959-07544679dafd,aa616abe-1761-0c9a-6927-d146f96cd914,http://snomed.info/sct,171207006,Depression screening (procedure),431.40,,
2024-06-05T10:58:48Z,2024-06-05T11:12:19Z,aa616abe-1761-0c9a-7959-07544679dafd,aa616abe-1761-0c9a-6927-d146f96cd914,http://snomed.info/sct,428211000124100,Assessment of substance use (procedure),431.40,,
2024-06-05T11:12:19Z,2024-06-05T11:36:27Z,aa616abe-1761-0c9a-7959-07544679dafd,aa616abe-1761-0c9a-6927-d146f96cd914,http://snomed.info/sct,713106006,Screening for drug abuse (procedure),431.40,,
2024-07-03T09:38:04Z,2024-07-03T09:53:04Z,aa616abe-1761-0c9a-7959-07544679dafd,aa616abe-1761-0c9a-bfe1-73049b0f2170,http://snomed.info/sct,430193006,Medication reconciliation (procedure),711.87,,
2024-07-03T09:38:04Z,2024-07-03T10:10:00Z,aa616abe-1761-0c9a-7959-07544679dafd,aa616abe-1761-0c9a-bfe1-73049b0f2170,http://snomed.info/sct,710824005,Assessment of health and social care needs (procedure),431.40,,
2024-07-03T10:10:00Z,2024-07-03T10:27:33Z,aa616abe-1761-0c9a-7959-07544679dafd,aa616abe-1761-0c9a-bfe1-73049b0f2170,http://snomed.info/sct,710841007,Assessment of anxiety (procedure),431.40,,
2024-07-03T10:27:33Z,2024-07-03T10:39:04Z,aa616abe-1761-0c9a-7959-07544679dafd,aa616abe-1761-0c9a-bfe1-73049b0f2170,http://snomed.info/sct,171207006,Depression screening (procedure),431.40,,
2024-07-03T10:39:04Z,2024-07-03T11:06:06Z,aa616abe-1761-0c9a-7959-07544679dafd,aa616abe-1761-0c9a-bfe1-73049b0f2170,http://snomed.info/sct,171207006,Depression screening (procedure),431.40,,
2024-07-03T11:06:06Z,2024-07-03T11:19:51Z,aa616abe-1761-0c9a-7959-07544679dafd,aa616abe-1761-0c9a-bfe1-73049b0f2170,http://snomed.info/sct,428211000124100,Assessment of substance use (procedure),431.40,,
2024-07-03T11:19:51Z,2024-07-03T11:45:33Z,aa616abe-1761-0c9a-7959-07544679dafd,aa616abe-1761-0c9a-bfe1-73049b0f2170,http://snomed.info/sct,713106006,Screening for drug abuse (procedure),431.40,,
2024-07-17T09:38:04Z,2024-07-17T10:31:38Z,aa616abe-1761-0c9a-7959-07544679dafd,aa616abe-1761-0c9a-5178-87a1d4c83d00,http://snomed.info/sct,710824005,Assessment of health and social care needs (procedure),431.40,,
2024-07-17T10:31:38Z,2024-07-17T10:55:06Z,aa616abe-1761-0c9a-7959-07544679dafd,aa616abe-1761-0c9a-5178-87a1d4c83d00,http://snomed.info/sct,710841007,Assessment of anxiety (procedure),431.40,,
2024-07-17T10:55:06Z,2024-07-17T11:21:53Z,aa616abe-1761-0c9a-7959-07544679dafd,aa616abe-1761-0c9a-5178-87a1d4c83d00,http://snomed.info/sct,762993000,Assessment using Morse Fall Scale (procedure),431.40,,
2024-07-17T11:21:53Z,2024-07-17T11:57:44Z,aa616abe-1761-0c9a-7959-07544679dafd,aa616abe-1761-0c9a-5178-87a1d4c83d00,http://snomed.info/sct,866148006,Screening for domestic abuse (procedure),431.40,,
2024-07-17T11:57:44Z,2024-07-17T12:09:01Z,aa616abe-1761-0c9a-7959-07544679dafd,aa616abe-1761-0c9a-5178-87a1d4c83d00,http://snomed.info/sct,171207006,Depression screening (procedure),431.40,,
2024-07-17T12:09:01Z,2024-07-17T12:38:43Z,aa616abe-1761-0c9a-7959-07544679dafd,aa616abe-1761-0c9a-5178-87a1d4c83d00,http://snomed.info/sct,171207006,Depression screening (procedure),431.40,,
2024-07-17T12:38:43Z,2024-07-17T12:53:06Z,aa616abe-1761-0c9a-7959-07544679dafd,aa616abe-1761-0c9a-5178-87a1d4c83d00,http://snomed.info/sct,428211000124100,Assessment of substance use (procedure),431.40,,
2024-07-17T12:53:06Z,2024-07-17T13:18:11Z,aa616abe-1761-0c9a-7959-07544679dafd,aa616abe-1761-0c9a-5178-87a1d4c83d00,http://snomed.info/sct,763302001,Assessment using Alcohol Use Disorders Identification Test - Consumption (procedure),431.40,,
2024-07-17T13:18:11Z,2024-07-17T13:30:32Z,aa616abe-1761-0c9a-7959-07544679dafd,aa616abe-1761-0c9a-5178-87a1d4c83d00,http://snomed.info/sct,103697008,Patient referral for dental care (procedure),431.40,66383009,Gingivitis (disorder)
2024-08-14T09:38:04Z,2024-08-14T10:22:15Z,aa616abe-1761-0c9a-7959-07544679dafd,aa616abe-1761-0c9a-e5e3-e6534716a43e,http://snomed.info/sct,710824005,Assessment of health and social care needs (procedure),431.40,,
2024-08-14T10:22:15Z,2024-08-14T10:42:04Z,aa616abe-1761-0c9a-7959-07544679dafd,aa616abe-1761-0c9a-e5e3-e6534716a43e,http://snomed.info/sct,710841007,Assessment of anxiety (procedure),431.40,,
2024-08-14T10:42:04Z,2024-08-14T11:08:29Z,aa616abe-1761-0c9a-7959-07544679dafd,aa616abe-1761-0c9a-e5e3-e6534716a43e,http://snomed.info/sct,762993000,Assessment using Morse Fall Scale (procedure),431.40,,
2024-08-14T11:08:29Z,2024-08-14T11:22:38Z,aa616abe-1761-0c9a-7959-07544679dafd,aa616abe-1761-0c9a-e5e3-e6534716a43e,http://snomed.info/sct,171207006,Depression screening (procedure),431.40,,
2024-08-14T11:22:38Z,2024-08-14T11:47:09Z,aa616abe-1761-0c9a-7959-07544679dafd,aa616abe-1761-0c9a-e5e3-e6534716a43e,http://snomed.info/sct,171207006,Depression screening (procedure),431.40,,
2024-08-14T11:47:09Z,2024-08-14T12:07:36Z,aa616abe-1761-0c9a-7959-07544679dafd,aa616abe-1761-0c9a-e5e3-e6534716a43e,http://snomed.info/sct,715252007,Depression screening using Patient Health Questionnaire Nine Item score (procedure),25.88,,
2024-08-14T12:07:36Z,2024-08-14T12:18:55Z,aa616abe-1761-0c9a-7959-07544679dafd,aa616abe-1761-0c9a-e5e3-e6534716a43e,http://snomed.info/sct,428211000124100,Assessment of substance use (procedure),431.40,,
2024-08-14T12:18:55Z,2024-08-14T12:46:38Z,aa616abe-1761-0c9a-7959-07544679dafd,aa616abe-1761-0c9a-e5e3-e6534716a43e,http://snomed.info/sct,713106006,Screening for drug abuse (procedure),431.40,,
2024-08-14T12:46:38Z,2024-08-14T12:51:38Z,aa616abe-1761-0c9a-7959-07544679dafd,aa616abe-1761-0c9a-e5e3-e6534716a43e,http://snomed.info/sct,103697008,Patient referral for dental care (procedure),431.40,66383009,Gingivitis (disorder)
2024-08-21T09:38:04Z,2024-08-21T09:53:04Z,aa616abe-1761-0c9a-7959-07544679dafd,aa616abe-1761-0c9a-d45d-e27640fc842e,http://snomed.info/sct,430193006,Medication reconciliation (procedure),215.70,,
2024-08-28T09:38:04Z,2024-08-28T10:35:14Z,aa616abe-1761-0c9a-7959-07544679dafd,aa616abe-1761-0c9a-150f-5f5a0d7846e6,http://snomed.info/sct,710824005,Assessment of health and social care needs (procedure),431.40,,
2024-08-28T10:35:14Z,2024-08-28T10:48:21Z,aa616abe-1761-0c9a-7959-07544679dafd,aa616abe-1761-0c9a-150f-5f5a0d7846e6,http://snomed.info/sct,171207006,Depression screening (procedure),431.40,,
2024-08-28T10:48:21Z,2024-08-28T11:08:51Z,aa616abe-1761-0c9a-7959-07544679dafd,aa616abe-1761-0c9a-150f-5f5a0d7846e6,http://snomed.info/sct,171207006,Depression screening (procedure),431.40,,
2024-08-28T11:08:51Z,2024-08-28T11:19:42Z,aa616abe-1761-0c9a-7959-07544679dafd,aa616abe-1761-0c9a-150f-5f5a0d7846e6,http://snomed.info/sct,428211000124100,Assessment of substance use (procedure),431.40,,
2024-08-28T11:19:42Z,2024-08-28T11:43:42Z,aa616abe-1761-0c9a-7959-07544679dafd,aa616abe-1761-0c9a-150f-5f5a0d7846e6,http://snomed.info/sct,713106006,Screening for drug abuse (procedure),431.40,,
2024-09-04T09:38:04Z,2024-09-04T09:53:04Z,aa616abe-1761-0c9a-7959-07544679dafd,aa616abe-1761-0c9a-0c2a-99fcc7c8673c,http://snomed.info/sct,430193006,Medication reconciliation (procedure),215.70,,
2024-09-11T09:38:04Z,2024-09-11T09:53:04Z,aa616abe-1761-0c9a-7959-07544679dafd,aa616abe-1761-0c9a-753d-8998877cbb64,http://snomed.info/sct,430193006,Medication reconciliation (procedure),215.70,,
2024-09-11T09:38:04Z,2024-09-11T10:23:10Z,aa616abe-1761-0c9a-7959-07544679dafd,aa616abe-1761-0c9a-753d-8998877cbb64,http://snomed.info/sct,710824005,Assessment of health and social care needs (procedure),431.40,,
2024-09-11T10:23:10Z,2024-09-11T10:40:23Z,aa616abe-1761-0c9a-7959-07544679dafd,aa616abe-1761-0c9a-753d-8998877cbb64,http://snomed.info/sct,710841007,Assessment of anxiety (procedure),431.40,,
2024-09-11T10:40:23Z,2024-09-11T11:07:31Z,aa616abe-1761-0c9a-7959-07544679dafd,aa616abe-1761-0c9a-753d-8998877cbb64,http://snomed.info/sct,762993000,Assessment using Morse Fall Scale (procedure),431.40,,
2024-09-11T11:07:31Z,2024-09-11T11:22:18Z,aa616abe-1761-0c9a-7959-07544679dafd,aa616abe-1761-0c9a-753d-8998877cbb64,http://snomed.info/sct,171207006,Depression screening (procedure),431.40,,
2024-09-11T11:22:18Z,2024-09-11T11:49:44Z,aa616abe-1761-0c9a-7959-07544679dafd,aa616abe-1761-0c9a-753d-8998877cbb64,http://snomed.info/sct,171207006,Depression screening (procedure),431.40,,
2024-09-11T11:49:44Z,2024-09-11T12:01:48Z,aa616abe-1761-0c9a-7959-07544679dafd,aa616abe-1761-0c9a-753d-8998877cbb64,http://snomed.info/sct,428211000124100,Assessment of substance use (procedure),431.40,,
2024-09-11T12:01:48Z,2024-09-11T12:28:37Z,aa616abe-1761-0c9a-7959-07544679dafd,aa616abe-1761-0c9a-753d-8998877cbb64,http://snomed.info/sct,713106006,Screening for drug abuse (procedure),431.40,,
2024-09-25T09:38:04Z,2024-09-25T10:11:53Z,aa616abe-1761-0c9a-7959-07544679dafd,aa616abe-1761-0c9a-225e-607c10b55761,http://snomed.info/sct,710824005,Assessment of health and social care needs (procedure),431.40,,
2024-09-25T10:11:53Z,2024-09-25T10:22:54Z,aa616abe-1761-0c9a-7959-07544679dafd,aa616abe-1761-0c9a-225e-607c10b55761,http://snomed.info/sct,171207006,Depression screening (procedure),431.40,,
2024-09-25T10:22:54Z,2024-09-25T10:44:44Z,aa616abe-1761-0c9a-7959-07544679dafd,aa616abe-1761-0c9a-225e-607c10b55761,http://snomed.info/sct,171207006,Depression screening (procedure),431.40,,
2024-09-25T10:44:44Z,2024-09-25T10:59:01Z,aa616abe-1761-0c9a-7959-07544679dafd,aa616abe-1761-0c9a-225e-607c10b55761,http://snomed.info/sct,428211000124100,Assessment of substance use (procedure),431.40,,
2024-09-25T10:59:01Z,2024-09-25T11:22:24Z,aa616abe-1761-0c9a-7959-07544679dafd,aa616abe-1761-0c9a-225e-607c10b55761,http://snomed.info/sct,763302001,Assessment using Alcohol Use Disorders Identification Test - Consumption (procedure),431.40,,
2024-09-25T11:22:24Z,2024-09-25T11:35:24Z,aa616abe-1761-0c9a-7959-07544679dafd,aa616abe-1761-0c9a-225e-607c10b55761,http://snomed.info/sct,103697008,Patient referral for dental care (procedure),431.40,,
2024-10-02T09:38:04Z,2024-10-02T09:53:04Z,aa616abe-1761-0c9a-7959-07544679dafd,aa616abe-1761-0c9a-78bd-fe9c63a0faa0,http://snomed.info/sct,430193006,Medication reconciliation (procedure),505.84,,
2024-10-09T09:38:04Z,2024-10-09T09:53:04Z,aa616abe-1761-0c9a-7959-07544679dafd,aa616abe-1761-0c9a-56f4-8c5848aab430,http://snomed.info/sct,430193006,Medication reconciliation (procedure),862.80,,
2024-10-09T09:38:04Z,2024-10-09T10:08:44Z,aa616abe-1761-0c9a-7959-07544679dafd,aa616abe-1761-0c9a-56f4-8c5848aab430,http://snomed.info/sct,710824005,Assessment of health and social care needs (procedure),431.40,,
2024-10-09T10:08:44Z,2024-10-09T10:30:06Z,aa616abe-1761-0c9a-7959-07544679dafd,aa616abe-1761-0c9a-56f4-8c5848aab430,http://snomed.info/sct,710841007,Assessment of anxiety (procedure),431.40,,
2024-10-09T10:30:06Z,2024-10-09T10:50:31Z,aa616abe-1761-0c9a-7959-07544679dafd,aa616abe-1761-0c9a-56f4-8c5848aab430,http://snomed.info/sct,762993000,Assessment using Morse Fall Scale (procedure),431.40,,
2024-10-09T10:50:31Z,2024-10-09T11:21:31Z,aa616abe-1761-0c9a-7959-07544679dafd,aa616abe-1761-0c9a-56f4-8c5848aab430,http://snomed.info/sct,866148006,Screening for domestic abuse (procedure),431.40,,
2024-10-09T11:21:31Z,2024-10-09T11:32:20Z,aa616abe-1761-0c9a-7959-07544679dafd,aa616abe-1761-0c9a-56f4-8c5848aab430,http://snomed.info/sct,428211000124100,Assessment of substance use (procedure),431.40,,
2024-10-09T11:32:20Z,2024-10-09T11:55:19Z,aa616abe-1761-0c9a-7959-07544679dafd,aa616abe-1761-0c9a-56f4-8c5848aab430,http://snomed.info/sct,763302001,Assessment using Alcohol Use Disorders Identification Test - Consumption (procedure),431.40,,
2024-10-09T11:55:19Z,2024-10-09T12:06:01Z,aa616abe-1761-0c9a-7959-07544679dafd,aa616abe-1761-0c9a-56f4-8c5848aab430,http://snomed.info/sct,103697008,Patient referral for dental care (procedure),431.40,,
2024-10-23T09:38:04Z,2024-10-23T09:53:04Z,aa616abe-1761-0c9a-7959-07544679dafd,aa616abe-1761-0c9a-1486-427f451dfdfd,http://snomed.info/sct,430193006,Medication reconciliation (procedure),311.27,,
2024-10-23T09:38:04Z,2024-10-23T10:09:08Z,aa616abe-1761-0c9a-7959-07544679dafd,aa616abe-1761-0c9a-1486-427f451dfdfd,http://snomed.info/sct,710824005,Assessment of health and social care needs (procedure),431.40,,
2024-10-23T10:09:08Z,2024-10-23T10:36:03Z,aa616abe-1761-0c9a-7959-07544679dafd,aa616abe-1761-0c9a-1486-427f451dfdfd,http://snomed.info/sct,710841007,Assessment of anxiety (procedure),431.40,,
2024-10-23T10:36:03Z,2024-10-23T10:53:12Z,aa616abe-1761-0c9a-7959-07544679dafd,aa616abe-1761-0c9a-1486-427f451dfdfd,http://snomed.info/sct,762993000,Assessment using Morse Fall Scale (procedure),431.40,,
2024-10-23T10:53:12Z,2024-10-23T11:07:12Z,aa616abe-1761-0c9a-7959-07544679dafd,aa616abe-1761-0c9a-1486-427f451dfdfd,http://snomed.info/sct,171207006,Depression screening (procedure),431.40,,
2024-10-23T11:07:12Z,2024-10-23T11:28:11Z,aa616abe-1761-0c9a-7959-07544679dafd,aa616abe-1761-0c9a-1486-427f451dfdfd,http://snomed.info/sct,171207006,Depression screening (procedure),431.40,,
2024-10-23T11:28:11Z,2024-10-23T11:40:45Z,aa616abe-1761-0c9a-7959-07544679dafd,aa616abe-1761-0c9a-1486-427f451dfdfd,http://snomed.info/sct,428211000124100,Assessment of substance use (procedure),431.40,,
2024-10-23T11:40:45Z,2024-10-23T12:09:17Z,aa616abe-1761-0c9a-7959-07544679dafd,aa616abe-1761-0c9a-1486-427f451dfdfd,http://snomed.info/sct,763302001,Assessment using Alcohol Use Disorders Identification Test - Consumption (procedure),431.40,,
2024-10-30T09:38:04Z,2024-10-30T09:53:04Z,aa616abe-1761-0c9a-7959-07544679dafd,aa616abe-1761-0c9a-5332-3ad705d69607,http://snomed.info/sct,430193006,Medication reconciliation (procedure),215.70,,
2024-11-06T09:38:04Z,2024-11-06T10:32:52Z,aa616abe-1761-0c9a-7959-07544679dafd,aa616abe-1761-0c9a-4c57-ec904e78220a,http://snomed.info/sct,710824005,Assessment of health and social care needs (procedure),431.40,,
2024-11-06T10:32:52Z,2024-11-06T10:49:39Z,aa616abe-1761-0c9a-7959-07544679dafd,aa616abe-1761-0c9a-4c57-ec904e78220a,http://snomed.info/sct,710841007,Assessment of anxiety (procedure),431.40,,
2024-11-06T10:49:39Z,2024-11-06T11:17:51Z,aa616abe-1761-0c9a-7959-07544679dafd,aa616abe-1761-0c9a-4c57-ec904e78220a,http://snomed.info/sct,866148006,Screening for domestic abuse (procedure),431.40,,
2024-11-06T11:17:51Z,2024-11-06T11:32:14Z,aa616abe-1761-0c9a-7959-07544679dafd,aa616abe-1761-0c9a-4c57-ec904e78220a,http://snomed.info/sct,171207006,Depression screening (procedure),431.40,,
2024-11-06T11:32:14Z,2024-11-06T11:57:45Z,aa616abe-1761-0c9a-7959-07544679dafd,aa616abe-1761-0c9a-4c57-ec904e78220a,http://snomed.info/sct,171207006,Depression screening (procedure),431.40,,
2024-11-20T09:38:04Z,2024-11-20T09:53:04Z,aa616abe-1761-0c9a-7959-07544679dafd,aa616abe-1761-0c9a-04b8-d94ab164cd13,http://snomed.info/sct,430193006,Medication reconciliation (procedure),254.53,,
2024-11-20T09:38:04Z,2024-11-20T10:30:16Z,aa616abe-1761-0c9a-7959-07544679dafd,aa616abe-1761-0c9a-04b8-d94ab164cd13,http://snomed.info/sct,710824005,Assessment of health and social care needs (procedure),431.40,,
2024-11-20T10:30:16Z,2024-11-20T10:52:32Z,aa616abe-1761-0c9a-7959-07544679dafd,aa616abe-1761-0c9a-04b8-d94ab164cd13,http://snomed.info/sct,762993000,Assessment using Morse Fall Scale (procedure),431.40,,
2024-11-20T10:52:32Z,2024-11-20T11:23:29Z,aa616abe-1761-0c9a-7959-07544679dafd,aa616abe-1761-0c9a-04b8-d94ab164cd13,http://snomed.info/sct,866148006,Screening for domestic abuse (procedure),431.40,,
2024-11-20T11:23:29Z,2024-11-20T11:35:52Z,aa616abe-1761-0c9a-7959-07544679dafd,aa616abe-1761-0c9a-04b8-d94ab164cd13,http://snomed.info/sct,171207006,Depression screening (procedure),431.40,,
2024-11-20T11:35:52Z,2024-11-20T12:04:56Z,aa616abe-1761-0c9a-7959-07544679dafd,aa616abe-1761-0c9a-04b8-d94ab164cd13,http://snomed.info/sct,171207006,Depression screening (procedure),431.40,,
2024-11-20T12:04:56Z,2024-11-20T12:17:43Z,aa616abe-1761-0c9a-7959-07544679dafd,aa616abe-1761-0c9a-04b8-d94ab164cd13,http://snomed.info/sct,428211000124100,Assessment of substance use (procedure),431.40,,
2024-11-20T12:17:43Z,2024-11-20T12:43:46Z,aa616abe-1761-0c9a-7959-07544679dafd,aa616abe-1761-0c9a-04b8-d94ab164cd13,http://snomed.info/sct,763302001,Assessment using Alcohol Use Disorders Identification Test - Consumption (procedure),431.40,,
2024-12-11T09:38:04Z,2024-12-11T09:53:04Z,aa616abe-1761-0c9a-7959-07544679dafd,aa616abe-1761-0c9a-8c4d-10fe61e457c4,http://snomed.info/sct,430193006,Medication reconciliation (procedure),239.06,,
2024-12-11T09:38:04Z,2024-12-11T10:14:29Z,aa616abe-1761-0c9a-7959-07544679dafd,aa616abe-1761-0c9a-8c4d-10fe61e457c4,http://snomed.info/sct,710824005,Assessment of health and social care needs (procedure),431.40,,
2024-12-11T10:14:29Z,2024-12-11T10:44:16Z,aa616abe-1761-0c9a-7959-07544679dafd,aa616abe-1761-0c9a-8c4d-10fe61e457c4,http://snomed.info/sct,710841007,Assessment of anxiety (procedure),431.40,,
2024-12-11T10:44:16Z,2024-12-11T11:06:30Z,aa616abe-1761-0c9a-7959-07544679dafd,aa616abe-1761-0c9a-8c4d-10fe61e457c4,http://snomed.info/sct,762993000,Assessment using Morse Fall Scale (procedure),431.40,,
2024-12-11T11:06:30Z,2024-12-11T11:20:16Z,aa616abe-1761-0c9a-7959-07544679dafd,aa616abe-1761-0c9a-8c4d-10fe61e457c4,http://snomed.info/sct,171207006,Depression screening (procedure),431.40,,
2024-12-11T11:20:16Z,2024-12-11T11:47:18Z,aa616abe-1761-0c9a-7959-07544679dafd,aa616abe-1761-0c9a-8c4d-10fe61e457c4,http://snomed.info/sct,171207006,Depression screening (procedure),431.40,,
2024-12-11T11:47:18Z,2024-12-11T12:13:12Z,aa616abe-1761-0c9a-7959-07544679dafd,aa616abe-1761-0c9a-8c4d-10fe61e457c4,http://snomed.info/sct,715252007,Depression screening using Patient Health Questionnaire Nine Item score (procedure),34.51,,
2024-12-11T12:13:12Z,2024-12-11T12:18:12Z,aa616abe-1761-0c9a-7959-07544679dafd,aa616abe-1761-0c9a-8c4d-10fe61e457c4,http://snomed.info/sct,103697008,Patient referral for dental care (procedure),431.40,,
2024-12-25T09:38:04Z,2024-12-25T10:06:43Z,aa616abe-1761-0c9a-7959-07544679dafd,aa616abe-1761-0c9a-ce83-5f772cb5f4ec,http://www.ada.org/cdt,D0603,caries risk assessment and documentation  with a finding of high risk,0.14,,
2025-02-01T09:54:11Z,2025-02-01T09:55:11Z,aa616abe-1761-0c9a-7959-07544679dafd,aa616abe-1761-0c9a-528c-1031bce2e7d4,http://snomed.info/sct,16830007,Visual acuity testing (procedure),431.40,,
2025-02-01T09:55:11Z,2025-02-01T09:56:11Z,aa616abe-1761-0c9a-7959-07544679dafd,aa616abe-1761-0c9a-528c-1031bce2e7d4,http://snomed.info/sct,252832004,Intraocular pressure test (procedure),431.40,,
2025-02-01T09:56:11Z,2025-02-01T09:58:11Z,aa616abe-1761-0c9a-7959-07544679dafd,aa616abe-1761-0c9a-528c-1031bce2e7d4,http://snomed.info/sct,55468007,Ocular slit lamp examination (procedure),431.40,44054006,Diabetes mellitus type 2 (disorder)
2025-02-01T09:58:11Z,2025-02-01T10:08:11Z,aa616abe-1761-0c9a-7959-07544679dafd,aa616abe-1761-0c9a-528c-1031bce2e7d4,http://snomed.info/sct,389153003,Indirect gonioscopy (procedure),431.40,44054006,Diabetes mellitus type 2 (disorder)
2025-02-01T10:08:11Z,2025-02-01T10:38:11Z,aa616abe-1761-0c9a-7959-07544679dafd,aa616abe-1761-0c9a-528c-1031bce2e7d4,http://snomed.info/sct,314971001,Camera fundoscopy (procedure),431.40,,
2025-02-01T10:08:11Z,2025-02-01T10:12:37Z,aa616abe-1761-0c9a-7959-07544679dafd,aa616abe-1761-0c9a-528c-1031bce2e7d4,http://snomed.info/sct,722161008,Diabetic retinal eye exam (procedure),431.40,44054006,Diabetes mellitus type 2 (disorder)
2025-02-01T10:12:37Z,2025-02-01T10:42:37Z,aa616abe-1761-0c9a-7959-07544679dafd,aa616abe-1761-0c9a-528c-1031bce2e7d4,http://snomed.info/sct,700070005,Optical coherence tomography of retina (procedure),431.40,,
2025-02-26T09:38:04Z,2025-02-26T10:24:23Z,aa616abe-1761-0c9a-7959-07544679dafd,aa616abe-1761-0c9a-0f15-e0c057454b56,http://snomed.info/sct,710824005,Assessment of health and social care needs (procedure),431.40,,
2025-02-26T10:24:23Z,2025-02-26T10:50:19Z,aa616abe-1761-0c9a-7959-07544679dafd,aa616abe-1761-0c9a-0f15-e0c057454b56,http://snomed.info/sct,762993000,Assessment using Morse Fall Scale (procedure),431.40,,
2025-02-26T10:50:19Z,2025-02-26T11:00:31Z,aa616abe-1761-0c9a-7959-07544679dafd,aa616abe-1761-0c9a-0f15-e0c057454b56,http://snomed.info/sct,171207006,Depression screening (procedure),431.40,,
2025-02-26T11:00:31Z,2025-02-26T11:25:45Z,aa616abe-1761-0c9a-7959-07544679dafd,aa616abe-1761-0c9a-0f15-e0c057454b56,http://snomed.info/sct,171207006,Depression screening (procedure),431.40,,
2025-02-26T11:25:45Z,2025-02-26T11:35:48Z,aa616abe-1761-0c9a-7959-07544679dafd,aa616abe-1761-0c9a-0f15-e0c057454b56,http://snomed.info/sct,103697008,Patient referral for dental care (procedure),431.40,,
2025-03-12T09:38:04Z,2025-03-12T10:24:45Z,aa616abe-1761-0c9a-7959-07544679dafd,aa616abe-1761-0c9a-f636-909bc0c0c9c4,http://snomed.info/sct,710824005,Assessment of health and social care needs (procedure),431.40,,
2025-03-12T10:24:45Z,2025-03-12T10:40:35Z,aa616abe-1761-0c9a-7959-07544679dafd,aa616abe-1761-0c9a-f636-909bc0c0c9c4,http://snomed.info/sct,710841007,Assessment of anxiety (procedure),431.40,,
2025-03-12T10:40:35Z,2025-03-12T10:52:51Z,aa616abe-1761-0c9a-7959-07544679dafd,aa616abe-1761-0c9a-f636-909bc0c0c9c4,http://snomed.info/sct,171207006,Depression screening (procedure),431.40,,
2025-03-12T10:52:51Z,2025-03-12T11:20:07Z,aa616abe-1761-0c9a-7959-07544679dafd,aa616abe-1761-0c9a-f636-909bc0c0c9c4,http://snomed.info/sct,171207006,Depression screening (procedure),431.40,,
2025-03-12T11:20:07Z,2025-03-12T11:33:57Z,aa616abe-1761-0c9a-7959-07544679dafd,aa616abe-1761-0c9a-f636-909bc0c0c9c4,http://snomed.info/sct,103697008,Patient referral for dental care (procedure),431.40,66383009,Gingivitis (disorder)
2025-03-19T09:38:04Z,2025-03-19T10:15:50Z,aa616abe-1761-0c9a-7959-07544679dafd,aa616abe-1761-0c9a-e36f-a15c52cbf9b8,http://www.ada.org/cdt,D0603,caries risk assessment and documentation  with a finding of high risk,0.21,,
2025-04-09T09:38:04Z,2025-04-09T10:26:12Z,aa616abe-1761-0c9a-7959-07544679dafd,aa616abe-1761-0c9a-f93f-fabed44527ae,http://snomed.info/sct,710824005,Assessment of health and social care needs (procedure),431.40,,
2025-04-09T10:26:12Z,2025-04-09T10:43:03Z,aa616abe-1761-0c9a-7959-07544679dafd,aa616abe-1761-0c9a-f93f-fabed44527ae,http://snomed.info/sct,710841007,Assessment of anxiety (procedure),431.40,,
2025-04-09T10:43:03Z,2025-04-09T10:54:28Z,aa616abe-1761-0c9a-7959-07544679dafd,aa616abe-1761-0c9a-f93f-fabed44527ae,http://snomed.info/sct,171207006,Depression screening (procedure),431.40,,
2025-04-09T10:54:28Z,2025-04-09T11:22:38Z,aa616abe-1761-0c9a-7959-07544679dafd,aa616abe-1761-0c9a-f93f-fabed44527ae,http://snomed.info/sct,171207006,Depression screening (procedure),431.40,,
2025-04-09T11:22:38Z,2025-04-09T11:35:59Z,aa616abe-1761-0c9a-7959-07544679dafd,aa616abe-1761-0c9a-f93f-fabed44527ae,http://snomed.info/sct,428211000124100,Assessment of substance use (procedure),431.40,,
2025-04-09T11:35:59Z,2025-04-09T11:58:17Z,aa616abe-1761-0c9a-7959-07544679dafd,aa616abe-1761-0c9a-f93f-fabed44527ae,http://snomed.info/sct,763302001,Assessment using Alcohol Use Disorders Identification Test - Consumption (procedure),431.40,,
2025-04-30T09:38:04Z,2025-04-30T09:53:04Z,aa616abe-1761-0c9a-7959-07544679dafd,aa616abe-1761-0c9a-7213-17f3753e1813,http://snomed.info/sct,430193006,Medication reconciliation (procedure),215.70,,
2025-04-30T09:38:04Z,2025-04-30T10:09:51Z,aa616abe-1761-0c9a-7959-07544679dafd,aa616abe-1761-0c9a-7213-17f3753e1813,http://snomed.info/sct,710824005,Assessment of health and social care needs (procedure),431.40,,
2025-04-30T10:09:51Z,2025-04-30T10:25:27Z,aa616abe-1761-0c9a-7959-07544679dafd,aa616abe-1761-0c9a-7213-17f3753e1813,http://snomed.info/sct,710841007,Assessment of anxiety (procedure),431.40,,
2025-04-30T10:25:27Z,2025-04-30T10:37:35Z,aa616abe-1761-0c9a-7959-07544679dafd,aa616abe-1761-0c9a-7213-17f3753e1813,http://snomed.info/sct,171207006,Depression screening (procedure),431.40,,
2025-04-30T10:37:35Z,2025-04-30T11:01:00Z,aa616abe-1761-0c9a-7959-07544679dafd,aa616abe-1761-0c9a-7213-17f3753e1813,http://snomed.info/sct,171207006,Depression screening (procedure),431.40,,
2025-04-30T11:01:00Z,2025-04-30T11:13:40Z,aa616abe-1761-0c9a-7959-07544679dafd,aa616abe-1761-0c9a-7213-17f3753e1813,http://snomed.info/sct,103697008,Patient referral for dental care (procedure),431.40,,
2025-05-28T09:38:04Z,2025-05-28T10:29:41Z,aa616abe-1761-0c9a-7959-07544679dafd,aa616abe-1761-0c9a-7f42-e2f462cd481e,http://snomed.info/sct,710824005,Assessment of health and social care needs (procedure),431.40,,
2025-05-28T10:29:41Z,2025-05-28T10:47:49Z,aa616abe-1761-0c9a-7959-07544679dafd,aa616abe-1761-0c9a-7f42-e2f462cd481e,http://snomed.info/sct,762993000,Assessment using Morse Fall Scale (procedure),431.40,,
2025-05-28T10:47:49Z,2025-05-28T11:02:38Z,aa616abe-1761-0c9a-7959-07544679dafd,aa616abe-1761-0c9a-7f42-e2f462cd481e,http://snomed.info/sct,171207006,Depression screening (procedure),431.40,,
2025-05-28T11:02:38Z,2025-05-28T11:30:13Z,aa616abe-1761-0c9a-7959-07544679dafd,aa616abe-1761-0c9a-7f42-e2f462cd481e,http://snomed.info/sct,171207006,Depression screening (procedure),431.40,,
2025-05-28T11:30:13Z,2025-05-28T11:38:13Z,aa616abe-1761-0c9a-7959-07544679dafd,aa616abe-1761-0c9a-7f42-e2f462cd481e,http://snomed.info/sct,103697008,Patient referral for dental care (procedure),431.40,66383009,Gingivitis (disorder)
2025-06-11T09:38:04Z,2025-06-11T10:05:40Z,aa616abe-1761-0c9a-7959-07544679dafd,aa616abe-1761-0c9a-4ea7-c4d542b550f7,http://www.ada.org/cdt,D0602,caries risk assessment and documentation  with a finding of moderate risk,0.08,,
2025-06-25T09:38:04Z,2025-06-25T10:34:04Z,aa616abe-1761-0c9a-7959-07544679dafd,aa616abe-1761-0c9a-24f7-3dd02eca3cfa,http://snomed.info/sct,710824005,Assessment of health and social care needs (procedure),431.40,,
2025-06-25T10:34:04Z,2025-06-25T11:13:24Z,aa616abe-1761-0c9a-7959-07544679dafd,aa616abe-1761-0c9a-24f7-3dd02eca3cfa,http://snomed.info/sct,866148006,Screening for domestic abuse (procedure),431.40,,
2025-06-25T11:13:24Z,2025-06-25T11:24:26Z,aa616abe-1761-0c9a-7959-07544679dafd,aa616abe-1761-0c9a-24f7-3dd02eca3cfa,http://snomed.info/sct,428211000124100,Assessment of substance use (procedure),431.40,,
2025-06-25T11:24:26Z,2025-06-25T11:50:45Z,aa616abe-1761-0c9a-7959-07544679dafd,aa616abe-1761-0c9a-24f7-3dd02eca3cfa,http://snomed.info/sct,763302001,Assessment using Alcohol Use Disorders Identification Test - Consumption (procedure),431.40,,
2025-06-25T11:50:45Z,2025-06-25T12:04:26Z,aa616abe-1761-0c9a-7959-07544679dafd,aa616abe-1761-0c9a-24f7-3dd02eca3cfa,http://snomed.info/sct,103697008,Patient referral for dental care (procedure),431.40,66383009,Gingivitis (disorder)
2025-07-09T09:38:04Z,2025-07-09T09:53:04Z,aa616abe-1761-0c9a-7959-07544679dafd,aa616abe-1761-0c9a-1d49-3d85612d8b76,http://snomed.info/sct,430193006,Medication reconciliation (procedure),862.80,,
2025-07-09T09:38:04Z,2025-07-09T10:24:43Z,aa616abe-1761-0c9a-7959-07544679dafd,aa616abe-1761-0c9a-1d49-3d85612d8b76,http://snomed.info/sct,710824005,Assessment of health and social care needs (procedure),431.40,,
2025-07-09T10:24:43Z,2025-07-09T10:52:53Z,aa616abe-1761-0c9a-7959-07544679dafd,aa616abe-1761-0c9a-1d49-3d85612d8b76,http://snomed.info/sct,710841007,Assessment of anxiety (procedure),431.40,,
2025-07-09T10:52:53Z,2025-07-09T11:12:14Z,aa616abe-1761-0c9a-7959-07544679dafd,aa616abe-1761-0c9a-1d49-3d85612d8b76,http://snomed.info/sct,762993000,Assessment using Morse Fall Scale (procedure),431.40,,
2025-07-09T11:12:14Z,2025-07-09T11:23:50Z,aa616abe-1761-0c9a-7959-07544679dafd,aa616abe-1761-0c9a-1d49-3d85612d8b76,http://snomed.info/sct,171207006,Depression screening (procedure),431.40,,
2025-07-09T11:23:50Z,2025-07-09T11:48:03Z,aa616abe-1761-0c9a-7959-07544679dafd,aa616abe-1761-0c9a-1d49-3d85612d8b76,http://snomed.info/sct,171207006,Depression screening (procedure),431.40,,
2025-07-16T09:38:04Z,2025-07-16T10:01:20Z,aa616abe-1761-0c9a-7959-07544679dafd,aa616abe-1761-0c9a-fd79-285d9ca933f7,http://www.ada.org/cdt,D7261,primary closure of a sinus perforation,9.63,,
2025-07-16T10:01:20Z,2025-07-16T10:33:09Z,aa616abe-1761-0c9a-7959-07544679dafd,aa616abe-1761-0c9a-fd79-285d9ca933f7,http://www.ada.org/cdt,D7286,incisional biopsy of oral tissue-soft,22.26,,
2025-07-16T10:33:09Z,2025-07-16T11:06:47Z,aa616abe-1761-0c9a-7959-07544679dafd,aa616abe-1761-0c9a-fd79-285d9ca933f7,http://www.ada.org/cdt,D7286,incisional biopsy of oral tissue-soft,7.70,,
2025-07-16T11:06:47Z,2025-07-16T11:33:08Z,aa616abe-1761-0c9a-7959-07544679dafd,aa616abe-1761-0c9a-fd79-285d9ca933f7,http://www.ada.org/cdt,D7288,brush biopsy - transepithelial sample collection,4.43,,
2025-07-16T11:33:08Z,2025-07-16T12:03:20Z,aa616abe-1761-0c9a-7959-07544679dafd,aa616abe-1761-0c9a-fd79-285d9ca933f7,http://www.ada.org/cdt,D7286,incisional biopsy of oral tissue-soft,7.09,,
2025-07-16T12:03:20Z,2025-07-16T12:39:59Z,aa616abe-1761-0c9a-7959-07544679dafd,aa616abe-1761-0c9a-fd79-285d9ca933f7,http://www.ada.org/cdt,D7286,incisional biopsy of oral tissue-soft,8.44,,
2025-07-30T09:38:04Z,2025-07-30T09:53:04Z,aa616abe-1761-0c9a-7959-07544679dafd,aa616abe-1761-0c9a-38ed-34eaa5949dd3,http://snomed.info/sct,310417005,Certification procedure (procedure),431.40,,
2025-07-30T09:38:04Z,2025-07-30T09:53:04Z,aa616abe-1761-0c9a-7959-07544679dafd,aa616abe-1761-0c9a-38ed-34eaa5949dd3,http://snomed.info/sct,185087000,Notifications (procedure),431.40,,
2025-07-30T09:38:04Z,2025-07-30T09:53:04Z,aa616abe-1761-0c9a-7959-07544679dafd,aa616abe-1761-0c9a-38ed-34eaa5949dd3,http://snomed.info/sct,315639002,Initial patient assessment (procedure),431.40,,
2025-07-30T09:38:04Z,2025-07-30T09:53:04Z,aa616abe-1761-0c9a-7959-07544679dafd,aa616abe-1761-0c9a-38ed-34eaa5949dd3,http://snomed.info/sct,370789001,Development of individualized plan of care (procedure),431.40,,
2025-07-30T09:38:04Z,2025-07-30T09:53:04Z,aa616abe-1761-0c9a-7959-07544679dafd,aa616abe-1761-0c9a-38ed-34eaa5949dd3,http://snomed.info/sct,385763009,Hospice care (regime/therapy),431.40,,
2025-07-31T09:38:04Z,2025-07-31T09:53:04Z,aa616abe-1761-0c9a-7959-07544679dafd,aa616abe-1761-0c9a-38ed-34eaa5949dd3,http://snomed.info/sct,385763009,Hospice care (regime/therapy),431.40,,
2025-08-01T09:38:04Z,2025-08-01T09:53:04Z,aa616abe-1761-0c9a-7959-07544679dafd,aa616abe-1761-0c9a-38ed-34eaa5949dd3,http://snomed.info/sct,385763009,Hospice care (regime/therapy),431.40,,
2025-08-02T09:38:04Z,2025-08-02T09:53:04Z,aa616abe-1761-0c9a-7959-07544679dafd,aa616abe-1761-0c9a-38ed-34eaa5949dd3,http://snomed.info/sct,385763009,Hospice care (regime/therapy),431.40,,
2025-08-03T09:38:04Z,2025-08-03T09:53:04Z,aa616abe-1761-0c9a-7959-07544679dafd,aa616abe-1761-0c9a-38ed-34eaa5949dd3,http://snomed.info/sct,385763009,Hospice care (regime/therapy),431.40,,
2025-08-04T09:38:04Z,2025-08-04T09:53:04Z,aa616abe-1761-0c9a-7959-07544679dafd,aa616abe-1761-0c9a-38ed-34eaa5949dd3,http://snomed.info/sct,385763009,Hospice care (regime/therapy),431.40,,
2025-08-05T09:38:04Z,2025-08-05T09:53:04Z,aa616abe-1761-0c9a-7959-07544679dafd,aa616abe-1761-0c9a-38ed-34eaa5949dd3,http://snomed.info/sct,385763009,Hospice care (regime/therapy),431.40,,
2025-08-06T09:38:04Z,2025-08-06T09:53:04Z,aa616abe-1761-0c9a-7959-07544679dafd,aa616abe-1761-0c9a-38ed-34eaa5949dd3,http://snomed.info/sct,385763009,Hospice care (regime/therapy),431.40,,
2025-08-07T09:38:04Z,2025-08-07T09:53:04Z,aa616abe-1761-0c9a-7959-07544679dafd,aa616abe-1761-0c9a-38ed-34eaa5949dd3,http://snomed.info/sct,385763009,Hospice care (regime/therapy),431.40,,
2025-08-08T09:38:04Z,2025-08-08T09:53:04Z,aa616abe-1761-0c9a-7959-07544679dafd,aa616abe-1761-0c9a-38ed-34eaa5949dd3,http://snomed.info/sct,385763009,Hospice care (regime/therapy),431.40,,
2025-08-09T09:38:04Z,2025-08-09T09:53:04Z,aa616abe-1761-0c9a-7959-07544679dafd,aa616abe-1761-0c9a-38ed-34eaa5949dd3,http://snomed.info/sct,385763009,Hospice care (regime/therapy),431.40,,
2025-08-10T09:38:04Z,2025-08-10T09:53:04Z,aa616abe-1761-0c9a-7959-07544679dafd,aa616abe-1761-0c9a-38ed-34eaa5949dd3,http://snomed.info/sct,385763009,Hospice care (regime/therapy),431.40,,
2025-08-11T09:38:04Z,2025-08-11T09:53:04Z,aa616abe-1761-0c9a-7959-07544679dafd,aa616abe-1761-0c9a-38ed-34eaa5949dd3,http://snomed.info/sct,385763009,Hospice care (regime/therapy),431.40,,
2025-08-12T09:38:04Z,2025-08-12T09:53:04Z,aa616abe-1761-0c9a-7959-07544679dafd,aa616abe-1761-0c9a-38ed-34eaa5949dd3,http://snomed.info/sct,385763009,Hospice care (regime/therapy),431.40,,
2025-08-13T09:38:04Z,2025-08-13T09:53:04Z,aa616abe-1761-0c9a-7959-07544679dafd,aa616abe-1761-0c9a-38ed-34eaa5949dd3,http://snomed.info/sct,385763009,Hospice care (regime/therapy),431.40,,
2025-08-14T09:38:04Z,2025-08-14T09:53:04Z,aa616abe-1761-0c9a-7959-07544679dafd,aa616abe-1761-0c9a-38ed-34eaa5949dd3,http://snomed.info/sct,385763009,Hospice care (regime/therapy),431.40,,
2025-08-15T09:38:04Z,2025-08-15T09:53:04Z,aa616abe-1761-0c9a-7959-07544679dafd,aa616abe-1761-0c9a-38ed-34eaa5949dd3,http://snomed.info/sct,385763009,Hospice care (regime/therapy),431.40,,
2025-08-16T09:38:04Z,2025-08-16T09:53:04Z,aa616abe-1761-0c9a-7959-07544679dafd,aa616abe-1761-0c9a-38ed-34eaa5949dd3,http://snomed.info/sct,385763009,Hospice care (regime/therapy),431.40,,
2025-08-17T09:38:04Z,2025-08-17T09:53:04Z,aa616abe-1761-0c9a-7959-07544679dafd,aa616abe-1761-0c9a-38ed-34eaa5949dd3,http://snomed.info/sct,385763009,Hospice care (regime/therapy),431.40,,
2025-08-18T09:38:04Z,2025-08-18T09:53:04Z,aa616abe-1761-0c9a-7959-07544679dafd,aa616abe-1761-0c9a-38ed-34eaa5949dd3,http://snomed.info/sct,385763009,Hospice care (regime/therapy),431.40,,
2025-08-19T09:38:04Z,2025-08-19T09:53:04Z,aa616abe-1761-0c9a-7959-07544679dafd,aa616abe-1761-0c9a-38ed-34eaa5949dd3,http://snomed.info/sct,385763009,Hospice care (regime/therapy),431.40,,
2025-08-20T09:38:04Z,2025-08-20T09:53:04Z,aa616abe-1761-0c9a-7959-07544679dafd,aa616abe-1761-0c9a-38ed-34eaa5949dd3,http://snomed.info/sct,385763009,Hospice care (regime/therapy),431.40,,
2025-08-21T09:38:04Z,2025-08-21T09:53:04Z,aa616abe-1761-0c9a-7959-07544679dafd,aa616abe-1761-0c9a-38ed-34eaa5949dd3,http://snomed.info/sct,385763009,Hospice care (regime/therapy),431.40,,
2025-08-22T09:38:04Z,2025-08-22T09:53:04Z,aa616abe-1761-0c9a-7959-07544679dafd,aa616abe-1761-0c9a-38ed-34eaa5949dd3,http://snomed.info/sct,385763009,Hospice care (regime/therapy),431.40,,
2025-08-23T09:38:04Z,2025-08-23T09:53:04Z,aa616abe-1761-0c9a-7959-07544679dafd,aa616abe-1761-0c9a-38ed-34eaa5949dd3,http://snomed.info/sct,385763009,Hospice care (regime/therapy),431.40,,
2025-08-24T09:38:04Z,2025-08-24T09:53:04Z,aa616abe-1761-0c9a-7959-07544679dafd,aa616abe-1761-0c9a-38ed-34eaa5949dd3,http://snomed.info/sct,385763009,Hospice care (regime/therapy),431.40,,
2025-08-25T09:38:04Z,2025-08-25T09:53:04Z,aa616abe-1761-0c9a-7959-07544679dafd,aa616abe-1761-0c9a-38ed-34eaa5949dd3,http://snomed.info/sct,385763009,Hospice care (regime/therapy),431.40,,
2025-08-26T09:38:04Z,2025-08-26T09:53:04Z,aa616abe-1761-0c9a-7959-07544679dafd,aa616abe-1761-0c9a-38ed-34eaa5949dd3,http://snomed.info/sct,385763009,Hospice care (regime/therapy),431.40,,
2025-08-27T09:38:04Z,2025-08-27T09:53:04Z,aa616abe-1761-0c9a-7959-07544679dafd,aa616abe-1761-0c9a-38ed-34eaa5949dd3,http://snomed.info/sct,385763009,Hospice care (regime/therapy),431.40,,
2025-08-28T09:38:04Z,2025-08-28T09:53:04Z,aa616abe-1761-0c9a-7959-07544679dafd,aa616abe-1761-0c9a-38ed-34eaa5949dd3,http://snomed.info/sct,385763009,Hospice care (regime/therapy),431.40,,
2025-08-29T09:38:04Z,2025-08-29T09:53:04Z,aa616abe-1761-0c9a-7959-07544679dafd,aa616abe-1761-0c9a-38ed-34eaa5949dd3,http://snomed.info/sct,58000006,Patient discharge (procedure),431.40,,
2025-09-03T09:38:04Z,2025-09-03T10:08:04Z,aa616abe-1761-0c9a-7959-07544679dafd,aa616abe-1761-0c9a-f7a3-57106e7b56c5,http://snomed.info/sct,1290407002,Plain X-ray of knee region (procedure),431.40,,
2025-09-10T09:38:04Z,2025-09-10T11:54:04Z,aa616abe-1761-0c9a-7959-07544679dafd,aa616abe-1761-0c9a-945a-fe5cdc704563,http://snomed.info/sct,699253003,Surgical manipulation of joint of knee (procedure),7290.37,30832001,Rupture of patellar tendon (disorder)
2025-09-10T11:54:04Z,2025-09-11T14:54:04Z,aa616abe-1761-0c9a-7959-07544679dafd,aa616abe-1761-0c9a-945a-fe5cdc704563,http://snomed.info/sct,133899007,Postoperative care (regime/therapy),431.40,30832001,Rupture of patellar tendon (disorder)
2025-09-11T14:54:04Z,2025-09-11T15:09:04Z,aa616abe-1761-0c9a-7959-07544679dafd,aa616abe-1761-0c9a-416b-d27de5e4d084,http://snomed.info/sct,63332003,History AND physical examination (procedure),431.40,,
2025-09-11T14:54:04Z,2025-09-11T15:09:04Z,aa616abe-1761-0c9a-7959-07544679dafd,aa616abe-1761-0c9a-416b-d27de5e4d084,http://snomed.info/sct,315639002,Initial patient assessment (procedure),431.40,,
2025-09-11T14:54:04Z,2025-09-11T15:09:04Z,aa616abe-1761-0c9a-7959-07544679dafd,aa616abe-1761-0c9a-416b-d27de5e4d084,http://snomed.info/sct,370789001,Development of individualized plan of care (procedure),431.40,,
2025-09-11T14:54:04Z,2025-09-11T15:09:04Z,aa616abe-1761-0c9a-7959-07544679dafd,aa616abe-1761-0c9a-416b-d27de5e4d084,http://snomed.info/sct,410401003,Nursing care/supplementary surveillance (regime/therapy),431.40,,
2025-09-12T14:54:04Z,2025-09-12T15:09:04Z,aa616abe-1761-0c9a-7959-07544679dafd,aa616abe-1761-0c9a-416b-d27de5e4d084,http://snomed.info/sct,410401003,Nursing care/supplementary surveillance (regime/therapy),431.40,,
2025-09-12T14:54:04Z,2025-09-12T15:09:04Z,aa616abe-1761-0c9a-7959-07544679dafd,aa616abe-1761-0c9a-416b-d27de5e4d084,http://snomed.info/sct,84478008,Occupational therapy (regime/therapy),431.40,,
2025-09-13T14:54:04Z,2025-09-13T15:09:04Z,aa616abe-1761-0c9a-7959-07544679dafd,aa616abe-1761-0c9a-416b-d27de5e4d084,http://snomed.info/sct,410401003,Nursing care/supplementary surveillance (regime/therapy),431.40,,
2025-09-13T14:54:04Z,2025-09-13T15:09:04Z,aa616abe-1761-0c9a-7959-07544679dafd,aa616abe-1761-0c9a-416b-d27de5e4d084,http://snomed.info/sct,84478008,Occupational therapy (regime/therapy),431.40,,
2025-09-14T14:54:04Z,2025-09-14T15:09:04Z,aa616abe-1761-0c9a-7959-07544679dafd,aa616abe-1761-0c9a-416b-d27de5e4d084,http://snomed.info/sct,410401003,Nursing care/supplementary surveillance (regime/therapy),431.40,,
2025-09-14T14:54:04Z,2025-09-14T15:09:04Z,aa616abe-1761-0c9a-7959-07544679dafd,aa616abe-1761-0c9a-416b-d27de5e4d084,http://snomed.info/sct,409023009,Professional / ancillary services care (regime/therapy),431.40,,
2025-09-15T14:54:04Z,2025-09-15T15:09:04Z,aa616abe-1761-0c9a-7959-07544679dafd,aa616abe-1761-0c9a-416b-d27de5e4d084,http://snomed.info/sct,410401003,Nursing care/supplementary surveillance (regime/therapy),431.40,,
2025-09-15T14:54:04Z,2025-09-15T15:09:04Z,aa616abe-1761-0c9a-7959-07544679dafd,aa616abe-1761-0c9a-416b-d27de5e4d084,http://snomed.info/sct,409023009,Professional / ancillary services care (regime/therapy),431.40,,
2025-09-16T14:54:04Z,2025-09-16T15:09:04Z,aa616abe-1761-0c9a-7959-07544679dafd,aa616abe-1761-0c9a-416b-d27de5e4d084,http://snomed.info/sct,410401003,Nursing care/supplementary surveillance (regime/therapy),431.40,,
2025-09-16T14:54:04Z,2025-09-16T15:09:04Z,aa616abe-1761-0c9a-7959-07544679dafd,aa616abe-1761-0c9a-416b-d27de5e4d084,http://snomed.info/sct,311555007,Speech and language therapy regime (regime/therapy),431.40,,
2025-09-17T14:54:04Z,2025-09-17T15:09:04Z,aa616abe-1761-0c9a-7959-07544679dafd,aa616abe-1761-0c9a-416b-d27de5e4d084,http://snomed.info/sct,410401003,Nursing care/supplementary surveillance (regime/therapy),431.40,,
2025-09-18T14:54:04Z,2025-09-18T15:09:04Z,aa616abe-1761-0c9a-7959-07544679dafd,aa616abe-1761-0c9a-416b-d27de5e4d084,http://snomed.info/sct,410401003,Nursing care/supplementary surveillance (regime/therapy),431.40,,
2025-09-18T14:54:04Z,2025-09-18T15:09:04Z,aa616abe-1761-0c9a-7959-07544679dafd,aa616abe-1761-0c9a-416b-d27de5e4d084,http://snomed.info/sct,409023009,Professional / ancillary services care (regime/therapy),431.40,,
2025-09-19T14:54:04Z,2025-09-19T15:09:04Z,aa616abe-1761-0c9a-7959-07544679dafd,aa616abe-1761-0c9a-416b-d27de5e4d084,http://snomed.info/sct,410401003,Nursing care/supplementary surveillance (regime/therapy),431.40,,
2025-09-19T14:54:04Z,2025-09-19T15:09:04Z,aa616abe-1761-0c9a-7959-07544679dafd,aa616abe-1761-0c9a-416b-d27de5e4d084,http://snomed.info/sct,409023009,Professional / ancillary services care (regime/therapy),431.40,,
2025-09-20T14:54:04Z,2025-09-20T15:09:04Z,aa616abe-1761-0c9a-7959-07544679dafd,aa616abe-1761-0c9a-416b-d27de5e4d084,http://snomed.info/sct,410401003,Nursing care/supplementary surveillance (regime/therapy),431.40,,
2025-09-20T14:54:04Z,2025-09-20T15:09:04Z,aa616abe-1761-0c9a-7959-07544679dafd,aa616abe-1761-0c9a-416b-d27de5e4d084,http://snomed.info/sct,91251008,Physical therapy procedure (regime/therapy),607.52,,
2025-09-20T14:54:04Z,2025-09-20T15:09:04Z,aa616abe-1761-0c9a-7959-07544679dafd,aa616abe-1761-0c9a-416b-d27de5e4d084,http://snomed.info/sct,311555007,Speech and language therapy regime (regime/therapy),431.40,,
2025-09-21T14:54:04Z,2025-09-21T15:09:04Z,aa616abe-1761-0c9a-7959-07544679dafd,aa616abe-1761-0c9a-416b-d27de5e4d084,http://snomed.info/sct,410401003,Nursing care/supplementary surveillance (regime/therapy),431.40,,
2025-09-21T14:54:04Z,2025-09-21T15:09:04Z,aa616abe-1761-0c9a-7959-07544679dafd,aa616abe-1761-0c9a-416b-d27de5e4d084,http://snomed.info/sct,409023009,Professional / ancillary services care (regime/therapy),431.40,,
2025-09-22T14:54:04Z,2025-09-22T15:09:04Z,aa616abe-1761-0c9a-7959-07544679dafd,aa616abe-1761-0c9a-416b-d27de5e4d084,http://snomed.info/sct,225386006,Pre-discharge assessment (procedure),431.40,,
2025-09-22T14:54:04Z,2025-09-22T15:09:04Z,aa616abe-1761-0c9a-7959-07544679dafd,aa616abe-1761-0c9a-416b-d27de5e4d084,http://snomed.info/sct,308283009,Discharge from hospital (procedure),431.40,,
2025-10-01T09:38:04Z,2025-10-01T09:53:04Z,aa616abe-1761-0c9a-7959-07544679dafd,aa616abe-1761-0c9a-1b19-0dd794eabec6,http://snomed.info/sct,430193006,Medication reconciliation (procedure),862.80,,
2025-10-01T09:38:04Z,2025-10-01T10:30:50Z,aa616abe-1761-0c9a-7959-07544679dafd,aa616abe-1761-0c9a-1b19-0dd794eabec6,http://snomed.info/sct,710824005,Assessment of health and social care needs (procedure),431.40,,
2025-10-01T10:30:50Z,2025-10-01T10:49:56Z,aa616abe-1761-0c9a-7959-07544679dafd,aa616abe-1761-0c9a-1b19-0dd794eabec6,http://snomed.info/sct,762993000,Assessment using Morse Fall Scale (procedure),431.40,,
2025-10-01T10:49:56Z,2025-10-01T11:04:42Z,aa616abe-1761-0c9a-7959-07544679dafd,aa616abe-1761-0c9a-1b19-0dd794eabec6,http://snomed.info/sct,171207006,Depression screening (procedure),431.40,,
2025-10-01T11:04:42Z,2025-10-01T11:28:20Z,aa616abe-1761-0c9a-7959-07544679dafd,aa616abe-1761-0c9a-1b19-0dd794eabec6,http://snomed.info/sct,171207006,Depression screening (procedure),431.40,,
2025-10-01T11:28:20Z,2025-10-01T11:39:03Z,aa616abe-1761-0c9a-7959-07544679dafd,aa616abe-1761-0c9a-1b19-0dd794eabec6,http://snomed.info/sct,428211000124100,Assessment of substance use (procedure),431.40,,
2025-10-01T11:39:03Z,2025-10-01T12:06:31Z,aa616abe-1761-0c9a-7959-07544679dafd,aa616abe-1761-0c9a-1b19-0dd794eabec6,http://snomed.info/sct,763302001,Assessment using Alcohol Use Disorders Identification Test - Consumption (procedure),431.40,,
2025-10-08T09:38:04Z,2025-10-08T09:53:04Z,aa616abe-1761-0c9a-7959-07544679dafd,aa616abe-1761-0c9a-af34-7e7a8975662f,http://snomed.info/sct,430193006,Medication reconciliation (procedure),862.80,,
2025-10-22T09:38:04Z,2025-10-22T09:53:04Z,aa616abe-1761-0c9a-7959-07544679dafd,aa616abe-1761-0c9a-010b-2a518bedb30e,http://snomed.info/sct,430193006,Medication reconciliation (procedure),252.80,,
2025-10-22T09:38:04Z,2025-10-22T10:11:45Z,aa616abe-1761-0c9a-7959-07544679dafd,aa616abe-1761-0c9a-010b-2a518bedb30e,http://snomed.info/sct,710824005,Assessment of health and social care needs (procedure),431.40,,
2025-10-22T10:11:45Z,2025-10-22T10:38:10Z,aa616abe-1761-0c9a-7959-07544679dafd,aa616abe-1761-0c9a-010b-2a518bedb30e,http://snomed.info/sct,710841007,Assessment of anxiety (procedure),431.40,,
2025-10-22T10:38:10Z,2025-10-22T10:57:13Z,aa616abe-1761-0c9a-7959-07544679dafd,aa616abe-1761-0c9a-010b-2a518bedb30e,http://snomed.info/sct,762993000,Assessment using Morse Fall Scale (procedure),431.40,,
2025-10-22T10:57:13Z,2025-10-22T11:33:18Z,aa616abe-1761-0c9a-7959-07544679dafd,aa616abe-1761-0c9a-010b-2a518bedb30e,http://snomed.info/sct,866148006,Screening for domestic abuse (procedure),431.40,,
2025-10-22T11:33:18Z,2025-10-22T11:44:17Z,aa616abe-1761-0c9a-7959-07544679dafd,aa616abe-1761-0c9a-010b-2a518bedb30e,http://snomed.info/sct,171207006,Depression screening (procedure),431.40,,
2025-10-22T11:44:17Z,2025-10-22T12:09:12Z,aa616abe-1761-0c9a-7959-07544679dafd,aa616abe-1761-0c9a-010b-2a518bedb30e,http://snomed.info/sct,171207006,Depression screening (procedure),431.40,,
2025-10-22T12:09:12Z,2025-10-22T12:17:45Z,aa616abe-1761-0c9a-7959-07544679dafd,aa616abe-1761-0c9a-010b-2a518bedb30e,http://snomed.info/sct,103697008,Patient referral for dental care (procedure),431.40,,
2025-11-05T09:38:04Z,2025-11-05T09:53:04Z,aa616abe-1761-0c9a-7959-07544679dafd,aa616abe-1761-0c9a-5f03-f65cc81acfe5,http://snomed.info/sct,430193006,Medication reconciliation (procedure),827.05,,
2025-11-05T09:38:04Z,2025-11-05T10:26:50Z,aa616abe-1761-0c9a-7959-07544679dafd,aa616abe-1761-0c9a-5f03-f65cc81acfe5,http://snomed.info/sct,710824005,Assessment of health and social care needs (procedure),431.40,,
2025-11-05T10:26:50Z,2025-11-05T10:49:09Z,aa616abe-1761-0c9a-7959-07544679dafd,aa616abe-1761-0c9a-5f03-f65cc81acfe5,http://snomed.info/sct,762993000,Assessment using Morse Fall Scale (procedure),431.40,,
2025-11-05T10:49:09Z,2025-11-05T11:01:29Z,aa616abe-1761-0c9a-7959-07544679dafd,aa616abe-1761-0c9a-5f03-f65cc81acfe5,http://snomed.info/sct,171207006,Depression screening (procedure),431.40,,
2025-11-05T11:01:29Z,2025-11-05T11:24:32Z,aa616abe-1761-0c9a-7959-07544679dafd,aa616abe-1761-0c9a-5f03-f65cc81acfe5,http://snomed.info/sct,171207006,Depression screening (procedure),431.40,,
2025-11-05T11:24:32Z,2025-11-05T11:37:02Z,aa616abe-1761-0c9a-7959-07544679dafd,aa616abe-1761-0c9a-5f03-f65cc81acfe5,http://snomed.info/sct,428211000124100,Assessment of substance use (procedure),431.40,,
2025-11-05T11:37:02Z,2025-11-05T12:01:47Z,aa616abe-1761-0c9a-7959-07544679dafd,aa616abe-1761-0c9a-5f03-f65cc81acfe5,http://snomed.info/sct,763302001,Assessment using Alcohol Use Disorders Identification Test - Consumption (procedure),431.40,,
2025-12-10T09:38:04Z,2025-12-10T10:24:10Z,aa616abe-1761-0c9a-7959-07544679dafd,aa616abe-1761-0c9a-85b6-70d292b7d576,http://snomed.info/sct,710824005,Assessment of health and social care needs (procedure),431.40,,
2025-12-10T10:24:10Z,2025-12-10T10:37:45Z,aa616abe-1761-0c9a-7959-07544679dafd,aa616abe-1761-0c9a-85b6-70d292b7d576,http://snomed.info/sct,171207006,Depression screening (procedure),431.40,,
2025-12-10T10:37:45Z,2025-12-10T10:59:27Z,aa616abe-1761-0c9a-7959-07544679dafd,aa616abe-1761-0c9a-85b6-70d292b7d576,http://snomed.info/sct,171207006,Depression screening (procedure),431.40,,
2025-12-10T10:59:27Z,2025-12-10T11:11:05Z,aa616abe-1761-0c9a-7959-07544679dafd,aa616abe-1761-0c9a-85b6-70d292b7d576,http://snomed.info/sct,428211000124100,Assessment of substance use (procedure),431.40,,
2025-12-10T11:11:05Z,2025-12-10T11:33:05Z,aa616abe-1761-0c9a-7959-07544679dafd,aa616abe-1761-0c9a-85b6-70d292b7d576,http://snomed.info/sct,713106006,Screening for drug abuse (procedure),431.40,,
2025-12-10T11:33:05Z,2025-12-10T11:49:57Z,aa616abe-1761-0c9a-7959-07544679dafd,aa616abe-1761-0c9a-85b6-70d292b7d576,http://snomed.info/sct,103697008,Patient referral for dental care (procedure),431.40,66383009,Gingivitis (disorder)
2025-12-24T09:38:04Z,2025-12-24T09:53:04Z,aa616abe-1761-0c9a-7959-07544679dafd,aa616abe-1761-0c9a-28fe-ea78605583e1,http://snomed.info/sct,430193006,Medication reconciliation (procedure),862.80,,
2025-12-24T09:38:04Z,2025-12-24T10:21:49Z,aa616abe-1761-0c9a-7959-07544679dafd,aa616abe-1761-0c9a-28fe-ea78605583e1,http://snomed.info/sct,710824005,Assessment of health and social care needs (procedure),431.40,,
2025-12-24T10:21:49Z,2025-12-24T10:50:51Z,aa616abe-1761-0c9a-7959-07544679dafd,aa616abe-1761-0c9a-28fe-ea78605583e1,http://snomed.info/sct,710841007,Assessment of anxiety (procedure),431.40,,
2025-12-24T10:50:51Z,2025-12-24T11:19:27Z,aa616abe-1761-0c9a-7959-07544679dafd,aa616abe-1761-0c9a-28fe-ea78605583e1,http://snomed.info/sct,866148006,Screening for domestic abuse (procedure),431.40,,
2025-12-24T11:19:27Z,2025-12-24T11:30:34Z,aa616abe-1761-0c9a-7959-07544679dafd,aa616abe-1761-0c9a-28fe-ea78605583e1,http://snomed.info/sct,171207006,Depression screening (procedure),431.40,,
2025-12-24T11:30:34Z,2025-12-24T11:54:46Z,aa616abe-1761-0c9a-7959-07544679dafd,aa616abe-1761-0c9a-28fe-ea78605583e1,http://snomed.info/sct,171207006,Depression screening (procedure),431.40,,
2025-12-24T11:54:46Z,2025-12-24T12:08:23Z,aa616abe-1761-0c9a-7959-07544679dafd,aa616abe-1761-0c9a-28fe-ea78605583e1,http://snomed.info/sct,428211000124100,Assessment of substance use (procedure),431.40,,
2025-12-24T12:08:23Z,2025-12-24T12:28:45Z,aa616abe-1761-0c9a-7959-07544679dafd,aa616abe-1761-0c9a-28fe-ea78605583e1,http://snomed.info/sct,763302001,Assessment using Alcohol Use Disorders Identification Test - Consumption (procedure),431.40,,
2025-12-24T12:28:45Z,2025-12-24T12:33:45Z,aa616abe-1761-0c9a-7959-07544679dafd,aa616abe-1761-0c9a-28fe-ea78605583e1,http://snomed.info/sct,103697008,Patient referral for dental care (procedure),431.40,,
2025-12-31T09:38:04Z,2025-12-31T10:23:39Z,aa616abe-1761-0c9a-7959-07544679dafd,aa616abe-1761-0c9a-cc98-c252f3173845,http://www.ada.org/cdt,D7999,unspecified oral surgery procedure  by report,38.63,,
2026-01-07T09:38:04Z,2026-01-07T09:39:04Z,aa616abe-1761-0c9a-7959-07544679dafd,aa616abe-1761-0c9a-2a5c-ff461598ea31,http://snomed.info/sct,16830007,Visual acuity testing (procedure),431.40,,
2026-01-07T09:39:04Z,2026-01-07T09:40:04Z,aa616abe-1761-0c9a-7959-07544679dafd,aa616abe-1761-0c9a-2a5c-ff461598ea31,http://snomed.info/sct,252832004,Intraocular pressure test (procedure),431.40,,
2026-01-07T09:40:04Z,2026-01-07T09:42:04Z,aa616abe-1761-0c9a-7959-07544679dafd,aa616abe-1761-0c9a-2a5c-ff461598ea31,http://snomed.info/sct,55468007,Ocular slit lamp examination (procedure),431.40,44054006,Diabetes mellitus type 2 (disorder)
2026-01-07T09:42:04Z,2026-01-07T09:52:04Z,aa616abe-1761-0c9a-7959-07544679dafd,aa616abe-1761-0c9a-2a5c-ff461598ea31,http://snomed.info/sct,389153003,Indirect gonioscopy (procedure),431.40,44054006,Diabetes mellitus type 2 (disorder)
2026-01-07T09:52:04Z,2026-01-07T10:22:04Z,aa616abe-1761-0c9a-7959-07544679dafd,aa616abe-1761-0c9a-2a5c-ff461598ea31,http://snomed.info/sct,314971001,Camera fundoscopy (procedure),431.40,,
2026-01-07T09:52:04Z,2026-01-07T09:55:04Z,aa616abe-1761-0c9a-7959-07544679dafd,aa616abe-1761-0c9a-2a5c-ff461598ea31,http://snomed.info/sct,722161008,Diabetic retinal eye exam (procedure),431.40,44054006,Diabetes mellitus type 2 (disorder)
2026-01-07T09:55:04Z,2026-01-07T10:25:04Z,aa616abe-1761-0c9a-7959-07544679dafd,aa616abe-1761-0c9a-2a5c-ff461598ea31,http://snomed.info/sct,700070005,Optical coherence tomography of retina (procedure),431.40,,
2026-02-04T09:38:04Z,2026-02-04T10:28:21Z,aa616abe-1761-0c9a-7959-07544679dafd,aa616abe-1761-0c9a-8625-00956b4d1cf3,http://snomed.info/sct,710824005,Assessment of health and social care needs (procedure),431.40,,
2026-02-04T10:28:21Z,2026-02-04T10:50:49Z,aa616abe-1761-0c9a-7959-07544679dafd,aa616abe-1761-0c9a-8625-00956b4d1cf3,http://snomed.info/sct,762993000,Assessment using Morse Fall Scale (procedure),431.40,,
2026-02-04T10:50:49Z,2026-02-04T11:05:28Z,aa616abe-1761-0c9a-7959-07544679dafd,aa616abe-1761-0c9a-8625-00956b4d1cf3,http://snomed.info/sct,171207006,Depression screening (procedure),431.40,,
2026-02-04T11:05:28Z,2026-02-04T11:28:13Z,aa616abe-1761-0c9a-7959-07544679dafd,aa616abe-1761-0c9a-8625-00956b4d1cf3,http://snomed.info/sct,171207006,Depression screening (procedure),431.40,,
2026-02-04T11:28:13Z,2026-02-04T11:38:45Z,aa616abe-1761-0c9a-7959-07544679dafd,aa616abe-1761-0c9a-8625-00956b4d1cf3,http://snomed.info/sct,428211000124100,Assessment of substance use (procedure),431.40,,
2026-02-04T11:38:45Z,2026-02-04T12:04:31Z,aa616abe-1761-0c9a-7959-07544679dafd,aa616abe-1761-0c9a-8625-00956b4d1cf3,http://snomed.info/sct,763302001,Assessment using Alcohol Use Disorders Identification Test - Consumption (procedure),431.40,,
2026-02-25T09:38:04Z,2026-02-25T09:53:04Z,aa616abe-1761-0c9a-7959-07544679dafd,aa616abe-1761-0c9a-47ee-9259d894f4c8,http://snomed.info/sct,430193006,Medication reconciliation (procedure),215.70,,
2026-02-25T09:38:04Z,2026-02-25T10:16:37Z,aa616abe-1761-0c9a-7959-07544679dafd,aa616abe-1761-0c9a-47ee-9259d894f4c8,http://snomed.info/sct,710824005,Assessment of health and social care needs (procedure),431.40,,
2026-02-25T10:16:37Z,2026-02-25T10:35:21Z,aa616abe-1761-0c9a-7959-07544679dafd,aa616abe-1761-0c9a-47ee-9259d894f4c8,http://snomed.info/sct,762993000,Assessment using Morse Fall Scale (procedure),431.40,,
2026-02-25T10:35:21Z,2026-02-25T10:49:46Z,aa616abe-1761-0c9a-7959-07544679dafd,aa616abe-1761-0c9a-47ee-9259d894f4c8,http://snomed.info/sct,171207006,Depression screening (procedure),431.40,,
2026-02-25T10:49:46Z,2026-02-25T11:09:51Z,aa616abe-1761-0c9a-7959-07544679dafd,aa616abe-1761-0c9a-47ee-9259d894f4c8,http://snomed.info/sct,171207006,Depression screening (procedure),431.40,,
2026-02-25T11:09:51Z,2026-02-25T11:23:39Z,aa616abe-1761-0c9a-7959-07544679dafd,aa616abe-1761-0c9a-47ee-9259d894f4c8,http://snomed.info/sct,428211000124100,Assessment of substance use (procedure),431.40,,
2026-02-25T11:23:39Z,2026-02-25T11:43:49Z,aa616abe-1761-0c9a-7959-07544679dafd,aa616abe-1761-0c9a-47ee-9259d894f4c8,http://snomed.info/sct,763302001,Assessment using Alcohol Use Disorders Identification Test - Consumption (procedure),431.40,,
2026-02-25T11:43:49Z,2026-02-25T11:56:10Z,aa616abe-1761-0c9a-7959-07544679dafd,aa616abe-1761-0c9a-47ee-9259d894f4c8,http://snomed.info/sct,103697008,Patient referral for dental care (procedure),431.40,,
2026-03-11T09:38:04Z,2026-03-11T09:46:05Z,aa616abe-1761-0c9a-7959-07544679dafd,aa616abe-1761-0c9a-5a17-1df55b354372,http://www.ada.org/cdt,D7286,incisional biopsy of oral tissue-soft,26.02,,
2026-03-11T09:46:05Z,2026-03-11T10:32:37Z,aa616abe-1761-0c9a-7959-07544679dafd,aa616abe-1761-0c9a-5a17-1df55b354372,http://www.ada.org/cdt,D7285,incisional biopsy of oral tissue-hard (bone  tooth),20.17,,
2026-03-11T10:32:37Z,2026-03-11T11:13:51Z,aa616abe-1761-0c9a-7959-07544679dafd,aa616abe-1761-0c9a-5a17-1df55b354372,http://www.ada.org/cdt,D7286,incisional biopsy of oral tissue-soft,3.95,,
2026-03-25T09:38:04Z,2026-03-25T09:53:04Z,aa616abe-1761-0c9a-7959-07544679dafd,aa616abe-1761-0c9a-bb96-bd6ac4bf3ddd,http://snomed.info/sct,430193006,Medication reconciliation (procedure),215.70,,
2026-03-25T09:38:04Z,2026-03-25T10:08:28Z,aa616abe-1761-0c9a-7959-07544679dafd,aa616abe-1761-0c9a-bb96-bd6ac4bf3ddd,http://snomed.info/sct,710824005,Assessment of health and social care needs (procedure),431.40,,
2026-03-25T10:08:28Z,2026-03-25T10:33:16Z,aa616abe-1761-0c9a-7959-07544679dafd,aa616abe-1761-0c9a-bb96-bd6ac4bf3ddd,http://snomed.info/sct,762993000,Assessment using Morse Fall Scale (procedure),431.40,,
2026-03-25T10:33:16Z,2026-03-25T10:46:38Z,aa616abe-1761-0c9a-7959-07544679dafd,aa616abe-1761-0c9a-bb96-bd6ac4bf3ddd,http://snomed.info/sct,103697008,Patient referral for dental care (procedure),431.40,,
2026-04-08T09:38:04Z,2026-04-08T10:16:21Z,aa616abe-1761-0c9a-7959-07544679dafd,aa616abe-1761-0c9a-0373-d93b40bf4794,http://snomed.info/sct,710824005,Assessment of health and social care needs (procedure),431.40,,
2026-04-08T10:16:21Z,2026-04-08T10:38:34Z,aa616abe-1761-0c9a-7959-07544679dafd,aa616abe-1761-0c9a-0373-d93b40bf4794,http://snomed.info/sct,710841007,Assessment of anxiety (procedure),431.40,,
2026-04-08T10:38:34Z,2026-04-08T10:56:19Z,aa616abe-1761-0c9a-7959-07544679dafd,aa616abe-1761-0c9a-0373-d93b40bf4794,http://snomed.info/sct,762993000,Assessment using Morse Fall Scale (procedure),431.40,,
2026-04-08T10:56:19Z,2026-04-08T11:06:45Z,aa616abe-1761-0c9a-7959-07544679dafd,aa616abe-1761-0c9a-0373-d93b40bf4794,http://snomed.info/sct,171207006,Depression screening (procedure),431.40,,
2026-04-08T11:06:45Z,2026-04-08T11:36:35Z,aa616abe-1761-0c9a-7959-07544679dafd,aa616abe-1761-0c9a-0373-d93b40bf4794,http://snomed.info/sct,171207006,Depression screening (procedure),431.40,,
2026-04-08T11:36:35Z,2026-04-08T11:47:32Z,aa616abe-1761-0c9a-7959-07544679dafd,aa616abe-1761-0c9a-0373-d93b40bf4794,http://snomed.info/sct,428211000124100,Assessment of substance use (procedure),431.40,,
2026-04-08T11:47:32Z,2026-04-08T12:10:40Z,aa616abe-1761-0c9a-7959-07544679dafd,aa616abe-1761-0c9a-0373-d93b40bf4794,http://snomed.info/sct,713106006,Screening for drug abuse (procedure),431.40,,
2026-04-15T09:38:04Z,2026-04-15T10:03:13Z,aa616abe-1761-0c9a-7959-07544679dafd,aa616abe-1761-0c9a-6e7b-eacb03c41ad2,http://www.ada.org/cdt,D0602,caries risk assessment and documentation  with a finding of moderate risk,0.02,,
2026-05-06T09:38:04Z,2026-05-06T09:53:04Z,aa616abe-1761-0c9a-7959-07544679dafd,aa616abe-1761-0c9a-c1c5-1dd1dba9b1d9,http://snomed.info/sct,430193006,Medication reconciliation (procedure),215.70,,
2026-05-06T09:38:04Z,2026-05-06T10:35:11Z,aa616abe-1761-0c9a-7959-07544679dafd,aa616abe-1761-0c9a-c1c5-1dd1dba9b1d9,http://snomed.info/sct,710824005,Assessment of health and social care needs (procedure),431.40,,
2026-05-06T10:35:11Z,2026-05-06T11:01:04Z,aa616abe-1761-0c9a-7959-07544679dafd,aa616abe-1761-0c9a-c1c5-1dd1dba9b1d9,http://snomed.info/sct,710841007,Assessment of anxiety (procedure),431.40,,
2026-05-06T11:01:04Z,2026-05-06T11:26:46Z,aa616abe-1761-0c9a-7959-07544679dafd,aa616abe-1761-0c9a-c1c5-1dd1dba9b1d9,http://snomed.info/sct,762993000,Assessment using Morse Fall Scale (procedure),431.40,,
2026-05-06T11:26:46Z,2026-05-06T12:09:56Z,aa616abe-1761-0c9a-7959-07544679dafd,aa616abe-1761-0c9a-c1c5-1dd1dba9b1d9,http://snomed.info/sct,866148006,Screening for domestic abuse (procedure),431.40,,
2026-05-06T12:09:56Z,2026-05-06T12:20:58Z,aa616abe-1761-0c9a-7959-07544679dafd,aa616abe-1761-0c9a-c1c5-1dd1dba9b1d9,http://snomed.info/sct,171207006,Depression screening (procedure),431.40,,
2026-05-06T12:20:58Z,2026-05-06T12:50:18Z,aa616abe-1761-0c9a-7959-07544679dafd,aa616abe-1761-0c9a-c1c5-1dd1dba9b1d9,http://snomed.info/sct,171207006,Depression screening (procedure),431.40,,
2026-05-06T12:50:18Z,2026-05-06T13:03:05Z,aa616abe-1761-0c9a-7959-07544679dafd,aa616abe-1761-0c9a-c1c5-1dd1dba9b1d9,http://snomed.info/sct,428211000124100,Assessment of substance use (procedure),431.40,,
2026-05-06T13:03:05Z,2026-05-06T13:28:05Z,aa616abe-1761-0c9a-7959-07544679dafd,aa616abe-1761-0c9a-c1c5-1dd1dba9b1d9,http://snomed.info/sct,713106006,Screening for drug abuse (procedure),431.40,,
2026-07-08T09:38:04Z,2026-07-08T09:53:04Z,aa616abe-1761-0c9a-7959-07544679dafd,aa616abe-1761-0c9a-9ddf-20d8d2673fa0,http://snomed.info/sct,430193006,Medication reconciliation (procedure),265.59,,
2026-07-08T09:38:04Z,2026-07-08T10:14:54Z,aa616abe-1761-0c9a-7959-07544679dafd,aa616abe-1761-0c9a-9ddf-20d8d2673fa0,http://snomed.info/sct,710824005,Assessment of health and social care needs (procedure),431.40,,
2026-07-08T10:14:54Z,2026-07-08T10:35:36Z,aa616abe-1761-0c9a-7959-07544679dafd,aa616abe-1761-0c9a-9ddf-20d8d2673fa0,http://snomed.info/sct,762993000,Assessment using Morse Fall Scale (procedure),431.40,,
2026-07-08T10:35:36Z,2026-07-08T10:45:46Z,aa616abe-1761-0c9a-7959-07544679dafd,aa616abe-1761-0c9a-9ddf-20d8d2673fa0,http://snomed.info/sct,171207006,Depression screening (procedure),431.40,,
2026-07-08T10:45:46Z,2026-07-08T11:06:49Z,aa616abe-1761-0c9a-7959-07544679dafd,aa616abe-1761-0c9a-9ddf-20d8d2673fa0,http://snomed.info/sct,171207006,Depression screening (procedure),431.40,,
2026-07-08T11:06:49Z,2026-07-08T11:18:02Z,aa616abe-1761-0c9a-7959-07544679dafd,aa616abe-1761-0c9a-9ddf-20d8d2673fa0,http://snomed.info/sct,428211000124100,Assessment of substance use (procedure),431.40,,
2026-07-08T11:18:02Z,2026-07-08T11:45:15Z,aa616abe-1761-0c9a-7959-07544679dafd,aa616abe-1761-0c9a-9ddf-20d8d2673fa0,http://snomed.info/sct,713106006,Screening for drug abuse (procedure),431.40,,
2026-07-08T11:45:15Z,2026-07-08T11:53:03Z,aa616abe-1761-0c9a-7959-07544679dafd,aa616abe-1761-0c9a-9ddf-20d8d2673fa0,http://snomed.info/sct,103697008,Patient referral for dental care (procedure),431.40,,
2026-07-15T09:38:04Z,2026-07-15T09:53:04Z,aa616abe-1761-0c9a-7959-07544679dafd,aa616abe-1761-0c9a-ea9d-284cf789343b,http://snomed.info/sct,430193006,Medication reconciliation (procedure),339.35,,
2026-07-22T09:38:04Z,2026-07-22T10:12:03Z,aa616abe-1761-0c9a-7959-07544679dafd,aa616abe-1761-0c9a-0740-ee91c95882fe,http://www.ada.org/cdt,D0604,antigen testing for a public health related pathogen  including coronavirus,0.06,,
2026-08-05T09:38:04Z,2026-08-05T10:13:33Z,aa616abe-1761-0c9a-7959-07544679dafd,aa616abe-1761-0c9a-b6b4-10bec79003a2,http://snomed.info/sct,710824005,Assessment of health and social care needs (procedure),431.40,,
2026-08-05T10:13:33Z,2026-08-05T10:33:38Z,aa616abe-1761-0c9a-7959-07544679dafd,aa616abe-1761-0c9a-b6b4-10bec79003a2,http://snomed.info/sct,762993000,Assessment using Morse Fall Scale (procedure),431.40,,
2026-08-05T10:33:38Z,2026-08-05T10:44:58Z,aa616abe-1761-0c9a-7959-07544679dafd,aa616abe-1761-0c9a-b6b4-10bec79003a2,http://snomed.info/sct,171207006,Depression screening (procedure),431.40,,
2026-08-05T10:44:58Z,2026-08-05T11:12:01Z,aa616abe-1761-0c9a-7959-07544679dafd,aa616abe-1761-0c9a-b6b4-10bec79003a2,http://snomed.info/sct,171207006,Depression screening (procedure),431.40,,
2026-08-19T09:38:04Z,2026-08-19T10:13:45Z,aa616abe-1761-0c9a-7959-07544679dafd,aa616abe-1761-0c9a-66c3-b1c5d50f81f0,http://snomed.info/sct,710824005,Assessment of health and social care needs (procedure),431.40,,
2026-08-19T10:13:45Z,2026-08-19T10:26:40Z,aa616abe-1761-0c9a-7959-07544679dafd,aa616abe-1761-0c9a-66c3-b1c5d50f81f0,http://snomed.info/sct,171207006,Depression screening (procedure),431.40,,
2026-08-19T10:26:40Z,2026-08-19T10:52:31Z,aa616abe-1761-0c9a-7959-07544679dafd,aa616abe-1761-0c9a-66c3-b1c5d50f81f0,http://snomed.info/sct,171207006,Depression screening (procedure),431.40,,
2026-08-19T10:52:31Z,2026-08-19T11:04:39Z,aa616abe-1761-0c9a-7959-07544679dafd,aa616abe-1761-0c9a-66c3-b1c5d50f81f0,http://snomed.info/sct,428211000124100,Assessment of substance use (procedure),431.40,,
2026-08-19T11:04:39Z,2026-08-19T11:26:23Z,aa616abe-1761-0c9a-7959-07544679dafd,aa616abe-1761-0c9a-66c3-b1c5d50f81f0,http://snomed.info/sct,763302001,Assessment using Alcohol Use Disorders Identification Test - Consumption (procedure),431.40,,
2026-09-02T09:38:04Z,2026-09-02T09:53:04Z,aa616abe-1761-0c9a-7959-07544679dafd,aa616abe-1761-0c9a-01f7-4ab5aa771875,http://snomed.info/sct,430193006,Medication reconciliation (procedure),276.57,,
2026-09-02T09:38:04Z,2026-09-02T10:29:12Z,aa616abe-1761-0c9a-7959-07544679dafd,aa616abe-1761-0c9a-01f7-4ab5aa771875,http://snomed.info/sct,710824005,Assessment of health and social care needs (procedure),431.40,,
2026-09-02T10:29:12Z,2026-09-02T10:50:45Z,aa616abe-1761-0c9a-7959-07544679dafd,aa616abe-1761-0c9a-01f7-4ab5aa771875,http://snomed.info/sct,710841007,Assessment of anxiety (procedure),431.40,,
2026-09-02T10:50:45Z,2026-09-02T11:09:43Z,aa616abe-1761-0c9a-7959-07544679dafd,aa616abe-1761-0c9a-01f7-4ab5aa771875,http://snomed.info/sct,762993000,Assessment using Morse Fall Scale (procedure),431.40,,
2026-09-02T11:09:43Z,2026-09-02T11:20:27Z,aa616abe-1761-0c9a-7959-07544679dafd,aa616abe-1761-0c9a-01f7-4ab5aa771875,http://snomed.info/sct,171207006,Depression screening (procedure),431.40,,
2026-09-02T11:20:27Z,2026-09-02T11:43:15Z,aa616abe-1761-0c9a-7959-07544679dafd,aa616abe-1761-0c9a-01f7-4ab5aa771875,http://snomed.info/sct,171207006,Depression screening (procedure),431.40,,
2026-09-02T11:43:15Z,2026-09-02T11:55:35Z,aa616abe-1761-0c9a-7959-07544679dafd,aa616abe-1761-0c9a-01f7-4ab5aa771875,http://snomed.info/sct,428211000124100,Assessment of substance use (procedure),431.40,,
2026-09-02T11:55:35Z,2026-09-02T12:24:58Z,aa616abe-1761-0c9a-7959-07544679dafd,aa616abe-1761-0c9a-01f7-4ab5aa771875,http://snomed.info/sct,763302001,Assessment using Alcohol Use Disorders Identification Test - Consumption (procedure),431.40,,
2026-09-02T12:24:58Z,2026-09-02T12:31:05Z,aa616abe-1761-0c9a-7959-07544679dafd,aa616abe-1761-0c9a-01f7-4ab5aa771875,http://snomed.info/sct,103697008,Patient referral for dental care (procedure),431.40,66383009,Gingivitis (disorder)
2026-09-16T09:38:04Z,2026-09-16T10:10:51Z,aa616abe-1761-0c9a-7959-07544679dafd,aa616abe-1761-0c9a-66af-0e7f776f5fc8,http://www.ada.org/cdt,D7286,incisional biopsy of oral tissue-soft,7.62,,
