{
  "metadata": {
    "timestamp": "2026-04-21T09:49:27.990391",
    "authors": [
      "Pankaj Meghani (meghani3)",
      "Tarak Jha (tarakj2)",
      "Pranash Krishnan (pranash2)"
    ],
    "dataset": {
      "n_patients": 300,
      "n_features": 34,
      "mean_los_days": 2.776983775240632,
      "median_los_days": 1.895358454044364,
      "train_size": 240,
      "val_size": 60
    }
  },
  "ablation_results": {
    "baseline": {
      "config": {
        "n_layers": 3,
        "kernel_size": 4,
        "main_dropout_rate": 0.45,
        "temp_dropout_rate": 0.45,
        "time_before_pred": 5,
        "use_msle": true
      },
      "final_mae_days": 2.726989984512329,
      "final_rmse_days": 4.137346690123676,
      "training_history": {
        "train_loss": [
          13.712153434753418,
          10.477900385856628,
          8.694629609584808,
          7.050586581230164,
          5.941685080528259,
          5.107182800769806,
          4.4754379987716675,
          3.8640685081481934,
          3.2404235005378723,
          2.7976638674736023
        ],
        "val_mae": [
          2.9517416954040527,
          2.9668471813201904,
          2.974851369857788,
          2.9616780281066895,
          2.926344156265259,
          2.8863296508789062,
          2.834876537322998,
          2.8084325790405273,
          2.771548271179199,
          2.726989984512329
        ],
        "val_rmse": [
          4.300321327446021,
          4.311343715287341,
          4.317736997919527,
          4.307837799518223,
          4.281218591282483,
          4.251639330477123,
          4.215512990629957,
          4.194867385750496,
          4.16944111324016,
          4.137346690123676
        ]
      }
    },
    "shallow_network": {
      "config": {
        "n_layers": 1,
        "kernel_size": 4,
        "main_dropout_rate": 0.45,
        "temp_dropout_rate": 0.45,
        "time_before_pred": 5,
        "use_msle": true
      },
      "final_mae_days": 2.5063555240631104,
      "final_rmse_days": 3.9501170901556755,
      "training_history": {
        "train_loss": [
          12.23859691619873,
          9.432815551757812,
          7.645709037780762,
          6.419109344482422,
          5.3245890736579895,
          4.707347989082336,
          3.865006685256958,
          3.3957054018974304,
          2.9973608255386353,
          2.5550930202007294
        ],
        "val_mae": [
          2.956468343734741,
          2.9552547931671143,
          2.945736885070801,
          2.9046099185943604,
          2.8318161964416504,
          2.7571702003479004,
          2.6941471099853516,
          2.613306760787964,
          2.563608407974243,
          2.5063555240631104
        ],
        "val_rmse": [
          4.305503809354739,
          4.304561661613504,
          4.298001894134345,
          4.269418894693311,
          4.220050074564985,
          4.16505337318028,
          4.112586329519299,
          4.043131507140623,
          3.999034168941645,
          3.9501170901556755
        ]
      }
    },
    "high_dropout": {
      "config": {
        "n_layers": 3,
        "kernel_size": 4,
        "main_dropout_rate": 0.7,
        "temp_dropout_rate": 0.7,
        "time_before_pred": 5,
        "use_msle": true
      },
      "final_mae_days": 2.750375509262085,
      "final_rmse_days": 4.156552181874951,
      "training_history": {
        "train_loss": [
          14.582131147384644,
          12.13452923297882,
          10.143329858779907,
          8.823307812213898,
          7.709003448486328,
          6.836426258087158,
          5.863183438777924,
          5.139901220798492,
          4.652919590473175,
          4.108566850423813
        ],
        "val_mae": [
          2.949233293533325,
          2.943275213241577,
          2.957828998565674,
          2.9519145488739014,
          2.9487969875335693,
          2.9309844970703125,
          2.9025063514709473,
          2.8654303550720215,
          2.8141157627105713,
          2.750375509262085
        ],
        "val_rmse": [
          4.29951845178461,
          4.294272338546141,
          4.3050492648718475,
          4.301099441496285,
          4.298917749520067,
          4.285990074911655,
          4.265438984039333,
          4.239216756632857,
          4.2029078544483225,
          4.156552181874951
        ]
      }
    }
  },
  "best_configuration": {
    "config": "shallow_network",
    "mae_days": 2.5063555240631104,
    "rmse_days": 3.9501170901556755
  }
}