Id,PATIENTID,PROVIDERID,PRIMARYPATIENTINSURANCEID,SECONDARYPATIENTINSURANCEID,DEPARTMENTID,PATIENTDEPARTMENTID,DIAGNOSIS1,DIAGNOSIS2,DIAGNOSIS3,DIAGNOSIS4,DIAGNOSIS5,DIAGNOSIS6,DIAGNOSIS7,DIAGNOSIS8,REFERRINGPROVIDERID,APPOINTMENTID,CURRENTILLNESSDATE,SERVICEDATE,SUPERVISINGPROVIDERID,STATUS1,STATUS2,STATUSP,OUTSTANDING1,OUTSTANDING2,OUTSTANDINGP,LASTBILLEDDATE1,LASTBILLEDDATE2,LASTBILLEDDATEP,HEALTHCARECLAIMTYPEID1,HEALTHCARECLAIMTYPEID2
ba419d35-0dfe-8af7-d9ce-2dd2be1b3a3e,ba419d35-0dfe-8af7-347c-eebf02485a56,825aba56-94c6-3592-a0a9-b39a6b0d9a64,df166300-5a78-3502-a46a-832842197811,,10,10,706893006,,,,,,,,,ba419d35-0dfe-8af7-6104-e39d11208dc7,2003-07-12T20:03:25Z,2003-07-12T20:03:25Z,825aba56-94c6-3592-a0a9-b39a6b0d9a64,CLOSED,CLOSED,CLOSED,0,0,0,2003-07-12T20:38:37Z,2003-07-12T20:38:37Z,2003-07-12T20:38:37Z,1,1
ba419d35-0dfe-8af7-6f82-a439b37f412a,ba419d35-0dfe-8af7-347c-eebf02485a56,825aba56-94c6-3592-a0a9-b39a6b0d9a64,,,20,20,224299000,,,,,,,,,ba419d35-0dfe-8af7-1db1-4d3d0f870810,2004-07-17T20:03:25Z,2004-07-17T20:03:25Z,825aba56-94c6-3592-a0a9-b39a6b0d9a64,CLOSED,CLOSED,CLOSED,0,0,0,2004-07-17T20:59:06Z,2004-07-17T20:59:06Z,2004-07-17T20:59:06Z,1,1
ba419d35-0dfe-8af7-a2ab-914f063cdb89,ba419d35-0dfe-8af7-347c-eebf02485a56,825aba56-94c6-3592-a0a9-b39a6b0d9a64,0133f751-9229-3cfd-815f-b6d4979bdd6a,,20,20,714628002,160903007,,,,,,,,ba419d35-0dfe-8af7-fb95-59a777b0c930,2014-08-02T20:03:25Z,2014-08-02T20:03:25Z,825aba56-94c6-3592-a0a9-b39a6b0d9a64,CLOSED,CLOSED,CLOSED,0,0,0,2014-08-02T20:51:35Z,2014-08-02T20:51:35Z,2014-08-02T20:51:35Z,1,1
ba419d35-0dfe-8af7-cc15-df56759cd0ae,ba419d35-0dfe-8af7-347c-eebf02485a56,825aba56-94c6-3592-a0a9-b39a6b0d9a64,0133f751-9229-3cfd-815f-b6d4979bdd6a,,20,20,314529007,73595000,,,,,,,,ba419d35-0dfe-8af7-c7ba-f19fa4a16a6d,2020-08-08T20:03:25Z,2020-08-08T20:03:25Z,825aba56-94c6-3592-a0a9-b39a6b0d9a64,CLOSED,CLOSED,CLOSED,0,0,0,2020-08-08T20:48:20Z,2020-08-08T20:48:20Z,2020-08-08T20:48:20Z,1,1
ba419d35-0dfe-8af7-a6dc-ab599706225f,ba419d35-0dfe-8af7-347c-eebf02485a56,581b2141-8b90-3d0c-9124-735efa5a7073,0133f751-9229-3cfd-815f-b6d4979bdd6a,,2,2,33879002,,,,,,,,,ba419d35-0dfe-8af7-6dcb-a1ab13ef92ce,2021-05-22T20:03:25Z,2021-05-22T20:03:25Z,581b2141-8b90-3d0c-9124-735efa5a7073,CLOSED,CLOSED,CLOSED,0,0,0,2021-05-22T20:18:25Z,2021-05-22T20:18:25Z,2021-05-22T20:18:25Z,2,2
ba419d35-0dfe-8af7-981a-6d5f7cba06bf,ba419d35-0dfe-8af7-347c-eebf02485a56,581b2141-8b90-3d0c-9124-735efa5a7073,8fa6c185-e44e-3e34-8bd8-39be8694f4ce,,1,1,444814009,444814009,,,,,,,,ba419d35-0dfe-8af7-51df-8fc7e893c489,2021-11-13T16:03:25Z,2021-11-13T16:03:25Z,581b2141-8b90-3d0c-9124-735efa5a7073,CLOSED,CLOSED,CLOSED,0,0,0,2021-11-13T16:18:25Z,2021-11-13T16:18:25Z,2021-11-13T16:18:25Z,2,2
ba419d35-0dfe-8af7-4619-b1b001ebc063,ba419d35-0dfe-8af7-347c-eebf02485a56,581b2141-8b90-3d0c-9124-735efa5a7073,8fa6c185-e44e-3e34-8bd8-39be8694f4ce,,1,1,72892002,72892002,,,,,,,,ba419d35-0dfe-8af7-b9a8-0965ff7f4d47,2021-12-04T20:03:25Z,2021-12-04T20:03:25Z,581b2141-8b90-3d0c-9124-735efa5a7073,CLOSED,CLOSED,CLOSED,0,0,0,2021-12-04T20:18:25Z,2021-12-04T20:18:25Z,2021-12-04T20:18:25Z,2,2
ba419d35-0dfe-8af7-f887-ab6718b868f8,ba419d35-0dfe-8af7-347c-eebf02485a56,581b2141-8b90-3d0c-9124-735efa5a7073,8fa6c185-e44e-3e34-8bd8-39be8694f4ce,,1,1,72892002,,,,,,,,,ba419d35-0dfe-8af7-f20c-10c28a10d9a9,2022-01-01T20:03:25Z,2022-01-01T20:03:25Z,581b2141-8b90-3d0c-9124-735efa5a7073,CLOSED,CLOSED,CLOSED,0,0,0,2022-01-01T20:18:25Z,2022-01-01T20:18:25Z,2022-01-01T20:18:25Z,2,2
ba419d35-0dfe-8af7-b2dd-33c837892298,ba419d35-0dfe-8af7-347c-eebf02485a56,581b2141-8b90-3d0c-9124-735efa5a7073,8fa6c185-e44e-3e34-8bd8-39be8694f4ce,,1,1,72892002,,,,,,,,,ba419d35-0dfe-8af7-c5a7-15e106d56657,2022-01-29T20:03:25Z,2022-01-29T20:03:25Z,581b2141-8b90-3d0c-9124-735efa5a7073,CLOSED,CLOSED,CLOSED,0,0,0,2022-01-29T20:18:25Z,2022-01-29T20:18:25Z,2022-01-29T20:18:25Z,2,2
ba419d35-0dfe-8af7-d748-668d3e069291,ba419d35-0dfe-8af7-347c-eebf02485a56,581b2141-8b90-3d0c-9124-735efa5a7073,8fa6c185-e44e-3e34-8bd8-39be8694f4ce,,1,1,72892002,,,,,,,,,ba419d35-0dfe-8af7-cafa-472895fe4414,2022-02-26T20:03:25Z,2022-02-26T20:03:25Z,581b2141-8b90-3d0c-9124-735efa5a7073,CLOSED,CLOSED,CLOSED,0,0,0,2022-02-26T20:18:25Z,2022-02-26T20:18:25Z,2022-02-26T20:18:25Z,2,2
ba419d35-0dfe-8af7-140d-0053e46e6a70,ba419d35-0dfe-8af7-347c-eebf02485a56,581b2141-8b90-3d0c-9124-735efa5a7073,8fa6c185-e44e-3e34-8bd8-39be8694f4ce,,1,1,72892002,,,,,,,,,ba419d35-0dfe-8af7-30b1-d67f7c68e18e,2022-03-26T20:03:25Z,2022-03-26T20:03:25Z,581b2141-8b90-3d0c-9124-735efa5a7073,CLOSED,CLOSED,CLOSED,0,0,0,2022-03-26T20:18:25Z,2022-03-26T20:18:25Z,2022-03-26T20:18:25Z,2,2
ba419d35-0dfe-8af7-1436-3dc83f16fbc0,ba419d35-0dfe-8af7-347c-eebf02485a56,581b2141-8b90-3d0c-9124-735efa5a7073,8fa6c185-e44e-3e34-8bd8-39be8694f4ce,,1,1,72892002,,,,,,,,,ba419d35-0dfe-8af7-7fd0-068143aa0bd1,2022-04-23T20:03:25Z,2022-04-23T20:03:25Z,581b2141-8b90-3d0c-9124-735efa5a7073,CLOSED,CLOSED,CLOSED,0,0,0,2022-04-23T20:18:25Z,2022-04-23T20:18:25Z,2022-04-23T20:18:25Z,2,2
ba419d35-0dfe-8af7-eb18-f1d1fd82d1aa,ba419d35-0dfe-8af7-347c-eebf02485a56,581b2141-8b90-3d0c-9124-735efa5a7073,8fa6c185-e44e-3e34-8bd8-39be8694f4ce,,1,1,72892002,,,,,,,,,ba419d35-0dfe-8af7-de84-7122e2736d20,2022-05-21T20:03:25Z,2022-05-21T20:03:25Z,581b2141-8b90-3d0c-9124-735efa5a7073,CLOSED,CLOSED,CLOSED,0,0,0,2022-05-21T20:18:25Z,2022-05-21T20:18:25Z,2022-05-21T20:18:25Z,2,2
ba419d35-0dfe-8af7-ab4f-d7c444e0dba7,ba419d35-0dfe-8af7-347c-eebf02485a56,581b2141-8b90-3d0c-9124-735efa5a7073,8fa6c185-e44e-3e34-8bd8-39be8694f4ce,,1,1,72892002,,,,,,,,,ba419d35-0dfe-8af7-f9b2-2ceb9a6bead2,2022-06-18T20:03:25Z,2022-06-18T20:03:25Z,581b2141-8b90-3d0c-9124-735efa5a7073,CLOSED,CLOSED,CLOSED,0,0,0,2022-06-18T20:18:25Z,2022-06-18T20:18:25Z,2022-06-18T20:18:25Z,2,2
ba419d35-0dfe-8af7-e30f-b3c9c38277b4,ba419d35-0dfe-8af7-347c-eebf02485a56,6b0ebbb7-bcbd-377e-8c96-0453417f9613,8fa6c185-e44e-3e34-8bd8-39be8694f4ce,,4,4,72892002,,,,,,,,,ba419d35-0dfe-8af7-6f1e-3851896f560c,2022-07-02T20:03:25Z,2022-07-02T20:03:25Z,6b0ebbb7-bcbd-377e-8c96-0453417f9613,CLOSED,CLOSED,CLOSED,0,0,0,2022-07-02T21:03:25Z,2022-07-02T21:03:25Z,2022-07-02T21:03:25Z,2,2
ba419d35-0dfe-8af7-1f6e-1969618aa1fa,ba419d35-0dfe-8af7-347c-eebf02485a56,581b2141-8b90-3d0c-9124-735efa5a7073,8fa6c185-e44e-3e34-8bd8-39be8694f4ce,,1,1,169762003,,,,,,,,,ba419d35-0dfe-8af7-afa9-5f6f43826fb3,2022-08-13T20:03:25Z,2022-08-13T20:03:25Z,581b2141-8b90-3d0c-9124-735efa5a7073,CLOSED,CLOSED,CLOSED,0,0,0,2022-08-13T20:18:25Z,2022-08-13T20:18:25Z,2022-08-13T20:18:25Z,2,2
ba419d35-0dfe-8af7-f9a9-8d84b4dde3b4,ba419d35-0dfe-8af7-347c-eebf02485a56,581b2141-8b90-3d0c-9124-735efa5a7073,8fa6c185-e44e-3e34-8bd8-39be8694f4ce,,2,2,389095005,,,,,,,,,ba419d35-0dfe-8af7-f54e-0e894e68c943,2022-08-20T20:03:25Z,2022-08-20T20:03:25Z,581b2141-8b90-3d0c-9124-735efa5a7073,CLOSED,CLOSED,CLOSED,0,0,0,2022-08-20T20:18:25Z,2022-08-20T20:18:25Z,2022-08-20T20:18:25Z,2,2
ba419d35-0dfe-8af7-0e63-16d9be724adb,ba419d35-0dfe-8af7-347c-eebf02485a56,581b2141-8b90-3d0c-9124-735efa5a7073,8fa6c185-e44e-3e34-8bd8-39be8694f4ce,,2,2,389095005,,,,,,,,,ba419d35-0dfe-8af7-f54e-0e894e68c943,2022-08-20T20:03:25Z,2022-08-20T20:03:25Z,581b2141-8b90-3d0c-9124-735efa5a7073,CLOSED,CLOSED,CLOSED,0,0,0,2022-08-20T20:18:25Z,2022-08-20T20:18:25Z,2022-08-20T20:18:25Z,2,2
ba419d35-0dfe-8af7-3c57-6b4abcaa9740,ba419d35-0dfe-8af7-347c-eebf02485a56,6b0ebbb7-bcbd-377e-8c96-0453417f9613,8fa6c185-e44e-3e34-8bd8-39be8694f4ce,,4,4,384709000,384709000,44465007,,,,,,,ba419d35-0dfe-8af7-3915-31cfed73c495,2022-08-30T09:43:25Z,2022-08-30T09:43:25Z,6b0ebbb7-bcbd-377e-8c96-0453417f9613,CLOSED,CLOSED,CLOSED,0,0,0,2022-08-30T10:43:25Z,2022-08-30T10:43:25Z,2022-08-30T10:43:25Z,2,2
ba419d35-0dfe-8af7-97ba-5d47aca84559,ba419d35-0dfe-8af7-347c-eebf02485a56,6b0ebbb7-bcbd-377e-8c96-0453417f9613,8fa6c185-e44e-3e34-8bd8-39be8694f4ce,,4,4,384709000,384709000,44465007,,,,,,,ba419d35-0dfe-8af7-3915-31cfed73c495,2022-08-30T09:43:25Z,2022-08-30T09:43:25Z,6b0ebbb7-bcbd-377e-8c96-0453417f9613,CLOSED,CLOSED,CLOSED,0,0,0,2022-08-30T10:43:25Z,2022-08-30T10:43:25Z,2022-08-30T10:43:25Z,2,2
ba419d35-0dfe-8af7-481b-ec163038dabc,ba419d35-0dfe-8af7-347c-eebf02485a56,825aba56-94c6-3592-a0a9-b39a6b0d9a64,8fa6c185-e44e-3e34-8bd8-39be8694f4ce,,20,20,741062008,,,,,,,,,ba419d35-0dfe-8af7-e129-b4779d5cf14b,2023-08-12T20:03:25Z,2023-08-12T20:03:25Z,825aba56-94c6-3592-a0a9-b39a6b0d9a64,CLOSED,CLOSED,CLOSED,0,0,0,2023-08-12T20:49:47Z,2023-08-12T20:49:47Z,2023-08-12T20:49:47Z,1,1
ba419d35-0dfe-8af7-f2e5-b37e851fcffa,ba419d35-0dfe-8af7-347c-eebf02485a56,581b2141-8b90-3d0c-9124-735efa5a7073,734afbd6-4794-363b-9bc0-6a3981533ed5,,2,2,389095005,,,,,,,,,ba419d35-0dfe-8af7-2985-696163552a26,2024-08-09T20:03:25Z,2024-08-09T20:03:25Z,581b2141-8b90-3d0c-9124-735efa5a7073,CLOSED,CLOSED,CLOSED,0,0,0,2024-08-09T20:28:29Z,2024-08-09T20:28:29Z,2024-08-09T20:28:29Z,2,2
ba419d35-0dfe-8af7-b491-5d8447ef8c0e,ba419d35-0dfe-8af7-347c-eebf02485a56,581b2141-8b90-3d0c-9124-735efa5a7073,734afbd6-4794-363b-9bc0-6a3981533ed5,,2,2,389095005,,,,,,,,,ba419d35-0dfe-8af7-2985-696163552a26,2024-08-09T20:03:25Z,2024-08-09T20:03:25Z,581b2141-8b90-3d0c-9124-735efa5a7073,CLOSED,CLOSED,CLOSED,0,0,0,2024-08-09T20:28:29Z,2024-08-09T20:28:29Z,2024-08-09T20:28:29Z,2,2
ba419d35-0dfe-8af7-ada6-f24a14b8a37b,ba419d35-0dfe-8af7-347c-eebf02485a56,581b2141-8b90-3d0c-9124-735efa5a7073,734afbd6-4794-363b-9bc0-6a3981533ed5,,2,2,389095005,,,,,,,,,ba419d35-0dfe-8af7-0479-5d33d41d3516,2025-08-04T20:28:29Z,2025-08-04T20:28:29Z,581b2141-8b90-3d0c-9124-735efa5a7073,CLOSED,CLOSED,CLOSED,0,0,0,2025-08-04T20:52:58Z,2025-08-04T20:52:58Z,2025-08-04T20:52:58Z,2,2
ba419d35-0dfe-8af7-6a76-070e6927adeb,ba419d35-0dfe-8af7-347c-eebf02485a56,581b2141-8b90-3d0c-9124-735efa5a7073,734afbd6-4794-363b-9bc0-6a3981533ed5,,2,2,389095005,,,,,,,,,ba419d35-0dfe-8af7-0479-5d33d41d3516,2025-08-04T20:28:29Z,2025-08-04T20:28:29Z,581b2141-8b90-3d0c-9124-735efa5a7073,CLOSED,CLOSED,CLOSED,0,0,0,2025-08-04T20:52:58Z,2025-08-04T20:52:58Z,2025-08-04T20:52:58Z,2,2
ba419d35-0dfe-8af7-60c4-b0cc0d69c65a,ba419d35-0dfe-8af7-347c-eebf02485a56,825aba56-94c6-3592-a0a9-b39a6b0d9a64,734afbd6-4794-363b-9bc0-6a3981533ed5,,20,20,44054006,368581000119106,162864005,160903007,,,,,,ba419d35-0dfe-8af7-73d2-ce2e98dbc9fe,2026-05-30T20:03:25Z,2026-05-30T20:03:25Z,825aba56-94c6-3592-a0a9-b39a6b0d9a64,CLOSED,CLOSED,CLOSED,0,0,0,2026-05-30T20:36:25Z,2026-05-30T20:36:25Z,2026-05-30T20:36:25Z,1,1
ba419d35-0dfe-8af7-fc14-823f078a6f2d,ba419d35-0dfe-8af7-347c-eebf02485a56,825aba56-94c6-3592-a0a9-b39a6b0d9a64,734afbd6-4794-363b-9bc0-6a3981533ed5,,20,20,44054006,368581000119106,162864005,160903007,,,,,,ba419d35-0dfe-8af7-73d2-ce2e98dbc9fe,2026-05-30T20:03:25Z,2026-05-30T20:03:25Z,825aba56-94c6-3592-a0a9-b39a6b0d9a64,CLOSED,CLOSED,CLOSED,0,0,0,2026-05-30T20:36:25Z,2026-05-30T20:36:25Z,2026-05-30T20:36:25Z,1,1
ba419d35-0dfe-8af7-a8d0-b7615e09dca6,ba419d35-0dfe-8af7-347c-eebf02485a56,825aba56-94c6-3592-a0a9-b39a6b0d9a64,734afbd6-4794-363b-9bc0-6a3981533ed5,,20,20,44054006,368581000119106,162864005,160903007,,,,,,ba419d35-0dfe-8af7-73d2-ce2e98dbc9fe,2026-05-30T20:03:25Z,2026-05-30T20:03:25Z,825aba56-94c6-3592-a0a9-b39a6b0d9a64,CLOSED,CLOSED,CLOSED,0,0,0,2026-05-30T20:36:25Z,2026-05-30T20:36:25Z,2026-05-30T20:36:25Z,1,1
ba419d35-0dfe-8af7-09b8-4b1136651b8e,ba419d35-0dfe-8af7-347c-eebf02485a56,581b2141-8b90-3d0c-9124-735efa5a7073,734afbd6-4794-363b-9bc0-6a3981533ed5,,1,1,44054006,,,,,,,,,ba419d35-0dfe-8af7-ddda-afd2a715c199,2026-05-30T20:03:25Z,2026-06-13T20:03:25Z,581b2141-8b90-3d0c-9124-735efa5a7073,CLOSED,CLOSED,CLOSED,0,0,0,2026-06-13T20:52:25Z,2026-06-13T20:52:25Z,2026-06-13T20:52:25Z,2,2
ba419d35-0dfe-8af7-d020-cc14b2486b46,ba419d35-0dfe-8af7-347c-eebf02485a56,581b2141-8b90-3d0c-9124-735efa5a7073,734afbd6-4794-363b-9bc0-6a3981533ed5,,1,1,44054006,,,,,,,,,ba419d35-0dfe-8af7-ddda-afd2a715c199,2026-05-30T20:03:25Z,2026-06-13T20:03:25Z,581b2141-8b90-3d0c-9124-735efa5a7073,CLOSED,CLOSED,CLOSED,0,0,0,2026-06-13T20:52:25Z,2026-06-13T20:52:25Z,2026-06-13T20:52:25Z,2,2
ba419d35-0dfe-8af7-589d-ac1f2e745759,ba419d35-0dfe-8af7-347c-eebf02485a56,581b2141-8b90-3d0c-9124-735efa5a7073,734afbd6-4794-363b-9bc0-6a3981533ed5,,2,2,389095005,,,,,,,,,ba419d35-0dfe-8af7-ecae-d73fd64582b8,2026-07-30T20:52:58Z,2026-07-30T20:52:58Z,581b2141-8b90-3d0c-9124-735efa5a7073,CLOSED,CLOSED,CLOSED,0,0,0,2026-07-30T21:07:58Z,2026-07-30T21:07:58Z,2026-07-30T21:07:58Z,2,2
ba419d35-0dfe-8af7-4bd3-3f94cd777d51,ba419d35-0dfe-8af7-347c-eebf02485a56,581b2141-8b90-3d0c-9124-735efa5a7073,734afbd6-4794-363b-9bc0-6a3981533ed5,,2,2,389095005,,,,,,,,,ba419d35-0dfe-8af7-ecae-d73fd64582b8,2026-07-30T20:52:58Z,2026-07-30T20:52:58Z,581b2141-8b90-3d0c-9124-735efa5a7073,CLOSED,CLOSED,CLOSED,0,0,0,2026-07-30T21:07:58Z,2026-07-30T21:07:58Z,2026-07-30T21:07:58Z,2,2
aee7bbe1-0c45-c028-b06a-8b828e89f8e0,aee7bbe1-0c45-c028-1e62-1f4cdb30c273,cb2c3f27-d2bd-3f9a-8ed3-955b2f40100a,26aab0cd-6aba-3e1b-ac5b-05c8867e762c,,1,1,75498004,40055000,,,,,,,,aee7bbe1-0c45-c028-4bd4-fdd4de02d673,1995-05-08T08:15:37Z,1995-05-08T08:15:37Z,cb2c3f27-d2bd-3f9a-8ed3-955b2f40100a,CLOSED,CLOSED,CLOSED,0,0,0,1995-05-08T08:30:37Z,1995-05-08T08:30:37Z,1995-05-08T08:30:37Z,2,2
aee7bbe1-0c45-c028-ebaa-caadc2fe0483,aee7bbe1-0c45-c028-1e62-1f4cdb30c273,d610c3b1-e7e2-3872-9ed2-5514d269ba2a,26aab0cd-6aba-3e1b-ac5b-05c8867e762c,,20,20,224299000,266934004,,,,,,,,aee7bbe1-0c45-c028-fc17-89784f7bd349,2003-07-29T06:15:37Z,2003-07-29T06:15:37Z,d610c3b1-e7e2-3872-9ed2-5514d269ba2a,CLOSED,CLOSED,CLOSED,0,0,0,2003-07-29T07:12:15Z,2003-07-29T07:12:15Z,2003-07-29T07:12:15Z,1,1
aee7bbe1-0c45-c028-618a-ec06d596b784,aee7bbe1-0c45-c028-1e62-1f4cdb30c273,d610c3b1-e7e2-3872-9ed2-5514d269ba2a,26aab0cd-6aba-3e1b-ac5b-05c8867e762c,,20,20,713458007,,,,,,,,,aee7bbe1-0c45-c028-1f6f-b01430235eed,2004-08-03T06:15:37Z,2004-08-03T06:15:37Z,d610c3b1-e7e2-3872-9ed2-5514d269ba2a,CLOSED,CLOSED,CLOSED,0,0,0,2004-08-03T07:02:44Z,2004-08-03T07:02:44Z,2004-08-03T07:02:44Z,1,1
aee7bbe1-0c45-c028-381d-4fb7bd19057e,aee7bbe1-0c45-c028-1e62-1f4cdb30c273,cb2c3f27-d2bd-3f9a-8ed3-955b2f40100a,26aab0cd-6aba-3e1b-ac5b-05c8867e762c,,1,1,79586000,161744009,,,,,,,,aee7bbe1-0c45-c028-f436-cec3182a4fcb,2008-07-29T10:15:37Z,2008-07-29T10:15:37Z,cb2c3f27-d2bd-3f9a-8ed3-955b2f40100a,CLOSED,CLOSED,CLOSED,0,0,0,2008-07-29T10:30:37Z,2008-07-29T10:30:37Z,2008-07-29T10:30:37Z,2,2
aee7bbe1-0c45-c028-5c77-3d7c57bf299f,aee7bbe1-0c45-c028-1e62-1f4cdb30c273,d610c3b1-e7e2-3872-9ed2-5514d269ba2a,26aab0cd-6aba-3e1b-ac5b-05c8867e762c,,20,20,314529007,,,,,,,,,aee7bbe1-0c45-c028-184c-9da9454778fc,2010-08-10T06:15:37Z,2010-08-10T06:15:37Z,d610c3b1-e7e2-3872-9ed2-5514d269ba2a,CLOSED,CLOSED,CLOSED,0,0,0,2010-08-10T06:45:48Z,2010-08-10T06:45:48Z,2010-08-10T06:45:48Z,1,1
aee7bbe1-0c45-c028-0e13-eef80a5139c7,aee7bbe1-0c45-c028-1e62-1f4cdb30c273,9706f8f0-06ee-3fd3-a71f-a606e4264244,26aab0cd-6aba-3e1b-ac5b-05c8867e762c,,3,3,183996000,267020005,,,,,,,,aee7bbe1-0c45-c028-b1b6-f639e2bd809d,2010-08-10T07:05:24Z,2010-08-10T07:05:24Z,9706f8f0-06ee-3fd3-a71f-a606e4264244,CLOSED,CLOSED,CLOSED,0,0,0,2010-08-11T07:05:24Z,2010-08-11T07:05:24Z,2010-08-11T07:05:24Z,2,2
aee7bbe1-0c45-c028-ccd7-d23d36979582,aee7bbe1-0c45-c028-1e62-1f4cdb30c273,d610c3b1-e7e2-3872-9ed2-5514d269ba2a,26aab0cd-6aba-3e1b-ac5b-05c8867e762c,,20,20,160904001,,,,,,,,,aee7bbe1-0c45-c028-18c0-ab65ae913bae,2019-08-20T06:15:37Z,2019-08-20T06:15:37Z,d610c3b1-e7e2-3872-9ed2-5514d269ba2a,CLOSED,CLOSED,CLOSED,0,0,0,2019-08-20T07:04:45Z,2019-08-20T07:04:45Z,2019-08-20T07:04:45Z,1,1
aee7bbe1-0c45-c028-2be6-92e5a40ff1c8,aee7bbe1-0c45-c028-1e62-1f4cdb30c273,cb2c3f27-d2bd-3f9a-8ed3-955b2f40100a,26aab0cd-6aba-3e1b-ac5b-05c8867e762c,,1,1,444814009,444814009,,,,,,,,aee7bbe1-0c45-c028-8c41-a84ddcb587a2,2021-10-03T06:15:37Z,2021-10-03T06:15:37Z,cb2c3f27-d2bd-3f9a-8ed3-955b2f40100a,CLOSED,CLOSED,CLOSED,0,0,0,2021-10-03T06:30:37Z,2021-10-03T06:30:37Z,2021-10-03T06:30:37Z,2,2
aee7bbe1-0c45-c028-9a65-4352b761ffad,aee7bbe1-0c45-c028-1e62-1f4cdb30c273,d610c3b1-e7e2-3872-9ed2-5514d269ba2a,26aab0cd-6aba-3e1b-ac5b-05c8867e762c,,20,20,162864005,,,,,,,,,aee7bbe1-0c45-c028-4e4d-e09d21c00869,2022-08-23T06:15:37Z,2022-08-23T06:15:37Z,d610c3b1-e7e2-3872-9ed2-5514d269ba2a,CLOSED,CLOSED,CLOSED,0,0,0,2022-08-23T07:01:25Z,2022-08-23T07:01:25Z,2022-08-23T07:01:25Z,1,1
aee7bbe1-0c45-c028-df52-dabe5d141f8a,aee7bbe1-0c45-c028-1e62-1f4cdb30c273,cb2c3f27-d2bd-3f9a-8ed3-955b2f40100a,26aab0cd-6aba-3e1b-ac5b-05c8867e762c,,1,1,444814009,444814009,,,,,,,,aee7bbe1-0c45-c028-e8c2-4bb0bce003c9,2023-09-20T08:15:37Z,2023-09-20T08:15:37Z,cb2c3f27-d2bd-3f9a-8ed3-955b2f40100a,CLOSED,CLOSED,CLOSED,0,0,0,2023-09-20T08:30:37Z,2023-09-20T08:30:37Z,2023-09-20T08:30:37Z,2,2
aee7bbe1-0c45-c028-9c4b-2a481fc9ccc3,aee7bbe1-0c45-c028-1e62-1f4cdb30c273,cb2c3f27-d2bd-3f9a-8ed3-955b2f40100a,26aab0cd-6aba-3e1b-ac5b-05c8867e762c,,1,1,444814009,444814009,,,,,,,,aee7bbe1-0c45-c028-b106-027cf0c069e5,2024-11-05T11:15:37Z,2024-11-05T11:15:37Z,cb2c3f27-d2bd-3f9a-8ed3-955b2f40100a,CLOSED,CLOSED,CLOSED,0,0,0,2024-11-05T11:30:37Z,2024-11-05T11:30:37Z,2024-11-05T11:30:37Z,2,2
aee7bbe1-0c45-c028-f918-a3555e2cd154,aee7bbe1-0c45-c028-1e62-1f4cdb30c273,d610c3b1-e7e2-3872-9ed2-5514d269ba2a,26aab0cd-6aba-3e1b-ac5b-05c8867e762c,,20,20,160903007,73595000,,,,,,,,aee7bbe1-0c45-c028-0d81-14d3de0bfb05,2025-06-10T06:15:37Z,2025-06-10T06:15:37Z,d610c3b1-e7e2-3872-9ed2-5514d269ba2a,CLOSED,CLOSED,CLOSED,0,0,0,2025-06-10T07:11:11Z,2025-06-10T07:11:11Z,2025-06-10T07:11:11Z,1,1
aee7bbe1-0c45-c028-eb7b-c46bde46e10b,aee7bbe1-0c45-c028-1e62-1f4cdb30c273,cb2c3f27-d2bd-3f9a-8ed3-955b2f40100a,26aab0cd-6aba-3e1b-ac5b-05c8867e762c,,1,1,444814009,444814009,,,,,,,,aee7bbe1-0c45-c028-663a-e6bc313a7e0c,2026-08-24T17:15:37Z,2026-08-24T17:15:37Z,cb2c3f27-d2bd-3f9a-8ed3-955b2f40100a,CLOSED,CLOSED,CLOSED,0,0,0,2026-08-24T17:30:37Z,2026-08-24T17:30:37Z,2026-08-24T17:30:37Z,2,2
4f083ce3-f12b-bb4b-7278-a374b2d8c2a5,4f083ce3-f12b-bb4b-7353-e17f0cd55b0a,4cc7e5fb-e2ac-343d-a192-99af23feee33,,,3,3,31642005,80967001,,,,,,,,4f083ce3-f12b-bb4b-960f-385bb6ef5af5,1997-01-04T18:50:04Z,1997-01-04T18:50:04Z,4cc7e5fb-e2ac-343d-a192-99af23feee33,CLOSED,CLOSED,CLOSED,0,0,0,1997-01-05T18:50:04Z,1997-01-05T18:50:04Z,1997-01-05T18:50:04Z,2,2
4f083ce3-f12b-bb4b-002b-3bdacdc9947e,4f083ce3-f12b-bb4b-7353-e17f0cd55b0a,54a29773-0ec2-3927-a134-368de551926c,b046940f-1664-3047-bca7-dfa76be352a4,,20,20,473461003,266934004,,,,,,,,4f083ce3-f12b-bb4b-180a-17f84d96143f,2007-12-01T18:13:58Z,2007-12-01T18:13:58Z,54a29773-0ec2-3927-a134-368de551926c,CLOSED,CLOSED,CLOSED,0,0,0,2007-12-01T18:54:52Z,2007-12-01T18:54:52Z,2007-12-01T18:54:52Z,1,1
4f083ce3-f12b-bb4b-94a7-8a58d469a471,4f083ce3-f12b-bb4b-7353-e17f0cd55b0a,54a29773-0ec2-3927-a134-368de551926c,b046940f-1664-3047-bca7-dfa76be352a4,,20,20,422650009,446654005,,,,,,,,4f083ce3-f12b-bb4b-766f-947d08cb41b4,2014-12-13T18:13:58Z,2014-12-13T18:13:58Z,54a29773-0ec2-3927-a134-368de551926c,CLOSED,CLOSED,CLOSED,0,0,0,2014-12-13T19:11:28Z,2014-12-13T19:11:28Z,2014-12-13T19:11:28Z,1,1
4f083ce3-f12b-bb4b-0225-2a0d6dc90d97,4f083ce3-f12b-bb4b-7353-e17f0cd55b0a,4cc7e5fb-e2ac-343d-a192-99af23feee33,b046940f-1664-3047-bca7-dfa76be352a4,,2,2,713458007,423315002,,,,,,,,4f083ce3-f12b-bb4b-def0-3e4ef45414b5,2015-11-21T18:13:58Z,2015-11-21T18:13:58Z,4cc7e5fb-e2ac-343d-a192-99af23feee33,CLOSED,CLOSED,CLOSED,0,0,0,2015-11-21T19:12:29Z,2015-11-21T19:12:29Z,2015-11-21T19:12:29Z,2,2
4f083ce3-f12b-bb4b-d389-2e8cc6322c07,4f083ce3-f12b-bb4b-7353-e17f0cd55b0a,54a29773-0ec2-3927-a134-368de551926c,b046940f-1664-3047-bca7-dfa76be352a4,,20,20,160904001,73595000,,,,,,,,4f083ce3-f12b-bb4b-6e29-4ac14ebd85af,2020-12-19T18:13:58Z,2020-12-19T18:13:58Z,54a29773-0ec2-3927-a134-368de551926c,CLOSED,CLOSED,CLOSED,0,0,0,2020-12-19T18:48:18Z,2020-12-19T18:48:18Z,2020-12-19T18:48:18Z,1,1
4f083ce3-f12b-bb4b-8466-b177046367a3,4f083ce3-f12b-bb4b-7353-e17f0cd55b0a,4cc7e5fb-e2ac-343d-a192-99af23feee33,b046940f-1664-3047-bca7-dfa76be352a4,,2,2,389095005,,,,,,,,,4f083ce3-f12b-bb4b-7c1b-3471d252d3f3,2022-08-18T15:59:03Z,2022-08-18T15:59:03Z,4cc7e5fb-e2ac-343d-a192-99af23feee33,CLOSED,CLOSED,CLOSED,0,0,0,2022-08-18T16:14:03Z,2022-08-18T16:14:03Z,2022-08-18T16:14:03Z,2,2
4f083ce3-f12b-bb4b-8ba7-3800f67ed8bb,4f083ce3-f12b-bb4b-7353-e17f0cd55b0a,4cc7e5fb-e2ac-343d-a192-99af23feee33,b046940f-1664-3047-bca7-dfa76be352a4,,2,2,389095005,,,,,,,,,4f083ce3-f12b-bb4b-7c1b-3471d252d3f3,2022-08-18T15:59:03Z,2022-08-18T15:59:03Z,4cc7e5fb-e2ac-343d-a192-99af23feee33,CLOSED,CLOSED,CLOSED,0,0,0,2022-08-18T16:14:03Z,2022-08-18T16:14:03Z,2022-08-18T16:14:03Z,2,2
4f083ce3-f12b-bb4b-e152-5be337fc6557,4f083ce3-f12b-bb4b-7353-e17f0cd55b0a,4cc7e5fb-e2ac-343d-a192-99af23feee33,b046940f-1664-3047-bca7-dfa76be352a4,,2,2,389095005,,,,,,,,,4f083ce3-f12b-bb4b-649a-8c42e2ed9e63,2022-09-17T18:13:58Z,2022-09-17T18:13:58Z,4cc7e5fb-e2ac-343d-a192-99af23feee33,CLOSED,CLOSED,CLOSED,0,0,0,2022-09-17T19:07:41Z,2022-09-17T19:07:41Z,2022-09-17T19:07:41Z,2,2
4f083ce3-f12b-bb4b-c2b2-30cedc520057,4f083ce3-f12b-bb4b-7353-e17f0cd55b0a,4cc7e5fb-e2ac-343d-a192-99af23feee33,b046940f-1664-3047-bca7-dfa76be352a4,,2,2,389095005,,,,,,,,,4f083ce3-f12b-bb4b-a501-ad54138d3c07,2023-08-13T15:59:03Z,2023-08-13T15:59:03Z,4cc7e5fb-e2ac-343d-a192-99af23feee33,CLOSED,CLOSED,CLOSED,0,0,0,2023-08-13T16:14:03Z,2023-08-13T16:14:03Z,2023-08-13T16:14:03Z,2,2
4f083ce3-f12b-bb4b-3bb5-62318252bcda,4f083ce3-f12b-bb4b-7353-e17f0cd55b0a,4cc7e5fb-e2ac-343d-a192-99af23feee33,b046940f-1664-3047-bca7-dfa76be352a4,,2,2,389095005,,,,,,,,,4f083ce3-f12b-bb4b-a501-ad54138d3c07,2023-08-13T15:59:03Z,2023-08-13T15:59:03Z,4cc7e5fb-e2ac-343d-a192-99af23feee33,CLOSED,CLOSED,CLOSED,0,0,0,2023-08-13T16:14:03Z,2023-08-13T16:14:03Z,2023-08-13T16:14:03Z,2,2
4f083ce3-f12b-bb4b-ea39-cbd1e29b4052,4f083ce3-f12b-bb4b-7353-e17f0cd55b0a,54a29773-0ec2-3927-a134-368de551926c,b046940f-1664-3047-bca7-dfa76be352a4,,20,20,314529007,160903007,66383009,,,,,,,4f083ce3-f12b-bb4b-6a2d-524a5d952220,2023-12-23T18:13:58Z,2023-12-23T18:13:58Z,54a29773-0ec2-3927-a134-368de551926c,CLOSED,CLOSED,CLOSED,0,0,0,2023-12-23T18:47:40Z,2023-12-23T18:47:40Z,2023-12-23T18:47:40Z,1,1
4f083ce3-f12b-bb4b-06a2-093f9d9bf7e4,4f083ce3-f12b-bb4b-7353-e17f0cd55b0a,4cc7e5fb-e2ac-343d-a192-99af23feee33,b046940f-1664-3047-bca7-dfa76be352a4,,1,1,66383009,,,,,,,,,4f083ce3-f12b-bb4b-dfc7-fd1e2dc7eee2,2024-01-06T18:13:58Z,2024-01-06T18:13:58Z,4cc7e5fb-e2ac-343d-a192-99af23feee33,CLOSED,CLOSED,CLOSED,0,0,0,2024-01-06T18:37:12Z,2024-01-06T18:37:12Z,2024-01-06T18:37:12Z,2,2
4f083ce3-f12b-bb4b-d9ec-947a2ded64c6,4f083ce3-f12b-bb4b-7353-e17f0cd55b0a,54a29773-0ec2-3927-a134-368de551926c,b046940f-1664-3047-bca7-dfa76be352a4,,4,4,125605004,125605004,263102004,,,,,,,4f083ce3-f12b-bb4b-89be-ed7252565ba0,2024-02-25T18:13:58Z,2024-02-25T18:13:58Z,54a29773-0ec2-3927-a134-368de551926c,CLOSED,CLOSED,CLOSED,0,0,0,2024-02-25T19:13:58Z,2024-02-25T19:13:58Z,2024-02-25T19:13:58Z,1,1
4f083ce3-f12b-bb4b-2a66-2bdd5b2e91ac,4f083ce3-f12b-bb4b-7353-e17f0cd55b0a,54a29773-0ec2-3927-a134-368de551926c,b046940f-1664-3047-bca7-dfa76be352a4,,4,4,125605004,125605004,263102004,,,,,,,4f083ce3-f12b-bb4b-89be-ed7252565ba0,2024-02-25T18:13:58Z,2024-02-25T18:13:58Z,54a29773-0ec2-3927-a134-368de551926c,CLOSED,CLOSED,CLOSED,0,0,0,2024-02-25T19:13:58Z,2024-02-25T19:13:58Z,2024-02-25T19:13:58Z,1,1
4f083ce3-f12b-bb4b-6f3d-ed30782f3546,4f083ce3-f12b-bb4b-7353-e17f0cd55b0a,54a29773-0ec2-3927-a134-368de551926c,b046940f-1664-3047-bca7-dfa76be352a4,,4,4,125605004,125605004,263102004,,,,,,,4f083ce3-f12b-bb4b-89be-ed7252565ba0,2024-02-25T18:13:58Z,2024-02-25T18:13:58Z,54a29773-0ec2-3927-a134-368de551926c,CLOSED,CLOSED,CLOSED,0,0,0,2024-02-25T19:13:58Z,2024-02-25T19:13:58Z,2024-02-25T19:13:58Z,1,1
4f083ce3-f12b-bb4b-317b-545b8016cf53,4f083ce3-f12b-bb4b-7353-e17f0cd55b0a,4cc7e5fb-e2ac-343d-a192-99af23feee33,b046940f-1664-3047-bca7-dfa76be352a4,,1,1,263102004,,,,,,,,,4f083ce3-f12b-bb4b-7acf-3e5c97d62ab7,2024-04-08T18:42:45Z,2024-04-08T18:42:45Z,4cc7e5fb-e2ac-343d-a192-99af23feee33,CLOSED,CLOSED,CLOSED,0,0,0,2024-04-08T18:57:45Z,2024-04-08T18:57:45Z,2024-04-08T18:57:45Z,2,2
4f083ce3-f12b-bb4b-e300-061bd0723dc9,4f083ce3-f12b-bb4b-7353-e17f0cd55b0a,4cc7e5fb-e2ac-343d-a192-99af23feee33,b046940f-1664-3047-bca7-dfa76be352a4,,2,2,389095005,,,,,,,,,4f083ce3-f12b-bb4b-5c63-4a1ea3b3833f,2024-08-07T15:59:03Z,2024-08-07T15:59:03Z,4cc7e5fb-e2ac-343d-a192-99af23feee33,CLOSED,CLOSED,CLOSED,0,0,0,2024-08-07T16:14:03Z,2024-08-07T16:14:03Z,2024-08-07T16:14:03Z,2,2
4f083ce3-f12b-bb4b-3e8d-37e46bb25fc1,4f083ce3-f12b-bb4b-7353-e17f0cd55b0a,4cc7e5fb-e2ac-343d-a192-99af23feee33,b046940f-1664-3047-bca7-dfa76be352a4,,2,2,389095005,,,,,,,,,4f083ce3-f12b-bb4b-5c63-4a1ea3b3833f,2024-08-07T15:59:03Z,2024-08-07T15:59:03Z,4cc7e5fb-e2ac-343d-a192-99af23feee33,CLOSED,CLOSED,CLOSED,0,0,0,2024-08-07T16:14:03Z,2024-08-07T16:14:03Z,2024-08-07T16:14:03Z,2,2
4f083ce3-f12b-bb4b-12cf-4d6d8125fb36,4f083ce3-f12b-bb4b-7353-e17f0cd55b0a,4cc7e5fb-e2ac-343d-a192-99af23feee33,b046940f-1664-3047-bca7-dfa76be352a4,,1,1,40275004,40275004,,,,,,,,4f083ce3-f12b-bb4b-cfbc-d2899f10e9aa,2024-10-05T18:13:58Z,2024-10-05T18:13:58Z,4cc7e5fb-e2ac-343d-a192-99af23feee33,CLOSED,CLOSED,CLOSED,0,0,0,2024-10-05T18:28:58Z,2024-10-05T18:28:58Z,2024-10-05T18:28:58Z,2,2
4f083ce3-f12b-bb4b-1b46-f7c0873b5d01,4f083ce3-f12b-bb4b-7353-e17f0cd55b0a,4cc7e5fb-e2ac-343d-a192-99af23feee33,b046940f-1664-3047-bca7-dfa76be352a4,,1,1,40275004,,,,,,,,,4f083ce3-f12b-bb4b-4727-b69ff288b43f,2024-10-09T22:13:58Z,2024-10-09T22:13:58Z,4cc7e5fb-e2ac-343d-a192-99af23feee33,CLOSED,CLOSED,CLOSED,0,0,0,2024-10-09T22:28:58Z,2024-10-09T22:28:58Z,2024-10-09T22:28:58Z,2,2
4f083ce3-f12b-bb4b-b857-bcc6218c82cf,4f083ce3-f12b-bb4b-7353-e17f0cd55b0a,4cc7e5fb-e2ac-343d-a192-99af23feee33,b046940f-1664-3047-bca7-dfa76be352a4,,1,1,40275004,,,,,,,,,4f083ce3-f12b-bb4b-4727-b69ff288b43f,2024-10-09T22:13:58Z,2024-10-09T22:13:58Z,4cc7e5fb-e2ac-343d-a192-99af23feee33,CLOSED,CLOSED,CLOSED,0,0,0,2024-10-09T22:28:58Z,2024-10-09T22:28:58Z,2024-10-09T22:28:58Z,2,2
4f083ce3-f12b-bb4b-f5fa-9f94a8dd069e,4f083ce3-f12b-bb4b-7353-e17f0cd55b0a,4cc7e5fb-e2ac-343d-a192-99af23feee33,b046940f-1664-3047-bca7-dfa76be352a4,,1,1,609328004,,,,,,,,,4f083ce3-f12b-bb4b-d64b-564e0ae2a445,2024-10-26T01:13:58Z,2024-10-26T01:13:58Z,4cc7e5fb-e2ac-343d-a192-99af23feee33,CLOSED,CLOSED,CLOSED,0,0,0,2024-10-26T01:43:59Z,2024-10-26T01:43:59Z,2024-10-26T01:43:59Z,2,2
4f083ce3-f12b-bb4b-87d0-e691cb575b41,4f083ce3-f12b-bb4b-7353-e17f0cd55b0a,4cc7e5fb-e2ac-343d-a192-99af23feee33,b046940f-1664-3047-bca7-dfa76be352a4,,1,1,609328004,,,,,,,,,4f083ce3-f12b-bb4b-d64b-564e0ae2a445,2024-10-26T01:13:58Z,2024-10-26T01:13:58Z,4cc7e5fb-e2ac-343d-a192-99af23feee33,CLOSED,CLOSED,CLOSED,0,0,0,2024-10-26T01:43:59Z,2024-10-26T01:43:59Z,2024-10-26T01:43:59Z,2,2
4f083ce3-f12b-bb4b-f591-327890cda009,4f083ce3-f12b-bb4b-7353-e17f0cd55b0a,4cc7e5fb-e2ac-343d-a192-99af23feee33,b046940f-1664-3047-bca7-dfa76be352a4,,1,1,609328004,,,,,,,,,4f083ce3-f12b-bb4b-d64b-564e0ae2a445,2024-10-26T01:13:58Z,2024-10-26T01:13:58Z,4cc7e5fb-e2ac-343d-a192-99af23feee33,CLOSED,CLOSED,CLOSED,0,0,0,2024-10-26T01:43:59Z,2024-10-26T01:43:59Z,2024-10-26T01:43:59Z,2,2
4f083ce3-f12b-bb4b-2f53-b57b1fc0c10b,4f083ce3-f12b-bb4b-7353-e17f0cd55b0a,4cc7e5fb-e2ac-343d-a192-99af23feee33,b046940f-1664-3047-bca7-dfa76be352a4,,1,1,609328004,,,,,,,,,4f083ce3-f12b-bb4b-f257-95abe74ec08b,2024-10-26T01:13:58Z,2024-10-26T01:43:59Z,4cc7e5fb-e2ac-343d-a192-99af23feee33,CLOSED,CLOSED,CLOSED,0,0,0,2024-10-26T01:58:59Z,2024-10-26T01:58:59Z,2024-10-26T01:58:59Z,2,2
4f083ce3-f12b-bb4b-e345-f515ebe8e290,4f083ce3-f12b-bb4b-7353-e17f0cd55b0a,4cc7e5fb-e2ac-343d-a192-99af23feee33,b046940f-1664-3047-bca7-dfa76be352a4,,2,2,389095005,,,,,,,,,4f083ce3-f12b-bb4b-8afa-81add11313df,2025-08-02T16:09:11Z,2025-08-02T16:09:11Z,4cc7e5fb-e2ac-343d-a192-99af23feee33,CLOSED,CLOSED,CLOSED,0,0,0,2025-08-02T16:24:11Z,2025-08-02T16:24:11Z,2025-08-02T16:24:11Z,2,2
4f083ce3-f12b-bb4b-e5e0-7b688ba5ae09,4f083ce3-f12b-bb4b-7353-e17f0cd55b0a,4cc7e5fb-e2ac-343d-a192-99af23feee33,b046940f-1664-3047-bca7-dfa76be352a4,,2,2,389095005,,,,,,,,,4f083ce3-f12b-bb4b-8afa-81add11313df,2025-08-02T16:09:11Z,2025-08-02T16:09:11Z,4cc7e5fb-e2ac-343d-a192-99af23feee33,CLOSED,CLOSED,CLOSED,0,0,0,2025-08-02T16:24:11Z,2025-08-02T16:24:11Z,2025-08-02T16:24:11Z,2,2
46ee9d82-b52c-856d-9de9-dd288882fde6,46ee9d82-b52c-856d-069b-5064ff052225,bcf26df0-9031-32e7-9e73-80c2e7d6f4bc,,,1,1,735971005,,,,,,,,,46ee9d82-b52c-856d-d471-e6c5ed440d0d,1995-04-06T00:53:59Z,1995-04-06T00:53:59Z,bcf26df0-9031-32e7-9e73-80c2e7d6f4bc,CLOSED,CLOSED,CLOSED,0,0,0,1995-04-06T01:08:59Z,1995-04-06T01:08:59Z,1995-04-06T01:08:59Z,2,2
46ee9d82-b52c-856d-4719-1c80c1e5e072,46ee9d82-b52c-856d-069b-5064ff052225,bcf26df0-9031-32e7-9e73-80c2e7d6f4bc,,,1,1,609328004,,,,,,,,,46ee9d82-b52c-856d-6dff-786968c19c56,1995-04-18T12:53:59Z,1995-04-18T12:53:59Z,bcf26df0-9031-32e7-9e73-80c2e7d6f4bc,CLOSED,CLOSED,CLOSED,0,0,0,1995-04-18T13:20:53Z,1995-04-18T13:20:53Z,1995-04-18T13:20:53Z,2,2
46ee9d82-b52c-856d-c675-7c2955efb2cb,46ee9d82-b52c-856d-069b-5064ff052225,bcf26df0-9031-32e7-9e73-80c2e7d6f4bc,,,1,1,609328004,,,,,,,,,46ee9d82-b52c-856d-6dff-786968c19c56,1995-04-18T12:53:59Z,1995-04-18T12:53:59Z,bcf26df0-9031-32e7-9e73-80c2e7d6f4bc,CLOSED,CLOSED,CLOSED,0,0,0,1995-04-18T13:20:53Z,1995-04-18T13:20:53Z,1995-04-18T13:20:53Z,2,2
46ee9d82-b52c-856d-00c6-3cff48073867,46ee9d82-b52c-856d-069b-5064ff052225,bcf26df0-9031-32e7-9e73-80c2e7d6f4bc,,,1,1,609328004,,,,,,,,,46ee9d82-b52c-856d-6dff-786968c19c56,1995-04-18T12:53:59Z,1995-04-18T12:53:59Z,bcf26df0-9031-32e7-9e73-80c2e7d6f4bc,CLOSED,CLOSED,CLOSED,0,0,0,1995-04-18T13:20:53Z,1995-04-18T13:20:53Z,1995-04-18T13:20:53Z,2,2
46ee9d82-b52c-856d-75df-8add0bfd4790,46ee9d82-b52c-856d-069b-5064ff052225,bcf26df0-9031-32e7-9e73-80c2e7d6f4bc,,,1,1,444814009,,,,,,,,,46ee9d82-b52c-856d-5b97-58a96af9d019,1996-12-21T12:53:59Z,1996-12-21T12:53:59Z,bcf26df0-9031-32e7-9e73-80c2e7d6f4bc,CLOSED,CLOSED,CLOSED,0,0,0,1996-12-21T13:08:59Z,1996-12-21T13:08:59Z,1996-12-21T13:08:59Z,2,2
46ee9d82-b52c-856d-6b0c-4d798c970ba2,46ee9d82-b52c-856d-069b-5064ff052225,bcf26df0-9031-32e7-9e73-80c2e7d6f4bc,,,1,1,444814009,,,,,,,,,46ee9d82-b52c-856d-5b97-58a96af9d019,1996-12-21T12:53:59Z,1996-12-21T12:53:59Z,bcf26df0-9031-32e7-9e73-80c2e7d6f4bc,CLOSED,CLOSED,CLOSED,0,0,0,1996-12-21T13:08:59Z,1996-12-21T13:08:59Z,1996-12-21T13:08:59Z,2,2
46ee9d82-b52c-856d-acab-7be862449373,46ee9d82-b52c-856d-069b-5064ff052225,b336b20a-6251-3821-87ed-bb07c9312e0d,b046940f-1664-3047-bca7-dfa76be352a4,,10,10,160968000,,,,,,,,,46ee9d82-b52c-856d-3646-9ebf90f8d5df,2011-01-27T19:53:59Z,2011-01-27T19:53:59Z,b336b20a-6251-3821-87ed-bb07c9312e0d,CLOSED,CLOSED,CLOSED,0,0,0,2011-01-27T20:10:30Z,2011-01-27T20:10:30Z,2011-01-27T20:10:30Z,1,1
46ee9d82-b52c-856d-db53-1f1e14c5b347,46ee9d82-b52c-856d-069b-5064ff052225,b336b20a-6251-3821-87ed-bb07c9312e0d,b046940f-1664-3047-bca7-dfa76be352a4,,20,20,105531004,224299000,713458007,,,,,,,46ee9d82-b52c-856d-073d-824cf074cf6a,2012-02-02T19:53:59Z,2012-02-02T19:53:59Z,b336b20a-6251-3821-87ed-bb07c9312e0d,CLOSED,CLOSED,CLOSED,0,0,0,2012-02-02T20:49:12Z,2012-02-02T20:49:12Z,2012-02-02T20:49:12Z,1,1
46ee9d82-b52c-856d-c6ee-a19aefc0bc4f,46ee9d82-b52c-856d-069b-5064ff052225,bcf26df0-9031-32e7-9e73-80c2e7d6f4bc,b046940f-1664-3047-bca7-dfa76be352a4,,1,1,103697008,1172608001,80967001,,,,,,,46ee9d82-b52c-856d-cca9-61966068e5c4,2012-02-16T19:53:59Z,2012-02-16T19:53:59Z,bcf26df0-9031-32e7-9e73-80c2e7d6f4bc,CLOSED,CLOSED,CLOSED,0,0,0,2012-02-16T20:19:20Z,2012-02-16T20:19:20Z,2012-02-16T20:19:20Z,2,2
46ee9d82-b52c-856d-479a-94258fd744e4,46ee9d82-b52c-856d-069b-5064ff052225,b336b20a-6251-3821-87ed-bb07c9312e0d,b046940f-1664-3047-bca7-dfa76be352a4,,20,20,714628002,266934004,,,,,,,,46ee9d82-b52c-856d-9c1e-16942ab6cfbe,2013-02-07T19:53:59Z,2013-02-07T19:53:59Z,b336b20a-6251-3821-87ed-bb07c9312e0d,CLOSED,CLOSED,CLOSED,0,0,0,2013-02-07T20:27:47Z,2013-02-07T20:27:47Z,2013-02-07T20:27:47Z,1,1
46ee9d82-b52c-856d-0a2a-e0192897ce43,46ee9d82-b52c-856d-069b-5064ff052225,0187e778-849d-39b1-9af0-d465777ec596,b046940f-1664-3047-bca7-dfa76be352a4,,5,5,314529007,160903007,,,,,,,,46ee9d82-b52c-856d-6745-49feb416f16a,2016-05-19T19:53:59Z,2016-05-19T19:53:59Z,0187e778-849d-39b1-9af0-d465777ec596,CLOSED,CLOSED,CLOSED,0,0,0,2016-05-19T20:39:56Z,2016-05-19T20:39:56Z,2016-05-19T20:39:56Z,1,1
46ee9d82-b52c-856d-b290-0fd359804969,46ee9d82-b52c-856d-069b-5064ff052225,b336b20a-6251-3821-87ed-bb07c9312e0d,b046940f-1664-3047-bca7-dfa76be352a4,,20,20,271737000,706893006,,,,,,,,46ee9d82-b52c-856d-13af-841a91086d6a,2019-02-14T19:53:59Z,2019-02-14T19:53:59Z,b336b20a-6251-3821-87ed-bb07c9312e0d,CLOSED,CLOSED,CLOSED,0,0,0,2019-02-14T20:42:52Z,2019-02-14T20:42:52Z,2019-02-14T20:42:52Z,1,1
46ee9d82-b52c-856d-a465-092eaa05624f,46ee9d82-b52c-856d-069b-5064ff052225,bcf26df0-9031-32e7-9e73-80c2e7d6f4bc,b046940f-1664-3047-bca7-dfa76be352a4,,1,1,271737000,,,,,,,,,46ee9d82-b52c-856d-678d-365bbe447578,2019-02-14T19:53:59Z,2019-02-21T19:53:59Z,bcf26df0-9031-32e7-9e73-80c2e7d6f4bc,CLOSED,CLOSED,CLOSED,0,0,0,2019-02-21T21:06:32Z,2019-02-21T21:06:32Z,2019-02-21T21:06:32Z,2,2
46ee9d82-b52c-856d-acee-fc13966ffe5f,46ee9d82-b52c-856d-069b-5064ff052225,bcf26df0-9031-32e7-9e73-80c2e7d6f4bc,b046940f-1664-3047-bca7-dfa76be352a4,,1,1,271737000,,,,,,,,,46ee9d82-b52c-856d-678d-365bbe447578,2019-02-14T19:53:59Z,2019-02-21T19:53:59Z,bcf26df0-9031-32e7-9e73-80c2e7d6f4bc,CLOSED,CLOSED,CLOSED,0,0,0,2019-02-21T21:06:32Z,2019-02-21T21:06:32Z,2019-02-21T21:06:32Z,2,2
46ee9d82-b52c-856d-1782-225178ab60f3,46ee9d82-b52c-856d-069b-5064ff052225,b336b20a-6251-3821-87ed-bb07c9312e0d,b046940f-1664-3047-bca7-dfa76be352a4,,20,20,160904001,73595000,,,,,,,,46ee9d82-b52c-856d-8097-ee5bf9287fe1,2022-02-17T19:53:59Z,2022-02-17T19:53:59Z,b336b20a-6251-3821-87ed-bb07c9312e0d,CLOSED,CLOSED,CLOSED,0,0,0,2022-02-17T20:27:03Z,2022-02-17T20:27:03Z,2022-02-17T20:27:03Z,1,1
46ee9d82-b52c-856d-7b98-95b1e974f2a0,46ee9d82-b52c-856d-069b-5064ff052225,bcf26df0-9031-32e7-9e73-80c2e7d6f4bc,b046940f-1664-3047-bca7-dfa76be352a4,,2,2,389095005,,,,,,,,,46ee9d82-b52c-856d-1a1e-f6ee8b91762f,2022-04-04T19:53:59Z,2022-04-04T19:53:59Z,bcf26df0-9031-32e7-9e73-80c2e7d6f4bc,CLOSED,CLOSED,CLOSED,0,0,0,2022-04-04T20:08:59Z,2022-04-04T20:08:59Z,2022-04-04T20:08:59Z,2,2
46ee9d82-b52c-856d-5516-1da19a72c4b4,46ee9d82-b52c-856d-069b-5064ff052225,bcf26df0-9031-32e7-9e73-80c2e7d6f4bc,b046940f-1664-3047-bca7-dfa76be352a4,,2,2,389095005,,,,,,,,,46ee9d82-b52c-856d-1a1e-f6ee8b91762f,2022-04-04T19:53:59Z,2022-04-04T19:53:59Z,bcf26df0-9031-32e7-9e73-80c2e7d6f4bc,CLOSED,CLOSED,CLOSED,0,0,0,2022-04-04T20:08:59Z,2022-04-04T20:08:59Z,2022-04-04T20:08:59Z,2,2
46ee9d82-b52c-856d-ef4e-277f2dd275ec,46ee9d82-b52c-856d-069b-5064ff052225,bcf26df0-9031-32e7-9e73-80c2e7d6f4bc,b046940f-1664-3047-bca7-dfa76be352a4,,2,2,389095005,,,,,,,,,46ee9d82-b52c-856d-d28c-6be377539789,2023-03-30T19:53:59Z,2023-03-30T19:53:59Z,bcf26df0-9031-32e7-9e73-80c2e7d6f4bc,CLOSED,CLOSED,CLOSED,0,0,0,2023-03-30T20:08:59Z,2023-03-30T20:08:59Z,2023-03-30T20:08:59Z,2,2
46ee9d82-b52c-856d-2f5b-c1b6126b5ffa,46ee9d82-b52c-856d-069b-5064ff052225,bcf26df0-9031-32e7-9e73-80c2e7d6f4bc,b046940f-1664-3047-bca7-dfa76be352a4,,2,2,389095005,,,,,,,,,46ee9d82-b52c-856d-d28c-6be377539789,2023-03-30T19:53:59Z,2023-03-30T19:53:59Z,bcf26df0-9031-32e7-9e73-80c2e7d6f4bc,CLOSED,CLOSED,CLOSED,0,0,0,2023-03-30T20:08:59Z,2023-03-30T20:08:59Z,2023-03-30T20:08:59Z,2,2
46ee9d82-b52c-856d-85a9-fa8e0712afa7,46ee9d82-b52c-856d-069b-5064ff052225,bcf26df0-9031-32e7-9e73-80c2e7d6f4bc,b046940f-1664-3047-bca7-dfa76be352a4,,2,2,314529007,741062008,,,,,,,,46ee9d82-b52c-856d-c791-7f2f560764af,2023-05-04T19:53:59Z,2023-05-04T19:53:59Z,bcf26df0-9031-32e7-9e73-80c2e7d6f4bc,CLOSED,CLOSED,CLOSED,0,0,0,2023-05-04T20:50:14Z,2023-05-04T20:50:14Z,2023-05-04T20:50:14Z,2,2
46ee9d82-b52c-856d-8c32-bf07eb5e3e7c,46ee9d82-b52c-856d-069b-5064ff052225,bcf26df0-9031-32e7-9e73-80c2e7d6f4bc,b046940f-1664-3047-bca7-dfa76be352a4,,1,1,444814009,444814009,,,,,,,,46ee9d82-b52c-856d-c16d-7a5acd66fe35,2023-05-05T16:53:59Z,2023-05-05T16:53:59Z,bcf26df0-9031-32e7-9e73-80c2e7d6f4bc,CLOSED,CLOSED,CLOSED,0,0,0,2023-05-05T17:08:59Z,2023-05-05T17:08:59Z,2023-05-05T17:08:59Z,2,2
46ee9d82-b52c-856d-fa0a-24276d4d4235,46ee9d82-b52c-856d-069b-5064ff052225,bcf26df0-9031-32e7-9e73-80c2e7d6f4bc,b046940f-1664-3047-bca7-dfa76be352a4,,2,2,389095005,,,,,,,,,46ee9d82-b52c-856d-ef67-5ae362df3708,2024-03-24T19:53:59Z,2024-03-24T19:53:59Z,bcf26df0-9031-32e7-9e73-80c2e7d6f4bc,CLOSED,CLOSED,CLOSED,0,0,0,2024-03-24T20:08:59Z,2024-03-24T20:08:59Z,2024-03-24T20:08:59Z,2,2
46ee9d82-b52c-856d-461e-c2be65868aa4,46ee9d82-b52c-856d-069b-5064ff052225,bcf26df0-9031-32e7-9e73-80c2e7d6f4bc,b046940f-1664-3047-bca7-dfa76be352a4,,2,2,389095005,,,,,,,,,46ee9d82-b52c-856d-ef67-5ae362df3708,2024-03-24T19:53:59Z,2024-03-24T19:53:59Z,bcf26df0-9031-32e7-9e73-80c2e7d6f4bc,CLOSED,CLOSED,CLOSED,0,0,0,2024-03-24T20:08:59Z,2024-03-24T20:08:59Z,2024-03-24T20:08:59Z,2,2
46ee9d82-b52c-856d-e210-05c926631da1,46ee9d82-b52c-856d-069b-5064ff052225,bcf26df0-9031-32e7-9e73-80c2e7d6f4bc,b046940f-1664-3047-bca7-dfa76be352a4,,2,2,389095005,,,,,,,,,46ee9d82-b52c-856d-17d4-88ec9c853912,2024-03-28T09:53:59Z,2024-03-28T09:53:59Z,bcf26df0-9031-32e7-9e73-80c2e7d6f4bc,CLOSED,CLOSED,CLOSED,0,0,0,2024-03-28T10:52:11Z,2024-03-28T10:52:11Z,2024-03-28T10:52:11Z,2,2
46ee9d82-b52c-856d-a51d-8df5caea7183,46ee9d82-b52c-856d-069b-5064ff052225,b336b20a-6251-3821-87ed-bb07c9312e0d,b046940f-1664-3047-bca7-dfa76be352a4,,20,20,160903007,66383009,,,,,,,,46ee9d82-b52c-856d-67b6-5e9bae39137c,2025-02-20T19:53:59Z,2025-02-20T19:53:59Z,b336b20a-6251-3821-87ed-bb07c9312e0d,CLOSED,CLOSED,CLOSED,0,0,0,2025-02-20T20:49:54Z,2025-02-20T20:49:54Z,2025-02-20T20:49:54Z,1,1
46ee9d82-b52c-856d-93ac-c3f103244313,46ee9d82-b52c-856d-069b-5064ff052225,bcf26df0-9031-32e7-9e73-80c2e7d6f4bc,b046940f-1664-3047-bca7-dfa76be352a4,,1,1,66383009,,,,,,,,,46ee9d82-b52c-856d-9513-140a461e258d,2025-03-06T19:53:59Z,2025-03-06T19:53:59Z,bcf26df0-9031-32e7-9e73-80c2e7d6f4bc,CLOSED,CLOSED,CLOSED,0,0,0,2025-03-06T21:48:53Z,2025-03-06T21:48:53Z,2025-03-06T21:48:53Z,2,2
46ee9d82-b52c-856d-97cd-2fb228575563,46ee9d82-b52c-856d-069b-5064ff052225,bcf26df0-9031-32e7-9e73-80c2e7d6f4bc,b046940f-1664-3047-bca7-dfa76be352a4,,2,2,389095005,,,,,,,,,46ee9d82-b52c-856d-8a1b-e211338f0206,2025-04-03T19:53:59Z,2025-04-03T19:53:59Z,bcf26df0-9031-32e7-9e73-80c2e7d6f4bc,CLOSED,CLOSED,CLOSED,0,0,0,2025-04-03T20:51:41Z,2025-04-03T20:51:41Z,2025-04-03T20:51:41Z,2,2
46ee9d82-b52c-856d-9a44-1a15b36095e0,46ee9d82-b52c-856d-069b-5064ff052225,bcf26df0-9031-32e7-9e73-80c2e7d6f4bc,b046940f-1664-3047-bca7-dfa76be352a4,,1,1,72892002,72892002,,,,,,,,46ee9d82-b52c-856d-43ca-65a0b86a26b8,2025-05-22T19:53:59Z,2025-05-22T19:53:59Z,bcf26df0-9031-32e7-9e73-80c2e7d6f4bc,CLOSED,CLOSED,CLOSED,0,0,0,2025-05-22T20:08:59Z,2025-05-22T20:08:59Z,2025-05-22T20:08:59Z,2,2
46ee9d82-b52c-856d-da74-86a8939db13f,46ee9d82-b52c-856d-069b-5064ff052225,bcf26df0-9031-32e7-9e73-80c2e7d6f4bc,b046940f-1664-3047-bca7-dfa76be352a4,,1,1,72892002,,,,,,,,,46ee9d82-b52c-856d-ebb1-9a1c5361e2e8,2025-06-19T19:53:59Z,2025-06-19T19:53:59Z,bcf26df0-9031-32e7-9e73-80c2e7d6f4bc,CLOSED,CLOSED,CLOSED,0,0,0,2025-06-19T20:08:59Z,2025-06-19T20:08:59Z,2025-06-19T20:08:59Z,2,2
46ee9d82-b52c-856d-517a-cb2a3b4c175f,46ee9d82-b52c-856d-069b-5064ff052225,bcf26df0-9031-32e7-9e73-80c2e7d6f4bc,b046940f-1664-3047-bca7-dfa76be352a4,,1,1,72892002,,,,,,,,,46ee9d82-b52c-856d-6cc1-f7d0caf5bfaa,2025-07-17T19:53:59Z,2025-07-17T19:53:59Z,bcf26df0-9031-32e7-9e73-80c2e7d6f4bc,CLOSED,CLOSED,CLOSED,0,0,0,2025-07-17T20:08:59Z,2025-07-17T20:08:59Z,2025-07-17T20:08:59Z,2,2
46ee9d82-b52c-856d-d2ec-5043c11d7fa2,46ee9d82-b52c-856d-069b-5064ff052225,bcf26df0-9031-32e7-9e73-80c2e7d6f4bc,b046940f-1664-3047-bca7-dfa76be352a4,,1,1,72892002,,,,,,,,,46ee9d82-b52c-856d-0243-83dbef9abdb3,2025-08-14T19:53:59Z,2025-08-14T19:53:59Z,bcf26df0-9031-32e7-9e73-80c2e7d6f4bc,CLOSED,CLOSED,CLOSED,0,0,0,2025-08-14T20:08:59Z,2025-08-14T20:08:59Z,2025-08-14T20:08:59Z,2,2
46ee9d82-b52c-856d-0464-724cfc4ad427,46ee9d82-b52c-856d-069b-5064ff052225,bcf26df0-9031-32e7-9e73-80c2e7d6f4bc,b046940f-1664-3047-bca7-dfa76be352a4,,1,1,72892002,,,,,,,,,46ee9d82-b52c-856d-f8ad-8404a9e1b245,2025-09-11T19:53:59Z,2025-09-11T19:53:59Z,bcf26df0-9031-32e7-9e73-80c2e7d6f4bc,CLOSED,CLOSED,CLOSED,0,0,0,2025-09-11T20:08:59Z,2025-09-11T20:08:59Z,2025-09-11T20:08:59Z,2,2
46ee9d82-b52c-856d-8a1a-8c346b3205ce,46ee9d82-b52c-856d-069b-5064ff052225,bcf26df0-9031-32e7-9e73-80c2e7d6f4bc,b046940f-1664-3047-bca7-dfa76be352a4,,1,1,72892002,,,,,,,,,46ee9d82-b52c-856d-70e3-4d6b9971b945,2025-10-09T19:53:59Z,2025-10-09T19:53:59Z,bcf26df0-9031-32e7-9e73-80c2e7d6f4bc,CLOSED,CLOSED,CLOSED,0,0,0,2025-10-09T20:08:59Z,2025-10-09T20:08:59Z,2025-10-09T20:08:59Z,2,2
46ee9d82-b52c-856d-1691-cd14895257c2,46ee9d82-b52c-856d-069b-5064ff052225,bcf26df0-9031-32e7-9e73-80c2e7d6f4bc,b046940f-1664-3047-bca7-dfa76be352a4,,1,1,72892002,,,,,,,,,46ee9d82-b52c-856d-4d2b-99782ccb4a68,2025-11-06T19:53:59Z,2025-11-06T19:53:59Z,bcf26df0-9031-32e7-9e73-80c2e7d6f4bc,CLOSED,CLOSED,CLOSED,0,0,0,2025-11-06T20:08:59Z,2025-11-06T20:08:59Z,2025-11-06T20:08:59Z,2,2
46ee9d82-b52c-856d-36d1-3fd1bdd52825,46ee9d82-b52c-856d-069b-5064ff052225,bcf26df0-9031-32e7-9e73-80c2e7d6f4bc,b046940f-1664-3047-bca7-dfa76be352a4,,1,1,72892002,,,,,,,,,46ee9d82-b52c-856d-784a-e622303ec820,2025-12-04T19:53:59Z,2025-12-04T19:53:59Z,bcf26df0-9031-32e7-9e73-80c2e7d6f4bc,CLOSED,CLOSED,CLOSED,0,0,0,2025-12-04T20:08:59Z,2025-12-04T20:08:59Z,2025-12-04T20:08:59Z,2,2
46ee9d82-b52c-856d-df80-dd9c422ec4a5,46ee9d82-b52c-856d-069b-5064ff052225,bcf26df0-9031-32e7-9e73-80c2e7d6f4bc,b046940f-1664-3047-bca7-dfa76be352a4,,1,1,72892002,,,,,,,,,46ee9d82-b52c-856d-8932-5c71a6538a08,2025-12-18T19:53:59Z,2025-12-18T19:53:59Z,bcf26df0-9031-32e7-9e73-80c2e7d6f4bc,CLOSED,CLOSED,CLOSED,0,0,0,2025-12-18T20:08:59Z,2025-12-18T20:08:59Z,2025-12-18T20:08:59Z,2,2
46ee9d82-b52c-856d-5e2b-0a6028e8a072,46ee9d82-b52c-856d-069b-5064ff052225,bcf26df0-9031-32e7-9e73-80c2e7d6f4bc,b046940f-1664-3047-bca7-dfa76be352a4,,1,1,72892002,,,,,,,,,46ee9d82-b52c-856d-9af0-907d037d0de9,2025-12-25T19:53:59Z,2025-12-25T19:53:59Z,bcf26df0-9031-32e7-9e73-80c2e7d6f4bc,CLOSED,CLOSED,CLOSED,0,0,0,2025-12-25T20:08:59Z,2025-12-25T20:08:59Z,2025-12-25T20:08:59Z,2,2
46ee9d82-b52c-856d-e4a8-530036be8366,46ee9d82-b52c-856d-069b-5064ff052225,feb18d7d-c517-3ed5-a711-6d21cae0657f,b046940f-1664-3047-bca7-dfa76be352a4,,4,4,72892002,,,,,,,,,46ee9d82-b52c-856d-75e0-70d0298e3084,2026-01-01T19:53:59Z,2026-01-01T19:53:59Z,feb18d7d-c517-3ed5-a711-6d21cae0657f,CLOSED,CLOSED,CLOSED,0,0,0,2026-01-01T20:53:59Z,2026-01-01T20:53:59Z,2026-01-01T20:53:59Z,2,2
46ee9d82-b52c-856d-769b-ad49271ba43d,46ee9d82-b52c-856d-069b-5064ff052225,bcf26df0-9031-32e7-9e73-80c2e7d6f4bc,b046940f-1664-3047-bca7-dfa76be352a4,,1,1,169762003,,,,,,,,,46ee9d82-b52c-856d-3ce9-9f00baa53e22,2026-02-12T19:53:59Z,2026-02-12T19:53:59Z,bcf26df0-9031-32e7-9e73-80c2e7d6f4bc,CLOSED,CLOSED,CLOSED,0,0,0,2026-02-12T20:08:59Z,2026-02-12T20:08:59Z,2026-02-12T20:08:59Z,2,2
46ee9d82-b52c-856d-de6a-4f64617778e5,46ee9d82-b52c-856d-069b-5064ff052225,bcf26df0-9031-32e7-9e73-80c2e7d6f4bc,b046940f-1664-3047-bca7-dfa76be352a4,,2,2,389095005,,,,,,,,,46ee9d82-b52c-856d-65c0-37251695e3f7,2026-03-18T10:52:11Z,2026-03-18T10:52:11Z,bcf26df0-9031-32e7-9e73-80c2e7d6f4bc,CLOSED,CLOSED,CLOSED,0,0,0,2026-03-18T11:07:11Z,2026-03-18T11:07:11Z,2026-03-18T11:07:11Z,2,2
46ee9d82-b52c-856d-3a15-39037588c6de,46ee9d82-b52c-856d-069b-5064ff052225,bcf26df0-9031-32e7-9e73-80c2e7d6f4bc,b046940f-1664-3047-bca7-dfa76be352a4,,2,2,389095005,,,,,,,,,46ee9d82-b52c-856d-65c0-37251695e3f7,2026-03-18T10:52:11Z,2026-03-18T10:52:11Z,bcf26df0-9031-32e7-9e73-80c2e7d6f4bc,CLOSED,CLOSED,CLOSED,0,0,0,2026-03-18T11:07:11Z,2026-03-18T11:07:11Z,2026-03-18T11:07:11Z,2,2
aa616abe-1761-0c9a-b105-8c3d7402db51,aa616abe-1761-0c9a-7959-07544679dafd,a9080cf4-2d9f-3715-be32-465bc9fa40cc,df166300-5a78-3502-a46a-832842197811,,1,1,735029006,,,,,,,,,aa616abe-1761-0c9a-ba57-3511d5e53017,1991-11-14T22:30:35Z,1991-11-14T22:30:35Z,a9080cf4-2d9f-3715-be32-465bc9fa40cc,CLOSED,CLOSED,CLOSED,0,0,0,1991-11-14T22:45:35Z,1991-11-14T22:45:35Z,1991-11-14T22:45:35Z,2,2
aa616abe-1761-0c9a-d51b-ec44ce19e951,aa616abe-1761-0c9a-7959-07544679dafd,a9080cf4-2d9f-3715-be32-465bc9fa40cc,df166300-5a78-3502-a46a-832842197811,,1,1,609328004,,,,,,,,,aa616abe-1761-0c9a-b990-736d6ec16016,1991-11-29T00:30:35Z,1991-11-29T00:30:35Z,a9080cf4-2d9f-3715-be32-465bc9fa40cc,CLOSED,CLOSED,CLOSED,0,0,0,1991-11-29T00:58:48Z,1991-11-29T00:58:48Z,1991-11-29T00:58:48Z,2,2
aa616abe-1761-0c9a-b9e2-2612888d368b,aa616abe-1761-0c9a-7959-07544679dafd,a9080cf4-2d9f-3715-be32-465bc9fa40cc,df166300-5a78-3502-a46a-832842197811,,1,1,609328004,,,,,,,,,aa616abe-1761-0c9a-b990-736d6ec16016,1991-11-29T00:30:35Z,1991-11-29T00:30:35Z,a9080cf4-2d9f-3715-be32-465bc9fa40cc,CLOSED,CLOSED,CLOSED,0,0,0,1991-11-29T00:58:48Z,1991-11-29T00:58:48Z,1991-11-29T00:58:48Z,2,2
aa616abe-1761-0c9a-1167-25950bf98191,aa616abe-1761-0c9a-7959-07544679dafd,a9080cf4-2d9f-3715-be32-465bc9fa40cc,df166300-5a78-3502-a46a-832842197811,,1,1,609328004,,,,,,,,,aa616abe-1761-0c9a-b990-736d6ec16016,1991-11-29T00:30:35Z,1991-11-29T00:30:35Z,a9080cf4-2d9f-3715-be32-465bc9fa40cc,CLOSED,CLOSED,CLOSED,0,0,0,1991-11-29T00:58:48Z,1991-11-29T00:58:48Z,1991-11-29T00:58:48Z,2,2
aa616abe-1761-0c9a-a94c-b613007ab1b2,aa616abe-1761-0c9a-7959-07544679dafd,9c701926-c4dc-330d-9602-0d010bb1b3bd,8fa6c185-e44e-3e34-8bd8-39be8694f4ce,,4,4,124171000119105,124171000119105,,,,,,,,aa616abe-1761-0c9a-d38c-4cf8db36a129,2005-01-13T09:30:35Z,2005-01-13T09:30:35Z,9c701926-c4dc-330d-9602-0d010bb1b3bd,CLOSED,CLOSED,CLOSED,0,0,0,2005-01-13T10:30:35Z,2005-01-13T10:30:35Z,2005-01-13T10:30:35Z,2,2
aa616abe-1761-0c9a-f5cd-79c4c4d3bb9e,aa616abe-1761-0c9a-7959-07544679dafd,9c701926-c4dc-330d-9602-0d010bb1b3bd,8fa6c185-e44e-3e34-8bd8-39be8694f4ce,,4,4,82423001,82423001,,,,,,,,aa616abe-1761-0c9a-f692-eae88ec4af1a,2005-03-28T09:30:35Z,2005-03-28T09:30:35Z,9c701926-c4dc-330d-9602-0d010bb1b3bd,CLOSED,CLOSED,CLOSED,0,0,0,2005-03-28T10:30:35Z,2005-03-28T10:30:35Z,2005-03-28T10:30:35Z,2,2
aa616abe-1761-0c9a-3fd5-fe0705bbbb54,aa616abe-1761-0c9a-7959-07544679dafd,953e2af9-a0fd-358d-a506-bc9f076a676a,8fa6c185-e44e-3e34-8bd8-39be8694f4ce,,10,10,160968000,,,,,,,,,aa616abe-1761-0c9a-7c35-f6c9c2ae5f5b,2006-12-24T09:30:35Z,2006-12-24T09:30:35Z,953e2af9-a0fd-358d-a506-bc9f076a676a,CLOSED,CLOSED,CLOSED,0,0,0,2006-12-24T09:45:35Z,2006-12-24T09:45:35Z,2006-12-24T09:45:35Z,1,1
aa616abe-1761-0c9a-545d-bc33eef25d35,aa616abe-1761-0c9a-7959-07544679dafd,9c701926-c4dc-330d-9602-0d010bb1b3bd,8fa6c185-e44e-3e34-8bd8-39be8694f4ce,,4,4,196416002,196416002,,,,,,,,aa616abe-1761-0c9a-dac5-641638bdc657,2007-05-12T09:30:35Z,2007-05-12T09:30:35Z,9c701926-c4dc-330d-9602-0d010bb1b3bd,CLOSED,CLOSED,CLOSED,0,0,0,2007-05-12T10:30:35Z,2007-05-12T10:30:35Z,2007-05-12T10:30:35Z,2,2
aa616abe-1761-0c9a-3fc3-340b5e8e2405,aa616abe-1761-0c9a-7959-07544679dafd,953e2af9-a0fd-358d-a506-bc9f076a676a,8fa6c185-e44e-3e34-8bd8-39be8694f4ce,,20,20,714628002,473461003,423315002,,,,,,,aa616abe-1761-0c9a-4507-3fc64df25ab0,2009-01-04T09:30:35Z,2009-01-04T09:30:35Z,953e2af9-a0fd-358d-a506-bc9f076a676a,CLOSED,CLOSED,CLOSED,0,0,0,2009-01-04T10:14:17Z,2009-01-04T10:14:17Z,2009-01-04T10:14:17Z,1,1
aa616abe-1761-0c9a-6afc-78a3381da0c5,aa616abe-1761-0c9a-7959-07544679dafd,a9080cf4-2d9f-3715-be32-465bc9fa40cc,8fa6c185-e44e-3e34-8bd8-39be8694f4ce,,2,2,82423001,278860009,1121000119107,,,,,,,aa616abe-1761-0c9a-ba21-74721512bcd5,2005-03-28T09:30:35Z,2014-02-04T09:30:35Z,a9080cf4-2d9f-3715-be32-465bc9fa40cc,CLOSED,CLOSED,CLOSED,0,0,0,2014-02-04T09:45:35Z,2014-02-04T09:45:35Z,2014-02-04T09:45:35Z,2,2
aa616abe-1761-0c9a-85ef-cd159816e2b3,aa616abe-1761-0c9a-7959-07544679dafd,84aa5ae9-3636-395a-9791-9babf5235355,8fa6c185-e44e-3e34-8bd8-39be8694f4ce,,5,5,271737000,,,,,,,,,aa616abe-1761-0c9a-de70-52a14e113469,2015-02-15T09:30:35Z,2015-02-15T09:30:35Z,84aa5ae9-3636-395a-9791-9babf5235355,CLOSED,CLOSED,CLOSED,0,0,0,2015-02-15T10:23:41Z,2015-02-15T10:23:41Z,2015-02-15T10:23:41Z,1,1
aa616abe-1761-0c9a-3406-f76c3f7a07b0,aa616abe-1761-0c9a-7959-07544679dafd,a9080cf4-2d9f-3715-be32-465bc9fa40cc,8fa6c185-e44e-3e34-8bd8-39be8694f4ce,,1,1,271737000,,,,,,,,,aa616abe-1761-0c9a-3f89-87c4bdc70445,2015-02-15T09:30:35Z,2015-03-08T09:30:35Z,a9080cf4-2d9f-3715-be32-465bc9fa40cc,CLOSED,CLOSED,CLOSED,0,0,0,2015-03-08T10:36:45Z,2015-03-08T10:36:45Z,2015-03-08T10:36:45Z,2,2
aa616abe-1761-0c9a-7ddd-a234d0ddc848,aa616abe-1761-0c9a-7959-07544679dafd,a9080cf4-2d9f-3715-be32-465bc9fa40cc,8fa6c185-e44e-3e34-8bd8-39be8694f4ce,,1,1,271737000,,,,,,,,,aa616abe-1761-0c9a-3f89-87c4bdc70445,2015-02-15T09:30:35Z,2015-03-08T09:30:35Z,a9080cf4-2d9f-3715-be32-465bc9fa40cc,CLOSED,CLOSED,CLOSED,0,0,0,2015-03-08T10:36:45Z,2015-03-08T10:36:45Z,2015-03-08T10:36:45Z,2,2
aa616abe-1761-0c9a-47f4-f629f4f9c3b3,aa616abe-1761-0c9a-7959-07544679dafd,953e2af9-a0fd-358d-a506-bc9f076a676a,0133f751-9229-3cfd-815f-b6d4979bdd6a,,20,20,160903007,,,,,,,,,aa616abe-1761-0c9a-23d5-9bcd4866cff8,2020-03-22T09:30:35Z,2020-03-22T09:30:35Z,953e2af9-a0fd-358d-a506-bc9f076a676a,CLOSED,CLOSED,CLOSED,0,0,0,2020-03-22T10:25:55Z,2020-03-22T10:25:55Z,2020-03-22T10:25:55Z,1,1
aa616abe-1761-0c9a-3d3b-26f0c3a4c0c1,aa616abe-1761-0c9a-7959-07544679dafd,953e2af9-a0fd-358d-a506-bc9f076a676a,0133f751-9229-3cfd-815f-b6d4979bdd6a,,20,20,314529007,73595000,,,,,,,,aa616abe-1761-0c9a-f2c2-914fbbe64631,2021-03-28T09:30:35Z,2021-03-28T09:30:35Z,953e2af9-a0fd-358d-a506-bc9f076a676a,CLOSED,CLOSED,CLOSED,0,0,0,2021-03-28T10:16:24Z,2021-03-28T10:16:24Z,2021-03-28T10:16:24Z,1,1
aa616abe-1761-0c9a-fd07-af6eed9d6174,aa616abe-1761-0c9a-7959-07544679dafd,953e2af9-a0fd-358d-a506-bc9f076a676a,0133f751-9229-3cfd-815f-b6d4979bdd6a,,20,20,314529007,73595000,,,,,,,,aa616abe-1761-0c9a-f2c2-914fbbe64631,2021-03-28T09:30:35Z,2021-03-28T09:30:35Z,953e2af9-a0fd-358d-a506-bc9f076a676a,CLOSED,CLOSED,CLOSED,0,0,0,2021-03-28T10:16:24Z,2021-03-28T10:16:24Z,2021-03-28T10:16:24Z,1,1
aa616abe-1761-0c9a-d549-0eb307878ce4,aa616abe-1761-0c9a-7959-07544679dafd,9c701926-c4dc-330d-9602-0d010bb1b3bd,0133f751-9229-3cfd-815f-b6d4979bdd6a,,4,4,124171000119105,,,,,,,,,aa616abe-1761-0c9a-b275-3428e2c4fa74,2005-01-13T09:30:35Z,2021-07-27T09:30:35Z,9c701926-c4dc-330d-9602-0d010bb1b3bd,CLOSED,CLOSED,CLOSED,0,0,0,2021-07-27T10:30:35Z,2021-07-27T10:30:35Z,2021-07-27T10:30:35Z,2,2
aa616abe-1761-0c9a-49b7-ff4bb789c543,aa616abe-1761-0c9a-7959-07544679dafd,a9080cf4-2d9f-3715-be32-465bc9fa40cc,0133f751-9229-3cfd-815f-b6d4979bdd6a,,2,2,389095005,,,,,,,,,aa616abe-1761-0c9a-2de5-9474cb7a7c4f,2021-10-17T09:30:35Z,2021-10-17T09:30:35Z,a9080cf4-2d9f-3715-be32-465bc9fa40cc,CLOSED,CLOSED,CLOSED,0,0,0,2021-10-17T10:28:35Z,2021-10-17T10:28:35Z,2021-10-17T10:28:35Z,2,2
aa616abe-1761-0c9a-881c-e24cdb02bfbe,aa616abe-1761-0c9a-7959-07544679dafd,9c701926-c4dc-330d-9602-0d010bb1b3bd,0133f751-9229-3cfd-815f-b6d4979bdd6a,,4,4,196416002,,,,,,,,,aa616abe-1761-0c9a-f76d-10b244942241,2007-05-12T09:30:35Z,2021-11-08T09:30:35Z,9c701926-c4dc-330d-9602-0d010bb1b3bd,CLOSED,CLOSED,CLOSED,0,0,0,2021-11-08T10:30:35Z,2021-11-08T10:30:35Z,2021-11-08T10:30:35Z,2,2
aa616abe-1761-0c9a-0fae-031f70a86786,aa616abe-1761-0c9a-7959-07544679dafd,9c701926-c4dc-330d-9602-0d010bb1b3bd,0133f751-9229-3cfd-815f-b6d4979bdd6a,,4,4,196416002,,,,,,,,,aa616abe-1761-0c9a-f76d-10b244942241,2007-05-12T09:30:35Z,2021-11-08T09:30:35Z,9c701926-c4dc-330d-9602-0d010bb1b3bd,CLOSED,CLOSED,CLOSED,0,0,0,2021-11-08T10:30:35Z,2021-11-08T10:30:35Z,2021-11-08T10:30:35Z,2,2
aa616abe-1761-0c9a-b513-d4f31d8867e2,aa616abe-1761-0c9a-7959-07544679dafd,a9080cf4-2d9f-3715-be32-465bc9fa40cc,df166300-5a78-3502-a46a-832842197811,,1,1,72892002,72892002,,,,,,,,aa616abe-1761-0c9a-5a17-6f698d0b47c6,2021-12-05T09:30:35Z,2021-12-05T09:30:35Z,a9080cf4-2d9f-3715-be32-465bc9fa40cc,CLOSED,CLOSED,CLOSED,0,0,0,2021-12-05T09:45:35Z,2021-12-05T09:45:35Z,2021-12-05T09:45:35Z,2,2
aa616abe-1761-0c9a-fe95-593be1c7a7be,aa616abe-1761-0c9a-7959-07544679dafd,9c701926-c4dc-330d-9602-0d010bb1b3bd,df166300-5a78-3502-a46a-832842197811,,4,4,124171000119105,,,,,,,,,aa616abe-1761-0c9a-6d4a-3e932fe6068d,2005-01-13T09:30:35Z,2021-12-15T09:30:35Z,9c701926-c4dc-330d-9602-0d010bb1b3bd,CLOSED,CLOSED,CLOSED,0,0,0,2021-12-15T10:30:35Z,2021-12-15T10:30:35Z,2021-12-15T10:30:35Z,2,2
aa616abe-1761-0c9a-9c63-3763e6811560,aa616abe-1761-0c9a-7959-07544679dafd,9c701926-c4dc-330d-9602-0d010bb1b3bd,df166300-5a78-3502-a46a-832842197811,,4,4,124171000119105,,,,,,,,,aa616abe-1761-0c9a-6d4a-3e932fe6068d,2005-01-13T09:30:35Z,2021-12-15T09:30:35Z,9c701926-c4dc-330d-9602-0d010bb1b3bd,CLOSED,CLOSED,CLOSED,0,0,0,2021-12-15T10:30:35Z,2021-12-15T10:30:35Z,2021-12-15T10:30:35Z,2,2
aa616abe-1761-0c9a-d34a-876e713f92b5,aa616abe-1761-0c9a-7959-07544679dafd,a9080cf4-2d9f-3715-be32-465bc9fa40cc,df166300-5a78-3502-a46a-832842197811,,1,1,72892002,,,,,,,,,aa616abe-1761-0c9a-ac09-eef75b8cf71e,2022-01-02T09:30:35Z,2022-01-02T09:30:35Z,a9080cf4-2d9f-3715-be32-465bc9fa40cc,CLOSED,CLOSED,CLOSED,0,0,0,2022-01-02T09:45:35Z,2022-01-02T09:45:35Z,2022-01-02T09:45:35Z,2,2
aa616abe-1761-0c9a-8ee4-15549b553faa,aa616abe-1761-0c9a-7959-07544679dafd,a9080cf4-2d9f-3715-be32-465bc9fa40cc,df166300-5a78-3502-a46a-832842197811,,1,1,72892002,,,,,,,,,aa616abe-1761-0c9a-e2df-98e6a2169bf9,2022-01-30T09:30:35Z,2022-01-30T09:30:35Z,a9080cf4-2d9f-3715-be32-465bc9fa40cc,CLOSED,CLOSED,CLOSED,0,0,0,2022-01-30T09:45:35Z,2022-01-30T09:45:35Z,2022-01-30T09:45:35Z,2,2
aa616abe-1761-0c9a-6cfb-b68586895ac2,aa616abe-1761-0c9a-7959-07544679dafd,a9080cf4-2d9f-3715-be32-465bc9fa40cc,df166300-5a78-3502-a46a-832842197811,,1,1,72892002,,,,,,,,,aa616abe-1761-0c9a-dacb-52652de9e8d1,2022-02-27T09:30:35Z,2022-02-27T09:30:35Z,a9080cf4-2d9f-3715-be32-465bc9fa40cc,CLOSED,CLOSED,CLOSED,0,0,0,2022-02-27T09:45:35Z,2022-02-27T09:45:35Z,2022-02-27T09:45:35Z,2,2
aa616abe-1761-0c9a-b8b4-143bc8ec8402,aa616abe-1761-0c9a-7959-07544679dafd,9c701926-c4dc-330d-9602-0d010bb1b3bd,df166300-5a78-3502-a46a-832842197811,,4,4,196416002,,,,,,,,,aa616abe-1761-0c9a-5546-f58ea52a6298,2007-05-12T09:30:35Z,2022-03-13T09:30:35Z,9c701926-c4dc-330d-9602-0d010bb1b3bd,CLOSED,CLOSED,CLOSED,0,0,0,2022-03-13T10:30:35Z,2022-03-13T10:30:35Z,2022-03-13T10:30:35Z,2,2
aa616abe-1761-0c9a-1ebe-8d35f2a36dd6,aa616abe-1761-0c9a-7959-07544679dafd,9c701926-c4dc-330d-9602-0d010bb1b3bd,df166300-5a78-3502-a46a-832842197811,,4,4,196416002,,,,,,,,,aa616abe-1761-0c9a-5546-f58ea52a6298,2007-05-12T09:30:35Z,2022-03-13T09:30:35Z,9c701926-c4dc-330d-9602-0d010bb1b3bd,CLOSED,CLOSED,CLOSED,0,0,0,2022-03-13T10:30:35Z,2022-03-13T10:30:35Z,2022-03-13T10:30:35Z,2,2
aa616abe-1761-0c9a-f46a-b161375e7bc1,aa616abe-1761-0c9a-7959-07544679dafd,a9080cf4-2d9f-3715-be32-465bc9fa40cc,df166300-5a78-3502-a46a-832842197811,,1,1,72892002,,,,,,,,,aa616abe-1761-0c9a-e944-5feeb1243613,2022-03-27T09:30:35Z,2022-03-27T09:30:35Z,a9080cf4-2d9f-3715-be32-465bc9fa40cc,CLOSED,CLOSED,CLOSED,0,0,0,2022-03-27T09:45:35Z,2022-03-27T09:45:35Z,2022-03-27T09:45:35Z,2,2
aa616abe-1761-0c9a-c054-855e32ae0c17,aa616abe-1761-0c9a-7959-07544679dafd,953e2af9-a0fd-358d-a506-bc9f076a676a,df166300-5a78-3502-a46a-832842197811,,20,20,422650009,66383009,,,,,,,,aa616abe-1761-0c9a-0741-e88f019e41d0,2022-04-03T09:30:35Z,2022-04-03T09:30:35Z,953e2af9-a0fd-358d-a506-bc9f076a676a,CLOSED,CLOSED,CLOSED,0,0,0,2022-04-03T10:15:54Z,2022-04-03T10:15:54Z,2022-04-03T10:15:54Z,1,1
aa616abe-1761-0c9a-edf5-199c83720c2e,aa616abe-1761-0c9a-7959-07544679dafd,953e2af9-a0fd-358d-a506-bc9f076a676a,df166300-5a78-3502-a46a-832842197811,,20,20,422650009,66383009,,,,,,,,aa616abe-1761-0c9a-0741-e88f019e41d0,2022-04-03T09:30:35Z,2022-04-03T09:30:35Z,953e2af9-a0fd-358d-a506-bc9f076a676a,CLOSED,CLOSED,CLOSED,0,0,0,2022-04-03T10:15:54Z,2022-04-03T10:15:54Z,2022-04-03T10:15:54Z,1,1
aa616abe-1761-0c9a-4d13-f90f5e329fdb,aa616abe-1761-0c9a-7959-07544679dafd,a9080cf4-2d9f-3715-be32-465bc9fa40cc,df166300-5a78-3502-a46a-832842197811,,1,1,66383009,80967001,,,,,,,,aa616abe-1761-0c9a-e49d-445aef7b331c,2022-04-17T09:30:35Z,2022-04-17T09:30:35Z,a9080cf4-2d9f-3715-be32-465bc9fa40cc,CLOSED,CLOSED,CLOSED,0,0,0,2022-04-17T10:10:18Z,2022-04-17T10:10:18Z,2022-04-17T10:10:18Z,2,2
aa616abe-1761-0c9a-82fd-cced70ec0a4b,aa616abe-1761-0c9a-7959-07544679dafd,a9080cf4-2d9f-3715-be32-465bc9fa40cc,df166300-5a78-3502-a46a-832842197811,,1,1,72892002,,,,,,,,,aa616abe-1761-0c9a-7a0f-a7ff5fbbbc44,2022-04-24T09:30:35Z,2022-04-24T09:30:35Z,a9080cf4-2d9f-3715-be32-465bc9fa40cc,CLOSED,CLOSED,CLOSED,0,0,0,2022-04-24T09:45:35Z,2022-04-24T09:45:35Z,2022-04-24T09:45:35Z,2,2
aa616abe-1761-0c9a-297c-0be190ed39e6,aa616abe-1761-0c9a-7959-07544679dafd,9c701926-c4dc-330d-9602-0d010bb1b3bd,df166300-5a78-3502-a46a-832842197811,,4,4,82423001,,,,,,,,,aa616abe-1761-0c9a-15ff-eae4a33dee48,2005-03-28T09:30:35Z,2022-04-26T09:30:35Z,9c701926-c4dc-330d-9602-0d010bb1b3bd,CLOSED,CLOSED,CLOSED,0,0,0,2022-04-26T10:30:35Z,2022-04-26T10:30:35Z,2022-04-26T10:30:35Z,2,2
aa616abe-1761-0c9a-b92c-0a51b1c51a99,aa616abe-1761-0c9a-7959-07544679dafd,9c701926-c4dc-330d-9602-0d010bb1b3bd,df166300-5a78-3502-a46a-832842197811,,4,4,82423001,,,,,,,,,aa616abe-1761-0c9a-15ff-eae4a33dee48,2005-03-28T09:30:35Z,2022-04-26T09:30:35Z,9c701926-c4dc-330d-9602-0d010bb1b3bd,CLOSED,CLOSED,CLOSED,0,0,0,2022-04-26T10:30:35Z,2022-04-26T10:30:35Z,2022-04-26T10:30:35Z,2,2
aa616abe-1761-0c9a-08f4-7fe0f5bb241e,aa616abe-1761-0c9a-7959-07544679dafd,a9080cf4-2d9f-3715-be32-465bc9fa40cc,df166300-5a78-3502-a46a-832842197811,,1,1,72892002,,,,,,,,,aa616abe-1761-0c9a-28b8-6a24a3e40769,2022-05-22T09:30:35Z,2022-05-22T09:30:35Z,a9080cf4-2d9f-3715-be32-465bc9fa40cc,CLOSED,CLOSED,CLOSED,0,0,0,2022-05-22T09:45:35Z,2022-05-22T09:45:35Z,2022-05-22T09:45:35Z,2,2
aa616abe-1761-0c9a-becb-a791c9467868,aa616abe-1761-0c9a-7959-07544679dafd,9c701926-c4dc-330d-9602-0d010bb1b3bd,df166300-5a78-3502-a46a-832842197811,,4,4,124171000119105,,,,,,,,,aa616abe-1761-0c9a-1d28-ab42c07962aa,2005-01-13T09:30:35Z,2022-06-02T09:30:35Z,9c701926-c4dc-330d-9602-0d010bb1b3bd,CLOSED,CLOSED,CLOSED,0,0,0,2022-06-02T10:30:35Z,2022-06-02T10:30:35Z,2022-06-02T10:30:35Z,2,2
aa616abe-1761-0c9a-f9d4-430f395e1129,aa616abe-1761-0c9a-7959-07544679dafd,9c701926-c4dc-330d-9602-0d010bb1b3bd,df166300-5a78-3502-a46a-832842197811,,4,4,124171000119105,,,,,,,,,aa616abe-1761-0c9a-1d28-ab42c07962aa,2005-01-13T09:30:35Z,2022-06-02T09:30:35Z,9c701926-c4dc-330d-9602-0d010bb1b3bd,CLOSED,CLOSED,CLOSED,0,0,0,2022-06-02T10:30:35Z,2022-06-02T10:30:35Z,2022-06-02T10:30:35Z,2,2
aa616abe-1761-0c9a-7946-c8465b3df3d6,aa616abe-1761-0c9a-7959-07544679dafd,a9080cf4-2d9f-3715-be32-465bc9fa40cc,df166300-5a78-3502-a46a-832842197811,,1,1,72892002,,,,,,,,,aa616abe-1761-0c9a-3655-4089d42318ef,2022-06-19T09:30:35Z,2022-06-19T09:30:35Z,a9080cf4-2d9f-3715-be32-465bc9fa40cc,CLOSED,CLOSED,CLOSED,0,0,0,2022-06-19T09:45:35Z,2022-06-19T09:45:35Z,2022-06-19T09:45:35Z,2,2
aa616abe-1761-0c9a-84ed-228a4f6b4728,aa616abe-1761-0c9a-7959-07544679dafd,a9080cf4-2d9f-3715-be32-465bc9fa40cc,df166300-5a78-3502-a46a-832842197811,,1,1,72892002,,,,,,,,,aa616abe-1761-0c9a-44cf-5823fd4bbd5d,2022-07-03T09:30:35Z,2022-07-03T09:30:35Z,a9080cf4-2d9f-3715-be32-465bc9fa40cc,CLOSED,CLOSED,CLOSED,0,0,0,2022-07-03T09:45:35Z,2022-07-03T09:45:35Z,2022-07-03T09:45:35Z,2,2
aa616abe-1761-0c9a-c58a-74893d1d730a,aa616abe-1761-0c9a-7959-07544679dafd,9c701926-c4dc-330d-9602-0d010bb1b3bd,df166300-5a78-3502-a46a-832842197811,,4,4,72892002,,,,,,,,,aa616abe-1761-0c9a-f248-a9608dc6acf3,2022-07-10T09:30:35Z,2022-07-10T09:30:35Z,9c701926-c4dc-330d-9602-0d010bb1b3bd,CLOSED,CLOSED,CLOSED,0,0,0,2022-07-10T10:30:35Z,2022-07-10T10:30:35Z,2022-07-10T10:30:35Z,2,2
aa616abe-1761-0c9a-e261-e62b3c15ad19,aa616abe-1761-0c9a-7959-07544679dafd,9c701926-c4dc-330d-9602-0d010bb1b3bd,df166300-5a78-3502-a46a-832842197811,,4,4,124171000119105,,,,,,,,,aa616abe-1761-0c9a-bc27-917fd90dbfc5,2005-01-13T09:30:35Z,2022-07-21T09:30:35Z,9c701926-c4dc-330d-9602-0d010bb1b3bd,CLOSED,CLOSED,CLOSED,0,0,0,2022-07-21T10:30:35Z,2022-07-21T10:30:35Z,2022-07-21T10:30:35Z,2,2
aa616abe-1761-0c9a-278e-770a64731b3f,aa616abe-1761-0c9a-7959-07544679dafd,9c701926-c4dc-330d-9602-0d010bb1b3bd,df166300-5a78-3502-a46a-832842197811,,4,4,124171000119105,,,,,,,,,aa616abe-1761-0c9a-bc27-917fd90dbfc5,2005-01-13T09:30:35Z,2022-07-21T09:30:35Z,9c701926-c4dc-330d-9602-0d010bb1b3bd,CLOSED,CLOSED,CLOSED,0,0,0,2022-07-21T10:30:35Z,2022-07-21T10:30:35Z,2022-07-21T10:30:35Z,2,2
aa616abe-1761-0c9a-4223-e3644f5e28a8,aa616abe-1761-0c9a-7959-07544679dafd,a9080cf4-2d9f-3715-be32-465bc9fa40cc,df166300-5a78-3502-a46a-832842197811,,1,1,169762003,,,,,,,,,aa616abe-1761-0c9a-7340-e5f0b23bea93,2022-08-21T09:30:35Z,2022-08-21T09:30:35Z,a9080cf4-2d9f-3715-be32-465bc9fa40cc,CLOSED,CLOSED,CLOSED,0,0,0,2022-08-21T09:45:35Z,2022-08-21T09:45:35Z,2022-08-21T09:45:35Z,2,2
aa616abe-1761-0c9a-da6e-178f3b5638a7,aa616abe-1761-0c9a-7959-07544679dafd,9c701926-c4dc-330d-9602-0d010bb1b3bd,df166300-5a78-3502-a46a-832842197811,,4,4,82423001,,,,,,,,,aa616abe-1761-0c9a-90a1-aae95e9b0e0f,2005-03-28T09:30:35Z,2022-10-22T09:30:35Z,9c701926-c4dc-330d-9602-0d010bb1b3bd,CLOSED,CLOSED,CLOSED,0,0,0,2022-10-22T10:30:35Z,2022-10-22T10:30:35Z,2022-10-22T10:30:35Z,2,2
aa616abe-1761-0c9a-b937-5e3c6e636cd3,aa616abe-1761-0c9a-7959-07544679dafd,9c701926-c4dc-330d-9602-0d010bb1b3bd,df166300-5a78-3502-a46a-832842197811,,4,4,82423001,,,,,,,,,aa616abe-1761-0c9a-90a1-aae95e9b0e0f,2005-03-28T09:30:35Z,2022-10-22T09:30:35Z,9c701926-c4dc-330d-9602-0d010bb1b3bd,CLOSED,CLOSED,CLOSED,0,0,0,2022-10-22T10:30:35Z,2022-10-22T10:30:35Z,2022-10-22T10:30:35Z,2,2
aa616abe-1761-0c9a-eaa0-2bdecc0c6434,aa616abe-1761-0c9a-7959-07544679dafd,a9080cf4-2d9f-3715-be32-465bc9fa40cc,df166300-5a78-3502-a46a-832842197811,,1,1,72892002,72892002,,,,,,,,aa616abe-1761-0c9a-3928-08f08aef84ef,2022-11-20T09:30:35Z,2022-11-20T09:30:35Z,a9080cf4-2d9f-3715-be32-465bc9fa40cc,CLOSED,CLOSED,CLOSED,0,0,0,2022-11-20T09:45:35Z,2022-11-20T09:45:35Z,2022-11-20T09:45:35Z,2,2
aa616abe-1761-0c9a-494b-0cf294505d71,aa616abe-1761-0c9a-7959-07544679dafd,a9080cf4-2d9f-3715-be32-465bc9fa40cc,df166300-5a78-3502-a46a-832842197811,,1,1,72892002,,,,,,,,,aa616abe-1761-0c9a-8a98-297d99a5d11c,2022-12-18T09:30:35Z,2022-12-18T09:30:35Z,a9080cf4-2d9f-3715-be32-465bc9fa40cc,CLOSED,CLOSED,CLOSED,0,0,0,2022-12-18T09:45:35Z,2022-12-18T09:45:35Z,2022-12-18T09:45:35Z,2,2
aa616abe-1761-0c9a-0e8a-5b9af3f63f37,aa616abe-1761-0c9a-7959-07544679dafd,9c701926-c4dc-330d-9602-0d010bb1b3bd,df166300-5a78-3502-a46a-832842197811,,4,4,124171000119105,,,,,,,,,aa616abe-1761-0c9a-5b5b-9134a5b382da,2005-01-13T09:30:35Z,2023-01-02T09:30:35Z,9c701926-c4dc-330d-9602-0d010bb1b3bd,CLOSED,CLOSED,CLOSED,0,0,0,2023-01-02T10:30:35Z,2023-01-02T10:30:35Z,2023-01-02T10:30:35Z,2,2
aa616abe-1761-0c9a-ea46-bcbc69e1a001,aa616abe-1761-0c9a-7959-07544679dafd,9c701926-c4dc-330d-9602-0d010bb1b3bd,df166300-5a78-3502-a46a-832842197811,,4,4,124171000119105,,,,,,,,,aa616abe-1761-0c9a-5b5b-9134a5b382da,2005-01-13T09:30:35Z,2023-01-02T09:30:35Z,9c701926-c4dc-330d-9602-0d010bb1b3bd,CLOSED,CLOSED,CLOSED,0,0,0,2023-01-02T10:30:35Z,2023-01-02T10:30:35Z,2023-01-02T10:30:35Z,2,2
aa616abe-1761-0c9a-5194-32b880a3b886,aa616abe-1761-0c9a-7959-07544679dafd,a9080cf4-2d9f-3715-be32-465bc9fa40cc,df166300-5a78-3502-a46a-832842197811,,1,1,72892002,,,,,,,,,aa616abe-1761-0c9a-5436-fbf559294cd4,2023-01-15T09:30:35Z,2023-01-15T09:30:35Z,a9080cf4-2d9f-3715-be32-465bc9fa40cc,CLOSED,CLOSED,CLOSED,0,0,0,2023-01-15T09:45:35Z,2023-01-15T09:45:35Z,2023-01-15T09:45:35Z,2,2
aa616abe-1761-0c9a-2d2b-ba2cb8599c06,aa616abe-1761-0c9a-7959-07544679dafd,a9080cf4-2d9f-3715-be32-465bc9fa40cc,df166300-5a78-3502-a46a-832842197811,,1,1,72892002,,,,,,,,,aa616abe-1761-0c9a-f88f-1ec5992eeb8b,2023-02-12T09:30:35Z,2023-02-12T09:30:35Z,a9080cf4-2d9f-3715-be32-465bc9fa40cc,CLOSED,CLOSED,CLOSED,0,0,0,2023-02-12T09:45:35Z,2023-02-12T09:45:35Z,2023-02-12T09:45:35Z,2,2
aa616abe-1761-0c9a-954d-bd82d19e3bcb,aa616abe-1761-0c9a-7959-07544679dafd,a9080cf4-2d9f-3715-be32-465bc9fa40cc,df166300-5a78-3502-a46a-832842197811,,1,1,72892002,,,,,,,,,aa616abe-1761-0c9a-9024-78190f45f03b,2023-03-12T09:30:35Z,2023-03-12T09:30:35Z,a9080cf4-2d9f-3715-be32-465bc9fa40cc,CLOSED,CLOSED,CLOSED,0,0,0,2023-03-12T09:45:35Z,2023-03-12T09:45:35Z,2023-03-12T09:45:35Z,2,2
aa616abe-1761-0c9a-d710-28acf818e803,aa616abe-1761-0c9a-7959-07544679dafd,953e2af9-a0fd-358d-a506-bc9f076a676a,df166300-5a78-3502-a46a-832842197811,,20,20,741062008,424393004,706893006,,,,,,,aa616abe-1761-0c9a-86e3-9cba3596c2e1,2023-04-09T09:30:35Z,2023-04-09T09:30:35Z,953e2af9-a0fd-358d-a506-bc9f076a676a,CLOSED,CLOSED,CLOSED,0,0,0,2023-04-09T10:24:13Z,2023-04-09T10:24:13Z,2023-04-09T10:24:13Z,1,1
aa616abe-1761-0c9a-bf1a-31814a499944,aa616abe-1761-0c9a-7959-07544679dafd,953e2af9-a0fd-358d-a506-bc9f076a676a,df166300-5a78-3502-a46a-832842197811,,20,20,741062008,424393004,706893006,,,,,,,aa616abe-1761-0c9a-86e3-9cba3596c2e1,2023-04-09T09:30:35Z,2023-04-09T09:30:35Z,953e2af9-a0fd-358d-a506-bc9f076a676a,CLOSED,CLOSED,CLOSED,0,0,0,2023-04-09T10:24:13Z,2023-04-09T10:24:13Z,2023-04-09T10:24:13Z,1,1
aa616abe-1761-0c9a-3d46-2682bf656ebb,aa616abe-1761-0c9a-7959-07544679dafd,a9080cf4-2d9f-3715-be32-465bc9fa40cc,df166300-5a78-3502-a46a-832842197811,,1,1,72892002,,,,,,,,,aa616abe-1761-0c9a-8ab6-2f3e7294cf87,2023-04-16T09:30:35Z,2023-04-16T09:30:35Z,a9080cf4-2d9f-3715-be32-465bc9fa40cc,CLOSED,CLOSED,CLOSED,0,0,0,2023-04-16T09:45:35Z,2023-04-16T09:45:35Z,2023-04-16T09:45:35Z,2,2
aa616abe-1761-0c9a-43b5-33a778c2c37e,aa616abe-1761-0c9a-7959-07544679dafd,9c701926-c4dc-330d-9602-0d010bb1b3bd,df166300-5a78-3502-a46a-832842197811,,4,4,124171000119105,,,,,,,,,aa616abe-1761-0c9a-e409-7fef5c44a132,2005-01-13T09:30:35Z,2023-04-23T09:30:35Z,9c701926-c4dc-330d-9602-0d010bb1b3bd,CLOSED,CLOSED,CLOSED,0,0,0,2023-04-23T10:30:35Z,2023-04-23T10:30:35Z,2023-04-23T10:30:35Z,2,2
aa616abe-1761-0c9a-5b61-8bbfe72ac3fa,aa616abe-1761-0c9a-7959-07544679dafd,9c701926-c4dc-330d-9602-0d010bb1b3bd,df166300-5a78-3502-a46a-832842197811,,4,4,124171000119105,,,,,,,,,aa616abe-1761-0c9a-e409-7fef5c44a132,2005-01-13T09:30:35Z,2023-04-23T09:30:35Z,9c701926-c4dc-330d-9602-0d010bb1b3bd,CLOSED,CLOSED,CLOSED,0,0,0,2023-04-23T10:30:35Z,2023-04-23T10:30:35Z,2023-04-23T10:30:35Z,2,2
aa616abe-1761-0c9a-587f-f9298f73a916,aa616abe-1761-0c9a-7959-07544679dafd,a9080cf4-2d9f-3715-be32-465bc9fa40cc,df166300-5a78-3502-a46a-832842197811,,1,1,72892002,398254007,,,,,,,,aa616abe-1761-0c9a-e73b-93c811e5539a,2023-05-14T09:30:35Z,2023-05-14T09:30:35Z,a9080cf4-2d9f-3715-be32-465bc9fa40cc,CLOSED,CLOSED,CLOSED,0,0,0,2023-05-14T09:45:35Z,2023-05-14T09:45:35Z,2023-05-14T09:45:35Z,2,2
aa616abe-1761-0c9a-ab6d-bc0bae93dffc,aa616abe-1761-0c9a-7959-07544679dafd,a9080cf4-2d9f-3715-be32-465bc9fa40cc,df166300-5a78-3502-a46a-832842197811,,1,1,72892002,,,,,,,,,aa616abe-1761-0c9a-ff58-cafd0ad618be,2023-06-11T09:30:35Z,2023-06-11T09:30:35Z,a9080cf4-2d9f-3715-be32-465bc9fa40cc,CLOSED,CLOSED,CLOSED,0,0,0,2023-06-11T09:45:35Z,2023-06-11T09:45:35Z,2023-06-11T09:45:35Z,2,2
aa616abe-1761-0c9a-36a0-ad7b6249c8e1,aa616abe-1761-0c9a-7959-07544679dafd,a9080cf4-2d9f-3715-be32-465bc9fa40cc,df166300-5a78-3502-a46a-832842197811,,1,1,72892002,,,,,,,,,aa616abe-1761-0c9a-cb12-412721f0d790,2023-06-25T09:30:35Z,2023-06-25T09:30:35Z,a9080cf4-2d9f-3715-be32-465bc9fa40cc,CLOSED,CLOSED,CLOSED,0,0,0,2023-06-25T09:45:35Z,2023-06-25T09:45:35Z,2023-06-25T09:45:35Z,2,2
aa616abe-1761-0c9a-a082-1399c2d1315f,aa616abe-1761-0c9a-7959-07544679dafd,9c701926-c4dc-330d-9602-0d010bb1b3bd,df166300-5a78-3502-a46a-832842197811,,4,4,82423001,,,,,,,,,aa616abe-1761-0c9a-00a2-52ad74c92a00,2005-03-28T09:30:35Z,2023-06-29T09:30:35Z,9c701926-c4dc-330d-9602-0d010bb1b3bd,CLOSED,CLOSED,CLOSED,0,0,0,2023-06-29T10:30:35Z,2023-06-29T10:30:35Z,2023-06-29T10:30:35Z,2,2
aa616abe-1761-0c9a-0836-c1fa4394c873,aa616abe-1761-0c9a-7959-07544679dafd,9c701926-c4dc-330d-9602-0d010bb1b3bd,df166300-5a78-3502-a46a-832842197811,,4,4,82423001,,,,,,,,,aa616abe-1761-0c9a-00a2-52ad74c92a00,2005-03-28T09:30:35Z,2023-06-29T09:30:35Z,9c701926-c4dc-330d-9602-0d010bb1b3bd,CLOSED,CLOSED,CLOSED,0,0,0,2023-06-29T10:30:35Z,2023-06-29T10:30:35Z,2023-06-29T10:30:35Z,2,2
aa616abe-1761-0c9a-a07d-f49aab0ff2df,aa616abe-1761-0c9a-7959-07544679dafd,a9080cf4-2d9f-3715-be32-465bc9fa40cc,df166300-5a78-3502-a46a-832842197811,,1,1,72892002,,,,,,,,,aa616abe-1761-0c9a-442e-6467f074e6a0,2023-07-02T09:30:35Z,2023-07-02T09:30:35Z,a9080cf4-2d9f-3715-be32-465bc9fa40cc,CLOSED,CLOSED,CLOSED,0,0,0,2023-07-02T09:45:35Z,2023-07-02T09:45:35Z,2023-07-02T09:45:35Z,2,2
aa616abe-1761-0c9a-1d0e-d19f4fe1b10c,aa616abe-1761-0c9a-7959-07544679dafd,9c701926-c4dc-330d-9602-0d010bb1b3bd,df166300-5a78-3502-a46a-832842197811,,4,4,72892002,,,,,,,,,aa616abe-1761-0c9a-2d51-3ac04d12252d,2023-07-09T09:30:35Z,2023-07-09T09:30:35Z,9c701926-c4dc-330d-9602-0d010bb1b3bd,CLOSED,CLOSED,CLOSED,0,0,0,2023-07-09T10:30:35Z,2023-07-09T10:30:35Z,2023-07-09T10:30:35Z,2,2
aa616abe-1761-0c9a-d537-965d6fa18f44,aa616abe-1761-0c9a-7959-07544679dafd,a9080cf4-2d9f-3715-be32-465bc9fa40cc,df166300-5a78-3502-a46a-832842197811,,1,1,169762003,,,,,,,,,aa616abe-1761-0c9a-9bb3-511d640adf0b,2023-08-20T09:30:35Z,2023-08-20T09:30:35Z,a9080cf4-2d9f-3715-be32-465bc9fa40cc,CLOSED,CLOSED,CLOSED,0,0,0,2023-08-20T09:45:35Z,2023-08-20T09:45:35Z,2023-08-20T09:45:35Z,2,2
aa616abe-1761-0c9a-c76f-7407e547c13a,aa616abe-1761-0c9a-7959-07544679dafd,9c701926-c4dc-330d-9602-0d010bb1b3bd,8fa6c185-e44e-3e34-8bd8-39be8694f4ce,,4,4,1149222004,1149222004,,,,,,,,aa616abe-1761-0c9a-ad37-cf134d4f97d7,2023-12-07T09:30:35Z,2023-12-07T09:30:35Z,9c701926-c4dc-330d-9602-0d010bb1b3bd,CLOSED,CLOSED,CLOSED,0,0,0,2023-12-07T14:30:35Z,2023-12-07T14:30:35Z,2023-12-07T14:30:35Z,2,2
aa616abe-1761-0c9a-4a4b-fd09ad0a6943,aa616abe-1761-0c9a-7959-07544679dafd,a9080cf4-2d9f-3715-be32-465bc9fa40cc,8fa6c185-e44e-3e34-8bd8-39be8694f4ce,,1,1,6525002,6525002,,,,,,,,aa616abe-1761-0c9a-001d-88f40f041121,2024-03-21T14:30:35Z,2024-03-21T14:30:35Z,a9080cf4-2d9f-3715-be32-465bc9fa40cc,CLOSED,CLOSED,CLOSED,0,0,0,2024-03-21T15:56:35Z,2024-03-21T15:56:35Z,2024-03-21T15:56:35Z,2,2
aa616abe-1761-0c9a-feea-96a0a1090dd1,aa616abe-1761-0c9a-7959-07544679dafd,953e2af9-a0fd-358d-a506-bc9f076a676a,8fa6c185-e44e-3e34-8bd8-39be8694f4ce,,20,20,160903007,66383009,,,,,,,,aa616abe-1761-0c9a-67b1-b016671467cc,2024-04-14T09:30:35Z,2024-04-14T09:30:35Z,953e2af9-a0fd-358d-a506-bc9f076a676a,CLOSED,CLOSED,CLOSED,0,0,0,2024-04-14T10:05:31Z,2024-04-14T10:05:31Z,2024-04-14T10:05:31Z,1,1
aa616abe-1761-0c9a-cdce-580291270f80,aa616abe-1761-0c9a-7959-07544679dafd,953e2af9-a0fd-358d-a506-bc9f076a676a,8fa6c185-e44e-3e34-8bd8-39be8694f4ce,,20,20,160903007,66383009,,,,,,,,aa616abe-1761-0c9a-67b1-b016671467cc,2024-04-14T09:30:35Z,2024-04-14T09:30:35Z,953e2af9-a0fd-358d-a506-bc9f076a676a,CLOSED,CLOSED,CLOSED,0,0,0,2024-04-14T10:05:31Z,2024-04-14T10:05:31Z,2024-04-14T10:05:31Z,1,1
aa616abe-1761-0c9a-7ea6-c5f7c15d2eb3,aa616abe-1761-0c9a-7959-07544679dafd,a9080cf4-2d9f-3715-be32-465bc9fa40cc,8fa6c185-e44e-3e34-8bd8-39be8694f4ce,,1,1,6525002,,,,,,,,,aa616abe-1761-0c9a-341a-9f999e623780,2024-03-21T14:30:35Z,2024-04-20T15:56:35Z,a9080cf4-2d9f-3715-be32-465bc9fa40cc,CLOSED,CLOSED,CLOSED,0,0,0,2024-04-20T16:59:14Z,2024-04-20T16:59:14Z,2024-04-20T16:59:14Z,2,2
aa616abe-1761-0c9a-8051-75fc99a2d268,aa616abe-1761-0c9a-7959-07544679dafd,a9080cf4-2d9f-3715-be32-465bc9fa40cc,8fa6c185-e44e-3e34-8bd8-39be8694f4ce,,1,1,66383009,,,,,,,,,aa616abe-1761-0c9a-3384-ad4ffd286ec8,2024-04-28T09:30:35Z,2024-04-28T09:30:35Z,a9080cf4-2d9f-3715-be32-465bc9fa40cc,CLOSED,CLOSED,CLOSED,0,0,0,2024-04-28T10:02:02Z,2024-04-28T10:02:02Z,2024-04-28T10:02:02Z,2,2
aa616abe-1761-0c9a-fa90-92921319fc84,aa616abe-1761-0c9a-7959-07544679dafd,a9080cf4-2d9f-3715-be32-465bc9fa40cc,8fa6c185-e44e-3e34-8bd8-39be8694f4ce,,1,1,6525002,,,,,,,,,aa616abe-1761-0c9a-0114-44abec1bcdc0,2024-03-21T14:30:35Z,2024-05-20T16:59:14Z,a9080cf4-2d9f-3715-be32-465bc9fa40cc,CLOSED,CLOSED,CLOSED,0,0,0,2024-05-20T18:24:46Z,2024-05-20T18:24:46Z,2024-05-20T18:24:46Z,2,2
aa616abe-1761-0c9a-3d77-5562f932e01a,aa616abe-1761-0c9a-7959-07544679dafd,a9080cf4-2d9f-3715-be32-465bc9fa40cc,8fa6c185-e44e-3e34-8bd8-39be8694f4ce,,1,1,6525002,,,,,,,,,aa616abe-1761-0c9a-4a36-2108b7277765,2024-03-21T14:30:35Z,2024-08-07T18:24:46Z,a9080cf4-2d9f-3715-be32-465bc9fa40cc,CLOSED,CLOSED,CLOSED,0,0,0,2024-08-07T19:39:55Z,2024-08-07T19:39:55Z,2024-08-07T19:39:55Z,2,2
aa616abe-1761-0c9a-97f0-3d0ab514134d,aa616abe-1761-0c9a-7959-07544679dafd,a9080cf4-2d9f-3715-be32-465bc9fa40cc,8fa6c185-e44e-3e34-8bd8-39be8694f4ce,,1,1,6525002,,,,,,,,,aa616abe-1761-0c9a-0d59-02d6953ad4cf,2024-03-21T14:30:35Z,2024-09-06T19:39:55Z,a9080cf4-2d9f-3715-be32-465bc9fa40cc,CLOSED,CLOSED,CLOSED,0,0,0,2024-09-06T20:40:58Z,2024-09-06T20:40:58Z,2024-09-06T20:40:58Z,2,2
aa616abe-1761-0c9a-03ad-0ba54b8d4908,aa616abe-1761-0c9a-7959-07544679dafd,a9080cf4-2d9f-3715-be32-465bc9fa40cc,8fa6c185-e44e-3e34-8bd8-39be8694f4ce,,1,1,6525002,,,,,,,,,aa616abe-1761-0c9a-cbb3-b72d4e547d33,2024-03-21T14:30:35Z,2024-10-06T20:40:58Z,a9080cf4-2d9f-3715-be32-465bc9fa40cc,CLOSED,CLOSED,CLOSED,0,0,0,2024-10-06T22:04:50Z,2024-10-06T22:04:50Z,2024-10-06T22:04:50Z,2,2
aa616abe-1761-0c9a-a862-b74ed7a49b01,aa616abe-1761-0c9a-7959-07544679dafd,a9080cf4-2d9f-3715-be32-465bc9fa40cc,8fa6c185-e44e-3e34-8bd8-39be8694f4ce,,1,1,6525002,,,,,,,,,aa616abe-1761-0c9a-8b74-e8ae063606f7,2024-03-21T14:30:35Z,2024-11-05T22:04:50Z,a9080cf4-2d9f-3715-be32-465bc9fa40cc,CLOSED,CLOSED,CLOSED,0,0,0,2024-11-05T23:26:35Z,2024-11-05T23:26:35Z,2024-11-05T23:26:35Z,2,2
aa616abe-1761-0c9a-d6c5-64d00898b186,aa616abe-1761-0c9a-7959-07544679dafd,953e2af9-a0fd-358d-a506-bc9f076a676a,8fa6c185-e44e-3e34-8bd8-39be8694f4ce,,20,20,162864005,741062008,73595000,,,,,,,aa616abe-1761-0c9a-5959-7a6a20b510c5,2025-04-20T09:30:35Z,2025-04-20T09:30:35Z,953e2af9-a0fd-358d-a506-bc9f076a676a,CLOSED,CLOSED,CLOSED,0,0,0,2025-04-20T10:15:28Z,2025-04-20T10:15:28Z,2025-04-20T10:15:28Z,1,1
aa616abe-1761-0c9a-fdbd-e1db9242e4a6,aa616abe-1761-0c9a-7959-07544679dafd,953e2af9-a0fd-358d-a506-bc9f076a676a,8fa6c185-e44e-3e34-8bd8-39be8694f4ce,,20,20,162864005,741062008,73595000,,,,,,,aa616abe-1761-0c9a-5959-7a6a20b510c5,2025-04-20T09:30:35Z,2025-04-20T09:30:35Z,953e2af9-a0fd-358d-a506-bc9f076a676a,CLOSED,CLOSED,CLOSED,0,0,0,2025-04-20T10:15:28Z,2025-04-20T10:15:28Z,2025-04-20T10:15:28Z,1,1
aa616abe-1761-0c9a-8efc-97df89de72aa,aa616abe-1761-0c9a-7959-07544679dafd,a9080cf4-2d9f-3715-be32-465bc9fa40cc,8fa6c185-e44e-3e34-8bd8-39be8694f4ce,,2,2,389095005,,,,,,,,,aa616abe-1761-0c9a-b122-d89e9c976fca,2025-08-12T09:30:35Z,2025-08-12T09:30:35Z,a9080cf4-2d9f-3715-be32-465bc9fa40cc,CLOSED,CLOSED,CLOSED,0,0,0,2025-08-12T09:45:35Z,2025-08-12T09:45:35Z,2025-08-12T09:45:35Z,2,2
aa616abe-1761-0c9a-a22d-f11cd88f5820,aa616abe-1761-0c9a-7959-07544679dafd,a9080cf4-2d9f-3715-be32-465bc9fa40cc,8fa6c185-e44e-3e34-8bd8-39be8694f4ce,,2,2,389095005,,,,,,,,,aa616abe-1761-0c9a-b122-d89e9c976fca,2025-08-12T09:30:35Z,2025-08-12T09:30:35Z,a9080cf4-2d9f-3715-be32-465bc9fa40cc,CLOSED,CLOSED,CLOSED,0,0,0,2025-08-12T09:45:35Z,2025-08-12T09:45:35Z,2025-08-12T09:45:35Z,2,2
aa616abe-1761-0c9a-d7c5-d592beb46e3e,aa616abe-1761-0c9a-7959-07544679dafd,a9080cf4-2d9f-3715-be32-465bc9fa40cc,8fa6c185-e44e-3e34-8bd8-39be8694f4ce,,1,1,201834006,201834006,,,,,,,,aa616abe-1761-0c9a-539b-e7a2de18bb89,2025-10-19T09:30:35Z,2025-10-19T09:30:35Z,a9080cf4-2d9f-3715-be32-465bc9fa40cc,CLOSED,CLOSED,CLOSED,0,0,0,2025-10-19T09:45:35Z,2025-10-19T09:45:35Z,2025-10-19T09:45:35Z,2,2
aa616abe-1761-0c9a-b9a9-963f2efb7462,aa616abe-1761-0c9a-7959-07544679dafd,a9080cf4-2d9f-3715-be32-465bc9fa40cc,8fa6c185-e44e-3e34-8bd8-39be8694f4ce,,1,1,201834006,201834006,,,,,,,,aa616abe-1761-0c9a-539b-e7a2de18bb89,2025-10-19T09:30:35Z,2025-10-19T09:30:35Z,a9080cf4-2d9f-3715-be32-465bc9fa40cc,CLOSED,CLOSED,CLOSED,0,0,0,2025-10-19T09:45:35Z,2025-10-19T09:45:35Z,2025-10-19T09:45:35Z,2,2
aa616abe-1761-0c9a-7d1f-ff26000abc3c,aa616abe-1761-0c9a-7959-07544679dafd,a9080cf4-2d9f-3715-be32-465bc9fa40cc,8fa6c185-e44e-3e34-8bd8-39be8694f4ce,,1,1,6525002,,,,,,,,,aa616abe-1761-0c9a-3a0a-d0e677947ad3,2024-03-21T14:30:35Z,2025-11-27T23:26:35Z,a9080cf4-2d9f-3715-be32-465bc9fa40cc,CLOSED,CLOSED,CLOSED,0,0,0,2025-11-28T00:34:20Z,2025-11-28T00:34:20Z,2025-11-28T00:34:20Z,2,2
aa616abe-1761-0c9a-0761-24ecd225196d,aa616abe-1761-0c9a-7959-07544679dafd,a9080cf4-2d9f-3715-be32-465bc9fa40cc,8fa6c185-e44e-3e34-8bd8-39be8694f4ce,,1,1,6525002,,,,,,,,,aa616abe-1761-0c9a-7dea-a6d5a192d8b4,2024-03-21T14:30:35Z,2026-03-29T00:34:20Z,a9080cf4-2d9f-3715-be32-465bc9fa40cc,CLOSED,CLOSED,CLOSED,0,0,0,2026-03-29T01:37:14Z,2026-03-29T01:37:14Z,2026-03-29T01:37:14Z,2,2
aa616abe-1761-0c9a-b5ba-806a0fca7763,aa616abe-1761-0c9a-7959-07544679dafd,953e2af9-a0fd-358d-a506-bc9f076a676a,8fa6c185-e44e-3e34-8bd8-39be8694f4ce,,20,20,314529007,160903007,66383009,,,,,,,aa616abe-1761-0c9a-fc1e-715174e6b6f9,2026-04-26T09:30:35Z,2026-04-26T09:30:35Z,953e2af9-a0fd-358d-a506-bc9f076a676a,CLOSED,CLOSED,CLOSED,0,0,0,2026-04-26T10:02:49Z,2026-04-26T10:02:49Z,2026-04-26T10:02:49Z,1,1
aa616abe-1761-0c9a-ad10-1b97cd495620,aa616abe-1761-0c9a-7959-07544679dafd,953e2af9-a0fd-358d-a506-bc9f076a676a,8fa6c185-e44e-3e34-8bd8-39be8694f4ce,,20,20,314529007,160903007,66383009,,,,,,,aa616abe-1761-0c9a-fc1e-715174e6b6f9,2026-04-26T09:30:35Z,2026-04-26T09:30:35Z,953e2af9-a0fd-358d-a506-bc9f076a676a,CLOSED,CLOSED,CLOSED,0,0,0,2026-04-26T10:02:49Z,2026-04-26T10:02:49Z,2026-04-26T10:02:49Z,1,1
aa616abe-1761-0c9a-8b87-3aeb4d99b0df,aa616abe-1761-0c9a-7959-07544679dafd,a9080cf4-2d9f-3715-be32-465bc9fa40cc,8fa6c185-e44e-3e34-8bd8-39be8694f4ce,,1,1,66383009,,,,,,,,,aa616abe-1761-0c9a-24ef-b5805a4fce41,2026-05-10T09:30:35Z,2026-05-10T09:30:35Z,a9080cf4-2d9f-3715-be32-465bc9fa40cc,CLOSED,CLOSED,CLOSED,0,0,0,2026-05-10T10:06:58Z,2026-05-10T10:06:58Z,2026-05-10T10:06:58Z,2,2
aa616abe-1761-0c9a-f4e6-bde4f1319acc,aa616abe-1761-0c9a-7959-07544679dafd,a9080cf4-2d9f-3715-be32-465bc9fa40cc,8fa6c185-e44e-3e34-8bd8-39be8694f4ce,,3,3,32485007,,,,,,,,,aa616abe-1761-0c9a-c987-fbbd354cfd72,2026-06-07T10:06:58Z,2026-06-07T10:06:58Z,a9080cf4-2d9f-3715-be32-465bc9fa40cc,CLOSED,CLOSED,CLOSED,0,0,0,2026-06-08T10:06:58Z,2026-06-08T10:06:58Z,2026-06-08T10:06:58Z,2,2
aa616abe-1761-0c9a-7262-5106245426d2,aa616abe-1761-0c9a-7959-07544679dafd,a9080cf4-2d9f-3715-be32-465bc9fa40cc,8fa6c185-e44e-3e34-8bd8-39be8694f4ce,,2,2,389095005,,,,,,,,,aa616abe-1761-0c9a-f051-e567a0e21c2e,2026-08-07T09:30:35Z,2026-08-07T09:30:35Z,a9080cf4-2d9f-3715-be32-465bc9fa40cc,CLOSED,CLOSED,CLOSED,0,0,0,2026-08-07T10:00:19Z,2026-08-07T10:00:19Z,2026-08-07T10:00:19Z,2,2
aa616abe-1761-0c9a-a9dc-b52d07763adf,aa616abe-1761-0c9a-7959-07544679dafd,a9080cf4-2d9f-3715-be32-465bc9fa40cc,8fa6c185-e44e-3e34-8bd8-39be8694f4ce,,2,2,389095005,,,,,,,,,aa616abe-1761-0c9a-f051-e567a0e21c2e,2026-08-07T09:30:35Z,2026-08-07T09:30:35Z,a9080cf4-2d9f-3715-be32-465bc9fa40cc,CLOSED,CLOSED,CLOSED,0,0,0,2026-08-07T10:00:19Z,2026-08-07T10:00:19Z,2026-08-07T10:00:19Z,2,2
e74367bd-7385-97dc-3b72-40e81965899c,e74367bd-7385-97dc-2c7f-251b4cd9fe29,7694cddc-bca6-356f-b0de-62cae60d0edf,,,10,10,410620009,,,,,,,,,e74367bd-7385-97dc-1f9b-b65e80e71352,1999-12-18T06:32:37Z,1999-12-18T06:32:37Z,7694cddc-bca6-356f-b0de-62cae60d0edf,CLOSED,CLOSED,CLOSED,0,0,0,1999-12-18T06:47:37Z,1999-12-18T06:47:37Z,1999-12-18T06:47:37Z,1,1
e74367bd-7385-97dc-efb3-265c544291aa,e74367bd-7385-97dc-2c7f-251b4cd9fe29,7694cddc-bca6-356f-b0de-62cae60d0edf,,,20,20,473461003,422650009,,,,,,,,e74367bd-7385-97dc-f8da-7aea5f8fe39a,2008-02-02T06:32:37Z,2008-02-02T06:32:37Z,7694cddc-bca6-356f-b0de-62cae60d0edf,CLOSED,CLOSED,CLOSED,0,0,0,2008-02-02T07:15:34Z,2008-02-02T07:15:34Z,2008-02-02T07:15:34Z,1,1
e74367bd-7385-97dc-84d8-aaae2eaddead,e74367bd-7385-97dc-2c7f-251b4cd9fe29,6f890d3c-ea3c-3ef2-a92d-06a449f1bb89,,,1,1,75498004,40055000,,,,,,,,e74367bd-7385-97dc-28eb-970242ebeab9,2011-01-22T01:32:37Z,2011-01-22T01:32:37Z,6f890d3c-ea3c-3ef2-a92d-06a449f1bb89,CLOSED,CLOSED,CLOSED,0,0,0,2011-01-22T01:47:37Z,2011-01-22T01:47:37Z,2011-01-22T01:47:37Z,2,2
e74367bd-7385-97dc-5933-bbd19928dc3b,e74367bd-7385-97dc-2c7f-251b4cd9fe29,7694cddc-bca6-356f-b0de-62cae60d0edf,,,20,20,162864005,,,,,,,,,e74367bd-7385-97dc-278c-6f35330e4340,2012-02-11T06:32:37Z,2012-02-11T06:32:37Z,7694cddc-bca6-356f-b0de-62cae60d0edf,CLOSED,CLOSED,CLOSED,0,0,0,2012-02-11T07:19:23Z,2012-02-11T07:19:23Z,2012-02-11T07:19:23Z,1,1
e74367bd-7385-97dc-ab25-3a51e47364b7,e74367bd-7385-97dc-2c7f-251b4cd9fe29,7694cddc-bca6-356f-b0de-62cae60d0edf,,,20,20,160903007,,,,,,,,,e74367bd-7385-97dc-fddd-20ad83a123b0,2015-02-14T06:32:37Z,2015-02-14T06:32:37Z,7694cddc-bca6-356f-b0de-62cae60d0edf,CLOSED,CLOSED,CLOSED,0,0,0,2015-02-14T07:08:40Z,2015-02-14T07:08:40Z,2015-02-14T07:08:40Z,1,1
e74367bd-7385-97dc-ea7f-6fdbdd3ffa96,e74367bd-7385-97dc-2c7f-251b4cd9fe29,6f890d3c-ea3c-3ef2-a92d-06a449f1bb89,,,3,3,183996000,267020005,,,,,,,,e74367bd-7385-97dc-19ae-3b933a8d4936,2015-11-30T07:25:14Z,2015-11-30T07:25:14Z,6f890d3c-ea3c-3ef2-a92d-06a449f1bb89,CLOSED,CLOSED,CLOSED,0,0,0,2015-12-01T07:25:14Z,2015-12-01T07:25:14Z,2015-12-01T07:25:14Z,2,2
e74367bd-7385-97dc-056b-b54f896e2ca4,e74367bd-7385-97dc-2c7f-251b4cd9fe29,7694cddc-bca6-356f-b0de-62cae60d0edf,,,20,20,714628002,423315002,,,,,,,,e74367bd-7385-97dc-f7f4-68e528e98c2f,2018-02-17T06:32:37Z,2018-02-17T06:32:37Z,7694cddc-bca6-356f-b0de-62cae60d0edf,CLOSED,CLOSED,CLOSED,0,0,0,2018-02-17T07:26:17Z,2018-02-17T07:26:17Z,2018-02-17T07:26:17Z,1,1
e74367bd-7385-97dc-e7e7-838c5a0e4cb5,e74367bd-7385-97dc-2c7f-251b4cd9fe29,7694cddc-bca6-356f-b0de-62cae60d0edf,,,20,20,314529007,271737000,,,,,,,,e74367bd-7385-97dc-2e42-0430cddefc7c,2021-02-20T06:32:37Z,2021-02-20T06:32:37Z,7694cddc-bca6-356f-b0de-62cae60d0edf,CLOSED,CLOSED,CLOSED,0,0,0,2021-02-20T07:24:39Z,2021-02-20T07:24:39Z,2021-02-20T07:24:39Z,1,1
e74367bd-7385-97dc-61f3-6816053b4dce,e74367bd-7385-97dc-2c7f-251b4cd9fe29,7694cddc-bca6-356f-b0de-62cae60d0edf,,,20,20,73595000,424393004,66383009,,,,,,,e74367bd-7385-97dc-de6b-6ffd4c0fa454,2024-02-24T06:32:37Z,2024-02-24T06:32:37Z,7694cddc-bca6-356f-b0de-62cae60d0edf,CLOSED,CLOSED,CLOSED,0,0,0,2024-02-24T07:28:40Z,2024-02-24T07:28:40Z,2024-02-24T07:28:40Z,1,1
e74367bd-7385-97dc-e180-2aa275218f74,e74367bd-7385-97dc-2c7f-251b4cd9fe29,6f890d3c-ea3c-3ef2-a92d-06a449f1bb89,,,1,1,66383009,235104008,80967001,,,,,,,e74367bd-7385-97dc-a0e6-7f13a09edf3f,2024-03-09T06:32:37Z,2024-03-09T06:32:37Z,6f890d3c-ea3c-3ef2-a92d-06a449f1bb89,CLOSED,CLOSED,CLOSED,0,0,0,2024-03-09T06:47:37Z,2024-03-09T06:47:37Z,2024-03-09T06:47:37Z,2,2
5e688e99-61b3-5c88-b0ac-32641c3349f3,5e688e99-61b3-5c88-3f60-21df8aaced27,bcf26df0-9031-32e7-9e73-80c2e7d6f4bc,df166300-5a78-3502-a46a-832842197811,,1,1,446096008,,,,,,,,,5e688e99-61b3-5c88-7ca3-3d2296ab96e8,1989-06-09T05:22:05Z,1989-06-09T05:22:05Z,bcf26df0-9031-32e7-9e73-80c2e7d6f4bc,CLOSED,CLOSED,CLOSED,0,0,0,1989-06-09T05:37:05Z,1989-06-09T05:37:05Z,1989-06-09T05:37:05Z,2,2
5e688e99-61b3-5c88-cc82-3f95000cb291,5e688e99-61b3-5c88-3f60-21df8aaced27,bcf26df0-9031-32e7-9e73-80c2e7d6f4bc,df166300-5a78-3502-a46a-832842197811,,1,1,446096008,,,,,,,,,5e688e99-61b3-5c88-7ca3-3d2296ab96e8,1989-06-09T05:22:05Z,1989-06-09T05:22:05Z,bcf26df0-9031-32e7-9e73-80c2e7d6f4bc,CLOSED,CLOSED,CLOSED,0,0,0,1989-06-09T05:37:05Z,1989-06-09T05:37:05Z,1989-06-09T05:37:05Z,2,2
5e688e99-61b3-5c88-4f47-0002eab493fc,5e688e99-61b3-5c88-3f60-21df8aaced27,bcf26df0-9031-32e7-9e73-80c2e7d6f4bc,df166300-5a78-3502-a46a-832842197811,,1,1,609328004,,,,,,,,,5e688e99-61b3-5c88-cf1e-a5c4e3a7357d,1989-06-11T20:22:05Z,1989-06-11T20:22:05Z,bcf26df0-9031-32e7-9e73-80c2e7d6f4bc,CLOSED,CLOSED,CLOSED,0,0,0,1989-06-11T20:45:05Z,1989-06-11T20:45:05Z,1989-06-11T20:45:05Z,2,2
5e688e99-61b3-5c88-3206-2df44c919671,5e688e99-61b3-5c88-3f60-21df8aaced27,bcf26df0-9031-32e7-9e73-80c2e7d6f4bc,df166300-5a78-3502-a46a-832842197811,,1,1,609328004,,,,,,,,,5e688e99-61b3-5c88-cf1e-a5c4e3a7357d,1989-06-11T20:22:05Z,1989-06-11T20:22:05Z,bcf26df0-9031-32e7-9e73-80c2e7d6f4bc,CLOSED,CLOSED,CLOSED,0,0,0,1989-06-11T20:45:05Z,1989-06-11T20:45:05Z,1989-06-11T20:45:05Z,2,2
5e688e99-61b3-5c88-90a2-0a32681520ae,5e688e99-61b3-5c88-3f60-21df8aaced27,bcf26df0-9031-32e7-9e73-80c2e7d6f4bc,df166300-5a78-3502-a46a-832842197811,,1,1,103697008,5689008,,,,,,,,5e688e99-61b3-5c88-1d57-231b30c76e0e,2001-05-26T05:22:05Z,2001-05-26T05:22:05Z,bcf26df0-9031-32e7-9e73-80c2e7d6f4bc,CLOSED,CLOSED,CLOSED,0,0,0,2001-05-26T05:37:05Z,2001-05-26T05:37:05Z,2001-05-26T05:37:05Z,2,2
5e688e99-61b3-5c88-a5c5-12205cb5cc9d,5e688e99-61b3-5c88-3f60-21df8aaced27,7120be39-991a-3c22-b145-c9eb3ed1a037,df166300-5a78-3502-a46a-832842197811,,10,10,160968000,,,,,,,,,5e688e99-61b3-5c88-bc57-742571c17826,2003-05-24T05:22:05Z,2003-05-24T05:22:05Z,7120be39-991a-3c22-b145-c9eb3ed1a037,CLOSED,CLOSED,CLOSED,0,0,0,2003-05-24T05:37:05Z,2003-05-24T05:37:05Z,2003-05-24T05:37:05Z,1,1
5e688e99-61b3-5c88-0508-675eed9f1417,5e688e99-61b3-5c88-3f60-21df8aaced27,7120be39-991a-3c22-b145-c9eb3ed1a037,df166300-5a78-3502-a46a-832842197811,,20,20,224299000,,,,,,,,,5e688e99-61b3-5c88-6299-340e6b2e3721,2004-05-29T05:22:05Z,2004-05-29T05:22:05Z,7120be39-991a-3c22-b145-c9eb3ed1a037,CLOSED,CLOSED,CLOSED,0,0,0,2004-05-29T05:53:28Z,2004-05-29T05:53:28Z,2004-05-29T05:53:28Z,1,1
5e688e99-61b3-5c88-735c-3d4327be480b,5e688e99-61b3-5c88-3f60-21df8aaced27,7120be39-991a-3c22-b145-c9eb3ed1a037,df166300-5a78-3502-a46a-832842197811,,20,20,314529007,,,,,,,,,5e688e99-61b3-5c88-bbdd-d2b9e3ae6d86,2014-06-14T05:22:05Z,2014-06-14T05:22:05Z,7120be39-991a-3c22-b145-c9eb3ed1a037,CLOSED,CLOSED,CLOSED,0,0,0,2014-06-14T06:02:59Z,2014-06-14T06:02:59Z,2014-06-14T06:02:59Z,1,1
5e688e99-61b3-5c88-229f-82504610da0e,5e688e99-61b3-5c88-3f60-21df8aaced27,7120be39-991a-3c22-b145-c9eb3ed1a037,df166300-5a78-3502-a46a-832842197811,,20,20,160903007,,,,,,,,,5e688e99-61b3-5c88-d672-38093f20dbd5,2017-06-17T05:22:05Z,2017-06-17T05:22:05Z,7120be39-991a-3c22-b145-c9eb3ed1a037,CLOSED,CLOSED,CLOSED,0,0,0,2017-06-17T06:10:35Z,2017-06-17T06:10:35Z,2017-06-17T06:10:35Z,1,1
5e688e99-61b3-5c88-06f4-3cf2d8dd4eba,5e688e99-61b3-5c88-3f60-21df8aaced27,bcf26df0-9031-32e7-9e73-80c2e7d6f4bc,df166300-5a78-3502-a46a-832842197811,,2,2,389095005,,,,,,,,,5e688e99-61b3-5c88-13a4-1f4d3ea92f0a,2021-09-23T05:22:05Z,2021-09-23T05:22:05Z,bcf26df0-9031-32e7-9e73-80c2e7d6f4bc,CLOSED,CLOSED,CLOSED,0,0,0,2021-09-23T05:37:05Z,2021-09-23T05:37:05Z,2021-09-23T05:37:05Z,2,2
5e688e99-61b3-5c88-db8f-ad77914e71f2,5e688e99-61b3-5c88-3f60-21df8aaced27,bcf26df0-9031-32e7-9e73-80c2e7d6f4bc,df166300-5a78-3502-a46a-832842197811,,2,2,389095005,,,,,,,,,5e688e99-61b3-5c88-13a4-1f4d3ea92f0a,2021-09-23T05:22:05Z,2021-09-23T05:22:05Z,bcf26df0-9031-32e7-9e73-80c2e7d6f4bc,CLOSED,CLOSED,CLOSED,0,0,0,2021-09-23T05:37:05Z,2021-09-23T05:37:05Z,2021-09-23T05:37:05Z,2,2
5e688e99-61b3-5c88-af33-e7a06c0ac8fa,5e688e99-61b3-5c88-3f60-21df8aaced27,c4a966fe-e53d-3a58-a77f-eee4c194aeff,df166300-5a78-3502-a46a-832842197811,,4,4,384709000,384709000,44465007,,,,,,,5e688e99-61b3-5c88-b160-3d7c1d47bcde,2022-05-25T05:43:09Z,2022-05-25T05:43:09Z,c4a966fe-e53d-3a58-a77f-eee4c194aeff,CLOSED,CLOSED,CLOSED,0,0,0,2022-05-25T06:43:09Z,2022-05-25T06:43:09Z,2022-05-25T06:43:09Z,1,1
5e688e99-61b3-5c88-2598-3c3c66380486,5e688e99-61b3-5c88-3f60-21df8aaced27,c4a966fe-e53d-3a58-a77f-eee4c194aeff,df166300-5a78-3502-a46a-832842197811,,4,4,384709000,384709000,44465007,,,,,,,5e688e99-61b3-5c88-b160-3d7c1d47bcde,2022-05-25T05:43:09Z,2022-05-25T05:43:09Z,c4a966fe-e53d-3a58-a77f-eee4c194aeff,CLOSED,CLOSED,CLOSED,0,0,0,2022-05-25T06:43:09Z,2022-05-25T06:43:09Z,2022-05-25T06:43:09Z,1,1
5e688e99-61b3-5c88-eb93-f165dbdb672f,5e688e99-61b3-5c88-3f60-21df8aaced27,7120be39-991a-3c22-b145-c9eb3ed1a037,df166300-5a78-3502-a46a-832842197811,,20,20,73595000,10939881000119105,66383009,,,,,,,5e688e99-61b3-5c88-3f6d-d6d317421b1c,2023-06-24T05:22:05Z,2023-06-24T05:22:05Z,7120be39-991a-3c22-b145-c9eb3ed1a037,CLOSED,CLOSED,CLOSED,0,0,0,2023-06-24T06:07:46Z,2023-06-24T06:07:46Z,2023-06-24T06:07:46Z,1,1
5e688e99-61b3-5c88-da96-0bda1b62c907,5e688e99-61b3-5c88-3f60-21df8aaced27,bcf26df0-9031-32e7-9e73-80c2e7d6f4bc,df166300-5a78-3502-a46a-832842197811,,1,1,66383009,,,,,,,,,5e688e99-61b3-5c88-9d11-4b5c133ed42f,2023-07-08T05:22:05Z,2023-07-08T05:22:05Z,bcf26df0-9031-32e7-9e73-80c2e7d6f4bc,CLOSED,CLOSED,CLOSED,0,0,0,2023-07-08T06:22:56Z,2023-07-08T06:22:56Z,2023-07-08T06:22:56Z,2,2
5e688e99-61b3-5c88-dd8a-2ea7d625c605,5e688e99-61b3-5c88-3f60-21df8aaced27,bcf26df0-9031-32e7-9e73-80c2e7d6f4bc,df166300-5a78-3502-a46a-832842197811,,2,2,185349003,,,,,,,,,5e688e99-61b3-5c88-f288-3e0f2fe9765e,2024-11-16T05:22:05Z,2024-11-16T05:22:05Z,bcf26df0-9031-32e7-9e73-80c2e7d6f4bc,CLOSED,CLOSED,CLOSED,0,0,0,2024-11-16T05:53:43Z,2024-11-16T05:53:43Z,2024-11-16T05:53:43Z,2,2
5e688e99-61b3-5c88-6b2e-64bf566dc4ff,5e688e99-61b3-5c88-3f60-21df8aaced27,bcf26df0-9031-32e7-9e73-80c2e7d6f4bc,df166300-5a78-3502-a46a-832842197811,,1,1,444814009,444814009,,,,,,,,5e688e99-61b3-5c88-c4f9-f6c1de5d3d24,2024-11-23T05:22:05Z,2024-11-23T05:22:05Z,bcf26df0-9031-32e7-9e73-80c2e7d6f4bc,CLOSED,CLOSED,CLOSED,0,0,0,2024-11-23T05:37:05Z,2024-11-23T05:37:05Z,2024-11-23T05:37:05Z,2,2
5e688e99-61b3-5c88-90a6-f4dde41f7a83,5e688e99-61b3-5c88-3f60-21df8aaced27,bcf26df0-9031-32e7-9e73-80c2e7d6f4bc,df166300-5a78-3502-a46a-832842197811,,1,1,72892002,72892002,271737000,,,,,,,5e688e99-61b3-5c88-0fab-dcb0a33824a6,2024-11-30T05:22:05Z,2024-11-30T05:22:05Z,bcf26df0-9031-32e7-9e73-80c2e7d6f4bc,CLOSED,CLOSED,CLOSED,0,0,0,2024-11-30T05:37:05Z,2024-11-30T05:37:05Z,2024-11-30T05:37:05Z,2,2
5e688e99-61b3-5c88-966c-bcc0512152c7,5e688e99-61b3-5c88-3f60-21df8aaced27,bcf26df0-9031-32e7-9e73-80c2e7d6f4bc,df166300-5a78-3502-a46a-832842197811,,1,1,271737000,,,,,,,,,5e688e99-61b3-5c88-2c9d-b35c8aea421a,2024-11-30T05:22:05Z,2024-11-30T05:22:05Z,bcf26df0-9031-32e7-9e73-80c2e7d6f4bc,CLOSED,CLOSED,CLOSED,0,0,0,2024-11-30T06:31:14Z,2024-11-30T06:31:14Z,2024-11-30T06:31:14Z,2,2
5e688e99-61b3-5c88-1eda-a22af7381f58,5e688e99-61b3-5c88-3f60-21df8aaced27,bcf26df0-9031-32e7-9e73-80c2e7d6f4bc,df166300-5a78-3502-a46a-832842197811,,1,1,72892002,,,,,,,,,5e688e99-61b3-5c88-4161-6bd9f7f67100,2024-12-28T06:31:14Z,2024-12-28T06:31:14Z,bcf26df0-9031-32e7-9e73-80c2e7d6f4bc,CLOSED,CLOSED,CLOSED,0,0,0,2024-12-28T06:46:14Z,2024-12-28T06:46:14Z,2024-12-28T06:46:14Z,2,2
5e688e99-61b3-5c88-fc4f-5a618991d105,5e688e99-61b3-5c88-3f60-21df8aaced27,bcf26df0-9031-32e7-9e73-80c2e7d6f4bc,df166300-5a78-3502-a46a-832842197811,,1,1,72892002,,,,,,,,,5e688e99-61b3-5c88-4b78-97f5b42a4ae3,2025-01-25T06:31:14Z,2025-01-25T06:31:14Z,bcf26df0-9031-32e7-9e73-80c2e7d6f4bc,CLOSED,CLOSED,CLOSED,0,0,0,2025-01-25T06:46:14Z,2025-01-25T06:46:14Z,2025-01-25T06:46:14Z,2,2
5e688e99-61b3-5c88-981d-b83974eca101,5e688e99-61b3-5c88-3f60-21df8aaced27,bcf26df0-9031-32e7-9e73-80c2e7d6f4bc,df166300-5a78-3502-a46a-832842197811,,1,1,195662009,195662009,,,,,,,,5e688e99-61b3-5c88-fe1e-5f44f75f49ed,2025-02-07T05:22:05Z,2025-02-07T05:22:05Z,bcf26df0-9031-32e7-9e73-80c2e7d6f4bc,CLOSED,CLOSED,CLOSED,0,0,0,2025-02-07T05:37:05Z,2025-02-07T05:37:05Z,2025-02-07T05:37:05Z,2,2
5e688e99-61b3-5c88-234a-6b60f6f0f4b4,5e688e99-61b3-5c88-3f60-21df8aaced27,bcf26df0-9031-32e7-9e73-80c2e7d6f4bc,df166300-5a78-3502-a46a-832842197811,,1,1,72892002,,,,,,,,,5e688e99-61b3-5c88-e6e8-c10d2ecef83d,2025-02-22T06:31:14Z,2025-02-22T06:31:14Z,bcf26df0-9031-32e7-9e73-80c2e7d6f4bc,CLOSED,CLOSED,CLOSED,0,0,0,2025-02-22T06:46:14Z,2025-02-22T06:46:14Z,2025-02-22T06:46:14Z,2,2
5e688e99-61b3-5c88-e558-6fa0c2df2faf,5e688e99-61b3-5c88-3f60-21df8aaced27,bcf26df0-9031-32e7-9e73-80c2e7d6f4bc,df166300-5a78-3502-a46a-832842197811,,1,1,72892002,,,,,,,,,5e688e99-61b3-5c88-8048-01c514e299f7,2025-03-22T06:31:14Z,2025-03-22T06:31:14Z,bcf26df0-9031-32e7-9e73-80c2e7d6f4bc,CLOSED,CLOSED,CLOSED,0,0,0,2025-03-22T06:46:14Z,2025-03-22T06:46:14Z,2025-03-22T06:46:14Z,2,2
5e688e99-61b3-5c88-b7ea-e972d504affe,5e688e99-61b3-5c88-3f60-21df8aaced27,bcf26df0-9031-32e7-9e73-80c2e7d6f4bc,df166300-5a78-3502-a46a-832842197811,,1,1,72892002,,,,,,,,,5e688e99-61b3-5c88-07f7-925259c651db,2025-04-19T06:31:14Z,2025-04-19T06:31:14Z,bcf26df0-9031-32e7-9e73-80c2e7d6f4bc,CLOSED,CLOSED,CLOSED,0,0,0,2025-04-19T06:46:14Z,2025-04-19T06:46:14Z,2025-04-19T06:46:14Z,2,2
5e688e99-61b3-5c88-5748-f0519e611ab6,5e688e99-61b3-5c88-3f60-21df8aaced27,bcf26df0-9031-32e7-9e73-80c2e7d6f4bc,df166300-5a78-3502-a46a-832842197811,,1,1,72892002,,,,,,,,,5e688e99-61b3-5c88-7c9d-381b8c607548,2025-05-17T06:31:14Z,2025-05-17T06:31:14Z,bcf26df0-9031-32e7-9e73-80c2e7d6f4bc,CLOSED,CLOSED,CLOSED,0,0,0,2025-05-17T06:46:14Z,2025-05-17T06:46:14Z,2025-05-17T06:46:14Z,2,2
5e688e99-61b3-5c88-9674-4f248fcba1e6,5e688e99-61b3-5c88-3f60-21df8aaced27,bcf26df0-9031-32e7-9e73-80c2e7d6f4bc,df166300-5a78-3502-a46a-832842197811,,1,1,72892002,,,,,,,,,5e688e99-61b3-5c88-fd8c-38bc1475be56,2025-06-14T06:31:14Z,2025-06-14T06:31:14Z,bcf26df0-9031-32e7-9e73-80c2e7d6f4bc,CLOSED,CLOSED,CLOSED,0,0,0,2025-06-14T06:46:14Z,2025-06-14T06:46:14Z,2025-06-14T06:46:14Z,2,2
5e688e99-61b3-5c88-a3b2-02ffc8537ffe,5e688e99-61b3-5c88-3f60-21df8aaced27,c4a966fe-e53d-3a58-a77f-eee4c194aeff,df166300-5a78-3502-a46a-832842197811,,4,4,72892002,,,,,,,,,5e688e99-61b3-5c88-1f10-da34aa246b19,2025-06-28T06:31:14Z,2025-06-28T06:31:14Z,c4a966fe-e53d-3a58-a77f-eee4c194aeff,CLOSED,CLOSED,CLOSED,0,0,0,2025-06-28T07:31:14Z,2025-06-28T07:31:14Z,2025-06-28T07:31:14Z,1,1
5e688e99-61b3-5c88-4b5a-bce8e64285b4,5e688e99-61b3-5c88-3f60-21df8aaced27,c4a966fe-e53d-3a58-a77f-eee4c194aeff,df166300-5a78-3502-a46a-832842197811,,4,4,125605004,125605004,58150001,,,,,,,5e688e99-61b3-5c88-45ff-582735929a8c,2025-08-12T05:43:09Z,2025-08-12T05:43:09Z,c4a966fe-e53d-3a58-a77f-eee4c194aeff,CLOSED,CLOSED,CLOSED,0,0,0,2025-08-12T06:57:09Z,2025-08-12T06:57:09Z,2025-08-12T06:57:09Z,1,1
5e688e99-61b3-5c88-d063-41ec080fe181,5e688e99-61b3-5c88-3f60-21df8aaced27,c4a966fe-e53d-3a58-a77f-eee4c194aeff,df166300-5a78-3502-a46a-832842197811,,4,4,125605004,125605004,58150001,,,,,,,5e688e99-61b3-5c88-45ff-582735929a8c,2025-08-12T05:43:09Z,2025-08-12T05:43:09Z,c4a966fe-e53d-3a58-a77f-eee4c194aeff,CLOSED,CLOSED,CLOSED,0,0,0,2025-08-12T06:57:09Z,2025-08-12T06:57:09Z,2025-08-12T06:57:09Z,1,1
5e688e99-61b3-5c88-8f8f-fc84c05e02d1,5e688e99-61b3-5c88-3f60-21df8aaced27,bcf26df0-9031-32e7-9e73-80c2e7d6f4bc,df166300-5a78-3502-a46a-832842197811,,1,1,169762003,,,,,,,,,5e688e99-61b3-5c88-6065-805c2c49b70e,2025-08-09T06:31:14Z,2025-08-09T06:31:14Z,bcf26df0-9031-32e7-9e73-80c2e7d6f4bc,CLOSED,CLOSED,CLOSED,0,0,0,2025-08-09T06:46:14Z,2025-08-09T06:46:14Z,2025-08-09T06:46:14Z,2,2
5e688e99-61b3-5c88-ef42-f30b0dafb49e,5e688e99-61b3-5c88-3f60-21df8aaced27,bcf26df0-9031-32e7-9e73-80c2e7d6f4bc,df166300-5a78-3502-a46a-832842197811,,2,2,389095005,,,,,,,,,5e688e99-61b3-5c88-ee9a-5611c0205c3d,2025-09-02T05:22:05Z,2025-09-02T05:22:05Z,bcf26df0-9031-32e7-9e73-80c2e7d6f4bc,CLOSED,CLOSED,CLOSED,0,0,0,2025-09-02T05:37:05Z,2025-09-02T05:37:05Z,2025-09-02T05:37:05Z,2,2
5e688e99-61b3-5c88-17a9-df7f6dd14eba,5e688e99-61b3-5c88-3f60-21df8aaced27,bcf26df0-9031-32e7-9e73-80c2e7d6f4bc,df166300-5a78-3502-a46a-832842197811,,2,2,389095005,,,,,,,,,5e688e99-61b3-5c88-ee9a-5611c0205c3d,2025-09-02T05:22:05Z,2025-09-02T05:22:05Z,bcf26df0-9031-32e7-9e73-80c2e7d6f4bc,CLOSED,CLOSED,CLOSED,0,0,0,2025-09-02T05:37:05Z,2025-09-02T05:37:05Z,2025-09-02T05:37:05Z,2,2
5e688e99-61b3-5c88-2d11-0f73ca4e7cf4,5e688e99-61b3-5c88-3f60-21df8aaced27,bcf26df0-9031-32e7-9e73-80c2e7d6f4bc,df166300-5a78-3502-a46a-832842197811,,1,1,58150001,,,,,,,,,5e688e99-61b3-5c88-4b2c-4f0c078be103,2025-12-07T06:57:09Z,2025-12-07T06:57:09Z,bcf26df0-9031-32e7-9e73-80c2e7d6f4bc,CLOSED,CLOSED,CLOSED,0,0,0,2025-12-07T07:12:09Z,2025-12-07T07:12:09Z,2025-12-07T07:12:09Z,2,2
5e688e99-61b3-5c88-6f44-3b5c3752827a,5e688e99-61b3-5c88-3f60-21df8aaced27,7120be39-991a-3c22-b145-c9eb3ed1a037,df166300-5a78-3502-a46a-832842197811,,20,20,73438004,73595000,66383009,,,,,,,5e688e99-61b3-5c88-51ad-d96d2c72034a,2026-04-11T05:22:05Z,2026-04-11T05:22:05Z,7120be39-991a-3c22-b145-c9eb3ed1a037,CLOSED,CLOSED,CLOSED,0,0,0,2026-04-11T06:18:40Z,2026-04-11T06:18:40Z,2026-04-11T06:18:40Z,1,1
5e688e99-61b3-5c88-dc4d-ee9b6400300b,5e688e99-61b3-5c88-3f60-21df8aaced27,bcf26df0-9031-32e7-9e73-80c2e7d6f4bc,df166300-5a78-3502-a46a-832842197811,,1,1,66383009,,,,,,,,,5e688e99-61b3-5c88-01eb-1ff2b025f019,2026-04-25T05:22:05Z,2026-04-25T05:22:05Z,bcf26df0-9031-32e7-9e73-80c2e7d6f4bc,CLOSED,CLOSED,CLOSED,0,0,0,2026-04-25T05:43:27Z,2026-04-25T05:43:27Z,2026-04-25T05:43:27Z,2,2
5e688e99-61b3-5c88-ec17-845ea55948cb,5e688e99-61b3-5c88-3f60-21df8aaced27,bcf26df0-9031-32e7-9e73-80c2e7d6f4bc,df166300-5a78-3502-a46a-832842197811,,1,1,10509002,10509002,,,,,,,,5e688e99-61b3-5c88-5744-899590ad2fe5,2026-06-13T02:22:05Z,2026-06-13T02:22:05Z,bcf26df0-9031-32e7-9e73-80c2e7d6f4bc,CLOSED,CLOSED,CLOSED,0,0,0,2026-06-13T02:40:35Z,2026-06-13T02:40:35Z,2026-06-13T02:40:35Z,2,2
5e688e99-61b3-5c88-815e-0a03e2b29090,5e688e99-61b3-5c88-3f60-21df8aaced27,bcf26df0-9031-32e7-9e73-80c2e7d6f4bc,df166300-5a78-3502-a46a-832842197811,,1,1,10509002,10509002,,,,,,,,5e688e99-61b3-5c88-5744-899590ad2fe5,2026-06-13T02:22:05Z,2026-06-13T02:22:05Z,bcf26df0-9031-32e7-9e73-80c2e7d6f4bc,CLOSED,CLOSED,CLOSED,0,0,0,2026-06-13T02:40:35Z,2026-06-13T02:40:35Z,2026-06-13T02:40:35Z,2,2
5e688e99-61b3-5c88-3071-54634b52fc03,5e688e99-61b3-5c88-3f60-21df8aaced27,0187e778-849d-39b1-9af0-d465777ec596,df166300-5a78-3502-a46a-832842197811,,5,5,314529007,424393004,66383009,,,,,,,5e688e99-61b3-5c88-dda4-6d5d8aa391a9,2026-06-20T05:22:05Z,2026-06-20T05:22:05Z,0187e778-849d-39b1-9af0-d465777ec596,CLOSED,CLOSED,CLOSED,0,0,0,2026-06-20T06:07:49Z,2026-06-20T06:07:49Z,2026-06-20T06:07:49Z,1,1
5e688e99-61b3-5c88-b85f-19b9b4acea41,5e688e99-61b3-5c88-3f60-21df8aaced27,bcf26df0-9031-32e7-9e73-80c2e7d6f4bc,df166300-5a78-3502-a46a-832842197811,,2,2,314529007,,,,,,,,,5e688e99-61b3-5c88-524e-462dfe63e806,2026-06-27T05:22:05Z,2026-06-27T05:22:05Z,bcf26df0-9031-32e7-9e73-80c2e7d6f4bc,CLOSED,CLOSED,CLOSED,0,0,0,2026-06-27T05:37:05Z,2026-06-27T05:37:05Z,2026-06-27T05:37:05Z,2,2
5e688e99-61b3-5c88-77fd-de803148a1b2,5e688e99-61b3-5c88-3f60-21df8aaced27,bcf26df0-9031-32e7-9e73-80c2e7d6f4bc,df166300-5a78-3502-a46a-832842197811,,1,1,66383009,,,,,,,,,5e688e99-61b3-5c88-da6e-7de81b212361,2026-07-04T05:22:05Z,2026-07-04T05:22:05Z,bcf26df0-9031-32e7-9e73-80c2e7d6f4bc,CLOSED,CLOSED,CLOSED,0,0,0,2026-07-04T06:19:22Z,2026-07-04T06:19:22Z,2026-07-04T06:19:22Z,2,2
5e688e99-61b3-5c88-3dc1-85c97f9a8ada,5e688e99-61b3-5c88-3f60-21df8aaced27,bcf26df0-9031-32e7-9e73-80c2e7d6f4bc,df166300-5a78-3502-a46a-832842197811,,2,2,389095005,,,,,,,,,5e688e99-61b3-5c88-70f6-7b0eef1e838e,2026-08-28T05:22:05Z,2026-08-28T05:22:05Z,bcf26df0-9031-32e7-9e73-80c2e7d6f4bc,CLOSED,CLOSED,CLOSED,0,0,0,2026-08-28T05:37:05Z,2026-08-28T05:37:05Z,2026-08-28T05:37:05Z,2,2
5e688e99-61b3-5c88-32ec-156e7736d9ac,5e688e99-61b3-5c88-3f60-21df8aaced27,bcf26df0-9031-32e7-9e73-80c2e7d6f4bc,df166300-5a78-3502-a46a-832842197811,,2,2,389095005,,,,,,,,,5e688e99-61b3-5c88-70f6-7b0eef1e838e,2026-08-28T05:22:05Z,2026-08-28T05:22:05Z,bcf26df0-9031-32e7-9e73-80c2e7d6f4bc,CLOSED,CLOSED,CLOSED,0,0,0,2026-08-28T05:37:05Z,2026-08-28T05:37:05Z,2026-08-28T05:37:05Z,2,2
46976cf7-b0bf-be20-152a-b459c00244fa,46976cf7-b0bf-be20-39a5-9f425a52886d,dea58a5f-edf4-3374-a301-212036804eb3,,,10,10,197927001,,,,,,,,,46976cf7-b0bf-be20-2acf-58318eeffd59,2004-06-20T03:11:04Z,2004-06-20T03:11:04Z,dea58a5f-edf4-3374-a301-212036804eb3,CLOSED,CLOSED,CLOSED,0,0,0,2004-06-20T03:26:04Z,2004-06-20T03:26:04Z,2004-06-20T03:26:04Z,1,1
46976cf7-b0bf-be20-70a0-09bba413bd4e,46976cf7-b0bf-be20-39a5-9f425a52886d,dea58a5f-edf4-3374-a301-212036804eb3,,,10,10,160968000,,,,,,,,,46976cf7-b0bf-be20-031c-622ba299d158,2005-06-26T03:11:04Z,2005-06-26T03:11:04Z,dea58a5f-edf4-3374-a301-212036804eb3,CLOSED,CLOSED,CLOSED,0,0,0,2005-06-26T03:26:04Z,2005-06-26T03:26:04Z,2005-06-26T03:26:04Z,1,1
46976cf7-b0bf-be20-10da-0632cdc95796,46976cf7-b0bf-be20-39a5-9f425a52886d,dea58a5f-edf4-3374-a301-212036804eb3,,,20,20,105531004,224299000,,,,,,,,46976cf7-b0bf-be20-464c-83c181876969,2006-07-02T03:11:04Z,2006-07-02T03:11:04Z,dea58a5f-edf4-3374-a301-212036804eb3,CLOSED,CLOSED,CLOSED,0,0,0,2006-07-02T03:42:37Z,2006-07-02T03:42:37Z,2006-07-02T03:42:37Z,1,1
46976cf7-b0bf-be20-a34c-ba50020c14d2,46976cf7-b0bf-be20-39a5-9f425a52886d,dea58a5f-edf4-3374-a301-212036804eb3,,,20,20,266948004,,,,,,,,,46976cf7-b0bf-be20-9dcc-413b12f5a757,2007-07-08T03:11:04Z,2007-07-08T03:11:04Z,dea58a5f-edf4-3374-a301-212036804eb3,CLOSED,CLOSED,CLOSED,0,0,0,2007-07-08T04:08:34Z,2007-07-08T04:08:34Z,2007-07-08T04:08:34Z,1,1
46976cf7-b0bf-be20-74b2-0973bd5d0711,46976cf7-b0bf-be20-39a5-9f425a52886d,106e92de-0822-394f-b10f-92e9d7fcdf66,,,1,1,267253006,161744009,,,,,,,,46976cf7-b0bf-be20-aa43-69c9d4672f4d,2012-06-05T03:11:04Z,2012-06-05T03:11:04Z,106e92de-0822-394f-b10f-92e9d7fcdf66,CLOSED,CLOSED,CLOSED,0,0,0,2012-06-05T03:26:04Z,2012-06-05T03:26:04Z,2012-06-05T03:26:04Z,2,2
46976cf7-b0bf-be20-157e-5b4a42aae365,46976cf7-b0bf-be20-39a5-9f425a52886d,dea58a5f-edf4-3374-a301-212036804eb3,,,20,20,160903007,,,,,,,,,46976cf7-b0bf-be20-bbdc-773381b4d96f,2019-07-21T03:11:04Z,2019-07-21T03:11:04Z,dea58a5f-edf4-3374-a301-212036804eb3,CLOSED,CLOSED,CLOSED,0,0,0,2019-07-21T04:04:54Z,2019-07-21T04:04:54Z,2019-07-21T04:04:54Z,1,1
46976cf7-b0bf-be20-48eb-87c778dec8fd,46976cf7-b0bf-be20-39a5-9f425a52886d,106e92de-0822-394f-b10f-92e9d7fcdf66,,,1,1,10509002,,,,,,,,,46976cf7-b0bf-be20-16e1-179032ff8d04,2020-11-01T03:11:04Z,2020-11-01T03:11:04Z,106e92de-0822-394f-b10f-92e9d7fcdf66,CLOSED,CLOSED,CLOSED,0,0,0,2020-11-01T03:26:04Z,2020-11-01T03:26:04Z,2020-11-01T03:26:04Z,2,2
46976cf7-b0bf-be20-1f9d-c5fabebb8869,46976cf7-b0bf-be20-39a5-9f425a52886d,106e92de-0822-394f-b10f-92e9d7fcdf66,,,2,2,33879002,,,,,,,,,46976cf7-b0bf-be20-2835-39712c540124,2021-10-03T03:11:04Z,2021-10-03T03:11:04Z,106e92de-0822-394f-b10f-92e9d7fcdf66,CLOSED,CLOSED,CLOSED,0,0,0,2021-10-03T03:26:04Z,2021-10-03T03:26:04Z,2021-10-03T03:26:04Z,2,2
46976cf7-b0bf-be20-d522-16c203d2d878,46976cf7-b0bf-be20-39a5-9f425a52886d,106e92de-0822-394f-b10f-92e9d7fcdf66,,,2,2,389095005,,,,,,,,,46976cf7-b0bf-be20-a7f1-3fd066c8d0d9,2022-04-28T18:52:57Z,2022-04-28T18:52:57Z,106e92de-0822-394f-b10f-92e9d7fcdf66,CLOSED,CLOSED,CLOSED,0,0,0,2022-04-28T19:32:11Z,2022-04-28T19:32:11Z,2022-04-28T19:32:11Z,2,2
46976cf7-b0bf-be20-efd1-7a35bfb5d049,46976cf7-b0bf-be20-39a5-9f425a52886d,106e92de-0822-394f-b10f-92e9d7fcdf66,,,2,2,389095005,,,,,,,,,46976cf7-b0bf-be20-a7f1-3fd066c8d0d9,2022-04-28T18:52:57Z,2022-04-28T18:52:57Z,106e92de-0822-394f-b10f-92e9d7fcdf66,CLOSED,CLOSED,CLOSED,0,0,0,2022-04-28T19:32:11Z,2022-04-28T19:32:11Z,2022-04-28T19:32:11Z,2,2
46976cf7-b0bf-be20-e021-1feb4da4b50f,46976cf7-b0bf-be20-39a5-9f425a52886d,dea58a5f-edf4-3374-a301-212036804eb3,,,20,20,314529007,160904001,,,,,,,,46976cf7-b0bf-be20-6164-6bcb6354bf92,2022-07-24T03:11:04Z,2022-07-24T03:11:04Z,dea58a5f-edf4-3374-a301-212036804eb3,CLOSED,CLOSED,CLOSED,0,0,0,2022-07-24T03:41:54Z,2022-07-24T03:41:54Z,2022-07-24T03:41:54Z,1,1
46976cf7-b0bf-be20-b5c7-8cf7c0032b74,46976cf7-b0bf-be20-39a5-9f425a52886d,106e92de-0822-394f-b10f-92e9d7fcdf66,,,1,1,103697008,,,,,,,,,46976cf7-b0bf-be20-5d29-50b6a924dd9b,2022-08-07T03:11:04Z,2022-08-07T03:11:04Z,106e92de-0822-394f-b10f-92e9d7fcdf66,CLOSED,CLOSED,CLOSED,0,0,0,2022-08-07T03:30:27Z,2022-08-07T03:30:27Z,2022-08-07T03:30:27Z,2,2
46976cf7-b0bf-be20-2ad8-452464ca6ca5,46976cf7-b0bf-be20-39a5-9f425a52886d,106e92de-0822-394f-b10f-92e9d7fcdf66,,,1,1,195662009,195662009,,,,,,,,46976cf7-b0bf-be20-b2a3-533be8033fb4,2022-08-31T15:11:04Z,2022-08-31T15:11:04Z,106e92de-0822-394f-b10f-92e9d7fcdf66,CLOSED,CLOSED,CLOSED,0,0,0,2022-08-31T15:26:04Z,2022-08-31T15:26:04Z,2022-08-31T15:26:04Z,2,2
46976cf7-b0bf-be20-6273-7c0ff41dce16,46976cf7-b0bf-be20-39a5-9f425a52886d,106e92de-0822-394f-b10f-92e9d7fcdf66,,,2,2,389095005,,,,,,,,,46976cf7-b0bf-be20-bb85-81be3a073ee3,2023-05-28T03:11:04Z,2023-05-28T03:11:04Z,106e92de-0822-394f-b10f-92e9d7fcdf66,CLOSED,CLOSED,CLOSED,0,0,0,2023-05-28T04:03:46Z,2023-05-28T04:03:46Z,2023-05-28T04:03:46Z,2,2
46976cf7-b0bf-be20-2fc9-62582c9d76d1,46976cf7-b0bf-be20-39a5-9f425a52886d,106e92de-0822-394f-b10f-92e9d7fcdf66,,,2,2,389095005,,,,,,,,,46976cf7-b0bf-be20-93f0-cea2ac9c909b,2023-08-13T03:11:04Z,2023-08-13T03:11:04Z,106e92de-0822-394f-b10f-92e9d7fcdf66,CLOSED,CLOSED,CLOSED,0,0,0,2023-08-13T04:13:39Z,2023-08-13T04:13:39Z,2023-08-13T04:13:39Z,2,2
46976cf7-b0bf-be20-5a6f-f0dc111cc285,46976cf7-b0bf-be20-39a5-9f425a52886d,106e92de-0822-394f-b10f-92e9d7fcdf66,,,1,1,195662009,195662009,,,,,,,,46976cf7-b0bf-be20-7be3-f002e5b444b1,2023-08-20T03:11:04Z,2023-08-20T03:11:04Z,106e92de-0822-394f-b10f-92e9d7fcdf66,CLOSED,CLOSED,CLOSED,0,0,0,2023-08-20T03:26:04Z,2023-08-20T03:26:04Z,2023-08-20T03:26:04Z,2,2
46976cf7-b0bf-be20-062f-5a14553b0a97,46976cf7-b0bf-be20-39a5-9f425a52886d,106e92de-0822-394f-b10f-92e9d7fcdf66,,,1,1,72892002,72892002,,,,,,,,46976cf7-b0bf-be20-6115-13268e8eaa53,2023-10-01T03:11:04Z,2023-10-01T03:11:04Z,106e92de-0822-394f-b10f-92e9d7fcdf66,CLOSED,CLOSED,CLOSED,0,0,0,2023-10-01T03:26:04Z,2023-10-01T03:26:04Z,2023-10-01T03:26:04Z,2,2
46976cf7-b0bf-be20-8b5e-1bed4d326943,46976cf7-b0bf-be20-39a5-9f425a52886d,106e92de-0822-394f-b10f-92e9d7fcdf66,,,1,1,72892002,,,,,,,,,46976cf7-b0bf-be20-8b80-cd7730ff98ab,2023-10-09T03:11:04Z,2023-10-09T03:11:04Z,106e92de-0822-394f-b10f-92e9d7fcdf66,CLOSED,CLOSED,CLOSED,0,0,0,2023-10-09T03:26:04Z,2023-10-09T03:26:04Z,2023-10-09T03:26:04Z,2,2
46976cf7-b0bf-be20-477f-60808bdb4c60,46976cf7-b0bf-be20-39a5-9f425a52886d,106e92de-0822-394f-b10f-92e9d7fcdf66,,,1,1,72892002,,,,,,,,,46976cf7-b0bf-be20-1ac6-da64a4dc24a6,2023-10-22T03:11:04Z,2023-10-22T03:11:04Z,106e92de-0822-394f-b10f-92e9d7fcdf66,CLOSED,CLOSED,CLOSED,0,0,0,2023-10-22T03:26:04Z,2023-10-22T03:26:04Z,2023-10-22T03:26:04Z,2,2
46976cf7-b0bf-be20-7fc7-ee5cebcbb028,46976cf7-b0bf-be20-39a5-9f425a52886d,106e92de-0822-394f-b10f-92e9d7fcdf66,,,1,1,444814009,444814009,,,,,,,,46976cf7-b0bf-be20-3ddf-9e2ffc805076,2025-03-19T22:11:04Z,2025-03-19T22:11:04Z,106e92de-0822-394f-b10f-92e9d7fcdf66,CLOSED,CLOSED,CLOSED,0,0,0,2025-03-19T22:26:04Z,2025-03-19T22:26:04Z,2025-03-19T22:26:04Z,2,2
46976cf7-b0bf-be20-87e0-d25f31548909,46976cf7-b0bf-be20-39a5-9f425a52886d,106e92de-0822-394f-b10f-92e9d7fcdf66,,,1,1,444814009,444814009,,,,,,,,46976cf7-b0bf-be20-3ddf-9e2ffc805076,2025-03-19T22:11:04Z,2025-03-19T22:11:04Z,106e92de-0822-394f-b10f-92e9d7fcdf66,CLOSED,CLOSED,CLOSED,0,0,0,2025-03-19T22:26:04Z,2025-03-19T22:26:04Z,2025-03-19T22:26:04Z,2,2
46976cf7-b0bf-be20-2cc1-403b0d873370,46976cf7-b0bf-be20-39a5-9f425a52886d,106e92de-0822-394f-b10f-92e9d7fcdf66,,,2,2,389095005,,,,,,,,,46976cf7-b0bf-be20-6b93-17f2dec5430e,2025-04-12T19:32:11Z,2025-04-12T19:32:11Z,106e92de-0822-394f-b10f-92e9d7fcdf66,CLOSED,CLOSED,CLOSED,0,0,0,2025-04-12T19:47:11Z,2025-04-12T19:47:11Z,2025-04-12T19:47:11Z,2,2
46976cf7-b0bf-be20-cf14-bc25195ee6cd,46976cf7-b0bf-be20-39a5-9f425a52886d,106e92de-0822-394f-b10f-92e9d7fcdf66,,,2,2,389095005,,,,,,,,,46976cf7-b0bf-be20-6b93-17f2dec5430e,2025-04-12T19:32:11Z,2025-04-12T19:32:11Z,106e92de-0822-394f-b10f-92e9d7fcdf66,CLOSED,CLOSED,CLOSED,0,0,0,2025-04-12T19:47:11Z,2025-04-12T19:47:11Z,2025-04-12T19:47:11Z,2,2
46976cf7-b0bf-be20-0d49-c8fbca7ff226,46976cf7-b0bf-be20-39a5-9f425a52886d,dea58a5f-edf4-3374-a301-212036804eb3,,,20,20,160903007,73595000,706893006,,,,,,,46976cf7-b0bf-be20-4b2b-6b711eed0535,2025-07-27T03:11:04Z,2025-07-27T03:11:04Z,dea58a5f-edf4-3374-a301-212036804eb3,CLOSED,CLOSED,CLOSED,0,0,0,2025-07-27T04:02:44Z,2025-07-27T04:02:44Z,2025-07-27T04:02:44Z,1,1
46976cf7-b0bf-be20-cf72-a2a6becad12b,46976cf7-b0bf-be20-39a5-9f425a52886d,106e92de-0822-394f-b10f-92e9d7fcdf66,,,1,1,195662009,195662009,,,,,,,,46976cf7-b0bf-be20-5ace-6f80d5d13968,2025-09-20T02:11:04Z,2025-09-20T02:11:04Z,106e92de-0822-394f-b10f-92e9d7fcdf66,CLOSED,CLOSED,CLOSED,0,0,0,2025-09-20T02:26:04Z,2025-09-20T02:26:04Z,2025-09-20T02:26:04Z,2,2
46976cf7-b0bf-be20-ad7d-4e0490457a14,46976cf7-b0bf-be20-39a5-9f425a52886d,106e92de-0822-394f-b10f-92e9d7fcdf66,,,2,2,423315002,424393004,,,,,,,,46976cf7-b0bf-be20-7966-424284537147,2025-09-28T03:11:04Z,2025-09-28T03:11:04Z,106e92de-0822-394f-b10f-92e9d7fcdf66,CLOSED,CLOSED,CLOSED,0,0,0,2025-09-28T04:10:08Z,2025-09-28T04:10:08Z,2025-09-28T04:10:08Z,2,2
46976cf7-b0bf-be20-4804-6b2189c0f0b2,46976cf7-b0bf-be20-39a5-9f425a52886d,106e92de-0822-394f-b10f-92e9d7fcdf66,,,1,1,103697008,,,,,,,,,46976cf7-b0bf-be20-3f5c-e2328b5874bb,2025-09-28T06:23:20Z,2025-10-12T03:11:04Z,106e92de-0822-394f-b10f-92e9d7fcdf66,CLOSED,CLOSED,CLOSED,0,0,0,2025-10-12T03:39:55Z,2025-10-12T03:39:55Z,2025-10-12T03:39:55Z,2,2
46976cf7-b0bf-be20-d83f-673ea199e30b,46976cf7-b0bf-be20-39a5-9f425a52886d,106e92de-0822-394f-b10f-92e9d7fcdf66,,,2,2,389095005,,,,,,,,,46976cf7-b0bf-be20-b3fc-900ed294a278,2026-04-07T19:32:11Z,2026-04-07T19:32:11Z,106e92de-0822-394f-b10f-92e9d7fcdf66,CLOSED,CLOSED,CLOSED,0,0,0,2026-04-07T19:47:11Z,2026-04-07T19:47:11Z,2026-04-07T19:47:11Z,2,2
46976cf7-b0bf-be20-98c4-d796daf4bb65,46976cf7-b0bf-be20-39a5-9f425a52886d,106e92de-0822-394f-b10f-92e9d7fcdf66,,,2,2,389095005,,,,,,,,,46976cf7-b0bf-be20-b3fc-900ed294a278,2026-04-07T19:32:11Z,2026-04-07T19:32:11Z,106e92de-0822-394f-b10f-92e9d7fcdf66,CLOSED,CLOSED,CLOSED,0,0,0,2026-04-07T19:47:11Z,2026-04-07T19:47:11Z,2026-04-07T19:47:11Z,2,2
46976cf7-b0bf-be20-ae24-bf31dd98fa00,46976cf7-b0bf-be20-39a5-9f425a52886d,106e92de-0822-394f-b10f-92e9d7fcdf66,,,2,2,389095005,,,,,,,,,46976cf7-b0bf-be20-848e-5b564cb640c4,2026-04-12T14:32:11Z,2026-04-12T14:32:11Z,106e92de-0822-394f-b10f-92e9d7fcdf66,CLOSED,CLOSED,CLOSED,0,0,0,2026-04-12T15:26:51Z,2026-04-12T15:26:51Z,2026-04-12T15:26:51Z,2,2
46976cf7-b0bf-be20-4c1c-569d6ab56c92,46976cf7-b0bf-be20-39a5-9f425a52886d,106e92de-0822-394f-b10f-92e9d7fcdf66,,,1,1,444814009,444814009,,,,,,,,46976cf7-b0bf-be20-533c-118282a49048,2026-08-17T13:11:04Z,2026-08-17T13:11:04Z,106e92de-0822-394f-b10f-92e9d7fcdf66,CLOSED,CLOSED,CLOSED,0,0,0,2026-08-17T13:26:04Z,2026-08-17T13:26:04Z,2026-08-17T13:26:04Z,2,2
46976cf7-b0bf-be20-87b6-0b0ec0f10237,46976cf7-b0bf-be20-39a5-9f425a52886d,106e92de-0822-394f-b10f-92e9d7fcdf66,,,1,1,444814009,444814009,,,,,,,,46976cf7-b0bf-be20-533c-118282a49048,2026-08-17T13:11:04Z,2026-08-17T13:11:04Z,106e92de-0822-394f-b10f-92e9d7fcdf66,CLOSED,CLOSED,CLOSED,0,0,0,2026-08-17T13:26:04Z,2026-08-17T13:26:04Z,2026-08-17T13:26:04Z,2,2
76b20010-c318-5754-879a-848f403e2587,76b20010-c318-5754-8c85-983aa538522f,66ad092c-db46-363e-ae75-a54add99a69f,df166300-5a78-3502-a46a-832842197811,,1,1,103697008,197927001,,,,,,,,76b20010-c318-5754-d1fa-def24faf2b88,2007-11-09T01:52:48Z,2007-11-09T01:52:48Z,66ad092c-db46-363e-ae75-a54add99a69f,CLOSED,CLOSED,CLOSED,0,0,0,2007-11-09T02:13:34Z,2007-11-09T02:13:34Z,2007-11-09T02:13:34Z,2,2
76b20010-c318-5754-a90d-16c79d5f2d31,76b20010-c318-5754-8c85-983aa538522f,3286f75c-b57b-3ec1-8adc-56c3ed975dae,df166300-5a78-3502-a46a-832842197811,,20,20,473461003,,,,,,,,,76b20010-c318-5754-b73d-c61111eaca53,2010-11-12T01:52:48Z,2010-11-12T01:52:48Z,3286f75c-b57b-3ec1-8adc-56c3ed975dae,CLOSED,CLOSED,CLOSED,0,0,0,2010-11-12T02:32:23Z,2010-11-12T02:32:23Z,2010-11-12T02:32:23Z,1,1
76b20010-c318-5754-8bc6-296709b52242,76b20010-c318-5754-8c85-983aa538522f,3286f75c-b57b-3ec1-8adc-56c3ed975dae,df166300-5a78-3502-a46a-832842197811,,20,20,160903007,,,,,,,,,76b20010-c318-5754-f936-54a1ac4ce741,2011-11-18T01:52:48Z,2011-11-18T01:52:48Z,3286f75c-b57b-3ec1-8adc-56c3ed975dae,CLOSED,CLOSED,CLOSED,0,0,0,2011-11-18T02:27:17Z,2011-11-18T02:27:17Z,2011-11-18T02:27:17Z,1,1
76b20010-c318-5754-a423-20e596587845,76b20010-c318-5754-8c85-983aa538522f,66ad092c-db46-363e-ae75-a54add99a69f,df166300-5a78-3502-a46a-832842197811,,1,1,267253006,161744009,,,,,,,,76b20010-c318-5754-317f-661a48467374,2015-12-31T01:52:48Z,2015-12-31T01:52:48Z,66ad092c-db46-363e-ae75-a54add99a69f,CLOSED,CLOSED,CLOSED,0,0,0,2015-12-31T02:07:48Z,2015-12-31T02:07:48Z,2015-12-31T02:07:48Z,2,2
76b20010-c318-5754-e439-250370f5131f,76b20010-c318-5754-8c85-983aa538522f,3286f75c-b57b-3ec1-8adc-56c3ed975dae,df166300-5a78-3502-a46a-832842197811,,20,20,73595000,,,,,,,,,76b20010-c318-5754-78f5-c184387e6f34,2020-11-27T01:52:48Z,2020-11-27T01:52:48Z,3286f75c-b57b-3ec1-8adc-56c3ed975dae,CLOSED,CLOSED,CLOSED,0,0,0,2020-11-27T02:41:33Z,2020-11-27T02:41:33Z,2020-11-27T02:41:33Z,1,1
76b20010-c318-5754-b2b4-939f68237697,76b20010-c318-5754-8c85-983aa538522f,66ad092c-db46-363e-ae75-a54add99a69f,df166300-5a78-3502-a46a-832842197811,,1,1,840544004,,,,,,,,,76b20010-c318-5754-c114-d19ba2bd5061,2021-09-10T01:52:48Z,2021-09-10T01:52:48Z,66ad092c-db46-363e-ae75-a54add99a69f,CLOSED,CLOSED,CLOSED,0,0,0,2021-09-10T02:36:50Z,2021-09-10T02:36:50Z,2021-09-10T02:36:50Z,2,2
76b20010-c318-5754-5842-1b41e708e28e,76b20010-c318-5754-8c85-983aa538522f,66ad092c-db46-363e-ae75-a54add99a69f,df166300-5a78-3502-a46a-832842197811,,2,2,314529007,66383009,,,,,,,,76b20010-c318-5754-acf6-835fbe50892a,2021-12-31T01:52:48Z,2021-12-31T01:52:48Z,66ad092c-db46-363e-ae75-a54add99a69f,CLOSED,CLOSED,CLOSED,0,0,0,2021-12-31T02:51:21Z,2021-12-31T02:51:21Z,2021-12-31T02:51:21Z,2,2
76b20010-c318-5754-d1c9-9e068a046dca,76b20010-c318-5754-8c85-983aa538522f,66ad092c-db46-363e-ae75-a54add99a69f,df166300-5a78-3502-a46a-832842197811,,1,1,10509002,10509002,,,,,,,,76b20010-c318-5754-61cf-80b62b3ca222,2022-01-07T01:52:48Z,2022-01-07T01:52:48Z,66ad092c-db46-363e-ae75-a54add99a69f,CLOSED,CLOSED,CLOSED,0,0,0,2022-01-07T02:16:20Z,2022-01-07T02:16:20Z,2022-01-07T02:16:20Z,2,2
76b20010-c318-5754-eaec-289cbb9f2070,76b20010-c318-5754-8c85-983aa538522f,66ad092c-db46-363e-ae75-a54add99a69f,df166300-5a78-3502-a46a-832842197811,,1,1,10509002,10509002,,,,,,,,76b20010-c318-5754-61cf-80b62b3ca222,2022-01-07T01:52:48Z,2022-01-07T01:52:48Z,66ad092c-db46-363e-ae75-a54add99a69f,CLOSED,CLOSED,CLOSED,0,0,0,2022-01-07T02:16:20Z,2022-01-07T02:16:20Z,2022-01-07T02:16:20Z,2,2
76b20010-c318-5754-29f5-b47aada6cbe3,76b20010-c318-5754-8c85-983aa538522f,66ad092c-db46-363e-ae75-a54add99a69f,df166300-5a78-3502-a46a-832842197811,,1,1,66383009,,,,,,,,,76b20010-c318-5754-ee86-2a8da6435b7e,2022-01-14T01:52:48Z,2022-01-14T01:52:48Z,66ad092c-db46-363e-ae75-a54add99a69f,CLOSED,CLOSED,CLOSED,0,0,0,2022-01-14T02:51:45Z,2022-01-14T02:51:45Z,2022-01-14T02:51:45Z,2,2
76b20010-c318-5754-54ca-c63477c45964,76b20010-c318-5754-8c85-983aa538522f,66ad092c-db46-363e-ae75-a54add99a69f,df166300-5a78-3502-a46a-832842197811,,1,1,72892002,72892002,,,,,,,,76b20010-c318-5754-6a3d-2788944f8da1,2022-02-11T01:52:48Z,2022-02-11T01:52:48Z,66ad092c-db46-363e-ae75-a54add99a69f,CLOSED,CLOSED,CLOSED,0,0,0,2022-02-11T02:07:48Z,2022-02-11T02:07:48Z,2022-02-11T02:07:48Z,2,2
76b20010-c318-5754-9b32-56f8042ff618,76b20010-c318-5754-8c85-983aa538522f,66ad092c-db46-363e-ae75-a54add99a69f,df166300-5a78-3502-a46a-832842197811,,1,1,72892002,,,,,,,,,76b20010-c318-5754-4698-3081a77b4398,2022-03-11T01:52:48Z,2022-03-11T01:52:48Z,66ad092c-db46-363e-ae75-a54add99a69f,CLOSED,CLOSED,CLOSED,0,0,0,2022-03-11T02:07:48Z,2022-03-11T02:07:48Z,2022-03-11T02:07:48Z,2,2
76b20010-c318-5754-78f8-f02b9e3ce3d4,76b20010-c318-5754-8c85-983aa538522f,66ad092c-db46-363e-ae75-a54add99a69f,df166300-5a78-3502-a46a-832842197811,,1,1,72892002,,,,,,,,,76b20010-c318-5754-22fd-4128910045f3,2022-04-08T01:52:48Z,2022-04-08T01:52:48Z,66ad092c-db46-363e-ae75-a54add99a69f,CLOSED,CLOSED,CLOSED,0,0,0,2022-04-08T02:07:48Z,2022-04-08T02:07:48Z,2022-04-08T02:07:48Z,2,2
76b20010-c318-5754-9952-71ececbec008,76b20010-c318-5754-8c85-983aa538522f,66ad092c-db46-363e-ae75-a54add99a69f,df166300-5a78-3502-a46a-832842197811,,1,1,72892002,,,,,,,,,76b20010-c318-5754-561f-9039d4014f79,2022-05-06T01:52:48Z,2022-05-06T01:52:48Z,66ad092c-db46-363e-ae75-a54add99a69f,CLOSED,CLOSED,CLOSED,0,0,0,2022-05-06T02:07:48Z,2022-05-06T02:07:48Z,2022-05-06T02:07:48Z,2,2
76b20010-c318-5754-7942-aad972fba0c8,76b20010-c318-5754-8c85-983aa538522f,66ad092c-db46-363e-ae75-a54add99a69f,df166300-5a78-3502-a46a-832842197811,,1,1,72892002,,,,,,,,,76b20010-c318-5754-b9be-b937b27a39e3,2022-06-03T01:52:48Z,2022-06-03T01:52:48Z,66ad092c-db46-363e-ae75-a54add99a69f,CLOSED,CLOSED,CLOSED,0,0,0,2022-06-03T02:07:48Z,2022-06-03T02:07:48Z,2022-06-03T02:07:48Z,2,2
76b20010-c318-5754-d790-bbe7666a264f,76b20010-c318-5754-8c85-983aa538522f,66ad092c-db46-363e-ae75-a54add99a69f,df166300-5a78-3502-a46a-832842197811,,1,1,72892002,,,,,,,,,76b20010-c318-5754-b102-7661639cc7ec,2022-07-01T01:52:48Z,2022-07-01T01:52:48Z,66ad092c-db46-363e-ae75-a54add99a69f,CLOSED,CLOSED,CLOSED,0,0,0,2022-07-01T02:07:48Z,2022-07-01T02:07:48Z,2022-07-01T02:07:48Z,2,2
76b20010-c318-5754-1d2c-a4d4ca104126,76b20010-c318-5754-8c85-983aa538522f,66ad092c-db46-363e-ae75-a54add99a69f,df166300-5a78-3502-a46a-832842197811,,1,1,72892002,,,,,,,,,76b20010-c318-5754-c00a-0b183c4bd3a6,2022-07-29T01:52:48Z,2022-07-29T01:52:48Z,66ad092c-db46-363e-ae75-a54add99a69f,CLOSED,CLOSED,CLOSED,0,0,0,2022-07-29T02:07:48Z,2022-07-29T02:07:48Z,2022-07-29T02:07:48Z,2,2
76b20010-c318-5754-de88-3aa9faa56146,76b20010-c318-5754-8c85-983aa538522f,66ad092c-db46-363e-ae75-a54add99a69f,df166300-5a78-3502-a46a-832842197811,,1,1,72892002,,,,,,,,,76b20010-c318-5754-bb2b-5fee2d3af154,2022-08-26T01:52:48Z,2022-08-26T01:52:48Z,66ad092c-db46-363e-ae75-a54add99a69f,CLOSED,CLOSED,CLOSED,0,0,0,2022-08-26T02:07:48Z,2022-08-26T02:07:48Z,2022-08-26T02:07:48Z,2,2
76b20010-c318-5754-c7fa-7f40251b6f3b,76b20010-c318-5754-8c85-983aa538522f,66ad092c-db46-363e-ae75-a54add99a69f,df166300-5a78-3502-a46a-832842197811,,1,1,72892002,,,,,,,,,76b20010-c318-5754-43c3-7f1dce778ee6,2022-09-09T01:52:48Z,2022-09-09T01:52:48Z,66ad092c-db46-363e-ae75-a54add99a69f,CLOSED,CLOSED,CLOSED,0,0,0,2022-09-09T02:07:48Z,2022-09-09T02:07:48Z,2022-09-09T02:07:48Z,2,2
76b20010-c318-5754-e53f-7fe960bbab90,76b20010-c318-5754-8c85-983aa538522f,8a9cee3b-b034-3189-807d-36fd568f20b3,df166300-5a78-3502-a46a-832842197811,,4,4,72892002,,,,,,,,,76b20010-c318-5754-034d-8267f2a26793,2022-09-16T01:52:48Z,2022-09-16T01:52:48Z,8a9cee3b-b034-3189-807d-36fd568f20b3,CLOSED,CLOSED,CLOSED,0,0,0,2022-09-16T02:52:48Z,2022-09-16T02:52:48Z,2022-09-16T02:52:48Z,2,2
76b20010-c318-5754-4136-a3b733f87b33,76b20010-c318-5754-8c85-983aa538522f,66ad092c-db46-363e-ae75-a54add99a69f,df166300-5a78-3502-a46a-832842197811,,1,1,169762003,,,,,,,,,76b20010-c318-5754-15e8-85c5fb6bd2af,2022-10-28T01:52:48Z,2022-10-28T01:52:48Z,66ad092c-db46-363e-ae75-a54add99a69f,CLOSED,CLOSED,CLOSED,0,0,0,2022-10-28T02:07:48Z,2022-10-28T02:07:48Z,2022-10-28T02:07:48Z,2,2
76b20010-c318-5754-ed63-10e05887b0e6,76b20010-c318-5754-8c85-983aa538522f,66ad092c-db46-363e-ae75-a54add99a69f,df166300-5a78-3502-a46a-832842197811,,2,2,389095005,,,,,,,,,76b20010-c318-5754-6ae6-909e1fca9253,2022-11-04T01:52:48Z,2022-11-04T01:52:48Z,66ad092c-db46-363e-ae75-a54add99a69f,CLOSED,CLOSED,CLOSED,0,0,0,2022-11-04T02:07:48Z,2022-11-04T02:07:48Z,2022-11-04T02:07:48Z,2,2
76b20010-c318-5754-373c-7003fb4c0032,76b20010-c318-5754-8c85-983aa538522f,66ad092c-db46-363e-ae75-a54add99a69f,df166300-5a78-3502-a46a-832842197811,,2,2,389095005,,,,,,,,,76b20010-c318-5754-6ae6-909e1fca9253,2022-11-04T01:52:48Z,2022-11-04T01:52:48Z,66ad092c-db46-363e-ae75-a54add99a69f,CLOSED,CLOSED,CLOSED,0,0,0,2022-11-04T02:07:48Z,2022-11-04T02:07:48Z,2022-11-04T02:07:48Z,2,2
76b20010-c318-5754-4e0a-905b06c23c8d,76b20010-c318-5754-8c85-983aa538522f,3286f75c-b57b-3ec1-8adc-56c3ed975dae,df166300-5a78-3502-a46a-832842197811,,20,20,314529007,,,,,,,,,76b20010-c318-5754-2422-0969cb19944f,2023-12-01T01:52:48Z,2023-12-01T01:52:48Z,3286f75c-b57b-3ec1-8adc-56c3ed975dae,CLOSED,CLOSED,CLOSED,0,0,0,2023-12-01T02:28:42Z,2023-12-01T02:28:42Z,2023-12-01T02:28:42Z,1,1
76b20010-c318-5754-feb2-bcbef0003bcc,76b20010-c318-5754-8c85-983aa538522f,66ad092c-db46-363e-ae75-a54add99a69f,df166300-5a78-3502-a46a-832842197811,,1,1,72892002,72892002,19169002,156073000,,,,,,76b20010-c318-5754-2934-0ff857c1fd66,2025-10-17T01:52:48Z,2025-10-17T01:52:48Z,66ad092c-db46-363e-ae75-a54add99a69f,CLOSED,CLOSED,CLOSED,0,0,0,2025-10-17T02:07:48Z,2025-10-17T02:07:48Z,2025-10-17T02:07:48Z,2,2
76b20010-c318-5754-431a-18fb5bdd2a37,76b20010-c318-5754-8c85-983aa538522f,66ad092c-db46-363e-ae75-a54add99a69f,df166300-5a78-3502-a46a-832842197811,,1,1,156073000,,,,,,,,,76b20010-c318-5754-1f69-a279309076c8,2025-11-05T01:52:48Z,2025-11-05T01:52:48Z,66ad092c-db46-363e-ae75-a54add99a69f,CLOSED,CLOSED,CLOSED,0,0,0,2025-11-05T02:07:48Z,2025-11-05T02:07:48Z,2025-11-05T02:07:48Z,2,2
76b20010-c318-5754-d3fe-8085cb52cf0b,76b20010-c318-5754-8c85-983aa538522f,66ad092c-db46-363e-ae75-a54add99a69f,df166300-5a78-3502-a46a-832842197811,,1,1,72892002,72892002,,,,,,,,76b20010-c318-5754-aea6-fc460533a030,2026-02-27T01:52:48Z,2026-02-27T01:52:48Z,66ad092c-db46-363e-ae75-a54add99a69f,CLOSED,CLOSED,CLOSED,0,0,0,2026-02-27T02:07:48Z,2026-02-27T02:07:48Z,2026-02-27T02:07:48Z,2,2
76b20010-c318-5754-1857-1e51e6c2f993,76b20010-c318-5754-8c85-983aa538522f,66ad092c-db46-363e-ae75-a54add99a69f,df166300-5a78-3502-a46a-832842197811,,1,1,72892002,,,,,,,,,76b20010-c318-5754-f918-90ca7845ff29,2026-02-27T01:52:48Z,2026-03-27T01:52:48Z,66ad092c-db46-363e-ae75-a54add99a69f,CLOSED,CLOSED,CLOSED,0,0,0,2026-03-27T02:07:48Z,2026-03-27T02:07:48Z,2026-03-27T02:07:48Z,2,2
76b20010-c318-5754-40c3-7708dd1782df,76b20010-c318-5754-8c85-983aa538522f,66ad092c-db46-363e-ae75-a54add99a69f,df166300-5a78-3502-a46a-832842197811,,1,1,72892002,,,,,,,,,76b20010-c318-5754-0a98-918bba1d90b9,2026-02-27T01:52:48Z,2026-04-24T01:52:48Z,66ad092c-db46-363e-ae75-a54add99a69f,CLOSED,CLOSED,CLOSED,0,0,0,2026-04-24T02:07:48Z,2026-04-24T02:07:48Z,2026-04-24T02:07:48Z,2,2
76b20010-c318-5754-4884-fd55c514aa45,76b20010-c318-5754-8c85-983aa538522f,66ad092c-db46-363e-ae75-a54add99a69f,df166300-5a78-3502-a46a-832842197811,,1,1,72892002,,,,,,,,,76b20010-c318-5754-bb30-2211c551abff,2026-02-27T01:52:48Z,2026-05-22T01:52:48Z,66ad092c-db46-363e-ae75-a54add99a69f,CLOSED,CLOSED,CLOSED,0,0,0,2026-05-22T02:07:48Z,2026-05-22T02:07:48Z,2026-05-22T02:07:48Z,2,2
76b20010-c318-5754-2941-d424884c13b3,76b20010-c318-5754-8c85-983aa538522f,66ad092c-db46-363e-ae75-a54add99a69f,df166300-5a78-3502-a46a-832842197811,,1,1,72892002,,,,,,,,,76b20010-c318-5754-e91d-34eebacc10cf,2026-02-27T01:52:48Z,2026-06-19T01:52:48Z,66ad092c-db46-363e-ae75-a54add99a69f,CLOSED,CLOSED,CLOSED,0,0,0,2026-06-19T02:07:48Z,2026-06-19T02:07:48Z,2026-06-19T02:07:48Z,2,2
76b20010-c318-5754-128d-5feb348ce57d,76b20010-c318-5754-8c85-983aa538522f,66ad092c-db46-363e-ae75-a54add99a69f,df166300-5a78-3502-a46a-832842197811,,1,1,72892002,,,,,,,,,76b20010-c318-5754-c938-ce4ae04bd6d9,2026-02-27T01:52:48Z,2026-07-17T01:52:48Z,66ad092c-db46-363e-ae75-a54add99a69f,CLOSED,CLOSED,CLOSED,0,0,0,2026-07-17T02:07:48Z,2026-07-17T02:07:48Z,2026-07-17T02:07:48Z,2,2
76b20010-c318-5754-fd69-3d296121a739,76b20010-c318-5754-8c85-983aa538522f,66ad092c-db46-363e-ae75-a54add99a69f,df166300-5a78-3502-a46a-832842197811,,1,1,72892002,398254007,,,,,,,,76b20010-c318-5754-9c35-629a41daaf7b,2026-02-27T01:52:48Z,2026-08-14T01:52:48Z,66ad092c-db46-363e-ae75-a54add99a69f,CLOSED,CLOSED,CLOSED,0,0,0,2026-08-14T02:07:48Z,2026-08-14T02:07:48Z,2026-08-14T02:07:48Z,2,2
76b20010-c318-5754-6915-734e484cb508,76b20010-c318-5754-8c85-983aa538522f,66ad092c-db46-363e-ae75-a54add99a69f,df166300-5a78-3502-a46a-832842197811,,1,1,72892002,,,,,,,,,76b20010-c318-5754-df8c-8752c76c8b35,2026-02-27T01:52:48Z,2026-09-11T01:52:48Z,66ad092c-db46-363e-ae75-a54add99a69f,CLOSED,CLOSED,CLOSED,0,0,0,2026-09-11T02:07:48Z,2026-09-11T02:07:48Z,2026-09-11T02:07:48Z,2,2
c86c400e-ff88-a1e3-f7c1-7808f89b2c4d,c86c400e-ff88-a1e3-2e23-caa4d8311f47,4cc7e5fb-e2ac-343d-a192-99af23feee33,,,1,1,103697008,234949000,,,,,,,,c86c400e-ff88-a1e3-2b32-ea8a78a86949,1999-01-30T19:18:57Z,1999-01-30T19:18:57Z,4cc7e5fb-e2ac-343d-a192-99af23feee33,CLOSED,CLOSED,CLOSED,0,0,0,1999-01-30T19:51:19Z,1999-01-30T19:51:19Z,1999-01-30T19:51:19Z,2,2
c86c400e-ff88-a1e3-1b16-6de5f84189fb,c86c400e-ff88-a1e3-2e23-caa4d8311f47,bf84829b-f1be-3b2d-b563-405cc1c4a017,,,20,20,224299000,266934004,,,,,,,,c86c400e-ff88-a1e3-e143-b9412748da6d,2004-02-14T19:18:57Z,2004-02-14T19:18:57Z,bf84829b-f1be-3b2d-b563-405cc1c4a017,CLOSED,CLOSED,CLOSED,0,0,0,2004-02-14T19:57:53Z,2004-02-14T19:57:53Z,2004-02-14T19:57:53Z,1,1
c86c400e-ff88-a1e3-d0d0-bb14b7af8384,c86c400e-ff88-a1e3-2e23-caa4d8311f47,4cc7e5fb-e2ac-343d-a192-99af23feee33,8fa6c185-e44e-3e34-8bd8-39be8694f4ce,,1,1,75498004,40055000,,,,,,,,c86c400e-ff88-a1e3-b426-de5cc8a846c4,2008-08-29T04:18:57Z,2008-08-29T04:18:57Z,4cc7e5fb-e2ac-343d-a192-99af23feee33,CLOSED,CLOSED,CLOSED,0,0,0,2008-08-29T04:33:57Z,2008-08-29T04:33:57Z,2008-08-29T04:33:57Z,2,2
c86c400e-ff88-a1e3-c8ed-23589b61d71f,c86c400e-ff88-a1e3-2e23-caa4d8311f47,bf84829b-f1be-3b2d-b563-405cc1c4a017,8fa6c185-e44e-3e34-8bd8-39be8694f4ce,,20,20,59621000,713458007,,,,,,,,c86c400e-ff88-a1e3-e930-9dc8f9395da0,2011-02-26T19:18:57Z,2011-02-26T19:18:57Z,bf84829b-f1be-3b2d-b563-405cc1c4a017,CLOSED,CLOSED,CLOSED,0,0,0,2011-02-26T19:54:40Z,2011-02-26T19:54:40Z,2011-02-26T19:54:40Z,1,1
c86c400e-ff88-a1e3-096a-bdac03ae2193,c86c400e-ff88-a1e3-2e23-caa4d8311f47,4cc7e5fb-e2ac-343d-a192-99af23feee33,8fa6c185-e44e-3e34-8bd8-39be8694f4ce,,3,3,183996000,267020005,,,,,,,,c86c400e-ff88-a1e3-4e27-8f7f45b164d5,2012-01-02T20:17:46Z,2012-01-02T20:17:46Z,4cc7e5fb-e2ac-343d-a192-99af23feee33,CLOSED,CLOSED,CLOSED,0,0,0,2012-01-03T20:17:46Z,2012-01-03T20:17:46Z,2012-01-03T20:17:46Z,2,2
c86c400e-ff88-a1e3-89cc-d7a28301216b,c86c400e-ff88-a1e3-2e23-caa4d8311f47,4cc7e5fb-e2ac-343d-a192-99af23feee33,734afbd6-4794-363b-9bc0-6a3981533ed5,,2,2,82423001,82423001,427419006,,,,,,,c86c400e-ff88-a1e3-c54f-a5019100f939,2014-02-03T19:18:57Z,2014-02-03T19:18:57Z,4cc7e5fb-e2ac-343d-a192-99af23feee33,CLOSED,CLOSED,CLOSED,0,0,0,2014-02-03T19:33:57Z,2014-02-03T19:33:57Z,2014-02-03T19:33:57Z,2,2
c86c400e-ff88-a1e3-f1ff-1b3e3229c5c6,c86c400e-ff88-a1e3-2e23-caa4d8311f47,7c19e4ec-c781-3899-b692-776829b4a172,734afbd6-4794-363b-9bc0-6a3981533ed5,,4,4,80967001,,,,,,,,,c86c400e-ff88-a1e3-8c42-0173b2407bd5,2019-02-09T19:31:25Z,2019-02-09T19:31:25Z,7c19e4ec-c781-3899-b692-776829b4a172,CLOSED,CLOSED,CLOSED,0,0,0,2019-02-09T20:31:25Z,2019-02-09T20:31:25Z,2019-02-09T20:31:25Z,1,1
c86c400e-ff88-a1e3-382d-f341e2be72af,c86c400e-ff88-a1e3-2e23-caa4d8311f47,bf84829b-f1be-3b2d-b563-405cc1c4a017,734afbd6-4794-363b-9bc0-6a3981533ed5,,20,20,431856006,127013003,90781000119102,,,,,,,c86c400e-ff88-a1e3-afa9-14e7d4962158,2020-04-18T19:18:57Z,2020-04-18T19:18:57Z,bf84829b-f1be-3b2d-b563-405cc1c4a017,CLOSED,CLOSED,CLOSED,0,0,0,2020-04-18T19:50:15Z,2020-04-18T19:50:15Z,2020-04-18T19:50:15Z,1,1
c86c400e-ff88-a1e3-0e47-a7d804e44806,c86c400e-ff88-a1e3-2e23-caa4d8311f47,84aa5ae9-3636-395a-9791-9babf5235355,734afbd6-4794-363b-9bc0-6a3981533ed5,,5,5,314529007,73438004,,,,,,,,c86c400e-ff88-a1e3-3ee0-7ef06b756463,2021-06-05T19:18:57Z,2021-06-05T19:18:57Z,84aa5ae9-3636-395a-9791-9babf5235355,CLOSED,CLOSED,CLOSED,0,0,0,2021-06-05T20:15:32Z,2021-06-05T20:15:32Z,2021-06-05T20:15:32Z,1,1
c86c400e-ff88-a1e3-49e2-ec514bffe25a,c86c400e-ff88-a1e3-2e23-caa4d8311f47,84aa5ae9-3636-395a-9791-9babf5235355,734afbd6-4794-363b-9bc0-6a3981533ed5,,5,5,314529007,73438004,,,,,,,,c86c400e-ff88-a1e3-3ee0-7ef06b756463,2021-06-05T19:18:57Z,2021-06-05T19:18:57Z,84aa5ae9-3636-395a-9791-9babf5235355,CLOSED,CLOSED,CLOSED,0,0,0,2021-06-05T20:15:32Z,2021-06-05T20:15:32Z,2021-06-05T20:15:32Z,1,1
c86c400e-ff88-a1e3-f8f1-efa4d4bcbf58,c86c400e-ff88-a1e3-2e23-caa4d8311f47,84aa5ae9-3636-395a-9791-9babf5235355,734afbd6-4794-363b-9bc0-6a3981533ed5,,5,5,314529007,73438004,,,,,,,,c86c400e-ff88-a1e3-3ee0-7ef06b756463,2021-06-05T19:18:57Z,2021-06-05T19:18:57Z,84aa5ae9-3636-395a-9791-9babf5235355,CLOSED,CLOSED,CLOSED,0,0,0,2021-06-05T20:15:32Z,2021-06-05T20:15:32Z,2021-06-05T20:15:32Z,1,1
c86c400e-ff88-a1e3-c55a-f92e7cc42b89,c86c400e-ff88-a1e3-2e23-caa4d8311f47,bf84829b-f1be-3b2d-b563-405cc1c4a017,734afbd6-4794-363b-9bc0-6a3981533ed5,,20,20,741062008,423315002,,,,,,,,c86c400e-ff88-a1e3-d8b7-9d73aa799e30,2022-04-30T19:18:57Z,2022-04-30T19:18:57Z,bf84829b-f1be-3b2d-b563-405cc1c4a017,CLOSED,CLOSED,CLOSED,0,0,0,2022-04-30T20:18:10Z,2022-04-30T20:18:10Z,2022-04-30T20:18:10Z,1,1
c86c400e-ff88-a1e3-3838-67d1d0135638,c86c400e-ff88-a1e3-2e23-caa4d8311f47,bf84829b-f1be-3b2d-b563-405cc1c4a017,734afbd6-4794-363b-9bc0-6a3981533ed5,,20,20,741062008,423315002,,,,,,,,c86c400e-ff88-a1e3-d8b7-9d73aa799e30,2022-04-30T19:18:57Z,2022-04-30T19:18:57Z,bf84829b-f1be-3b2d-b563-405cc1c4a017,CLOSED,CLOSED,CLOSED,0,0,0,2022-04-30T20:18:10Z,2022-04-30T20:18:10Z,2022-04-30T20:18:10Z,1,1
c86c400e-ff88-a1e3-7baf-b0046967baf9,c86c400e-ff88-a1e3-2e23-caa4d8311f47,bf84829b-f1be-3b2d-b563-405cc1c4a017,734afbd6-4794-363b-9bc0-6a3981533ed5,,20,20,741062008,423315002,,,,,,,,c86c400e-ff88-a1e3-d8b7-9d73aa799e30,2022-04-30T19:18:57Z,2022-04-30T19:18:57Z,bf84829b-f1be-3b2d-b563-405cc1c4a017,CLOSED,CLOSED,CLOSED,0,0,0,2022-04-30T20:18:10Z,2022-04-30T20:18:10Z,2022-04-30T20:18:10Z,1,1
c86c400e-ff88-a1e3-02fd-c16fdc23430c,c86c400e-ff88-a1e3-2e23-caa4d8311f47,84aa5ae9-3636-395a-9791-9babf5235355,734afbd6-4794-363b-9bc0-6a3981533ed5,,5,5,702927004,,,,,,,,,c86c400e-ff88-a1e3-8cc7-24349aef6408,2022-05-07T19:18:57Z,2022-05-07T19:18:57Z,84aa5ae9-3636-395a-9791-9babf5235355,CLOSED,CLOSED,CLOSED,0,0,0,2022-05-07T19:33:57Z,2022-05-07T19:33:57Z,2022-05-07T19:33:57Z,1,1
c86c400e-ff88-a1e3-c727-e4be18eb8c5e,c86c400e-ff88-a1e3-2e23-caa4d8311f47,84aa5ae9-3636-395a-9791-9babf5235355,734afbd6-4794-363b-9bc0-6a3981533ed5,,5,5,702927004,,,,,,,,,c86c400e-ff88-a1e3-8cc7-24349aef6408,2022-05-07T19:18:57Z,2022-05-07T19:18:57Z,84aa5ae9-3636-395a-9791-9babf5235355,CLOSED,CLOSED,CLOSED,0,0,0,2022-05-07T19:33:57Z,2022-05-07T19:33:57Z,2022-05-07T19:33:57Z,1,1
c86c400e-ff88-a1e3-0f37-788d3ceebfca,c86c400e-ff88-a1e3-2e23-caa4d8311f47,84aa5ae9-3636-395a-9791-9babf5235355,734afbd6-4794-363b-9bc0-6a3981533ed5,,5,5,702927004,,,,,,,,,c86c400e-ff88-a1e3-8cc7-24349aef6408,2022-05-07T19:18:57Z,2022-05-07T19:18:57Z,84aa5ae9-3636-395a-9791-9babf5235355,CLOSED,CLOSED,CLOSED,0,0,0,2022-05-07T19:33:57Z,2022-05-07T19:33:57Z,2022-05-07T19:33:57Z,1,1
c86c400e-ff88-a1e3-8e9b-05716e15eed7,c86c400e-ff88-a1e3-2e23-caa4d8311f47,4cc7e5fb-e2ac-343d-a192-99af23feee33,734afbd6-4794-363b-9bc0-6a3981533ed5,,2,2,160903007,73595000,66383009,,,,,,,c86c400e-ff88-a1e3-dc22-c532cab848ad,2022-08-27T19:18:57Z,2022-08-27T19:18:57Z,4cc7e5fb-e2ac-343d-a192-99af23feee33,CLOSED,CLOSED,CLOSED,0,0,0,2022-08-27T20:13:03Z,2022-08-27T20:13:03Z,2022-08-27T20:13:03Z,2,2
c86c400e-ff88-a1e3-bee6-d46cc7ecfbab,c86c400e-ff88-a1e3-2e23-caa4d8311f47,4cc7e5fb-e2ac-343d-a192-99af23feee33,734afbd6-4794-363b-9bc0-6a3981533ed5,,2,2,160903007,73595000,66383009,,,,,,,c86c400e-ff88-a1e3-dc22-c532cab848ad,2022-08-27T19:18:57Z,2022-08-27T19:18:57Z,4cc7e5fb-e2ac-343d-a192-99af23feee33,CLOSED,CLOSED,CLOSED,0,0,0,2022-08-27T20:13:03Z,2022-08-27T20:13:03Z,2022-08-27T20:13:03Z,2,2
c86c400e-ff88-a1e3-377a-99b3e38dde71,c86c400e-ff88-a1e3-2e23-caa4d8311f47,4cc7e5fb-e2ac-343d-a192-99af23feee33,734afbd6-4794-363b-9bc0-6a3981533ed5,,2,2,160903007,73595000,66383009,,,,,,,c86c400e-ff88-a1e3-dc22-c532cab848ad,2022-08-27T19:18:57Z,2022-08-27T19:18:57Z,4cc7e5fb-e2ac-343d-a192-99af23feee33,CLOSED,CLOSED,CLOSED,0,0,0,2022-08-27T20:13:03Z,2022-08-27T20:13:03Z,2022-08-27T20:13:03Z,2,2
c86c400e-ff88-a1e3-6628-ca0c1ff22adf,c86c400e-ff88-a1e3-2e23-caa4d8311f47,4cc7e5fb-e2ac-343d-a192-99af23feee33,734afbd6-4794-363b-9bc0-6a3981533ed5,,1,1,66383009,5689008,,,,,,,,c86c400e-ff88-a1e3-b45a-441182d957ea,2022-09-10T19:18:57Z,2022-09-10T19:18:57Z,4cc7e5fb-e2ac-343d-a192-99af23feee33,CLOSED,CLOSED,CLOSED,0,0,0,2022-09-10T21:51:07Z,2022-09-10T21:51:07Z,2022-09-10T21:51:07Z,2,2
c86c400e-ff88-a1e3-aaf5-a424a6c16bfa,c86c400e-ff88-a1e3-2e23-caa4d8311f47,bf84829b-f1be-3b2d-b563-405cc1c4a017,0133f751-9229-3cfd-815f-b6d4979bdd6a,,20,20,314529007,162864005,160904001,66383009,,,,,,c86c400e-ff88-a1e3-500e-f04c1f936226,2023-05-06T19:18:57Z,2023-05-06T19:18:57Z,bf84829b-f1be-3b2d-b563-405cc1c4a017,CLOSED,CLOSED,CLOSED,0,0,0,2023-05-06T19:55:46Z,2023-05-06T19:55:46Z,2023-05-06T19:55:46Z,1,1
c86c400e-ff88-a1e3-2b64-2557cbc5f664,c86c400e-ff88-a1e3-2e23-caa4d8311f47,bf84829b-f1be-3b2d-b563-405cc1c4a017,0133f751-9229-3cfd-815f-b6d4979bdd6a,,20,20,314529007,162864005,160904001,66383009,,,,,,c86c400e-ff88-a1e3-500e-f04c1f936226,2023-05-06T19:18:57Z,2023-05-06T19:18:57Z,bf84829b-f1be-3b2d-b563-405cc1c4a017,CLOSED,CLOSED,CLOSED,0,0,0,2023-05-06T19:55:46Z,2023-05-06T19:55:46Z,2023-05-06T19:55:46Z,1,1
c86c400e-ff88-a1e3-c63a-737fedf99b4d,c86c400e-ff88-a1e3-2e23-caa4d8311f47,bf84829b-f1be-3b2d-b563-405cc1c4a017,0133f751-9229-3cfd-815f-b6d4979bdd6a,,20,20,314529007,162864005,160904001,66383009,,,,,,c86c400e-ff88-a1e3-500e-f04c1f936226,2023-05-06T19:18:57Z,2023-05-06T19:18:57Z,bf84829b-f1be-3b2d-b563-405cc1c4a017,CLOSED,CLOSED,CLOSED,0,0,0,2023-05-06T19:55:46Z,2023-05-06T19:55:46Z,2023-05-06T19:55:46Z,1,1
c86c400e-ff88-a1e3-3e0f-672cf3d199b9,c86c400e-ff88-a1e3-2e23-caa4d8311f47,4cc7e5fb-e2ac-343d-a192-99af23feee33,0133f751-9229-3cfd-815f-b6d4979bdd6a,,1,1,66383009,,,,,,,,,c86c400e-ff88-a1e3-926d-42d5ca6fc30c,2023-05-20T19:18:57Z,2023-05-20T19:18:57Z,4cc7e5fb-e2ac-343d-a192-99af23feee33,CLOSED,CLOSED,CLOSED,0,0,0,2023-05-20T19:51:49Z,2023-05-20T19:51:49Z,2023-05-20T19:51:49Z,2,2
c86c400e-ff88-a1e3-ddf9-a6821eb539ed,c86c400e-ff88-a1e3-2e23-caa4d8311f47,bf84829b-f1be-3b2d-b563-405cc1c4a017,0133f751-9229-3cfd-815f-b6d4979bdd6a,,20,20,314529007,741062008,73595000,10939881000119105,,,,,,c86c400e-ff88-a1e3-e544-a67060af7659,2024-05-11T19:18:57Z,2024-05-11T19:18:57Z,bf84829b-f1be-3b2d-b563-405cc1c4a017,CLOSED,CLOSED,CLOSED,0,0,0,2024-05-11T20:08:03Z,2024-05-11T20:08:03Z,2024-05-11T20:08:03Z,1,1
c86c400e-ff88-a1e3-bb13-4efd9ccca622,c86c400e-ff88-a1e3-2e23-caa4d8311f47,bf84829b-f1be-3b2d-b563-405cc1c4a017,0133f751-9229-3cfd-815f-b6d4979bdd6a,,20,20,314529007,741062008,73595000,10939881000119105,,,,,,c86c400e-ff88-a1e3-e544-a67060af7659,2024-05-11T19:18:57Z,2024-05-11T19:18:57Z,bf84829b-f1be-3b2d-b563-405cc1c4a017,CLOSED,CLOSED,CLOSED,0,0,0,2024-05-11T20:08:03Z,2024-05-11T20:08:03Z,2024-05-11T20:08:03Z,1,1
c86c400e-ff88-a1e3-90d9-bac9b9d8b2e8,c86c400e-ff88-a1e3-2e23-caa4d8311f47,bf84829b-f1be-3b2d-b563-405cc1c4a017,0133f751-9229-3cfd-815f-b6d4979bdd6a,,20,20,314529007,741062008,73595000,10939881000119105,,,,,,c86c400e-ff88-a1e3-e544-a67060af7659,2024-05-11T19:18:57Z,2024-05-11T19:18:57Z,bf84829b-f1be-3b2d-b563-405cc1c4a017,CLOSED,CLOSED,CLOSED,0,0,0,2024-05-11T20:08:03Z,2024-05-11T20:08:03Z,2024-05-11T20:08:03Z,1,1
c86c400e-ff88-a1e3-8bde-422147a35902,c86c400e-ff88-a1e3-2e23-caa4d8311f47,4cc7e5fb-e2ac-343d-a192-99af23feee33,0133f751-9229-3cfd-815f-b6d4979bdd6a,,2,2,160903007,706893006,,,,,,,,c86c400e-ff88-a1e3-50d8-a85851ff5ba0,2024-08-17T19:18:57Z,2024-08-17T19:18:57Z,4cc7e5fb-e2ac-343d-a192-99af23feee33,CLOSED,CLOSED,CLOSED,0,0,0,2024-08-17T20:11:01Z,2024-08-17T20:11:01Z,2024-08-17T20:11:01Z,2,2
c86c400e-ff88-a1e3-df96-da361874cb51,c86c400e-ff88-a1e3-2e23-caa4d8311f47,4cc7e5fb-e2ac-343d-a192-99af23feee33,0133f751-9229-3cfd-815f-b6d4979bdd6a,,2,2,160903007,706893006,,,,,,,,c86c400e-ff88-a1e3-50d8-a85851ff5ba0,2024-08-17T19:18:57Z,2024-08-17T19:18:57Z,4cc7e5fb-e2ac-343d-a192-99af23feee33,CLOSED,CLOSED,CLOSED,0,0,0,2024-08-17T20:11:01Z,2024-08-17T20:11:01Z,2024-08-17T20:11:01Z,2,2
c86c400e-ff88-a1e3-e414-92e48f5cdce1,c86c400e-ff88-a1e3-2e23-caa4d8311f47,4cc7e5fb-e2ac-343d-a192-99af23feee33,0133f751-9229-3cfd-815f-b6d4979bdd6a,,2,2,160903007,706893006,,,,,,,,c86c400e-ff88-a1e3-50d8-a85851ff5ba0,2024-08-17T19:18:57Z,2024-08-17T19:18:57Z,4cc7e5fb-e2ac-343d-a192-99af23feee33,CLOSED,CLOSED,CLOSED,0,0,0,2024-08-17T20:11:01Z,2024-08-17T20:11:01Z,2024-08-17T20:11:01Z,2,2
c86c400e-ff88-a1e3-738d-4beccfa62ba7,c86c400e-ff88-a1e3-2e23-caa4d8311f47,4cc7e5fb-e2ac-343d-a192-99af23feee33,0133f751-9229-3cfd-815f-b6d4979bdd6a,,1,1,103697008,,,,,,,,,c86c400e-ff88-a1e3-5063-7e614a48f625,2024-08-31T19:18:57Z,2024-08-31T19:18:57Z,4cc7e5fb-e2ac-343d-a192-99af23feee33,CLOSED,CLOSED,CLOSED,0,0,0,2024-08-31T21:02:25Z,2024-08-31T21:02:25Z,2024-08-31T21:02:25Z,2,2
c86c400e-ff88-a1e3-8733-f546d38e8cdf,c86c400e-ff88-a1e3-2e23-caa4d8311f47,4cc7e5fb-e2ac-343d-a192-99af23feee33,0133f751-9229-3cfd-815f-b6d4979bdd6a,,2,2,185349003,,,,,,,,,c86c400e-ff88-a1e3-ff8a-073614fbb7fb,2024-12-14T19:18:57Z,2024-12-14T19:18:57Z,4cc7e5fb-e2ac-343d-a192-99af23feee33,CLOSED,CLOSED,CLOSED,0,0,0,2024-12-14T20:12:22Z,2024-12-14T20:12:22Z,2024-12-14T20:12:22Z,2,2
c86c400e-ff88-a1e3-5024-fae3d53faf28,c86c400e-ff88-a1e3-2e23-caa4d8311f47,4cc7e5fb-e2ac-343d-a192-99af23feee33,0133f751-9229-3cfd-815f-b6d4979bdd6a,,2,2,185349003,,,,,,,,,c86c400e-ff88-a1e3-ff8a-073614fbb7fb,2024-12-14T19:18:57Z,2024-12-14T19:18:57Z,4cc7e5fb-e2ac-343d-a192-99af23feee33,CLOSED,CLOSED,CLOSED,0,0,0,2024-12-14T20:12:22Z,2024-12-14T20:12:22Z,2024-12-14T20:12:22Z,2,2
c86c400e-ff88-a1e3-2917-86bca5944799,c86c400e-ff88-a1e3-2e23-caa4d8311f47,4cc7e5fb-e2ac-343d-a192-99af23feee33,0133f751-9229-3cfd-815f-b6d4979bdd6a,,2,2,185349003,,,,,,,,,c86c400e-ff88-a1e3-ff8a-073614fbb7fb,2024-12-14T19:18:57Z,2024-12-14T19:18:57Z,4cc7e5fb-e2ac-343d-a192-99af23feee33,CLOSED,CLOSED,CLOSED,0,0,0,2024-12-14T20:12:22Z,2024-12-14T20:12:22Z,2024-12-14T20:12:22Z,2,2
c86c400e-ff88-a1e3-31ec-39f5d60c9322,c86c400e-ff88-a1e3-2e23-caa4d8311f47,7c19e4ec-c781-3899-b692-776829b4a172,0133f751-9229-3cfd-815f-b6d4979bdd6a,,4,4,314529007,,,,,,,,,c86c400e-ff88-a1e3-2a52-59c899d429cd,2025-02-08T19:18:57Z,2025-02-08T19:18:57Z,7c19e4ec-c781-3899-b692-776829b4a172,CLOSED,CLOSED,CLOSED,0,0,0,2025-02-08T20:18:57Z,2025-02-08T20:18:57Z,2025-02-08T20:18:57Z,1,1
c86c400e-ff88-a1e3-f49e-d9ae881f434e,c86c400e-ff88-a1e3-2e23-caa4d8311f47,7c19e4ec-c781-3899-b692-776829b4a172,0133f751-9229-3cfd-815f-b6d4979bdd6a,,4,4,314529007,,,,,,,,,c86c400e-ff88-a1e3-2a52-59c899d429cd,2025-02-08T19:18:57Z,2025-02-08T19:18:57Z,7c19e4ec-c781-3899-b692-776829b4a172,CLOSED,CLOSED,CLOSED,0,0,0,2025-02-08T20:18:57Z,2025-02-08T20:18:57Z,2025-02-08T20:18:57Z,1,1
c86c400e-ff88-a1e3-cb5a-79e548c27041,c86c400e-ff88-a1e3-2e23-caa4d8311f47,7c19e4ec-c781-3899-b692-776829b4a172,0133f751-9229-3cfd-815f-b6d4979bdd6a,,4,4,314529007,,,,,,,,,c86c400e-ff88-a1e3-2a52-59c899d429cd,2025-02-08T19:18:57Z,2025-02-08T19:18:57Z,7c19e4ec-c781-3899-b692-776829b4a172,CLOSED,CLOSED,CLOSED,0,0,0,2025-02-08T20:18:57Z,2025-02-08T20:18:57Z,2025-02-08T20:18:57Z,1,1
c86c400e-ff88-a1e3-7e1b-697320e4b3e1,c86c400e-ff88-a1e3-2e23-caa4d8311f47,84aa5ae9-3636-395a-9791-9babf5235355,0133f751-9229-3cfd-815f-b6d4979bdd6a,,5,5,314529007,,,,,,,,,c86c400e-ff88-a1e3-457d-927a8875192c,2025-02-15T19:18:57Z,2025-02-15T19:18:57Z,84aa5ae9-3636-395a-9791-9babf5235355,CLOSED,CLOSED,CLOSED,0,0,0,2025-02-15T19:33:57Z,2025-02-15T19:33:57Z,2025-02-15T19:33:57Z,1,1
c86c400e-ff88-a1e3-835f-aa344f2b806d,c86c400e-ff88-a1e3-2e23-caa4d8311f47,84aa5ae9-3636-395a-9791-9babf5235355,0133f751-9229-3cfd-815f-b6d4979bdd6a,,5,5,314529007,,,,,,,,,c86c400e-ff88-a1e3-457d-927a8875192c,2025-02-15T19:18:57Z,2025-02-15T19:18:57Z,84aa5ae9-3636-395a-9791-9babf5235355,CLOSED,CLOSED,CLOSED,0,0,0,2025-02-15T19:33:57Z,2025-02-15T19:33:57Z,2025-02-15T19:33:57Z,1,1
c86c400e-ff88-a1e3-8250-e894748737d6,c86c400e-ff88-a1e3-2e23-caa4d8311f47,84aa5ae9-3636-395a-9791-9babf5235355,0133f751-9229-3cfd-815f-b6d4979bdd6a,,5,5,314529007,,,,,,,,,c86c400e-ff88-a1e3-457d-927a8875192c,2025-02-15T19:18:57Z,2025-02-15T19:18:57Z,84aa5ae9-3636-395a-9791-9babf5235355,CLOSED,CLOSED,CLOSED,0,0,0,2025-02-15T19:33:57Z,2025-02-15T19:33:57Z,2025-02-15T19:33:57Z,1,1
c86c400e-ff88-a1e3-58d8-64307332d330,c86c400e-ff88-a1e3-2e23-caa4d8311f47,84aa5ae9-3636-395a-9791-9babf5235355,0133f751-9229-3cfd-815f-b6d4979bdd6a,,5,5,160904001,73595000,424393004,,,,,,,c86c400e-ff88-a1e3-e9e9-4d401f1e11fb,2025-02-22T19:18:57Z,2025-02-22T19:18:57Z,84aa5ae9-3636-395a-9791-9babf5235355,CLOSED,CLOSED,CLOSED,0,0,0,2025-02-22T20:06:02Z,2025-02-22T20:06:02Z,2025-02-22T20:06:02Z,1,1
c86c400e-ff88-a1e3-9a4c-c30fe5c00b93,c86c400e-ff88-a1e3-2e23-caa4d8311f47,84aa5ae9-3636-395a-9791-9babf5235355,0133f751-9229-3cfd-815f-b6d4979bdd6a,,5,5,160904001,73595000,424393004,,,,,,,c86c400e-ff88-a1e3-e9e9-4d401f1e11fb,2025-02-22T19:18:57Z,2025-02-22T19:18:57Z,84aa5ae9-3636-395a-9791-9babf5235355,CLOSED,CLOSED,CLOSED,0,0,0,2025-02-22T20:06:02Z,2025-02-22T20:06:02Z,2025-02-22T20:06:02Z,1,1
c86c400e-ff88-a1e3-1a9b-aeb80948c948,c86c400e-ff88-a1e3-2e23-caa4d8311f47,84aa5ae9-3636-395a-9791-9babf5235355,0133f751-9229-3cfd-815f-b6d4979bdd6a,,5,5,160904001,73595000,424393004,,,,,,,c86c400e-ff88-a1e3-e9e9-4d401f1e11fb,2025-02-22T19:18:57Z,2025-02-22T19:18:57Z,84aa5ae9-3636-395a-9791-9babf5235355,CLOSED,CLOSED,CLOSED,0,0,0,2025-02-22T20:06:02Z,2025-02-22T20:06:02Z,2025-02-22T20:06:02Z,1,1
c86c400e-ff88-a1e3-ac99-3018d5189a37,c86c400e-ff88-a1e3-2e23-caa4d8311f47,4cc7e5fb-e2ac-343d-a192-99af23feee33,0133f751-9229-3cfd-815f-b6d4979bdd6a,,2,2,185349003,,,,,,,,,c86c400e-ff88-a1e3-1e63-e9ceb6b20e9d,2025-03-01T19:18:57Z,2025-03-01T19:18:57Z,4cc7e5fb-e2ac-343d-a192-99af23feee33,CLOSED,CLOSED,CLOSED,0,0,0,2025-03-01T19:33:57Z,2025-03-01T19:33:57Z,2025-03-01T19:33:57Z,2,2
c86c400e-ff88-a1e3-a1ad-bdc3b4267fba,c86c400e-ff88-a1e3-2e23-caa4d8311f47,4cc7e5fb-e2ac-343d-a192-99af23feee33,0133f751-9229-3cfd-815f-b6d4979bdd6a,,2,2,185349003,,,,,,,,,c86c400e-ff88-a1e3-1e63-e9ceb6b20e9d,2025-03-01T19:18:57Z,2025-03-01T19:18:57Z,4cc7e5fb-e2ac-343d-a192-99af23feee33,CLOSED,CLOSED,CLOSED,0,0,0,2025-03-01T19:33:57Z,2025-03-01T19:33:57Z,2025-03-01T19:33:57Z,2,2
c86c400e-ff88-a1e3-06c4-a82303f6064b,c86c400e-ff88-a1e3-2e23-caa4d8311f47,4cc7e5fb-e2ac-343d-a192-99af23feee33,0133f751-9229-3cfd-815f-b6d4979bdd6a,,2,2,185349003,,,,,,,,,c86c400e-ff88-a1e3-1e63-e9ceb6b20e9d,2025-03-01T19:18:57Z,2025-03-01T19:18:57Z,4cc7e5fb-e2ac-343d-a192-99af23feee33,CLOSED,CLOSED,CLOSED,0,0,0,2025-03-01T19:33:57Z,2025-03-01T19:33:57Z,2025-03-01T19:33:57Z,2,2
c86c400e-ff88-a1e3-af1f-ab11346a4eef,c86c400e-ff88-a1e3-2e23-caa4d8311f47,4cc7e5fb-e2ac-343d-a192-99af23feee33,0133f751-9229-3cfd-815f-b6d4979bdd6a,,1,1,103697008,,,,,,,,,c86c400e-ff88-a1e3-e322-a1a0ee38f214,2025-03-08T19:18:57Z,2025-03-08T19:18:57Z,4cc7e5fb-e2ac-343d-a192-99af23feee33,CLOSED,CLOSED,CLOSED,0,0,0,2025-03-08T20:44:11Z,2025-03-08T20:44:11Z,2025-03-08T20:44:11Z,2,2
c86c400e-ff88-a1e3-317e-b8250009c859,c86c400e-ff88-a1e3-2e23-caa4d8311f47,4cc7e5fb-e2ac-343d-a192-99af23feee33,0133f751-9229-3cfd-815f-b6d4979bdd6a,,1,1,444814009,444814009,,,,,,,,c86c400e-ff88-a1e3-b66d-65403404ab9d,2025-03-15T19:18:57Z,2025-03-15T19:18:57Z,4cc7e5fb-e2ac-343d-a192-99af23feee33,CLOSED,CLOSED,CLOSED,0,0,0,2025-03-15T19:33:57Z,2025-03-15T19:33:57Z,2025-03-15T19:33:57Z,2,2
c86c400e-ff88-a1e3-9809-27cd9c7883e9,c86c400e-ff88-a1e3-2e23-caa4d8311f47,84aa5ae9-3636-395a-9791-9babf5235355,0133f751-9229-3cfd-815f-b6d4979bdd6a,,5,5,314529007,160903007,,,,,,,,c86c400e-ff88-a1e3-6eff-d156d60023d3,2025-03-22T19:18:57Z,2025-03-22T19:18:57Z,84aa5ae9-3636-395a-9791-9babf5235355,CLOSED,CLOSED,CLOSED,0,0,0,2025-03-22T19:55:19Z,2025-03-22T19:55:19Z,2025-03-22T19:55:19Z,1,1
c86c400e-ff88-a1e3-2215-f822bd8d2e83,c86c400e-ff88-a1e3-2e23-caa4d8311f47,84aa5ae9-3636-395a-9791-9babf5235355,0133f751-9229-3cfd-815f-b6d4979bdd6a,,5,5,314529007,160903007,,,,,,,,c86c400e-ff88-a1e3-6eff-d156d60023d3,2025-03-22T19:18:57Z,2025-03-22T19:18:57Z,84aa5ae9-3636-395a-9791-9babf5235355,CLOSED,CLOSED,CLOSED,0,0,0,2025-03-22T19:55:19Z,2025-03-22T19:55:19Z,2025-03-22T19:55:19Z,1,1
c86c400e-ff88-a1e3-c6d0-319588c1d870,c86c400e-ff88-a1e3-2e23-caa4d8311f47,84aa5ae9-3636-395a-9791-9babf5235355,0133f751-9229-3cfd-815f-b6d4979bdd6a,,5,5,314529007,160903007,,,,,,,,c86c400e-ff88-a1e3-6eff-d156d60023d3,2025-03-22T19:18:57Z,2025-03-22T19:18:57Z,84aa5ae9-3636-395a-9791-9babf5235355,CLOSED,CLOSED,CLOSED,0,0,0,2025-03-22T19:55:19Z,2025-03-22T19:55:19Z,2025-03-22T19:55:19Z,1,1
c86c400e-ff88-a1e3-1552-9cb0ec62cc1b,c86c400e-ff88-a1e3-2e23-caa4d8311f47,4cc7e5fb-e2ac-343d-a192-99af23feee33,0133f751-9229-3cfd-815f-b6d4979bdd6a,,2,2,185349003,,,,,,,,,c86c400e-ff88-a1e3-dd42-0dcdba023531,2025-03-29T19:18:57Z,2025-03-29T19:18:57Z,4cc7e5fb-e2ac-343d-a192-99af23feee33,CLOSED,CLOSED,CLOSED,0,0,0,2025-03-29T19:33:57Z,2025-03-29T19:33:57Z,2025-03-29T19:33:57Z,2,2
c86c400e-ff88-a1e3-d618-7c5ccf2f3c23,c86c400e-ff88-a1e3-2e23-caa4d8311f47,4cc7e5fb-e2ac-343d-a192-99af23feee33,0133f751-9229-3cfd-815f-b6d4979bdd6a,,2,2,185349003,,,,,,,,,c86c400e-ff88-a1e3-dd42-0dcdba023531,2025-03-29T19:18:57Z,2025-03-29T19:18:57Z,4cc7e5fb-e2ac-343d-a192-99af23feee33,CLOSED,CLOSED,CLOSED,0,0,0,2025-03-29T19:33:57Z,2025-03-29T19:33:57Z,2025-03-29T19:33:57Z,2,2
c86c400e-ff88-a1e3-91fe-3a8415073e71,c86c400e-ff88-a1e3-2e23-caa4d8311f47,4cc7e5fb-e2ac-343d-a192-99af23feee33,0133f751-9229-3cfd-815f-b6d4979bdd6a,,2,2,185349003,,,,,,,,,c86c400e-ff88-a1e3-dd42-0dcdba023531,2025-03-29T19:18:57Z,2025-03-29T19:18:57Z,4cc7e5fb-e2ac-343d-a192-99af23feee33,CLOSED,CLOSED,CLOSED,0,0,0,2025-03-29T19:33:57Z,2025-03-29T19:33:57Z,2025-03-29T19:33:57Z,2,2
c86c400e-ff88-a1e3-163a-ffb328f7a068,c86c400e-ff88-a1e3-2e23-caa4d8311f47,7c19e4ec-c781-3899-b692-776829b4a172,0133f751-9229-3cfd-815f-b6d4979bdd6a,,4,4,160904001,361055000,,,,,,,,c86c400e-ff88-a1e3-329c-2f80e52308cc,2025-04-12T19:18:57Z,2025-04-12T19:18:57Z,7c19e4ec-c781-3899-b692-776829b4a172,CLOSED,CLOSED,CLOSED,0,0,0,2025-04-12T20:18:57Z,2025-04-12T20:18:57Z,2025-04-12T20:18:57Z,1,1
c86c400e-ff88-a1e3-5684-371d9521d2ce,c86c400e-ff88-a1e3-2e23-caa4d8311f47,7c19e4ec-c781-3899-b692-776829b4a172,0133f751-9229-3cfd-815f-b6d4979bdd6a,,4,4,160904001,361055000,,,,,,,,c86c400e-ff88-a1e3-329c-2f80e52308cc,2025-04-12T19:18:57Z,2025-04-12T19:18:57Z,7c19e4ec-c781-3899-b692-776829b4a172,CLOSED,CLOSED,CLOSED,0,0,0,2025-04-12T20:18:57Z,2025-04-12T20:18:57Z,2025-04-12T20:18:57Z,1,1
c86c400e-ff88-a1e3-e3fe-0d337a257181,c86c400e-ff88-a1e3-2e23-caa4d8311f47,7c19e4ec-c781-3899-b692-776829b4a172,0133f751-9229-3cfd-815f-b6d4979bdd6a,,4,4,160904001,361055000,,,,,,,,c86c400e-ff88-a1e3-329c-2f80e52308cc,2025-04-12T19:18:57Z,2025-04-12T19:18:57Z,7c19e4ec-c781-3899-b692-776829b4a172,CLOSED,CLOSED,CLOSED,0,0,0,2025-04-12T20:18:57Z,2025-04-12T20:18:57Z,2025-04-12T20:18:57Z,1,1
c86c400e-ff88-a1e3-9e90-542626de9340,c86c400e-ff88-a1e3-2e23-caa4d8311f47,bf84829b-f1be-3b2d-b563-405cc1c4a017,0133f751-9229-3cfd-815f-b6d4979bdd6a,,20,20,160903007,73595000,,,,,,,,c86c400e-ff88-a1e3-a273-ac32c2d1828a,2025-05-17T19:18:57Z,2025-05-17T19:18:57Z,bf84829b-f1be-3b2d-b563-405cc1c4a017,CLOSED,CLOSED,CLOSED,0,0,0,2025-05-17T19:55:55Z,2025-05-17T19:55:55Z,2025-05-17T19:55:55Z,1,1
c86c400e-ff88-a1e3-380f-77e6ac6cbaf3,c86c400e-ff88-a1e3-2e23-caa4d8311f47,bf84829b-f1be-3b2d-b563-405cc1c4a017,0133f751-9229-3cfd-815f-b6d4979bdd6a,,20,20,160903007,73595000,,,,,,,,c86c400e-ff88-a1e3-a273-ac32c2d1828a,2025-05-17T19:18:57Z,2025-05-17T19:18:57Z,bf84829b-f1be-3b2d-b563-405cc1c4a017,CLOSED,CLOSED,CLOSED,0,0,0,2025-05-17T19:55:55Z,2025-05-17T19:55:55Z,2025-05-17T19:55:55Z,1,1
c86c400e-ff88-a1e3-6ed9-43abfffd0d10,c86c400e-ff88-a1e3-2e23-caa4d8311f47,bf84829b-f1be-3b2d-b563-405cc1c4a017,0133f751-9229-3cfd-815f-b6d4979bdd6a,,20,20,160903007,73595000,,,,,,,,c86c400e-ff88-a1e3-a273-ac32c2d1828a,2025-05-17T19:18:57Z,2025-05-17T19:18:57Z,bf84829b-f1be-3b2d-b563-405cc1c4a017,CLOSED,CLOSED,CLOSED,0,0,0,2025-05-17T19:55:55Z,2025-05-17T19:55:55Z,2025-05-17T19:55:55Z,1,1
c86c400e-ff88-a1e3-0319-07a3d98b111a,c86c400e-ff88-a1e3-2e23-caa4d8311f47,4cc7e5fb-e2ac-343d-a192-99af23feee33,0133f751-9229-3cfd-815f-b6d4979bdd6a,,1,1,103697008,,,,,,,,,c86c400e-ff88-a1e3-2c9b-03871095dd20,2025-05-31T19:18:57Z,2025-05-31T19:18:57Z,4cc7e5fb-e2ac-343d-a192-99af23feee33,CLOSED,CLOSED,CLOSED,0,0,0,2025-05-31T21:14:49Z,2025-05-31T21:14:49Z,2025-05-31T21:14:49Z,2,2
c86c400e-ff88-a1e3-8e70-cf7febe75488,c86c400e-ff88-a1e3-2e23-caa4d8311f47,4cc7e5fb-e2ac-343d-a192-99af23feee33,0133f751-9229-3cfd-815f-b6d4979bdd6a,,2,2,80583007,,,,,,,,,c86c400e-ff88-a1e3-25c1-b89c10261cc8,2025-12-06T19:18:57Z,2025-12-06T19:18:57Z,4cc7e5fb-e2ac-343d-a192-99af23feee33,CLOSED,CLOSED,CLOSED,0,0,0,2025-12-06T19:55:17Z,2025-12-06T19:55:17Z,2025-12-06T19:55:17Z,2,2
c86c400e-ff88-a1e3-fbab-dd6854edf08f,c86c400e-ff88-a1e3-2e23-caa4d8311f47,4cc7e5fb-e2ac-343d-a192-99af23feee33,0133f751-9229-3cfd-815f-b6d4979bdd6a,,2,2,80583007,,,,,,,,,c86c400e-ff88-a1e3-25c1-b89c10261cc8,2025-12-06T19:18:57Z,2025-12-06T19:18:57Z,4cc7e5fb-e2ac-343d-a192-99af23feee33,CLOSED,CLOSED,CLOSED,0,0,0,2025-12-06T19:55:17Z,2025-12-06T19:55:17Z,2025-12-06T19:55:17Z,2,2
c86c400e-ff88-a1e3-50a4-c0dcf3aeeb2c,c86c400e-ff88-a1e3-2e23-caa4d8311f47,4cc7e5fb-e2ac-343d-a192-99af23feee33,0133f751-9229-3cfd-815f-b6d4979bdd6a,,2,2,80583007,,,,,,,,,c86c400e-ff88-a1e3-25c1-b89c10261cc8,2025-12-06T19:18:57Z,2025-12-06T19:18:57Z,4cc7e5fb-e2ac-343d-a192-99af23feee33,CLOSED,CLOSED,CLOSED,0,0,0,2025-12-06T19:55:17Z,2025-12-06T19:55:17Z,2025-12-06T19:55:17Z,2,2
c86c400e-ff88-a1e3-c44e-f693b0a7a9d0,c86c400e-ff88-a1e3-2e23-caa4d8311f47,4cc7e5fb-e2ac-343d-a192-99af23feee33,0133f751-9229-3cfd-815f-b6d4979bdd6a,,2,2,433144002,157141000119108,,,,,,,,c86c400e-ff88-a1e3-2565-ac03c9dbc83a,2026-04-04T19:18:57Z,2026-04-04T19:18:57Z,4cc7e5fb-e2ac-343d-a192-99af23feee33,CLOSED,CLOSED,CLOSED,0,0,0,2026-04-04T20:17:44Z,2026-04-04T20:17:44Z,2026-04-04T20:17:44Z,2,2
c86c400e-ff88-a1e3-aeab-ebd2c89c75a9,c86c400e-ff88-a1e3-2e23-caa4d8311f47,4cc7e5fb-e2ac-343d-a192-99af23feee33,0133f751-9229-3cfd-815f-b6d4979bdd6a,,2,2,433144002,157141000119108,,,,,,,,c86c400e-ff88-a1e3-2565-ac03c9dbc83a,2026-04-04T19:18:57Z,2026-04-04T19:18:57Z,4cc7e5fb-e2ac-343d-a192-99af23feee33,CLOSED,CLOSED,CLOSED,0,0,0,2026-04-04T20:17:44Z,2026-04-04T20:17:44Z,2026-04-04T20:17:44Z,2,2
c86c400e-ff88-a1e3-2bd8-e103a35621b0,c86c400e-ff88-a1e3-2e23-caa4d8311f47,4cc7e5fb-e2ac-343d-a192-99af23feee33,0133f751-9229-3cfd-815f-b6d4979bdd6a,,2,2,433144002,157141000119108,,,,,,,,c86c400e-ff88-a1e3-2565-ac03c9dbc83a,2026-04-04T19:18:57Z,2026-04-04T19:18:57Z,4cc7e5fb-e2ac-343d-a192-99af23feee33,CLOSED,CLOSED,CLOSED,0,0,0,2026-04-04T20:17:44Z,2026-04-04T20:17:44Z,2026-04-04T20:17:44Z,2,2
c86c400e-ff88-a1e3-8c46-e08ddb1b7a4f,c86c400e-ff88-a1e3-2e23-caa4d8311f47,bf84829b-f1be-3b2d-b563-405cc1c4a017,0133f751-9229-3cfd-815f-b6d4979bdd6a,,20,20,314529007,73438004,73595000,706893006,,,,,,c86c400e-ff88-a1e3-0329-f7202b7fc8b2,2026-05-23T19:18:57Z,2026-05-23T19:18:57Z,bf84829b-f1be-3b2d-b563-405cc1c4a017,CLOSED,CLOSED,CLOSED,0,0,0,2026-05-23T19:52:59Z,2026-05-23T19:52:59Z,2026-05-23T19:52:59Z,1,1
c86c400e-ff88-a1e3-d42f-cf9e25c40ad6,c86c400e-ff88-a1e3-2e23-caa4d8311f47,bf84829b-f1be-3b2d-b563-405cc1c4a017,0133f751-9229-3cfd-815f-b6d4979bdd6a,,20,20,314529007,73438004,73595000,706893006,,,,,,c86c400e-ff88-a1e3-0329-f7202b7fc8b2,2026-05-23T19:18:57Z,2026-05-23T19:18:57Z,bf84829b-f1be-3b2d-b563-405cc1c4a017,CLOSED,CLOSED,CLOSED,0,0,0,2026-05-23T19:52:59Z,2026-05-23T19:52:59Z,2026-05-23T19:52:59Z,1,1
c86c400e-ff88-a1e3-467d-6ff57f6a4025,c86c400e-ff88-a1e3-2e23-caa4d8311f47,bf84829b-f1be-3b2d-b563-405cc1c4a017,0133f751-9229-3cfd-815f-b6d4979bdd6a,,20,20,314529007,73438004,73595000,706893006,,,,,,c86c400e-ff88-a1e3-0329-f7202b7fc8b2,2026-05-23T19:18:57Z,2026-05-23T19:18:57Z,bf84829b-f1be-3b2d-b563-405cc1c4a017,CLOSED,CLOSED,CLOSED,0,0,0,2026-05-23T19:52:59Z,2026-05-23T19:52:59Z,2026-05-23T19:52:59Z,1,1
c86c400e-ff88-a1e3-1350-b67e3bbb8e04,c86c400e-ff88-a1e3-2e23-caa4d8311f47,4cc7e5fb-e2ac-343d-a192-99af23feee33,0133f751-9229-3cfd-815f-b6d4979bdd6a,,2,2,314529007,,,,,,,,,c86c400e-ff88-a1e3-5264-ed63345b98c3,2026-07-04T19:18:57Z,2026-07-04T19:18:57Z,4cc7e5fb-e2ac-343d-a192-99af23feee33,CLOSED,CLOSED,CLOSED,0,0,0,2026-07-04T19:53:15Z,2026-07-04T19:53:15Z,2026-07-04T19:53:15Z,2,2
c86c400e-ff88-a1e3-740a-cfa2f3b8c27e,c86c400e-ff88-a1e3-2e23-caa4d8311f47,4cc7e5fb-e2ac-343d-a192-99af23feee33,0133f751-9229-3cfd-815f-b6d4979bdd6a,,2,2,314529007,,,,,,,,,c86c400e-ff88-a1e3-5264-ed63345b98c3,2026-07-04T19:18:57Z,2026-07-04T19:18:57Z,4cc7e5fb-e2ac-343d-a192-99af23feee33,CLOSED,CLOSED,CLOSED,0,0,0,2026-07-04T19:53:15Z,2026-07-04T19:53:15Z,2026-07-04T19:53:15Z,2,2
c86c400e-ff88-a1e3-a626-22539c59c3d6,c86c400e-ff88-a1e3-2e23-caa4d8311f47,4cc7e5fb-e2ac-343d-a192-99af23feee33,0133f751-9229-3cfd-815f-b6d4979bdd6a,,2,2,314529007,,,,,,,,,c86c400e-ff88-a1e3-5264-ed63345b98c3,2026-07-04T19:18:57Z,2026-07-04T19:18:57Z,4cc7e5fb-e2ac-343d-a192-99af23feee33,CLOSED,CLOSED,CLOSED,0,0,0,2026-07-04T19:53:15Z,2026-07-04T19:53:15Z,2026-07-04T19:53:15Z,2,2
c86c400e-ff88-a1e3-16b8-42aa4d711889,c86c400e-ff88-a1e3-2e23-caa4d8311f47,4cc7e5fb-e2ac-343d-a192-99af23feee33,0133f751-9229-3cfd-815f-b6d4979bdd6a,,1,1,103697008,,,,,,,,,c86c400e-ff88-a1e3-f421-b666a68cb204,2026-07-18T19:18:57Z,2026-07-18T19:18:57Z,4cc7e5fb-e2ac-343d-a192-99af23feee33,CLOSED,CLOSED,CLOSED,0,0,0,2026-07-18T19:34:23Z,2026-07-18T19:34:23Z,2026-07-18T19:34:23Z,2,2
c86c400e-ff88-a1e3-3dca-8dcf98b7184a,c86c400e-ff88-a1e3-2e23-caa4d8311f47,4cc7e5fb-e2ac-343d-a192-99af23feee33,0133f751-9229-3cfd-815f-b6d4979bdd6a,,2,2,314529007,423315002,66383009,,,,,,,c86c400e-ff88-a1e3-270c-9b3f94573466,2026-09-05T19:18:57Z,2026-09-05T19:18:57Z,4cc7e5fb-e2ac-343d-a192-99af23feee33,CLOSED,CLOSED,CLOSED,0,0,0,2026-09-05T19:53:18Z,2026-09-05T19:53:18Z,2026-09-05T19:53:18Z,2,2
c86c400e-ff88-a1e3-cc17-442b84485031,c86c400e-ff88-a1e3-2e23-caa4d8311f47,4cc7e5fb-e2ac-343d-a192-99af23feee33,0133f751-9229-3cfd-815f-b6d4979bdd6a,,2,2,314529007,423315002,66383009,,,,,,,c86c400e-ff88-a1e3-270c-9b3f94573466,2026-09-05T19:18:57Z,2026-09-05T19:18:57Z,4cc7e5fb-e2ac-343d-a192-99af23feee33,CLOSED,CLOSED,CLOSED,0,0,0,2026-09-05T19:53:18Z,2026-09-05T19:53:18Z,2026-09-05T19:53:18Z,2,2
c86c400e-ff88-a1e3-dc85-502a82f16db6,c86c400e-ff88-a1e3-2e23-caa4d8311f47,4cc7e5fb-e2ac-343d-a192-99af23feee33,0133f751-9229-3cfd-815f-b6d4979bdd6a,,2,2,314529007,423315002,66383009,,,,,,,c86c400e-ff88-a1e3-270c-9b3f94573466,2026-09-05T19:18:57Z,2026-09-05T19:18:57Z,4cc7e5fb-e2ac-343d-a192-99af23feee33,CLOSED,CLOSED,CLOSED,0,0,0,2026-09-05T19:53:18Z,2026-09-05T19:53:18Z,2026-09-05T19:53:18Z,2,2
c86c400e-ff88-a1e3-2e8d-68c6a0b056bb,c86c400e-ff88-a1e3-2e23-caa4d8311f47,4cc7e5fb-e2ac-343d-a192-99af23feee33,0133f751-9229-3cfd-815f-b6d4979bdd6a,,1,1,66383009,,,,,,,,,c86c400e-ff88-a1e3-7f11-c9aa2d78cc1f,2026-09-05T20:57:53Z,2026-09-19T19:18:57Z,4cc7e5fb-e2ac-343d-a192-99af23feee33,CLOSED,CLOSED,CLOSED,0,0,0,2026-09-19T20:02:32Z,2026-09-19T20:02:32Z,2026-09-19T20:02:32Z,2,2
