DATE,PATIENT,ENCOUNTER,CATEGORY,CODE,DESCRIPTION,VALUE,UNITS,TYPE
2021-10-09T20:03:25Z,ba419d35-0dfe-8af7-347c-eebf02485a56,ba419d35-0dfe-8af7-6dcb-a1ab13ef92ce,social-history,82810-3,Pregnancy status,Pregnant,,text
2023-08-12T20:03:25Z,ba419d35-0dfe-8af7-347c-eebf02485a56,ba419d35-0dfe-8af7-e129-b4779d5cf14b,laboratory,4548-4,Hemoglobin A1c/Hemoglobin.total in Blood,6.3,%,numeric
2023-08-12T20:03:25Z,ba419d35-0dfe-8af7-347c-eebf02485a56,ba419d35-0dfe-8af7-e129-b4779d5cf14b,vital-signs,8302-2,Body Height,159.6,cm,numeric
2023-08-12T20:03:25Z,ba419d35-0dfe-8af7-347c-eebf02485a56,ba419d35-0dfe-8af7-e129-b4779d5cf14b,vital-signs,72514-3,Pain severity - 0-10 verbal numeric rating [Score] - Reported,2.0,{score},numeric
2023-08-12T20:03:25Z,ba419d35-0dfe-8af7-347c-eebf02485a56,ba419d35-0dfe-8af7-e129-b4779d5cf14b,vital-signs,29463-7,Body Weight,75.2,kg,numeric
2023-08-12T20:03:25Z,ba419d35-0dfe-8af7-347c-eebf02485a56,ba419d35-0dfe-8af7-e129-b4779d5cf14b,vital-signs,39156-5,Body mass index (BMI) [Ratio],29.5,kg/m2,numeric
2023-08-12T20:03:25Z,ba419d35-0dfe-8af7-347c-eebf02485a56,ba419d35-0dfe-8af7-e129-b4779d5cf14b,vital-signs,8462-4,Diastolic Blood Pressure,65.0,mm[Hg],numeric
2023-08-12T20:03:25Z,ba419d35-0dfe-8af7-347c-eebf02485a56,ba419d35-0dfe-8af7-e129-b4779d5cf14b,vital-signs,8480-6,Systolic Blood Pressure,90.0,mm[Hg],numeric
2023-08-12T20:03:25Z,ba419d35-0dfe-8af7-347c-eebf02485a56,ba419d35-0dfe-8af7-e129-b4779d5cf14b,vital-signs,8867-4,Heart rate,64.0,/min,numeric
2023-08-12T20:03:25Z,ba419d35-0dfe-8af7-347c-eebf02485a56,ba419d35-0dfe-8af7-e129-b4779d5cf14b,vital-signs,9279-1,Respiratory rate,13.0,/min,numeric
2023-08-12T20:03:25Z,ba419d35-0dfe-8af7-347c-eebf02485a56,ba419d35-0dfe-8af7-e129-b4779d5cf14b,laboratory,2339-0,Glucose [Mass/volume] in Blood,98.2,mg/dL,numeric
2023-08-12T20:03:25Z,ba419d35-0dfe-8af7-347c-eebf02485a56,ba419d35-0dfe-8af7-e129-b4779d5cf14b,laboratory,6299-2,Urea nitrogen [Mass/volume] in Blood,18.5,mg/dL,numeric
2023-08-12T20:03:25Z,ba419d35-0dfe-8af7-347c-eebf02485a56,ba419d35-0dfe-8af7-e129-b4779d5cf14b,laboratory,38483-4,Creatinine [Mass/volume] in Blood,1.3,mg/dL,numeric
2023-08-12T20:03:25Z,ba419d35-0dfe-8af7-347c-eebf02485a56,ba419d35-0dfe-8af7-e129-b4779d5cf14b,laboratory,49765-1,Calcium [Mass/volume] in Blood,9.1,mg/dL,numeric
2023-08-12T20:03:25Z,ba419d35-0dfe-8af7-347c-eebf02485a56,ba419d35-0dfe-8af7-e129-b4779d5cf14b,laboratory,2947-0,Sodium [Moles/volume] in Blood,136.6,mmol/L,numeric
2023-08-12T20:03:25Z,ba419d35-0dfe-8af7-347c-eebf02485a56,ba419d35-0dfe-8af7-e129-b4779d5cf14b,laboratory,6298-4,Potassium [Moles/volume] in Blood,4.0,mmol/L,numeric
2023-08-12T20:03:25Z,ba419d35-0dfe-8af7-347c-eebf02485a56,ba419d35-0dfe-8af7-e129-b4779d5cf14b,laboratory,2069-3,Chloride [Moles/volume] in Blood,108.1,mmol/L,numeric
2023-08-12T20:03:25Z,ba419d35-0dfe-8af7-347c-eebf02485a56,ba419d35-0dfe-8af7-e129-b4779d5cf14b,laboratory,20565-8,Carbon dioxide  total [Moles/volume] in Blood,25.2,mmol/L,numeric
2023-08-12T20:03:25Z,ba419d35-0dfe-8af7-347c-eebf02485a56,ba419d35-0dfe-8af7-e129-b4779d5cf14b,laboratory,2093-3,Cholesterol [Mass/volume] in Serum or Plasma,156.6,mg/dL,numeric
2023-08-12T20:03:25Z,ba419d35-0dfe-8af7-347c-eebf02485a56,ba419d35-0dfe-8af7-e129-b4779d5cf14b,laboratory,2571-8,Triglyceride [Mass/volume] in Serum or Plasma,110.6,mg/dL,numeric
2023-08-12T20:03:25Z,ba419d35-0dfe-8af7-347c-eebf02485a56,ba419d35-0dfe-8af7-e129-b4779d5cf14b,laboratory,18262-6,Cholesterol in LDL [Mass/volume] in Serum or Plasma by Direct assay,86.8,mg/dL,numeric
2023-08-12T20:03:25Z,ba419d35-0dfe-8af7-347c-eebf02485a56,ba419d35-0dfe-8af7-e129-b4779d5cf14b,laboratory,2085-9,Cholesterol in HDL [Mass/volume] in Serum or Plasma,47.7,mg/dL,numeric
2023-08-12T20:03:25Z,ba419d35-0dfe-8af7-347c-eebf02485a56,ba419d35-0dfe-8af7-e129-b4779d5cf14b,social-history,72166-2,Tobacco smoking status,Never smoked tobacco (finding),,text
2023-08-12T20:49:47Z,ba419d35-0dfe-8af7-347c-eebf02485a56,ba419d35-0dfe-8af7-e129-b4779d5cf14b,survey,76501-6,Within the last year  have you been afraid of your partner or ex-partner,Yes,,text
2023-08-12T20:49:47Z,ba419d35-0dfe-8af7-347c-eebf02485a56,ba419d35-0dfe-8af7-e129-b4779d5cf14b,survey,93026-3,Do you feel physically and emotionally safe where you currently live [PRAPARE],Yes,,text
2023-08-12T20:49:47Z,ba419d35-0dfe-8af7-347c-eebf02485a56,ba419d35-0dfe-8af7-e129-b4779d5cf14b,survey,93027-1,Are you a refugee,No,,text
2023-08-12T20:49:47Z,ba419d35-0dfe-8af7-347c-eebf02485a56,ba419d35-0dfe-8af7-e129-b4779d5cf14b,survey,93028-9,Have you spent more than 2 nights in a row in a jail  prison  detention center  or juvenile correctional facility in past 1 year [PRAPARE],No,,text
2023-08-12T20:49:47Z,ba419d35-0dfe-8af7-347c-eebf02485a56,ba419d35-0dfe-8af7-e129-b4779d5cf14b,survey,93038-8,Stress level,I choose not to answer this question,,text
2023-08-12T20:49:47Z,ba419d35-0dfe-8af7-347c-eebf02485a56,ba419d35-0dfe-8af7-e129-b4779d5cf14b,survey,93029-7,How often do you see or talk to people that you care about and feel close to [PRAPARE],5 or more times a week,,text
2023-08-12T20:49:47Z,ba419d35-0dfe-8af7-347c-eebf02485a56,ba419d35-0dfe-8af7-e129-b4779d5cf14b,survey,93030-5,Has lack of transportation kept you from medical appointments  meetings  work  or from getting things needed for daily living,No,,text
2023-08-12T20:49:47Z,ba419d35-0dfe-8af7-347c-eebf02485a56,ba419d35-0dfe-8af7-e129-b4779d5cf14b,survey,93031-3,Have you or any family members you live with been unable to get any of the following when it was really needed in past 1 year [PRAPARE],I choose not to answer this question,,text
2023-08-12T20:49:47Z,ba419d35-0dfe-8af7-347c-eebf02485a56,ba419d35-0dfe-8af7-e129-b4779d5cf14b,survey,63586-2,What was your best estimate of the total income of all family members from all sources  before taxes  in last year [PhenX],56670,/a,text
2023-08-12T20:49:47Z,ba419d35-0dfe-8af7-347c-eebf02485a56,ba419d35-0dfe-8af7-e129-b4779d5cf14b,survey,76437-3,Primary insurance,Private insurance,,text
2023-08-12T20:49:47Z,ba419d35-0dfe-8af7-347c-eebf02485a56,ba419d35-0dfe-8af7-e129-b4779d5cf14b,survey,67875-5,Employment status - current,Otherwise unemployed but not seeking work (ex: student  retired  disabled  unpaid primary care giver),,text
2023-08-12T20:49:47Z,ba419d35-0dfe-8af7-347c-eebf02485a56,ba419d35-0dfe-8af7-e129-b4779d5cf14b,survey,82589-3,Highest level of education,More than high school,,text
2023-08-12T20:49:47Z,ba419d35-0dfe-8af7-347c-eebf02485a56,ba419d35-0dfe-8af7-e129-b4779d5cf14b,survey,56799-0,Address,1028 Hoeger Crossroad,,text
2023-08-12T20:49:47Z,ba419d35-0dfe-8af7-347c-eebf02485a56,ba419d35-0dfe-8af7-e129-b4779d5cf14b,survey,93033-9,Are you worried about losing your housing [PRAPARE],No,,text
2023-08-12T20:49:47Z,ba419d35-0dfe-8af7-347c-eebf02485a56,ba419d35-0dfe-8af7-e129-b4779d5cf14b,survey,71802-3,Housing status,I have housing,,text
2023-08-12T20:49:47Z,ba419d35-0dfe-8af7-347c-eebf02485a56,ba419d35-0dfe-8af7-e129-b4779d5cf14b,survey,63512-8,How many people are living or staying at this address [#],6.0,{#},numeric
2023-08-12T20:49:47Z,ba419d35-0dfe-8af7-347c-eebf02485a56,ba419d35-0dfe-8af7-e129-b4779d5cf14b,survey,54899-0,Preferred language,English,,text
2023-08-12T20:49:47Z,ba419d35-0dfe-8af7-347c-eebf02485a56,ba419d35-0dfe-8af7-e129-b4779d5cf14b,survey,93034-7,Discharged from the U.S. Armed Forces,No,,text
2023-08-12T20:49:47Z,ba419d35-0dfe-8af7-347c-eebf02485a56,ba419d35-0dfe-8af7-e129-b4779d5cf14b,survey,93035-4,Has season or migrant farm work been your or your family's main source of income at any point in past 2 years [PRAPARE],No,,text
2023-08-12T20:49:47Z,ba419d35-0dfe-8af7-347c-eebf02485a56,ba419d35-0dfe-8af7-e129-b4779d5cf14b,survey,32624-9,Race,White,,text
2023-08-12T20:49:47Z,ba419d35-0dfe-8af7-347c-eebf02485a56,ba419d35-0dfe-8af7-e129-b4779d5cf14b,survey,56051-6,Hispanic or Latino,No,,text
2023-08-12T21:14:58Z,ba419d35-0dfe-8af7-347c-eebf02485a56,ba419d35-0dfe-8af7-e129-b4779d5cf14b,survey,70274-6,Generalized anxiety disorder 7 item (GAD-7) total score [Reported.PHQ],3.0,{score},numeric
2023-08-12T21:48:05Z,ba419d35-0dfe-8af7-347c-eebf02485a56,ba419d35-0dfe-8af7-e129-b4779d5cf14b,survey,76504-0,Total score [HARK],0.0,{score},numeric
2023-08-12T22:21:26Z,ba419d35-0dfe-8af7-347c-eebf02485a56,ba419d35-0dfe-8af7-e129-b4779d5cf14b,survey,55758-7,Patient Health Questionnaire 2 item (PHQ-2) total score [Reported],0.0,{score},numeric
2023-08-12T22:58:31Z,ba419d35-0dfe-8af7-347c-eebf02485a56,ba419d35-0dfe-8af7-e129-b4779d5cf14b,survey,82667-7,Total score [DAST-10],1.0,{score},numeric
2026-05-30T20:03:25Z,ba419d35-0dfe-8af7-347c-eebf02485a56,ba419d35-0dfe-8af7-73d2-ce2e98dbc9fe,laboratory,4548-4,Hemoglobin A1c/Hemoglobin.total in Blood,7.5,%,numeric
2026-05-30T20:03:25Z,ba419d35-0dfe-8af7-347c-eebf02485a56,ba419d35-0dfe-8af7-73d2-ce2e98dbc9fe,vital-signs,8302-2,Body Height,159.6,cm,numeric
2026-05-30T20:03:25Z,ba419d35-0dfe-8af7-347c-eebf02485a56,ba419d35-0dfe-8af7-73d2-ce2e98dbc9fe,vital-signs,72514-3,Pain severity - 0-10 verbal numeric rating [Score] - Reported,3.0,{score},numeric
2026-05-30T20:03:25Z,ba419d35-0dfe-8af7-347c-eebf02485a56,ba419d35-0dfe-8af7-73d2-ce2e98dbc9fe,vital-signs,29463-7,Body Weight,76.7,kg,numeric
2026-05-30T20:03:25Z,ba419d35-0dfe-8af7-347c-eebf02485a56,ba419d35-0dfe-8af7-73d2-ce2e98dbc9fe,vital-signs,39156-5,Body mass index (BMI) [Ratio],30.1,kg/m2,numeric
2026-05-30T20:03:25Z,ba419d35-0dfe-8af7-347c-eebf02485a56,ba419d35-0dfe-8af7-73d2-ce2e98dbc9fe,vital-signs,8462-4,Diastolic Blood Pressure,68.0,mm[Hg],numeric
2026-05-30T20:03:25Z,ba419d35-0dfe-8af7-347c-eebf02485a56,ba419d35-0dfe-8af7-73d2-ce2e98dbc9fe,vital-signs,8480-6,Systolic Blood Pressure,90.0,mm[Hg],numeric
2026-05-30T20:03:25Z,ba419d35-0dfe-8af7-347c-eebf02485a56,ba419d35-0dfe-8af7-73d2-ce2e98dbc9fe,vital-signs,8867-4,Heart rate,93.0,/min,numeric
2026-05-30T20:03:25Z,ba419d35-0dfe-8af7-347c-eebf02485a56,ba419d35-0dfe-8af7-73d2-ce2e98dbc9fe,vital-signs,9279-1,Respiratory rate,12.0,/min,numeric
2026-05-30T20:03:25Z,ba419d35-0dfe-8af7-347c-eebf02485a56,ba419d35-0dfe-8af7-73d2-ce2e98dbc9fe,laboratory,2339-0,Glucose [Mass/volume] in Blood,78.0,mg/dL,numeric
2026-05-30T20:03:25Z,ba419d35-0dfe-8af7-347c-eebf02485a56,ba419d35-0dfe-8af7-73d2-ce2e98dbc9fe,laboratory,6299-2,Urea nitrogen [Mass/volume] in Blood,14.8,mg/dL,numeric
2026-05-30T20:03:25Z,ba419d35-0dfe-8af7-347c-eebf02485a56,ba419d35-0dfe-8af7-73d2-ce2e98dbc9fe,laboratory,38483-4,Creatinine [Mass/volume] in Blood,0.9,mg/dL,numeric
2026-05-30T20:03:25Z,ba419d35-0dfe-8af7-347c-eebf02485a56,ba419d35-0dfe-8af7-73d2-ce2e98dbc9fe,laboratory,49765-1,Calcium [Mass/volume] in Blood,9.1,mg/dL,numeric
2026-05-30T20:03:25Z,ba419d35-0dfe-8af7-347c-eebf02485a56,ba419d35-0dfe-8af7-73d2-ce2e98dbc9fe,laboratory,2947-0,Sodium [Moles/volume] in Blood,139.6,mmol/L,numeric
2026-05-30T20:03:25Z,ba419d35-0dfe-8af7-347c-eebf02485a56,ba419d35-0dfe-8af7-73d2-ce2e98dbc9fe,laboratory,6298-4,Potassium [Moles/volume] in Blood,3.8,mmol/L,numeric
2026-05-30T20:03:25Z,ba419d35-0dfe-8af7-347c-eebf02485a56,ba419d35-0dfe-8af7-73d2-ce2e98dbc9fe,laboratory,2069-3,Chloride [Moles/volume] in Blood,101.4,mmol/L,numeric
2026-05-30T20:03:25Z,ba419d35-0dfe-8af7-347c-eebf02485a56,ba419d35-0dfe-8af7-73d2-ce2e98dbc9fe,laboratory,20565-8,Carbon dioxide  total [Moles/volume] in Blood,28.9,mmol/L,numeric
2026-05-30T20:03:25Z,ba419d35-0dfe-8af7-347c-eebf02485a56,ba419d35-0dfe-8af7-73d2-ce2e98dbc9fe,laboratory,2093-3,Cholesterol [Mass/volume] in Serum or Plasma,174.5,mg/dL,numeric
2026-05-30T20:03:25Z,ba419d35-0dfe-8af7-347c-eebf02485a56,ba419d35-0dfe-8af7-73d2-ce2e98dbc9fe,laboratory,2571-8,Triglyceride [Mass/volume] in Serum or Plasma,103.6,mg/dL,numeric
2026-05-30T20:03:25Z,ba419d35-0dfe-8af7-347c-eebf02485a56,ba419d35-0dfe-8af7-73d2-ce2e98dbc9fe,laboratory,18262-6,Cholesterol in LDL [Mass/volume] in Serum or Plasma by Direct assay,95.9,mg/dL,numeric
2026-05-30T20:03:25Z,ba419d35-0dfe-8af7-347c-eebf02485a56,ba419d35-0dfe-8af7-73d2-ce2e98dbc9fe,laboratory,2085-9,Cholesterol in HDL [Mass/volume] in Serum or Plasma,57.9,mg/dL,numeric
2026-05-30T20:03:25Z,ba419d35-0dfe-8af7-347c-eebf02485a56,ba419d35-0dfe-8af7-73d2-ce2e98dbc9fe,laboratory,14959-1,Microalbumin/Creatinine [Mass Ratio] in Urine,8.6,mg/g,numeric
2026-05-30T20:03:25Z,ba419d35-0dfe-8af7-347c-eebf02485a56,ba419d35-0dfe-8af7-73d2-ce2e98dbc9fe,laboratory,6690-2,Leukocytes [#/volume] in Blood by Automated count,7.0,10*3/uL,numeric
2026-05-30T20:03:25Z,ba419d35-0dfe-8af7-347c-eebf02485a56,ba419d35-0dfe-8af7-73d2-ce2e98dbc9fe,laboratory,789-8,Erythrocytes [#/volume] in Blood by Automated count,4.9,10*6/uL,numeric
2026-05-30T20:03:25Z,ba419d35-0dfe-8af7-347c-eebf02485a56,ba419d35-0dfe-8af7-73d2-ce2e98dbc9fe,laboratory,718-7,Hemoglobin [Mass/volume] in Blood,14.7,g/dL,numeric
2026-05-30T20:03:25Z,ba419d35-0dfe-8af7-347c-eebf02485a56,ba419d35-0dfe-8af7-73d2-ce2e98dbc9fe,laboratory,4544-3,Hematocrit [Volume Fraction] of Blood by Automated count,38.3,%,numeric
2026-05-30T20:03:25Z,ba419d35-0dfe-8af7-347c-eebf02485a56,ba419d35-0dfe-8af7-73d2-ce2e98dbc9fe,laboratory,787-2,MCV [Entitic mean volume] in Red Blood Cells by Automated count,85.8,fL,numeric
2026-05-30T20:03:25Z,ba419d35-0dfe-8af7-347c-eebf02485a56,ba419d35-0dfe-8af7-73d2-ce2e98dbc9fe,laboratory,785-6,MCH [Entitic mass] by Automated count,29.8,pg,numeric
2026-05-30T20:03:25Z,ba419d35-0dfe-8af7-347c-eebf02485a56,ba419d35-0dfe-8af7-73d2-ce2e98dbc9fe,laboratory,786-4,MCHC [Entitic Mass/volume] in Red Blood Cells by Automated count,35.5,g/dL,numeric
2026-05-30T20:03:25Z,ba419d35-0dfe-8af7-347c-eebf02485a56,ba419d35-0dfe-8af7-73d2-ce2e98dbc9fe,laboratory,788-0,Erythrocyte [DistWidth] in Blood by Automated count,41.2,fL,numeric
2026-05-30T20:03:25Z,ba419d35-0dfe-8af7-347c-eebf02485a56,ba419d35-0dfe-8af7-73d2-ce2e98dbc9fe,laboratory,777-3,Platelets [#/volume] in Blood by Automated count,356.8,10*3/uL,numeric
2026-05-30T20:03:25Z,ba419d35-0dfe-8af7-347c-eebf02485a56,ba419d35-0dfe-8af7-73d2-ce2e98dbc9fe,laboratory,32207-3,Platelet distribution width [Entitic volume] in Blood by Automated count,496.2,fL,numeric
2026-05-30T20:03:25Z,ba419d35-0dfe-8af7-347c-eebf02485a56,ba419d35-0dfe-8af7-73d2-ce2e98dbc9fe,laboratory,32623-1,Platelet [Entitic mean volume] in Blood by Automated count,10.9,fL,numeric
2026-05-30T20:03:25Z,ba419d35-0dfe-8af7-347c-eebf02485a56,ba419d35-0dfe-8af7-73d2-ce2e98dbc9fe,laboratory,33914-3,Glomerular filtration rate [Volume Rate/Area] in Serum or Plasma by Creatinine-based formula (MDRD)/1.73 sq M,109.7,mL/min/{1.73_m2},numeric
2026-05-30T20:03:25Z,ba419d35-0dfe-8af7-347c-eebf02485a56,ba419d35-0dfe-8af7-73d2-ce2e98dbc9fe,social-history,72166-2,Tobacco smoking status,Never smoked tobacco (finding),,text
2026-05-30T20:36:25Z,ba419d35-0dfe-8af7-347c-eebf02485a56,ba419d35-0dfe-8af7-73d2-ce2e98dbc9fe,survey,76501-6,Within the last year  have you been afraid of your partner or ex-partner,No,,text
2026-05-30T20:36:25Z,ba419d35-0dfe-8af7-347c-eebf02485a56,ba419d35-0dfe-8af7-73d2-ce2e98dbc9fe,survey,93026-3,Do you feel physically and emotionally safe where you currently live [PRAPARE],Yes,,text
2026-05-30T20:36:25Z,ba419d35-0dfe-8af7-347c-eebf02485a56,ba419d35-0dfe-8af7-73d2-ce2e98dbc9fe,survey,93027-1,Are you a refugee,No,,text
2026-05-30T20:36:25Z,ba419d35-0dfe-8af7-347c-eebf02485a56,ba419d35-0dfe-8af7-73d2-ce2e98dbc9fe,survey,93028-9,Have you spent more than 2 nights in a row in a jail  prison  detention center  or juvenile correctional facility in past 1 year [PRAPARE],No,,text
2026-05-30T20:36:25Z,ba419d35-0dfe-8af7-347c-eebf02485a56,ba419d35-0dfe-8af7-73d2-ce2e98dbc9fe,survey,93038-8,Stress level,Not at all,,text
2026-05-30T20:36:25Z,ba419d35-0dfe-8af7-347c-eebf02485a56,ba419d35-0dfe-8af7-73d2-ce2e98dbc9fe,survey,93029-7,How often do you see or talk to people that you care about and feel close to [PRAPARE],5 or more times a week,,text
2026-05-30T20:36:25Z,ba419d35-0dfe-8af7-347c-eebf02485a56,ba419d35-0dfe-8af7-73d2-ce2e98dbc9fe,survey,93030-5,Has lack of transportation kept you from medical appointments  meetings  work  or from getting things needed for daily living,No,,text
2026-05-30T20:36:25Z,ba419d35-0dfe-8af7-347c-eebf02485a56,ba419d35-0dfe-8af7-73d2-ce2e98dbc9fe,survey,93031-3,Have you or any family members you live with been unable to get any of the following when it was really needed in past 1 year [PRAPARE],I choose not to answer this question,,text
2026-05-30T20:36:25Z,ba419d35-0dfe-8af7-347c-eebf02485a56,ba419d35-0dfe-8af7-73d2-ce2e98dbc9fe,survey,63586-2,What was your best estimate of the total income of all family members from all sources  before taxes  in last year [PhenX],56670,/a,text
2026-05-30T20:36:25Z,ba419d35-0dfe-8af7-347c-eebf02485a56,ba419d35-0dfe-8af7-73d2-ce2e98dbc9fe,survey,76437-3,Primary insurance,Private insurance,,text
2026-05-30T20:36:25Z,ba419d35-0dfe-8af7-347c-eebf02485a56,ba419d35-0dfe-8af7-73d2-ce2e98dbc9fe,survey,67875-5,Employment status - current,Full-time work,,text
2026-05-30T20:36:25Z,ba419d35-0dfe-8af7-347c-eebf02485a56,ba419d35-0dfe-8af7-73d2-ce2e98dbc9fe,survey,82589-3,Highest level of education,More than high school,,text
2026-05-30T20:36:25Z,ba419d35-0dfe-8af7-347c-eebf02485a56,ba419d35-0dfe-8af7-73d2-ce2e98dbc9fe,survey,56799-0,Address,1028 Hoeger Crossroad,,text
2026-05-30T20:36:25Z,ba419d35-0dfe-8af7-347c-eebf02485a56,ba419d35-0dfe-8af7-73d2-ce2e98dbc9fe,survey,93033-9,Are you worried about losing your housing [PRAPARE],No,,text
2026-05-30T20:36:25Z,ba419d35-0dfe-8af7-347c-eebf02485a56,ba419d35-0dfe-8af7-73d2-ce2e98dbc9fe,survey,71802-3,Housing status,I have housing,,text
2026-05-30T20:36:25Z,ba419d35-0dfe-8af7-347c-eebf02485a56,ba419d35-0dfe-8af7-73d2-ce2e98dbc9fe,survey,63512-8,How many people are living or staying at this address [#],6.0,{#},numeric
2026-05-30T20:36:25Z,ba419d35-0dfe-8af7-347c-eebf02485a56,ba419d35-0dfe-8af7-73d2-ce2e98dbc9fe,survey,54899-0,Preferred language,English,,text
2026-05-30T20:36:25Z,ba419d35-0dfe-8af7-347c-eebf02485a56,ba419d35-0dfe-8af7-73d2-ce2e98dbc9fe,survey,93034-7,Discharged from the U.S. Armed Forces,No,,text
2026-05-30T20:36:25Z,ba419d35-0dfe-8af7-347c-eebf02485a56,ba419d35-0dfe-8af7-73d2-ce2e98dbc9fe,survey,93035-4,Has season or migrant farm work been your or your family's main source of income at any point in past 2 years [PRAPARE],No,,text
2026-05-30T20:36:25Z,ba419d35-0dfe-8af7-347c-eebf02485a56,ba419d35-0dfe-8af7-73d2-ce2e98dbc9fe,survey,32624-9,Race,White,,text
2026-05-30T20:36:25Z,ba419d35-0dfe-8af7-347c-eebf02485a56,ba419d35-0dfe-8af7-73d2-ce2e98dbc9fe,survey,56051-6,Hispanic or Latino,No,,text
2026-05-30T21:05:28Z,ba419d35-0dfe-8af7-347c-eebf02485a56,ba419d35-0dfe-8af7-73d2-ce2e98dbc9fe,survey,70274-6,Generalized anxiety disorder 7 item (GAD-7) total score [Reported.PHQ],8.0,{score},numeric
2026-05-30T21:40:12Z,ba419d35-0dfe-8af7-347c-eebf02485a56,ba419d35-0dfe-8af7-73d2-ce2e98dbc9fe,survey,55758-7,Patient Health Questionnaire 2 item (PHQ-2) total score [Reported],1.0,{score},numeric
2026-06-13T20:09:25Z,ba419d35-0dfe-8af7-347c-eebf02485a56,ba419d35-0dfe-8af7-ddda-afd2a715c199,exam,413077008,LogMAR visual acuity left eye (observable entity),0,{logmar},text
2026-06-13T20:09:25Z,ba419d35-0dfe-8af7-347c-eebf02485a56,ba419d35-0dfe-8af7-ddda-afd2a715c199,exam,413078003,LogMAR visual acuity right eye (observable entity),0,{logmar},text
2026-06-13T20:10:25Z,ba419d35-0dfe-8af7-347c-eebf02485a56,ba419d35-0dfe-8af7-ddda-afd2a715c199,vital-signs,79893-4,Left eye Intraocular pressure,14.0,mm[Hg],numeric
2026-06-13T20:10:25Z,ba419d35-0dfe-8af7-347c-eebf02485a56,ba419d35-0dfe-8af7-ddda-afd2a715c199,vital-signs,79892-6,Right eye Intraocular pressure,14.0,mm[Hg],numeric
2026-06-13T20:25:39Z,ba419d35-0dfe-8af7-347c-eebf02485a56,ba419d35-0dfe-8af7-ddda-afd2a715c199,exam,71490-7,Left eye Diabetic retinopathy severity level by Ophthalmoscopy,No apparent retinopathy,,text
2026-06-13T20:25:39Z,ba419d35-0dfe-8af7-347c-eebf02485a56,ba419d35-0dfe-8af7-ddda-afd2a715c199,exam,71491-5,Right eye Diabetic retinopathy severity level by Ophthalmoscopy,No apparent retinopathy,,text
2021-05-24T20:03:25Z,ba419d35-0dfe-8af7-347c-eebf02485a56,,,QALY,QALY,34.0,a,numeric
2022-05-24T20:03:25Z,ba419d35-0dfe-8af7-347c-eebf02485a56,,,QALY,QALY,35.0,a,numeric
2023-05-24T20:03:25Z,ba419d35-0dfe-8af7-347c-eebf02485a56,,,QALY,QALY,36.0,a,numeric
2024-05-24T20:03:25Z,ba419d35-0dfe-8af7-347c-eebf02485a56,,,QALY,QALY,37.0,a,numeric
2025-05-24T20:03:25Z,ba419d35-0dfe-8af7-347c-eebf02485a56,,,QALY,QALY,38.0,a,numeric
2026-05-24T20:03:25Z,ba419d35-0dfe-8af7-347c-eebf02485a56,,,QALY,QALY,39.0,a,numeric
2021-05-24T20:03:25Z,ba419d35-0dfe-8af7-347c-eebf02485a56,,,DALY,DALY,0.0,a,numeric
2022-05-24T20:03:25Z,ba419d35-0dfe-8af7-347c-eebf02485a56,,,DALY,DALY,0.0,a,numeric
2023-05-24T20:03:25Z,ba419d35-0dfe-8af7-347c-eebf02485a56,,,DALY,DALY,0.0,a,numeric
2024-05-24T20:03:25Z,ba419d35-0dfe-8af7-347c-eebf02485a56,,,DALY,DALY,0.0,a,numeric
2025-05-24T20:03:25Z,ba419d35-0dfe-8af7-347c-eebf02485a56,,,DALY,DALY,0.0,a,numeric
2026-05-24T20:03:25Z,ba419d35-0dfe-8af7-347c-eebf02485a56,,,DALY,DALY,0.0,a,numeric
2021-05-24T20:03:25Z,ba419d35-0dfe-8af7-347c-eebf02485a56,,,QOLS,QOLS,1.0,{score},numeric
2022-05-24T20:03:25Z,ba419d35-0dfe-8af7-347c-eebf02485a56,,,QOLS,QOLS,1.0,{score},numeric
2023-05-24T20:03:25Z,ba419d35-0dfe-8af7-347c-eebf02485a56,,,QOLS,QOLS,1.0,{score},numeric
2024-05-24T20:03:25Z,ba419d35-0dfe-8af7-347c-eebf02485a56,,,QOLS,QOLS,1.0,{score},numeric
2025-05-24T20:03:25Z,ba419d35-0dfe-8af7-347c-eebf02485a56,,,QOLS,QOLS,1.0,{score},numeric
2026-05-24T20:03:25Z,ba419d35-0dfe-8af7-347c-eebf02485a56,,,QOLS,QOLS,1.0,{score},numeric
2022-08-23T06:15:37Z,aee7bbe1-0c45-c028-1e62-1f4cdb30c273,aee7bbe1-0c45-c028-4e4d-e09d21c00869,vital-signs,8302-2,Body Height,157.6,cm,numeric
2022-08-23T06:15:37Z,aee7bbe1-0c45-c028-1e62-1f4cdb30c273,aee7bbe1-0c45-c028-4e4d-e09d21c00869,vital-signs,72514-3,Pain severity - 0-10 verbal numeric rating [Score] - Reported,3.0,{score},numeric
2022-08-23T06:15:37Z,aee7bbe1-0c45-c028-1e62-1f4cdb30c273,aee7bbe1-0c45-c028-4e4d-e09d21c00869,vital-signs,29463-7,Body Weight,75.6,kg,numeric
2022-08-23T06:15:37Z,aee7bbe1-0c45-c028-1e62-1f4cdb30c273,aee7bbe1-0c45-c028-4e4d-e09d21c00869,vital-signs,39156-5,Body mass index (BMI) [Ratio],30.4,kg/m2,numeric
2022-08-23T06:15:37Z,aee7bbe1-0c45-c028-1e62-1f4cdb30c273,aee7bbe1-0c45-c028-4e4d-e09d21c00869,vital-signs,8462-4,Diastolic Blood Pressure,88.0,mm[Hg],numeric
2022-08-23T06:15:37Z,aee7bbe1-0c45-c028-1e62-1f4cdb30c273,aee7bbe1-0c45-c028-4e4d-e09d21c00869,vital-signs,8480-6,Systolic Blood Pressure,136.0,mm[Hg],numeric
2022-08-23T06:15:37Z,aee7bbe1-0c45-c028-1e62-1f4cdb30c273,aee7bbe1-0c45-c028-4e4d-e09d21c00869,vital-signs,8867-4,Heart rate,88.0,/min,numeric
2022-08-23T06:15:37Z,aee7bbe1-0c45-c028-1e62-1f4cdb30c273,aee7bbe1-0c45-c028-4e4d-e09d21c00869,vital-signs,9279-1,Respiratory rate,14.0,/min,numeric
2022-08-23T06:15:37Z,aee7bbe1-0c45-c028-1e62-1f4cdb30c273,aee7bbe1-0c45-c028-4e4d-e09d21c00869,laboratory,2093-3,Cholesterol [Mass/volume] in Serum or Plasma,203.6,mg/dL,numeric
2022-08-23T06:15:37Z,aee7bbe1-0c45-c028-1e62-1f4cdb30c273,aee7bbe1-0c45-c028-4e4d-e09d21c00869,laboratory,2571-8,Triglyceride [Mass/volume] in Serum or Plasma,118.0,mg/dL,numeric
2022-08-23T06:15:37Z,aee7bbe1-0c45-c028-1e62-1f4cdb30c273,aee7bbe1-0c45-c028-4e4d-e09d21c00869,laboratory,18262-6,Cholesterol in LDL [Mass/volume] in Serum or Plasma by Direct assay,129.8,mg/dL,numeric
2022-08-23T06:15:37Z,aee7bbe1-0c45-c028-1e62-1f4cdb30c273,aee7bbe1-0c45-c028-4e4d-e09d21c00869,laboratory,2085-9,Cholesterol in HDL [Mass/volume] in Serum or Plasma,50.2,mg/dL,numeric
2022-08-23T06:15:37Z,aee7bbe1-0c45-c028-1e62-1f4cdb30c273,aee7bbe1-0c45-c028-4e4d-e09d21c00869,social-history,72166-2,Tobacco smoking status,Never smoked tobacco (finding),,text
2022-08-23T07:01:25Z,aee7bbe1-0c45-c028-1e62-1f4cdb30c273,aee7bbe1-0c45-c028-4e4d-e09d21c00869,survey,76501-6,Within the last year  have you been afraid of your partner or ex-partner,No,,text
2022-08-23T07:01:25Z,aee7bbe1-0c45-c028-1e62-1f4cdb30c273,aee7bbe1-0c45-c028-4e4d-e09d21c00869,survey,93026-3,Do you feel physically and emotionally safe where you currently live [PRAPARE],Yes,,text
2022-08-23T07:01:25Z,aee7bbe1-0c45-c028-1e62-1f4cdb30c273,aee7bbe1-0c45-c028-4e4d-e09d21c00869,survey,93027-1,Are you a refugee,No,,text
2022-08-23T07:01:25Z,aee7bbe1-0c45-c028-1e62-1f4cdb30c273,aee7bbe1-0c45-c028-4e4d-e09d21c00869,survey,93028-9,Have you spent more than 2 nights in a row in a jail  prison  detention center  or juvenile correctional facility in past 1 year [PRAPARE],No,,text
2022-08-23T07:01:25Z,aee7bbe1-0c45-c028-1e62-1f4cdb30c273,aee7bbe1-0c45-c028-4e4d-e09d21c00869,survey,93038-8,Stress level,Not at all,,text
2022-08-23T07:01:25Z,aee7bbe1-0c45-c028-1e62-1f4cdb30c273,aee7bbe1-0c45-c028-4e4d-e09d21c00869,survey,93029-7,How often do you see or talk to people that you care about and feel close to [PRAPARE],5 or more times a week,,text
2022-08-23T07:01:25Z,aee7bbe1-0c45-c028-1e62-1f4cdb30c273,aee7bbe1-0c45-c028-4e4d-e09d21c00869,survey,93030-5,Has lack of transportation kept you from medical appointments  meetings  work  or from getting things needed for daily living,Yes  it has kept me from medical appointments or from getting my medications,,text
2022-08-23T07:01:25Z,aee7bbe1-0c45-c028-1e62-1f4cdb30c273,aee7bbe1-0c45-c028-4e4d-e09d21c00869,survey,93031-3,Have you or any family members you live with been unable to get any of the following when it was really needed in past 1 year [PRAPARE],I choose not to answer this question,,text
2022-08-23T07:01:25Z,aee7bbe1-0c45-c028-1e62-1f4cdb30c273,aee7bbe1-0c45-c028-4e4d-e09d21c00869,survey,63586-2,What was your best estimate of the total income of all family members from all sources  before taxes  in last year [PhenX],146790,/a,text
2022-08-23T07:01:25Z,aee7bbe1-0c45-c028-1e62-1f4cdb30c273,aee7bbe1-0c45-c028-4e4d-e09d21c00869,survey,76437-3,Primary insurance,Private insurance,,text
2022-08-23T07:01:25Z,aee7bbe1-0c45-c028-1e62-1f4cdb30c273,aee7bbe1-0c45-c028-4e4d-e09d21c00869,survey,67875-5,Employment status - current,Part-time or temporary work,,text
2022-08-23T07:01:25Z,aee7bbe1-0c45-c028-1e62-1f4cdb30c273,aee7bbe1-0c45-c028-4e4d-e09d21c00869,survey,82589-3,Highest level of education,More than high school,,text
2022-08-23T07:01:25Z,aee7bbe1-0c45-c028-1e62-1f4cdb30c273,aee7bbe1-0c45-c028-4e4d-e09d21c00869,survey,56799-0,Address,265 Schamberger Rapid Unit 70,,text
2022-08-23T07:01:25Z,aee7bbe1-0c45-c028-1e62-1f4cdb30c273,aee7bbe1-0c45-c028-4e4d-e09d21c00869,survey,93033-9,Are you worried about losing your housing [PRAPARE],No,,text
2022-08-23T07:01:25Z,aee7bbe1-0c45-c028-1e62-1f4cdb30c273,aee7bbe1-0c45-c028-4e4d-e09d21c00869,survey,71802-3,Housing status,I have housing,,text
2022-08-23T07:01:25Z,aee7bbe1-0c45-c028-1e62-1f4cdb30c273,aee7bbe1-0c45-c028-4e4d-e09d21c00869,survey,63512-8,How many people are living or staying at this address [#],3.0,{#},numeric
2022-08-23T07:01:25Z,aee7bbe1-0c45-c028-1e62-1f4cdb30c273,aee7bbe1-0c45-c028-4e4d-e09d21c00869,survey,54899-0,Preferred language,Language other than English,,text
2022-08-23T07:01:25Z,aee7bbe1-0c45-c028-1e62-1f4cdb30c273,aee7bbe1-0c45-c028-4e4d-e09d21c00869,survey,93034-7,Discharged from the U.S. Armed Forces,No,,text
2022-08-23T07:01:25Z,aee7bbe1-0c45-c028-1e62-1f4cdb30c273,aee7bbe1-0c45-c028-4e4d-e09d21c00869,survey,93035-4,Has season or migrant farm work been your or your family's main source of income at any point in past 2 years [PRAPARE],No,,text
2022-08-23T07:01:25Z,aee7bbe1-0c45-c028-1e62-1f4cdb30c273,aee7bbe1-0c45-c028-4e4d-e09d21c00869,survey,32624-9,Race,White,,text
2022-08-23T07:01:25Z,aee7bbe1-0c45-c028-1e62-1f4cdb30c273,aee7bbe1-0c45-c028-4e4d-e09d21c00869,survey,56051-6,Hispanic or Latino,No,,text
2022-08-23T07:37:06Z,aee7bbe1-0c45-c028-1e62-1f4cdb30c273,aee7bbe1-0c45-c028-4e4d-e09d21c00869,survey,55758-7,Patient Health Questionnaire 2 item (PHQ-2) total score [Reported],0.0,{score},numeric
2022-08-23T08:14:00Z,aee7bbe1-0c45-c028-1e62-1f4cdb30c273,aee7bbe1-0c45-c028-4e4d-e09d21c00869,survey,82667-7,Total score [DAST-10],2.0,{score},numeric
2025-06-10T06:15:37Z,aee7bbe1-0c45-c028-1e62-1f4cdb30c273,aee7bbe1-0c45-c028-0d81-14d3de0bfb05,vital-signs,8302-2,Body Height,157.6,cm,numeric
2025-06-10T06:15:37Z,aee7bbe1-0c45-c028-1e62-1f4cdb30c273,aee7bbe1-0c45-c028-0d81-14d3de0bfb05,vital-signs,72514-3,Pain severity - 0-10 verbal numeric rating [Score] - Reported,2.0,{score},numeric
2025-06-10T06:15:37Z,aee7bbe1-0c45-c028-1e62-1f4cdb30c273,aee7bbe1-0c45-c028-0d81-14d3de0bfb05,vital-signs,29463-7,Body Weight,75.6,kg,numeric
2025-06-10T06:15:37Z,aee7bbe1-0c45-c028-1e62-1f4cdb30c273,aee7bbe1-0c45-c028-0d81-14d3de0bfb05,vital-signs,39156-5,Body mass index (BMI) [Ratio],30.4,kg/m2,numeric
2025-06-10T06:15:37Z,aee7bbe1-0c45-c028-1e62-1f4cdb30c273,aee7bbe1-0c45-c028-0d81-14d3de0bfb05,vital-signs,8462-4,Diastolic Blood Pressure,87.0,mm[Hg],numeric
2025-06-10T06:15:37Z,aee7bbe1-0c45-c028-1e62-1f4cdb30c273,aee7bbe1-0c45-c028-0d81-14d3de0bfb05,vital-signs,8480-6,Systolic Blood Pressure,142.0,mm[Hg],numeric
2025-06-10T06:15:37Z,aee7bbe1-0c45-c028-1e62-1f4cdb30c273,aee7bbe1-0c45-c028-0d81-14d3de0bfb05,vital-signs,8867-4,Heart rate,61.0,/min,numeric
2025-06-10T06:15:37Z,aee7bbe1-0c45-c028-1e62-1f4cdb30c273,aee7bbe1-0c45-c028-0d81-14d3de0bfb05,vital-signs,9279-1,Respiratory rate,12.0,/min,numeric
2025-06-10T06:15:37Z,aee7bbe1-0c45-c028-1e62-1f4cdb30c273,aee7bbe1-0c45-c028-0d81-14d3de0bfb05,laboratory,6690-2,Leukocytes [#/volume] in Blood by Automated count,9.2,10*3/uL,numeric
2025-06-10T06:15:37Z,aee7bbe1-0c45-c028-1e62-1f4cdb30c273,aee7bbe1-0c45-c028-0d81-14d3de0bfb05,laboratory,789-8,Erythrocytes [#/volume] in Blood by Automated count,4.5,10*6/uL,numeric
2025-06-10T06:15:37Z,aee7bbe1-0c45-c028-1e62-1f4cdb30c273,aee7bbe1-0c45-c028-0d81-14d3de0bfb05,laboratory,718-7,Hemoglobin [Mass/volume] in Blood,16.7,g/dL,numeric
2025-06-10T06:15:37Z,aee7bbe1-0c45-c028-1e62-1f4cdb30c273,aee7bbe1-0c45-c028-0d81-14d3de0bfb05,laboratory,4544-3,Hematocrit [Volume Fraction] of Blood by Automated count,35.2,%,numeric
2025-06-10T06:15:37Z,aee7bbe1-0c45-c028-1e62-1f4cdb30c273,aee7bbe1-0c45-c028-0d81-14d3de0bfb05,laboratory,787-2,MCV [Entitic mean volume] in Red Blood Cells by Automated count,94.4,fL,numeric
2025-06-10T06:15:37Z,aee7bbe1-0c45-c028-1e62-1f4cdb30c273,aee7bbe1-0c45-c028-0d81-14d3de0bfb05,laboratory,785-6,MCH [Entitic mass] by Automated count,27.0,pg,numeric
2025-06-10T06:15:37Z,aee7bbe1-0c45-c028-1e62-1f4cdb30c273,aee7bbe1-0c45-c028-0d81-14d3de0bfb05,laboratory,786-4,MCHC [Entitic Mass/volume] in Red Blood Cells by Automated count,36.0,g/dL,numeric
2025-06-10T06:15:37Z,aee7bbe1-0c45-c028-1e62-1f4cdb30c273,aee7bbe1-0c45-c028-0d81-14d3de0bfb05,laboratory,788-0,Erythrocyte [DistWidth] in Blood by Automated count,45.6,fL,numeric
2025-06-10T06:15:37Z,aee7bbe1-0c45-c028-1e62-1f4cdb30c273,aee7bbe1-0c45-c028-0d81-14d3de0bfb05,laboratory,777-3,Platelets [#/volume] in Blood by Automated count,156.5,10*3/uL,numeric
2025-06-10T06:15:37Z,aee7bbe1-0c45-c028-1e62-1f4cdb30c273,aee7bbe1-0c45-c028-0d81-14d3de0bfb05,laboratory,32207-3,Platelet distribution width [Entitic volume] in Blood by Automated count,434.5,fL,numeric
2025-06-10T06:15:37Z,aee7bbe1-0c45-c028-1e62-1f4cdb30c273,aee7bbe1-0c45-c028-0d81-14d3de0bfb05,laboratory,32623-1,Platelet [Entitic mean volume] in Blood by Automated count,10.0,fL,numeric
2025-06-10T06:15:37Z,aee7bbe1-0c45-c028-1e62-1f4cdb30c273,aee7bbe1-0c45-c028-0d81-14d3de0bfb05,social-history,72166-2,Tobacco smoking status,Never smoked tobacco (finding),,text
2025-06-10T07:11:11Z,aee7bbe1-0c45-c028-1e62-1f4cdb30c273,aee7bbe1-0c45-c028-0d81-14d3de0bfb05,survey,76501-6,Within the last year  have you been afraid of your partner or ex-partner,No,,text
2025-06-10T07:11:11Z,aee7bbe1-0c45-c028-1e62-1f4cdb30c273,aee7bbe1-0c45-c028-0d81-14d3de0bfb05,survey,93026-3,Do you feel physically and emotionally safe where you currently live [PRAPARE],Yes,,text
2025-06-10T07:11:11Z,aee7bbe1-0c45-c028-1e62-1f4cdb30c273,aee7bbe1-0c45-c028-0d81-14d3de0bfb05,survey,93027-1,Are you a refugee,No,,text
2025-06-10T07:11:11Z,aee7bbe1-0c45-c028-1e62-1f4cdb30c273,aee7bbe1-0c45-c028-0d81-14d3de0bfb05,survey,93028-9,Have you spent more than 2 nights in a row in a jail  prison  detention center  or juvenile correctional facility in past 1 year [PRAPARE],No,,text
2025-06-10T07:11:11Z,aee7bbe1-0c45-c028-1e62-1f4cdb30c273,aee7bbe1-0c45-c028-0d81-14d3de0bfb05,survey,93038-8,Stress level,Somewhat,,text
2025-06-10T07:11:11Z,aee7bbe1-0c45-c028-1e62-1f4cdb30c273,aee7bbe1-0c45-c028-0d81-14d3de0bfb05,survey,93029-7,How often do you see or talk to people that you care about and feel close to [PRAPARE],5 or more times a week,,text
2025-06-10T07:11:11Z,aee7bbe1-0c45-c028-1e62-1f4cdb30c273,aee7bbe1-0c45-c028-0d81-14d3de0bfb05,survey,93030-5,Has lack of transportation kept you from medical appointments  meetings  work  or from getting things needed for daily living,Yes  it has kept me from medical appointments or from getting my medications,,text
2025-06-10T07:11:11Z,aee7bbe1-0c45-c028-1e62-1f4cdb30c273,aee7bbe1-0c45-c028-0d81-14d3de0bfb05,survey,93031-3,Have you or any family members you live with been unable to get any of the following when it was really needed in past 1 year [PRAPARE],I choose not to answer this question,,text
2025-06-10T07:11:11Z,aee7bbe1-0c45-c028-1e62-1f4cdb30c273,aee7bbe1-0c45-c028-0d81-14d3de0bfb05,survey,63586-2,What was your best estimate of the total income of all family members from all sources  before taxes  in last year [PhenX],146790,/a,text
2025-06-10T07:11:11Z,aee7bbe1-0c45-c028-1e62-1f4cdb30c273,aee7bbe1-0c45-c028-0d81-14d3de0bfb05,survey,76437-3,Primary insurance,Private insurance,,text
2025-06-10T07:11:11Z,aee7bbe1-0c45-c028-1e62-1f4cdb30c273,aee7bbe1-0c45-c028-0d81-14d3de0bfb05,survey,67875-5,Employment status - current,Full-time work,,text
2025-06-10T07:11:11Z,aee7bbe1-0c45-c028-1e62-1f4cdb30c273,aee7bbe1-0c45-c028-0d81-14d3de0bfb05,survey,82589-3,Highest level of education,More than high school,,text
2025-06-10T07:11:11Z,aee7bbe1-0c45-c028-1e62-1f4cdb30c273,aee7bbe1-0c45-c028-0d81-14d3de0bfb05,survey,56799-0,Address,265 Schamberger Rapid Unit 70,,text
2025-06-10T07:11:11Z,aee7bbe1-0c45-c028-1e62-1f4cdb30c273,aee7bbe1-0c45-c028-0d81-14d3de0bfb05,survey,93033-9,Are you worried about losing your housing [PRAPARE],No,,text
2025-06-10T07:11:11Z,aee7bbe1-0c45-c028-1e62-1f4cdb30c273,aee7bbe1-0c45-c028-0d81-14d3de0bfb05,survey,71802-3,Housing status,I have housing,,text
2025-06-10T07:11:11Z,aee7bbe1-0c45-c028-1e62-1f4cdb30c273,aee7bbe1-0c45-c028-0d81-14d3de0bfb05,survey,63512-8,How many people are living or staying at this address [#],3.0,{#},numeric
2025-06-10T07:11:11Z,aee7bbe1-0c45-c028-1e62-1f4cdb30c273,aee7bbe1-0c45-c028-0d81-14d3de0bfb05,survey,54899-0,Preferred language,Language other than English,,text
2025-06-10T07:11:11Z,aee7bbe1-0c45-c028-1e62-1f4cdb30c273,aee7bbe1-0c45-c028-0d81-14d3de0bfb05,survey,93034-7,Discharged from the U.S. Armed Forces,No,,text
2025-06-10T07:11:11Z,aee7bbe1-0c45-c028-1e62-1f4cdb30c273,aee7bbe1-0c45-c028-0d81-14d3de0bfb05,survey,93035-4,Has season or migrant farm work been your or your family's main source of income at any point in past 2 years [PRAPARE],No,,text
2025-06-10T07:11:11Z,aee7bbe1-0c45-c028-1e62-1f4cdb30c273,aee7bbe1-0c45-c028-0d81-14d3de0bfb05,survey,32624-9,Race,White,,text
2025-06-10T07:11:11Z,aee7bbe1-0c45-c028-1e62-1f4cdb30c273,aee7bbe1-0c45-c028-0d81-14d3de0bfb05,survey,56051-6,Hispanic or Latino,No,,text
2025-06-10T07:45:14Z,aee7bbe1-0c45-c028-1e62-1f4cdb30c273,aee7bbe1-0c45-c028-0d81-14d3de0bfb05,survey,55758-7,Patient Health Questionnaire 2 item (PHQ-2) total score [Reported],1.0,{score},numeric
2025-06-10T08:22:37Z,aee7bbe1-0c45-c028-1e62-1f4cdb30c273,aee7bbe1-0c45-c028-0d81-14d3de0bfb05,survey,82667-7,Total score [DAST-10],2.0,{score},numeric
2021-06-04T06:15:37Z,aee7bbe1-0c45-c028-1e62-1f4cdb30c273,,,QALY,QALY,34.9,a,numeric
2022-06-04T06:15:37Z,aee7bbe1-0c45-c028-1e62-1f4cdb30c273,,,QALY,QALY,35.9,a,numeric
2023-06-04T06:15:37Z,aee7bbe1-0c45-c028-1e62-1f4cdb30c273,,,QALY,QALY,36.9,a,numeric
2024-06-04T06:15:37Z,aee7bbe1-0c45-c028-1e62-1f4cdb30c273,,,QALY,QALY,37.9,a,numeric
2025-06-04T06:15:37Z,aee7bbe1-0c45-c028-1e62-1f4cdb30c273,,,QALY,QALY,38.9,a,numeric
2026-06-04T06:15:37Z,aee7bbe1-0c45-c028-1e62-1f4cdb30c273,,,QALY,QALY,39.9,a,numeric
2021-06-04T06:15:37Z,aee7bbe1-0c45-c028-1e62-1f4cdb30c273,,,DALY,DALY,0.1,a,numeric
2022-06-04T06:15:37Z,aee7bbe1-0c45-c028-1e62-1f4cdb30c273,,,DALY,DALY,0.1,a,numeric
2023-06-04T06:15:37Z,aee7bbe1-0c45-c028-1e62-1f4cdb30c273,,,DALY,DALY,0.1,a,numeric
2024-06-04T06:15:37Z,aee7bbe1-0c45-c028-1e62-1f4cdb30c273,,,DALY,DALY,0.1,a,numeric
2025-06-04T06:15:37Z,aee7bbe1-0c45-c028-1e62-1f4cdb30c273,,,DALY,DALY,0.1,a,numeric
2026-06-04T06:15:37Z,aee7bbe1-0c45-c028-1e62-1f4cdb30c273,,,DALY,DALY,0.1,a,numeric
2021-06-04T06:15:37Z,aee7bbe1-0c45-c028-1e62-1f4cdb30c273,,,QOLS,QOLS,1.0,{score},numeric
2022-06-04T06:15:37Z,aee7bbe1-0c45-c028-1e62-1f4cdb30c273,,,QOLS,QOLS,1.0,{score},numeric
2023-06-04T06:15:37Z,aee7bbe1-0c45-c028-1e62-1f4cdb30c273,,,QOLS,QOLS,1.0,{score},numeric
2024-06-04T06:15:37Z,aee7bbe1-0c45-c028-1e62-1f4cdb30c273,,,QOLS,QOLS,1.0,{score},numeric
2025-06-04T06:15:37Z,aee7bbe1-0c45-c028-1e62-1f4cdb30c273,,,QOLS,QOLS,1.0,{score},numeric
2026-06-04T06:15:37Z,aee7bbe1-0c45-c028-1e62-1f4cdb30c273,,,QOLS,QOLS,1.0,{score},numeric
2023-12-23T18:13:58Z,4f083ce3-f12b-bb4b-7353-e17f0cd55b0a,4f083ce3-f12b-bb4b-6a2d-524a5d952220,vital-signs,8302-2,Body Height,162.5,cm,numeric
2023-12-23T18:13:58Z,4f083ce3-f12b-bb4b-7353-e17f0cd55b0a,4f083ce3-f12b-bb4b-6a2d-524a5d952220,vital-signs,72514-3,Pain severity - 0-10 verbal numeric rating [Score] - Reported,4.0,{score},numeric
2023-12-23T18:13:58Z,4f083ce3-f12b-bb4b-7353-e17f0cd55b0a,4f083ce3-f12b-bb4b-6a2d-524a5d952220,vital-signs,29463-7,Body Weight,70.8,kg,numeric
2023-12-23T18:13:58Z,4f083ce3-f12b-bb4b-7353-e17f0cd55b0a,4f083ce3-f12b-bb4b-6a2d-524a5d952220,vital-signs,39156-5,Body mass index (BMI) [Ratio],26.8,kg/m2,numeric
2023-12-23T18:13:58Z,4f083ce3-f12b-bb4b-7353-e17f0cd55b0a,4f083ce3-f12b-bb4b-6a2d-524a5d952220,vital-signs,8462-4,Diastolic Blood Pressure,86.0,mm[Hg],numeric
2023-12-23T18:13:58Z,4f083ce3-f12b-bb4b-7353-e17f0cd55b0a,4f083ce3-f12b-bb4b-6a2d-524a5d952220,vital-signs,8480-6,Systolic Blood Pressure,123.0,mm[Hg],numeric
2023-12-23T18:13:58Z,4f083ce3-f12b-bb4b-7353-e17f0cd55b0a,4f083ce3-f12b-bb4b-6a2d-524a5d952220,vital-signs,8867-4,Heart rate,91.0,/min,numeric
2023-12-23T18:13:58Z,4f083ce3-f12b-bb4b-7353-e17f0cd55b0a,4f083ce3-f12b-bb4b-6a2d-524a5d952220,vital-signs,9279-1,Respiratory rate,13.0,/min,numeric
2023-12-23T18:13:58Z,4f083ce3-f12b-bb4b-7353-e17f0cd55b0a,4f083ce3-f12b-bb4b-6a2d-524a5d952220,laboratory,2093-3,Cholesterol [Mass/volume] in Serum or Plasma,177.2,mg/dL,numeric
2023-12-23T18:13:58Z,4f083ce3-f12b-bb4b-7353-e17f0cd55b0a,4f083ce3-f12b-bb4b-6a2d-524a5d952220,laboratory,2571-8,Triglyceride [Mass/volume] in Serum or Plasma,105.9,mg/dL,numeric
2023-12-23T18:13:58Z,4f083ce3-f12b-bb4b-7353-e17f0cd55b0a,4f083ce3-f12b-bb4b-6a2d-524a5d952220,laboratory,18262-6,Cholesterol in LDL [Mass/volume] in Serum or Plasma by Direct assay,108.2,mg/dL,numeric
2023-12-23T18:13:58Z,4f083ce3-f12b-bb4b-7353-e17f0cd55b0a,4f083ce3-f12b-bb4b-6a2d-524a5d952220,laboratory,2085-9,Cholesterol in HDL [Mass/volume] in Serum or Plasma,47.8,mg/dL,numeric
2023-12-23T18:13:58Z,4f083ce3-f12b-bb4b-7353-e17f0cd55b0a,4f083ce3-f12b-bb4b-6a2d-524a5d952220,laboratory,6690-2,Leukocytes [#/volume] in Blood by Automated count,6.8,10*3/uL,numeric
2023-12-23T18:13:58Z,4f083ce3-f12b-bb4b-7353-e17f0cd55b0a,4f083ce3-f12b-bb4b-6a2d-524a5d952220,laboratory,789-8,Erythrocytes [#/volume] in Blood by Automated count,5.1,10*6/uL,numeric
2023-12-23T18:13:58Z,4f083ce3-f12b-bb4b-7353-e17f0cd55b0a,4f083ce3-f12b-bb4b-6a2d-524a5d952220,laboratory,718-7,Hemoglobin [Mass/volume] in Blood,17.1,g/dL,numeric
2023-12-23T18:13:58Z,4f083ce3-f12b-bb4b-7353-e17f0cd55b0a,4f083ce3-f12b-bb4b-6a2d-524a5d952220,laboratory,4544-3,Hematocrit [Volume Fraction] of Blood by Automated count,40.5,%,numeric
2023-12-23T18:13:58Z,4f083ce3-f12b-bb4b-7353-e17f0cd55b0a,4f083ce3-f12b-bb4b-6a2d-524a5d952220,laboratory,787-2,MCV [Entitic mean volume] in Red Blood Cells by Automated count,84.5,fL,numeric
2023-12-23T18:13:58Z,4f083ce3-f12b-bb4b-7353-e17f0cd55b0a,4f083ce3-f12b-bb4b-6a2d-524a5d952220,laboratory,785-6,MCH [Entitic mass] by Automated count,30.3,pg,numeric
2023-12-23T18:13:58Z,4f083ce3-f12b-bb4b-7353-e17f0cd55b0a,4f083ce3-f12b-bb4b-6a2d-524a5d952220,laboratory,786-4,MCHC [Entitic Mass/volume] in Red Blood Cells by Automated count,35.2,g/dL,numeric
2023-12-23T18:13:58Z,4f083ce3-f12b-bb4b-7353-e17f0cd55b0a,4f083ce3-f12b-bb4b-6a2d-524a5d952220,laboratory,788-0,Erythrocyte [DistWidth] in Blood by Automated count,41.9,fL,numeric
2023-12-23T18:13:58Z,4f083ce3-f12b-bb4b-7353-e17f0cd55b0a,4f083ce3-f12b-bb4b-6a2d-524a5d952220,laboratory,777-3,Platelets [#/volume] in Blood by Automated count,317.1,10*3/uL,numeric
2023-12-23T18:13:58Z,4f083ce3-f12b-bb4b-7353-e17f0cd55b0a,4f083ce3-f12b-bb4b-6a2d-524a5d952220,laboratory,32207-3,Platelet distribution width [Entitic volume] in Blood by Automated count,469.4,fL,numeric
2023-12-23T18:13:58Z,4f083ce3-f12b-bb4b-7353-e17f0cd55b0a,4f083ce3-f12b-bb4b-6a2d-524a5d952220,laboratory,32623-1,Platelet [Entitic mean volume] in Blood by Automated count,11.8,fL,numeric
2023-12-23T18:13:58Z,4f083ce3-f12b-bb4b-7353-e17f0cd55b0a,4f083ce3-f12b-bb4b-6a2d-524a5d952220,social-history,72166-2,Tobacco smoking status,Ex-smoker (finding),,text
2023-12-23T18:47:40Z,4f083ce3-f12b-bb4b-7353-e17f0cd55b0a,4f083ce3-f12b-bb4b-6a2d-524a5d952220,survey,76501-6,Within the last year  have you been afraid of your partner or ex-partner,No,,text
2023-12-23T18:47:40Z,4f083ce3-f12b-bb4b-7353-e17f0cd55b0a,4f083ce3-f12b-bb4b-6a2d-524a5d952220,survey,93026-3,Do you feel physically and emotionally safe where you currently live [PRAPARE],Yes,,text
2023-12-23T18:47:40Z,4f083ce3-f12b-bb4b-7353-e17f0cd55b0a,4f083ce3-f12b-bb4b-6a2d-524a5d952220,survey,93027-1,Are you a refugee,Yes,,text
2023-12-23T18:47:40Z,4f083ce3-f12b-bb4b-7353-e17f0cd55b0a,4f083ce3-f12b-bb4b-6a2d-524a5d952220,survey,93028-9,Have you spent more than 2 nights in a row in a jail  prison  detention center  or juvenile correctional facility in past 1 year [PRAPARE],No,,text
2023-12-23T18:47:40Z,4f083ce3-f12b-bb4b-7353-e17f0cd55b0a,4f083ce3-f12b-bb4b-6a2d-524a5d952220,survey,93038-8,Stress level,A little bit,,text
2023-12-23T18:47:40Z,4f083ce3-f12b-bb4b-7353-e17f0cd55b0a,4f083ce3-f12b-bb4b-6a2d-524a5d952220,survey,93029-7,How often do you see or talk to people that you care about and feel close to [PRAPARE],3 to 5 times a week,,text
2023-12-23T18:47:40Z,4f083ce3-f12b-bb4b-7353-e17f0cd55b0a,4f083ce3-f12b-bb4b-6a2d-524a5d952220,survey,93030-5,Has lack of transportation kept you from medical appointments  meetings  work  or from getting things needed for daily living,Yes  it has kept me from non-medical meetings  appointments  work  or from getting things that I need,,text
2023-12-23T18:47:40Z,4f083ce3-f12b-bb4b-7353-e17f0cd55b0a,4f083ce3-f12b-bb4b-6a2d-524a5d952220,survey,93031-3,Have you or any family members you live with been unable to get any of the following when it was really needed in past 1 year [PRAPARE],Food,,text
2023-12-23T18:47:40Z,4f083ce3-f12b-bb4b-7353-e17f0cd55b0a,4f083ce3-f12b-bb4b-6a2d-524a5d952220,survey,63586-2,What was your best estimate of the total income of all family members from all sources  before taxes  in last year [PhenX],79403,/a,text
2023-12-23T18:47:40Z,4f083ce3-f12b-bb4b-7353-e17f0cd55b0a,4f083ce3-f12b-bb4b-6a2d-524a5d952220,survey,76437-3,Primary insurance,Private insurance,,text
2023-12-23T18:47:40Z,4f083ce3-f12b-bb4b-7353-e17f0cd55b0a,4f083ce3-f12b-bb4b-6a2d-524a5d952220,survey,67875-5,Employment status - current,Full-time work,,text
2023-12-23T18:47:40Z,4f083ce3-f12b-bb4b-7353-e17f0cd55b0a,4f083ce3-f12b-bb4b-6a2d-524a5d952220,survey,82589-3,Highest level of education,High school diploma or GED,,text
2023-12-23T18:47:40Z,4f083ce3-f12b-bb4b-7353-e17f0cd55b0a,4f083ce3-f12b-bb4b-6a2d-524a5d952220,survey,56799-0,Address,332 Schulist Underpass,,text
2023-12-23T18:47:40Z,4f083ce3-f12b-bb4b-7353-e17f0cd55b0a,4f083ce3-f12b-bb4b-6a2d-524a5d952220,survey,93033-9,Are you worried about losing your housing [PRAPARE],No,,text
2023-12-23T18:47:40Z,4f083ce3-f12b-bb4b-7353-e17f0cd55b0a,4f083ce3-f12b-bb4b-6a2d-524a5d952220,survey,71802-3,Housing status,I have housing,,text
2023-12-23T18:47:40Z,4f083ce3-f12b-bb4b-7353-e17f0cd55b0a,4f083ce3-f12b-bb4b-6a2d-524a5d952220,survey,63512-8,How many people are living or staying at this address [#],6.0,{#},numeric
2023-12-23T18:47:40Z,4f083ce3-f12b-bb4b-7353-e17f0cd55b0a,4f083ce3-f12b-bb4b-6a2d-524a5d952220,survey,54899-0,Preferred language,Language other than English,,text
2023-12-23T18:47:40Z,4f083ce3-f12b-bb4b-7353-e17f0cd55b0a,4f083ce3-f12b-bb4b-6a2d-524a5d952220,survey,93034-7,Discharged from the U.S. Armed Forces,No,,text
2023-12-23T18:47:40Z,4f083ce3-f12b-bb4b-7353-e17f0cd55b0a,4f083ce3-f12b-bb4b-6a2d-524a5d952220,survey,93035-4,Has season or migrant farm work been your or your family's main source of income at any point in past 2 years [PRAPARE],No,,text
2023-12-23T18:47:40Z,4f083ce3-f12b-bb4b-7353-e17f0cd55b0a,4f083ce3-f12b-bb4b-6a2d-524a5d952220,survey,32624-9,Race,White,,text
2023-12-23T18:47:40Z,4f083ce3-f12b-bb4b-7353-e17f0cd55b0a,4f083ce3-f12b-bb4b-6a2d-524a5d952220,survey,56051-6,Hispanic or Latino,No,,text
2023-12-23T19:26:03Z,4f083ce3-f12b-bb4b-7353-e17f0cd55b0a,4f083ce3-f12b-bb4b-6a2d-524a5d952220,survey,55758-7,Patient Health Questionnaire 2 item (PHQ-2) total score [Reported],1.0,{score},numeric
2023-12-23T20:06:37Z,4f083ce3-f12b-bb4b-7353-e17f0cd55b0a,4f083ce3-f12b-bb4b-6a2d-524a5d952220,survey,82667-7,Total score [DAST-10],1.0,{score},numeric
2024-10-09T22:13:58Z,4f083ce3-f12b-bb4b-7353-e17f0cd55b0a,4f083ce3-f12b-bb4b-4727-b69ff288b43f,exam,66519-0,Percentage area affected by eczema Head and Neck [PhenX],0.0,%,numeric
2024-10-09T22:13:58Z,4f083ce3-f12b-bb4b-7353-e17f0cd55b0a,4f083ce3-f12b-bb4b-4727-b69ff288b43f,exam,66529-9,Percentage area affected by eczema Trunk [PhenX],0.0,%,numeric
2024-10-09T22:13:58Z,4f083ce3-f12b-bb4b-7353-e17f0cd55b0a,4f083ce3-f12b-bb4b-4727-b69ff288b43f,exam,66524-0,Percentage area affected by eczema Upper extremity - bilateral [PhenX],30.1,%,numeric
2024-10-09T22:13:58Z,4f083ce3-f12b-bb4b-7353-e17f0cd55b0a,4f083ce3-f12b-bb4b-4727-b69ff288b43f,exam,66534-9,Percentage area affected by eczema Lower extremity - bilateral [PhenX],3.4,%,numeric
2024-10-26T01:43:59Z,4f083ce3-f12b-bb4b-7353-e17f0cd55b0a,4f083ce3-f12b-bb4b-d64b-564e0ae2a445,laboratory,6206-7,Peanut IgE Ab [Units/volume] in Serum,0.2,kU/L,numeric
2024-10-26T01:43:59Z,4f083ce3-f12b-bb4b-7353-e17f0cd55b0a,4f083ce3-f12b-bb4b-d64b-564e0ae2a445,laboratory,6273-7,Walnut IgE Ab [Units/volume] in Serum,0.2,kU/L,numeric
2024-10-26T01:43:59Z,4f083ce3-f12b-bb4b-7353-e17f0cd55b0a,4f083ce3-f12b-bb4b-d64b-564e0ae2a445,laboratory,6082-2,Codfish IgE Ab [Units/volume] in Serum,0.1,kU/L,numeric
2024-10-26T01:43:59Z,4f083ce3-f12b-bb4b-7353-e17f0cd55b0a,4f083ce3-f12b-bb4b-d64b-564e0ae2a445,laboratory,6246-3,Shrimp IgE Ab [Units/volume] in Serum,0.2,kU/L,numeric
2024-10-26T01:43:59Z,4f083ce3-f12b-bb4b-7353-e17f0cd55b0a,4f083ce3-f12b-bb4b-d64b-564e0ae2a445,laboratory,6276-0,Wheat IgE Ab [Units/volume] in Serum,0.2,kU/L,numeric
2024-10-26T01:43:59Z,4f083ce3-f12b-bb4b-7353-e17f0cd55b0a,4f083ce3-f12b-bb4b-d64b-564e0ae2a445,laboratory,6106-9,Egg white IgE Ab [Units/volume] in Serum,0.2,kU/L,numeric
2024-10-26T01:43:59Z,4f083ce3-f12b-bb4b-7353-e17f0cd55b0a,4f083ce3-f12b-bb4b-d64b-564e0ae2a445,laboratory,6248-9,Soybean IgE Ab [Units/volume] in Serum,0.1,kU/L,numeric
2024-10-26T01:43:59Z,4f083ce3-f12b-bb4b-7353-e17f0cd55b0a,4f083ce3-f12b-bb4b-d64b-564e0ae2a445,laboratory,7258-7,Cow milk IgE Ab [Units/volume] in Serum,0.2,kU/L,numeric
2024-10-26T01:43:59Z,4f083ce3-f12b-bb4b-7353-e17f0cd55b0a,4f083ce3-f12b-bb4b-d64b-564e0ae2a445,laboratory,6189-5,White oak IgE Ab [Units/volume] in Serum,0.3,kU/L,numeric
2024-10-26T01:43:59Z,4f083ce3-f12b-bb4b-7353-e17f0cd55b0a,4f083ce3-f12b-bb4b-d64b-564e0ae2a445,laboratory,6085-5,Common Ragweed IgE Ab [Units/volume] in Serum,0.3,kU/L,numeric
2024-10-26T01:43:59Z,4f083ce3-f12b-bb4b-7353-e17f0cd55b0a,4f083ce3-f12b-bb4b-d64b-564e0ae2a445,laboratory,6833-8,Cat dander IgE Ab [Units/volume] in Serum,0.1,kU/L,numeric
2024-10-26T01:43:59Z,4f083ce3-f12b-bb4b-7353-e17f0cd55b0a,4f083ce3-f12b-bb4b-d64b-564e0ae2a445,laboratory,6095-4,American house dust mite IgE Ab [Units/volume] in Serum,0.0,kU/L,numeric
2024-10-26T01:43:59Z,4f083ce3-f12b-bb4b-7353-e17f0cd55b0a,4f083ce3-f12b-bb4b-d64b-564e0ae2a445,laboratory,6075-6,Cladosporium herbarum IgE Ab [Units/volume] in Serum,0.3,kU/L,numeric
2024-10-26T01:43:59Z,4f083ce3-f12b-bb4b-7353-e17f0cd55b0a,4f083ce3-f12b-bb4b-d64b-564e0ae2a445,laboratory,6844-5,Honey bee IgE Ab [Units/volume] in Serum,0.0,kU/L,numeric
2024-10-26T01:43:59Z,4f083ce3-f12b-bb4b-7353-e17f0cd55b0a,4f083ce3-f12b-bb4b-d64b-564e0ae2a445,laboratory,6158-0,Latex IgE Ab [Units/volume] in Serum,0.2,kU/L,numeric
2021-10-07T18:13:58Z,4f083ce3-f12b-bb4b-7353-e17f0cd55b0a,,,QALY,QALY,31.0,a,numeric
2022-10-07T18:13:58Z,4f083ce3-f12b-bb4b-7353-e17f0cd55b0a,,,QALY,QALY,32.0,a,numeric
2023-10-07T18:13:58Z,4f083ce3-f12b-bb4b-7353-e17f0cd55b0a,,,QALY,QALY,33.0,a,numeric
2024-10-07T18:13:58Z,4f083ce3-f12b-bb4b-7353-e17f0cd55b0a,,,QALY,QALY,34.0,a,numeric
2025-10-07T18:13:58Z,4f083ce3-f12b-bb4b-7353-e17f0cd55b0a,,,QALY,QALY,35.0,a,numeric
2021-10-07T18:13:58Z,4f083ce3-f12b-bb4b-7353-e17f0cd55b0a,,,DALY,DALY,0.0,a,numeric
2022-10-07T18:13:58Z,4f083ce3-f12b-bb4b-7353-e17f0cd55b0a,,,DALY,DALY,0.0,a,numeric
2023-10-07T18:13:58Z,4f083ce3-f12b-bb4b-7353-e17f0cd55b0a,,,DALY,DALY,0.0,a,numeric
2024-10-07T18:13:58Z,4f083ce3-f12b-bb4b-7353-e17f0cd55b0a,,,DALY,DALY,0.0,a,numeric
2025-10-07T18:13:58Z,4f083ce3-f12b-bb4b-7353-e17f0cd55b0a,,,DALY,DALY,0.0,a,numeric
2021-10-07T18:13:58Z,4f083ce3-f12b-bb4b-7353-e17f0cd55b0a,,,QOLS,QOLS,1.0,{score},numeric
2022-10-07T18:13:58Z,4f083ce3-f12b-bb4b-7353-e17f0cd55b0a,,,QOLS,QOLS,1.0,{score},numeric
2023-10-07T18:13:58Z,4f083ce3-f12b-bb4b-7353-e17f0cd55b0a,,,QOLS,QOLS,1.0,{score},numeric
2024-10-07T18:13:58Z,4f083ce3-f12b-bb4b-7353-e17f0cd55b0a,,,QOLS,QOLS,1.0,{score},numeric
2025-10-07T18:13:58Z,4f083ce3-f12b-bb4b-7353-e17f0cd55b0a,,,QOLS,QOLS,1.0,{score},numeric
2022-02-17T19:53:59Z,46ee9d82-b52c-856d-069b-5064ff052225,46ee9d82-b52c-856d-8097-ee5bf9287fe1,laboratory,4548-4,Hemoglobin A1c/Hemoglobin.total in Blood,5.9,%,numeric
2022-02-17T19:53:59Z,46ee9d82-b52c-856d-069b-5064ff052225,46ee9d82-b52c-856d-8097-ee5bf9287fe1,vital-signs,8302-2,Body Height,156.0,cm,numeric
2022-02-17T19:53:59Z,46ee9d82-b52c-856d-069b-5064ff052225,46ee9d82-b52c-856d-8097-ee5bf9287fe1,vital-signs,72514-3,Pain severity - 0-10 verbal numeric rating [Score] - Reported,1.0,{score},numeric
2022-02-17T19:53:59Z,46ee9d82-b52c-856d-069b-5064ff052225,46ee9d82-b52c-856d-8097-ee5bf9287fe1,vital-signs,29463-7,Body Weight,70.3,kg,numeric
2022-02-17T19:53:59Z,46ee9d82-b52c-856d-069b-5064ff052225,46ee9d82-b52c-856d-8097-ee5bf9287fe1,vital-signs,39156-5,Body mass index (BMI) [Ratio],28.9,kg/m2,numeric
2022-02-17T19:53:59Z,46ee9d82-b52c-856d-069b-5064ff052225,46ee9d82-b52c-856d-8097-ee5bf9287fe1,vital-signs,8462-4,Diastolic Blood Pressure,80.0,mm[Hg],numeric
2022-02-17T19:53:59Z,46ee9d82-b52c-856d-069b-5064ff052225,46ee9d82-b52c-856d-8097-ee5bf9287fe1,vital-signs,8480-6,Systolic Blood Pressure,110.0,mm[Hg],numeric
2022-02-17T19:53:59Z,46ee9d82-b52c-856d-069b-5064ff052225,46ee9d82-b52c-856d-8097-ee5bf9287fe1,vital-signs,8867-4,Heart rate,90.0,/min,numeric
2022-02-17T19:53:59Z,46ee9d82-b52c-856d-069b-5064ff052225,46ee9d82-b52c-856d-8097-ee5bf9287fe1,vital-signs,9279-1,Respiratory rate,16.0,/min,numeric
2022-02-17T19:53:59Z,46ee9d82-b52c-856d-069b-5064ff052225,46ee9d82-b52c-856d-8097-ee5bf9287fe1,laboratory,2339-0,Glucose [Mass/volume] in Blood,76.4,mg/dL,numeric
2022-02-17T19:53:59Z,46ee9d82-b52c-856d-069b-5064ff052225,46ee9d82-b52c-856d-8097-ee5bf9287fe1,laboratory,6299-2,Urea nitrogen [Mass/volume] in Blood,8.2,mg/dL,numeric
2022-02-17T19:53:59Z,46ee9d82-b52c-856d-069b-5064ff052225,46ee9d82-b52c-856d-8097-ee5bf9287fe1,laboratory,38483-4,Creatinine [Mass/volume] in Blood,0.9,mg/dL,numeric
2022-02-17T19:53:59Z,46ee9d82-b52c-856d-069b-5064ff052225,46ee9d82-b52c-856d-8097-ee5bf9287fe1,laboratory,49765-1,Calcium [Mass/volume] in Blood,9.8,mg/dL,numeric
2022-02-17T19:53:59Z,46ee9d82-b52c-856d-069b-5064ff052225,46ee9d82-b52c-856d-8097-ee5bf9287fe1,laboratory,2947-0,Sodium [Moles/volume] in Blood,139.9,mmol/L,numeric
2022-02-17T19:53:59Z,46ee9d82-b52c-856d-069b-5064ff052225,46ee9d82-b52c-856d-8097-ee5bf9287fe1,laboratory,6298-4,Potassium [Moles/volume] in Blood,4.1,mmol/L,numeric
2022-02-17T19:53:59Z,46ee9d82-b52c-856d-069b-5064ff052225,46ee9d82-b52c-856d-8097-ee5bf9287fe1,laboratory,2069-3,Chloride [Moles/volume] in Blood,102.8,mmol/L,numeric
2022-02-17T19:53:59Z,46ee9d82-b52c-856d-069b-5064ff052225,46ee9d82-b52c-856d-8097-ee5bf9287fe1,laboratory,20565-8,Carbon dioxide  total [Moles/volume] in Blood,23.3,mmol/L,numeric
2022-02-17T19:53:59Z,46ee9d82-b52c-856d-069b-5064ff052225,46ee9d82-b52c-856d-8097-ee5bf9287fe1,laboratory,6690-2,Leukocytes [#/volume] in Blood by Automated count,4.8,10*3/uL,numeric
2022-02-17T19:53:59Z,46ee9d82-b52c-856d-069b-5064ff052225,46ee9d82-b52c-856d-8097-ee5bf9287fe1,laboratory,789-8,Erythrocytes [#/volume] in Blood by Automated count,5.0,10*6/uL,numeric
2022-02-17T19:53:59Z,46ee9d82-b52c-856d-069b-5064ff052225,46ee9d82-b52c-856d-8097-ee5bf9287fe1,laboratory,718-7,Hemoglobin [Mass/volume] in Blood,16.6,g/dL,numeric
2022-02-17T19:53:59Z,46ee9d82-b52c-856d-069b-5064ff052225,46ee9d82-b52c-856d-8097-ee5bf9287fe1,laboratory,4544-3,Hematocrit [Volume Fraction] of Blood by Automated count,44.9,%,numeric
2022-02-17T19:53:59Z,46ee9d82-b52c-856d-069b-5064ff052225,46ee9d82-b52c-856d-8097-ee5bf9287fe1,laboratory,787-2,MCV [Entitic mean volume] in Red Blood Cells by Automated count,89.9,fL,numeric
2022-02-17T19:53:59Z,46ee9d82-b52c-856d-069b-5064ff052225,46ee9d82-b52c-856d-8097-ee5bf9287fe1,laboratory,785-6,MCH [Entitic mass] by Automated count,28.0,pg,numeric
2022-02-17T19:53:59Z,46ee9d82-b52c-856d-069b-5064ff052225,46ee9d82-b52c-856d-8097-ee5bf9287fe1,laboratory,786-4,MCHC [Entitic Mass/volume] in Red Blood Cells by Automated count,35.0,g/dL,numeric
2022-02-17T19:53:59Z,46ee9d82-b52c-856d-069b-5064ff052225,46ee9d82-b52c-856d-8097-ee5bf9287fe1,laboratory,788-0,Erythrocyte [DistWidth] in Blood by Automated count,44.1,fL,numeric
2022-02-17T19:53:59Z,46ee9d82-b52c-856d-069b-5064ff052225,46ee9d82-b52c-856d-8097-ee5bf9287fe1,laboratory,777-3,Platelets [#/volume] in Blood by Automated count,292.8,10*3/uL,numeric
2022-02-17T19:53:59Z,46ee9d82-b52c-856d-069b-5064ff052225,46ee9d82-b52c-856d-8097-ee5bf9287fe1,laboratory,32207-3,Platelet distribution width [Entitic volume] in Blood by Automated count,323.4,fL,numeric
2022-02-17T19:53:59Z,46ee9d82-b52c-856d-069b-5064ff052225,46ee9d82-b52c-856d-8097-ee5bf9287fe1,laboratory,32623-1,Platelet [Entitic mean volume] in Blood by Automated count,10.9,fL,numeric
2022-02-17T19:53:59Z,46ee9d82-b52c-856d-069b-5064ff052225,46ee9d82-b52c-856d-8097-ee5bf9287fe1,social-history,72166-2,Tobacco smoking status,Never smoked tobacco (finding),,text
2022-02-17T20:27:03Z,46ee9d82-b52c-856d-069b-5064ff052225,46ee9d82-b52c-856d-8097-ee5bf9287fe1,survey,76501-6,Within the last year  have you been afraid of your partner or ex-partner,No,,text
2022-02-17T20:27:03Z,46ee9d82-b52c-856d-069b-5064ff052225,46ee9d82-b52c-856d-8097-ee5bf9287fe1,survey,93026-3,Do you feel physically and emotionally safe where you currently live [PRAPARE],Yes,,text
2022-02-17T20:27:03Z,46ee9d82-b52c-856d-069b-5064ff052225,46ee9d82-b52c-856d-8097-ee5bf9287fe1,survey,93027-1,Are you a refugee,No,,text
2022-02-17T20:27:03Z,46ee9d82-b52c-856d-069b-5064ff052225,46ee9d82-b52c-856d-8097-ee5bf9287fe1,survey,93028-9,Have you spent more than 2 nights in a row in a jail  prison  detention center  or juvenile correctional facility in past 1 year [PRAPARE],No,,text
2022-02-17T20:27:03Z,46ee9d82-b52c-856d-069b-5064ff052225,46ee9d82-b52c-856d-8097-ee5bf9287fe1,survey,93038-8,Stress level,Somewhat,,text
2022-02-17T20:27:03Z,46ee9d82-b52c-856d-069b-5064ff052225,46ee9d82-b52c-856d-8097-ee5bf9287fe1,survey,93029-7,How often do you see or talk to people that you care about and feel close to [PRAPARE],5 or more times a week,,text
2022-02-17T20:27:03Z,46ee9d82-b52c-856d-069b-5064ff052225,46ee9d82-b52c-856d-8097-ee5bf9287fe1,survey,93030-5,Has lack of transportation kept you from medical appointments  meetings  work  or from getting things needed for daily living,Yes  it has kept me from non-medical meetings  appointments  work  or from getting things that I need,,text
2022-02-17T20:27:03Z,46ee9d82-b52c-856d-069b-5064ff052225,46ee9d82-b52c-856d-8097-ee5bf9287fe1,survey,93031-3,Have you or any family members you live with been unable to get any of the following when it was really needed in past 1 year [PRAPARE],I choose not to answer this question,,text
2022-02-17T20:27:03Z,46ee9d82-b52c-856d-069b-5064ff052225,46ee9d82-b52c-856d-8097-ee5bf9287fe1,survey,63586-2,What was your best estimate of the total income of all family members from all sources  before taxes  in last year [PhenX],104550,/a,text
2022-02-17T20:27:03Z,46ee9d82-b52c-856d-069b-5064ff052225,46ee9d82-b52c-856d-8097-ee5bf9287fe1,survey,76437-3,Primary insurance,Private insurance,,text
2022-02-17T20:27:03Z,46ee9d82-b52c-856d-069b-5064ff052225,46ee9d82-b52c-856d-8097-ee5bf9287fe1,survey,67875-5,Employment status - current,Part-time or temporary work,,text
2022-02-17T20:27:03Z,46ee9d82-b52c-856d-069b-5064ff052225,46ee9d82-b52c-856d-8097-ee5bf9287fe1,survey,82589-3,Highest level of education,More than high school,,text
2022-02-17T20:27:03Z,46ee9d82-b52c-856d-069b-5064ff052225,46ee9d82-b52c-856d-8097-ee5bf9287fe1,survey,56799-0,Address,925 Brown Annex,,text
2022-02-17T20:27:03Z,46ee9d82-b52c-856d-069b-5064ff052225,46ee9d82-b52c-856d-8097-ee5bf9287fe1,survey,93033-9,Are you worried about losing your housing [PRAPARE],Yes,,text
2022-02-17T20:27:03Z,46ee9d82-b52c-856d-069b-5064ff052225,46ee9d82-b52c-856d-8097-ee5bf9287fe1,survey,71802-3,Housing status,I have housing,,text
2022-02-17T20:27:03Z,46ee9d82-b52c-856d-069b-5064ff052225,46ee9d82-b52c-856d-8097-ee5bf9287fe1,survey,63512-8,How many people are living or staying at this address [#],2.0,{#},numeric
2022-02-17T20:27:03Z,46ee9d82-b52c-856d-069b-5064ff052225,46ee9d82-b52c-856d-8097-ee5bf9287fe1,survey,54899-0,Preferred language,Language other than English,,text
2022-02-17T20:27:03Z,46ee9d82-b52c-856d-069b-5064ff052225,46ee9d82-b52c-856d-8097-ee5bf9287fe1,survey,93034-7,Discharged from the U.S. Armed Forces,No,,text
2022-02-17T20:27:03Z,46ee9d82-b52c-856d-069b-5064ff052225,46ee9d82-b52c-856d-8097-ee5bf9287fe1,survey,93035-4,Has season or migrant farm work been your or your family's main source of income at any point in past 2 years [PRAPARE],No,,text
2022-02-17T20:27:03Z,46ee9d82-b52c-856d-069b-5064ff052225,46ee9d82-b52c-856d-8097-ee5bf9287fe1,survey,32624-9,Race,I choose not to answer this question,,text
2022-02-17T20:27:03Z,46ee9d82-b52c-856d-069b-5064ff052225,46ee9d82-b52c-856d-8097-ee5bf9287fe1,survey,56051-6,Hispanic or Latino,No,,text
2022-02-17T21:01:44Z,46ee9d82-b52c-856d-069b-5064ff052225,46ee9d82-b52c-856d-8097-ee5bf9287fe1,survey,55758-7,Patient Health Questionnaire 2 item (PHQ-2) total score [Reported],2.0,{score},numeric
2022-02-17T21:38:36Z,46ee9d82-b52c-856d-069b-5064ff052225,46ee9d82-b52c-856d-8097-ee5bf9287fe1,survey,82667-7,Total score [DAST-10],1.0,{score},numeric
2023-05-04T19:53:59Z,46ee9d82-b52c-856d-069b-5064ff052225,46ee9d82-b52c-856d-c791-7f2f560764af,laboratory,4548-4,Hemoglobin A1c/Hemoglobin.total in Blood,6.1,%,numeric
2023-05-04T19:53:59Z,46ee9d82-b52c-856d-069b-5064ff052225,46ee9d82-b52c-856d-c791-7f2f560764af,vital-signs,8302-2,Body Height,156.0,cm,numeric
2023-05-04T19:53:59Z,46ee9d82-b52c-856d-069b-5064ff052225,46ee9d82-b52c-856d-c791-7f2f560764af,vital-signs,72514-3,Pain severity - 0-10 verbal numeric rating [Score] - Reported,1.0,{score},numeric
2023-05-04T19:53:59Z,46ee9d82-b52c-856d-069b-5064ff052225,46ee9d82-b52c-856d-c791-7f2f560764af,vital-signs,29463-7,Body Weight,72.2,kg,numeric
2023-05-04T19:53:59Z,46ee9d82-b52c-856d-069b-5064ff052225,46ee9d82-b52c-856d-c791-7f2f560764af,vital-signs,39156-5,Body mass index (BMI) [Ratio],29.7,kg/m2,numeric
2023-05-04T19:53:59Z,46ee9d82-b52c-856d-069b-5064ff052225,46ee9d82-b52c-856d-c791-7f2f560764af,vital-signs,8462-4,Diastolic Blood Pressure,82.0,mm[Hg],numeric
2023-05-04T19:53:59Z,46ee9d82-b52c-856d-069b-5064ff052225,46ee9d82-b52c-856d-c791-7f2f560764af,vital-signs,8480-6,Systolic Blood Pressure,110.0,mm[Hg],numeric
2023-05-04T19:53:59Z,46ee9d82-b52c-856d-069b-5064ff052225,46ee9d82-b52c-856d-c791-7f2f560764af,vital-signs,8867-4,Heart rate,85.0,/min,numeric
2023-05-04T19:53:59Z,46ee9d82-b52c-856d-069b-5064ff052225,46ee9d82-b52c-856d-c791-7f2f560764af,vital-signs,9279-1,Respiratory rate,14.0,/min,numeric
2023-05-04T19:53:59Z,46ee9d82-b52c-856d-069b-5064ff052225,46ee9d82-b52c-856d-c791-7f2f560764af,laboratory,2339-0,Glucose [Mass/volume] in Blood,78.5,mg/dL,numeric
2023-05-04T19:53:59Z,46ee9d82-b52c-856d-069b-5064ff052225,46ee9d82-b52c-856d-c791-7f2f560764af,laboratory,6299-2,Urea nitrogen [Mass/volume] in Blood,7.1,mg/dL,numeric
2023-05-04T19:53:59Z,46ee9d82-b52c-856d-069b-5064ff052225,46ee9d82-b52c-856d-c791-7f2f560764af,laboratory,38483-4,Creatinine [Mass/volume] in Blood,1.0,mg/dL,numeric
2023-05-04T19:53:59Z,46ee9d82-b52c-856d-069b-5064ff052225,46ee9d82-b52c-856d-c791-7f2f560764af,laboratory,49765-1,Calcium [Mass/volume] in Blood,9.5,mg/dL,numeric
2023-05-04T19:53:59Z,46ee9d82-b52c-856d-069b-5064ff052225,46ee9d82-b52c-856d-c791-7f2f560764af,laboratory,2947-0,Sodium [Moles/volume] in Blood,141.1,mmol/L,numeric
2023-05-04T19:53:59Z,46ee9d82-b52c-856d-069b-5064ff052225,46ee9d82-b52c-856d-c791-7f2f560764af,laboratory,6298-4,Potassium [Moles/volume] in Blood,4.7,mmol/L,numeric
2023-05-04T19:53:59Z,46ee9d82-b52c-856d-069b-5064ff052225,46ee9d82-b52c-856d-c791-7f2f560764af,laboratory,2069-3,Chloride [Moles/volume] in Blood,110.2,mmol/L,numeric
2023-05-04T19:53:59Z,46ee9d82-b52c-856d-069b-5064ff052225,46ee9d82-b52c-856d-c791-7f2f560764af,laboratory,20565-8,Carbon dioxide  total [Moles/volume] in Blood,26.1,mmol/L,numeric
2023-05-04T19:53:59Z,46ee9d82-b52c-856d-069b-5064ff052225,46ee9d82-b52c-856d-c791-7f2f560764af,social-history,72166-2,Tobacco smoking status,Never smoked tobacco (finding),,text
2023-05-04T20:50:14Z,46ee9d82-b52c-856d-069b-5064ff052225,46ee9d82-b52c-856d-c791-7f2f560764af,survey,76501-6,Within the last year  have you been afraid of your partner or ex-partner,No,,text
2023-05-04T20:50:14Z,46ee9d82-b52c-856d-069b-5064ff052225,46ee9d82-b52c-856d-c791-7f2f560764af,survey,93026-3,Do you feel physically and emotionally safe where you currently live [PRAPARE],Yes,,text
2023-05-04T20:50:14Z,46ee9d82-b52c-856d-069b-5064ff052225,46ee9d82-b52c-856d-c791-7f2f560764af,survey,93027-1,Are you a refugee,No,,text
2023-05-04T20:50:14Z,46ee9d82-b52c-856d-069b-5064ff052225,46ee9d82-b52c-856d-c791-7f2f560764af,survey,93028-9,Have you spent more than 2 nights in a row in a jail  prison  detention center  or juvenile correctional facility in past 1 year [PRAPARE],No,,text
2023-05-04T20:50:14Z,46ee9d82-b52c-856d-069b-5064ff052225,46ee9d82-b52c-856d-c791-7f2f560764af,survey,93038-8,Stress level,A little bit,,text
2023-05-04T20:50:14Z,46ee9d82-b52c-856d-069b-5064ff052225,46ee9d82-b52c-856d-c791-7f2f560764af,survey,93029-7,How often do you see or talk to people that you care about and feel close to [PRAPARE],5 or more times a week,,text
2023-05-04T20:50:14Z,46ee9d82-b52c-856d-069b-5064ff052225,46ee9d82-b52c-856d-c791-7f2f560764af,survey,93030-5,Has lack of transportation kept you from medical appointments  meetings  work  or from getting things needed for daily living,Yes  it has kept me from medical appointments or from getting my medications,,text
2023-05-04T20:50:14Z,46ee9d82-b52c-856d-069b-5064ff052225,46ee9d82-b52c-856d-c791-7f2f560764af,survey,93031-3,Have you or any family members you live with been unable to get any of the following when it was really needed in past 1 year [PRAPARE],I choose not to answer this question,,text
2023-05-04T20:50:14Z,46ee9d82-b52c-856d-069b-5064ff052225,46ee9d82-b52c-856d-c791-7f2f560764af,survey,63586-2,What was your best estimate of the total income of all family members from all sources  before taxes  in last year [PhenX],104550,/a,text
2023-05-04T20:50:14Z,46ee9d82-b52c-856d-069b-5064ff052225,46ee9d82-b52c-856d-c791-7f2f560764af,survey,76437-3,Primary insurance,Private insurance,,text
2023-05-04T20:50:14Z,46ee9d82-b52c-856d-069b-5064ff052225,46ee9d82-b52c-856d-c791-7f2f560764af,survey,67875-5,Employment status - current,Otherwise unemployed but not seeking work (ex: student  retired  disabled  unpaid primary care giver),,text
2023-05-04T20:50:14Z,46ee9d82-b52c-856d-069b-5064ff052225,46ee9d82-b52c-856d-c791-7f2f560764af,survey,82589-3,Highest level of education,More than high school,,text
2023-05-04T20:50:14Z,46ee9d82-b52c-856d-069b-5064ff052225,46ee9d82-b52c-856d-c791-7f2f560764af,survey,56799-0,Address,925 Brown Annex,,text
2023-05-04T20:50:14Z,46ee9d82-b52c-856d-069b-5064ff052225,46ee9d82-b52c-856d-c791-7f2f560764af,survey,93033-9,Are you worried about losing your housing [PRAPARE],Yes,,text
2023-05-04T20:50:14Z,46ee9d82-b52c-856d-069b-5064ff052225,46ee9d82-b52c-856d-c791-7f2f560764af,survey,71802-3,Housing status,I have housing,,text
2023-05-04T20:50:14Z,46ee9d82-b52c-856d-069b-5064ff052225,46ee9d82-b52c-856d-c791-7f2f560764af,survey,63512-8,How many people are living or staying at this address [#],2.0,{#},numeric
2023-05-04T20:50:14Z,46ee9d82-b52c-856d-069b-5064ff052225,46ee9d82-b52c-856d-c791-7f2f560764af,survey,54899-0,Preferred language,Language other than English,,text
2023-05-04T20:50:14Z,46ee9d82-b52c-856d-069b-5064ff052225,46ee9d82-b52c-856d-c791-7f2f560764af,survey,93034-7,Discharged from the U.S. Armed Forces,No,,text
2023-05-04T20:50:14Z,46ee9d82-b52c-856d-069b-5064ff052225,46ee9d82-b52c-856d-c791-7f2f560764af,survey,93035-4,Has season or migrant farm work been your or your family's main source of income at any point in past 2 years [PRAPARE],No,,text
2023-05-04T20:50:14Z,46ee9d82-b52c-856d-069b-5064ff052225,46ee9d82-b52c-856d-c791-7f2f560764af,survey,32624-9,Race,Black/African American,,text
2023-05-04T20:50:14Z,46ee9d82-b52c-856d-069b-5064ff052225,46ee9d82-b52c-856d-c791-7f2f560764af,survey,56051-6,Hispanic or Latino,No,,text
2023-05-04T21:11:42Z,46ee9d82-b52c-856d-069b-5064ff052225,46ee9d82-b52c-856d-c791-7f2f560764af,survey,70274-6,Generalized anxiety disorder 7 item (GAD-7) total score [Reported.PHQ],1.0,{score},numeric
2023-05-04T21:46:56Z,46ee9d82-b52c-856d-069b-5064ff052225,46ee9d82-b52c-856d-c791-7f2f560764af,survey,55758-7,Patient Health Questionnaire 2 item (PHQ-2) total score [Reported],1.0,{score},numeric
2023-05-04T22:28:23Z,46ee9d82-b52c-856d-069b-5064ff052225,46ee9d82-b52c-856d-c791-7f2f560764af,survey,75626-2,Total score [AUDIT-C],1.0,{score},numeric
2025-02-20T19:53:59Z,46ee9d82-b52c-856d-069b-5064ff052225,46ee9d82-b52c-856d-67b6-5e9bae39137c,laboratory,4548-4,Hemoglobin A1c/Hemoglobin.total in Blood,6.3,%,numeric
2025-02-20T19:53:59Z,46ee9d82-b52c-856d-069b-5064ff052225,46ee9d82-b52c-856d-67b6-5e9bae39137c,vital-signs,8302-2,Body Height,156.0,cm,numeric
2025-02-20T19:53:59Z,46ee9d82-b52c-856d-069b-5064ff052225,46ee9d82-b52c-856d-67b6-5e9bae39137c,vital-signs,72514-3,Pain severity - 0-10 verbal numeric rating [Score] - Reported,2.0,{score},numeric
2025-02-20T19:53:59Z,46ee9d82-b52c-856d-069b-5064ff052225,46ee9d82-b52c-856d-67b6-5e9bae39137c,vital-signs,29463-7,Body Weight,66.3,kg,numeric
2025-02-20T19:53:59Z,46ee9d82-b52c-856d-069b-5064ff052225,46ee9d82-b52c-856d-67b6-5e9bae39137c,vital-signs,39156-5,Body mass index (BMI) [Ratio],27.2,kg/m2,numeric
2025-02-20T19:53:59Z,46ee9d82-b52c-856d-069b-5064ff052225,46ee9d82-b52c-856d-67b6-5e9bae39137c,vital-signs,8462-4,Diastolic Blood Pressure,83.0,mm[Hg],numeric
2025-02-20T19:53:59Z,46ee9d82-b52c-856d-069b-5064ff052225,46ee9d82-b52c-856d-67b6-5e9bae39137c,vital-signs,8480-6,Systolic Blood Pressure,112.0,mm[Hg],numeric
2025-02-20T19:53:59Z,46ee9d82-b52c-856d-069b-5064ff052225,46ee9d82-b52c-856d-67b6-5e9bae39137c,vital-signs,8867-4,Heart rate,67.0,/min,numeric
2025-02-20T19:53:59Z,46ee9d82-b52c-856d-069b-5064ff052225,46ee9d82-b52c-856d-67b6-5e9bae39137c,vital-signs,9279-1,Respiratory rate,15.0,/min,numeric
2025-02-20T19:53:59Z,46ee9d82-b52c-856d-069b-5064ff052225,46ee9d82-b52c-856d-67b6-5e9bae39137c,laboratory,2339-0,Glucose [Mass/volume] in Blood,94.3,mg/dL,numeric
2025-02-20T19:53:59Z,46ee9d82-b52c-856d-069b-5064ff052225,46ee9d82-b52c-856d-67b6-5e9bae39137c,laboratory,6299-2,Urea nitrogen [Mass/volume] in Blood,14.6,mg/dL,numeric
2025-02-20T19:53:59Z,46ee9d82-b52c-856d-069b-5064ff052225,46ee9d82-b52c-856d-67b6-5e9bae39137c,laboratory,38483-4,Creatinine [Mass/volume] in Blood,1.2,mg/dL,numeric
2025-02-20T19:53:59Z,46ee9d82-b52c-856d-069b-5064ff052225,46ee9d82-b52c-856d-67b6-5e9bae39137c,laboratory,49765-1,Calcium [Mass/volume] in Blood,9.0,mg/dL,numeric
2025-02-20T19:53:59Z,46ee9d82-b52c-856d-069b-5064ff052225,46ee9d82-b52c-856d-67b6-5e9bae39137c,laboratory,2947-0,Sodium [Moles/volume] in Blood,139.6,mmol/L,numeric
2025-02-20T19:53:59Z,46ee9d82-b52c-856d-069b-5064ff052225,46ee9d82-b52c-856d-67b6-5e9bae39137c,laboratory,6298-4,Potassium [Moles/volume] in Blood,4.7,mmol/L,numeric
2025-02-20T19:53:59Z,46ee9d82-b52c-856d-069b-5064ff052225,46ee9d82-b52c-856d-67b6-5e9bae39137c,laboratory,2069-3,Chloride [Moles/volume] in Blood,104.3,mmol/L,numeric
2025-02-20T19:53:59Z,46ee9d82-b52c-856d-069b-5064ff052225,46ee9d82-b52c-856d-67b6-5e9bae39137c,laboratory,20565-8,Carbon dioxide  total [Moles/volume] in Blood,28.4,mmol/L,numeric
2025-02-20T19:53:59Z,46ee9d82-b52c-856d-069b-5064ff052225,46ee9d82-b52c-856d-67b6-5e9bae39137c,laboratory,2093-3,Cholesterol [Mass/volume] in Serum or Plasma,272.3,mg/dL,numeric
2025-02-20T19:53:59Z,46ee9d82-b52c-856d-069b-5064ff052225,46ee9d82-b52c-856d-67b6-5e9bae39137c,laboratory,2571-8,Triglyceride [Mass/volume] in Serum or Plasma,138.6,mg/dL,numeric
2025-02-20T19:53:59Z,46ee9d82-b52c-856d-069b-5064ff052225,46ee9d82-b52c-856d-67b6-5e9bae39137c,laboratory,18262-6,Cholesterol in LDL [Mass/volume] in Serum or Plasma by Direct assay,189.2,mg/dL,numeric
2025-02-20T19:53:59Z,46ee9d82-b52c-856d-069b-5064ff052225,46ee9d82-b52c-856d-67b6-5e9bae39137c,laboratory,2085-9,Cholesterol in HDL [Mass/volume] in Serum or Plasma,55.4,mg/dL,numeric
2025-02-20T19:53:59Z,46ee9d82-b52c-856d-069b-5064ff052225,46ee9d82-b52c-856d-67b6-5e9bae39137c,social-history,72166-2,Tobacco smoking status,Never smoked tobacco (finding),,text
2025-02-20T20:49:54Z,46ee9d82-b52c-856d-069b-5064ff052225,46ee9d82-b52c-856d-67b6-5e9bae39137c,survey,76501-6,Within the last year  have you been afraid of your partner or ex-partner,No,,text
2025-02-20T20:49:54Z,46ee9d82-b52c-856d-069b-5064ff052225,46ee9d82-b52c-856d-67b6-5e9bae39137c,survey,93026-3,Do you feel physically and emotionally safe where you currently live [PRAPARE],Yes,,text
2025-02-20T20:49:54Z,46ee9d82-b52c-856d-069b-5064ff052225,46ee9d82-b52c-856d-67b6-5e9bae39137c,survey,93027-1,Are you a refugee,No,,text
2025-02-20T20:49:54Z,46ee9d82-b52c-856d-069b-5064ff052225,46ee9d82-b52c-856d-67b6-5e9bae39137c,survey,93028-9,Have you spent more than 2 nights in a row in a jail  prison  detention center  or juvenile correctional facility in past 1 year [PRAPARE],No,,text
2025-02-20T20:49:54Z,46ee9d82-b52c-856d-069b-5064ff052225,46ee9d82-b52c-856d-67b6-5e9bae39137c,survey,93038-8,Stress level,A little bit,,text
2025-02-20T20:49:54Z,46ee9d82-b52c-856d-069b-5064ff052225,46ee9d82-b52c-856d-67b6-5e9bae39137c,survey,93029-7,How often do you see or talk to people that you care about and feel close to [PRAPARE],5 or more times a week,,text
2025-02-20T20:49:54Z,46ee9d82-b52c-856d-069b-5064ff052225,46ee9d82-b52c-856d-67b6-5e9bae39137c,survey,93030-5,Has lack of transportation kept you from medical appointments  meetings  work  or from getting things needed for daily living,Yes  it has kept me from medical appointments or from getting my medications,,text
2025-02-20T20:49:54Z,46ee9d82-b52c-856d-069b-5064ff052225,46ee9d82-b52c-856d-67b6-5e9bae39137c,survey,93031-3,Have you or any family members you live with been unable to get any of the following when it was really needed in past 1 year [PRAPARE],I choose not to answer this question,,text
2025-02-20T20:49:54Z,46ee9d82-b52c-856d-069b-5064ff052225,46ee9d82-b52c-856d-67b6-5e9bae39137c,survey,63586-2,What was your best estimate of the total income of all family members from all sources  before taxes  in last year [PhenX],104550,/a,text
2025-02-20T20:49:54Z,46ee9d82-b52c-856d-069b-5064ff052225,46ee9d82-b52c-856d-67b6-5e9bae39137c,survey,76437-3,Primary insurance,Private insurance,,text
2025-02-20T20:49:54Z,46ee9d82-b52c-856d-069b-5064ff052225,46ee9d82-b52c-856d-67b6-5e9bae39137c,survey,67875-5,Employment status - current,Full-time work,,text
2025-02-20T20:49:54Z,46ee9d82-b52c-856d-069b-5064ff052225,46ee9d82-b52c-856d-67b6-5e9bae39137c,survey,82589-3,Highest level of education,More than high school,,text
2025-02-20T20:49:54Z,46ee9d82-b52c-856d-069b-5064ff052225,46ee9d82-b52c-856d-67b6-5e9bae39137c,survey,56799-0,Address,925 Brown Annex,,text
2025-02-20T20:49:54Z,46ee9d82-b52c-856d-069b-5064ff052225,46ee9d82-b52c-856d-67b6-5e9bae39137c,survey,93033-9,Are you worried about losing your housing [PRAPARE],Yes,,text
2025-02-20T20:49:54Z,46ee9d82-b52c-856d-069b-5064ff052225,46ee9d82-b52c-856d-67b6-5e9bae39137c,survey,71802-3,Housing status,I have housing,,text
2025-02-20T20:49:54Z,46ee9d82-b52c-856d-069b-5064ff052225,46ee9d82-b52c-856d-67b6-5e9bae39137c,survey,63512-8,How many people are living or staying at this address [#],2.0,{#},numeric
2025-02-20T20:49:54Z,46ee9d82-b52c-856d-069b-5064ff052225,46ee9d82-b52c-856d-67b6-5e9bae39137c,survey,54899-0,Preferred language,Language other than English,,text
2025-02-20T20:49:54Z,46ee9d82-b52c-856d-069b-5064ff052225,46ee9d82-b52c-856d-67b6-5e9bae39137c,survey,93034-7,Discharged from the U.S. Armed Forces,No,,text
2025-02-20T20:49:54Z,46ee9d82-b52c-856d-069b-5064ff052225,46ee9d82-b52c-856d-67b6-5e9bae39137c,survey,93035-4,Has season or migrant farm work been your or your family's main source of income at any point in past 2 years [PRAPARE],No,,text
2025-02-20T20:49:54Z,46ee9d82-b52c-856d-069b-5064ff052225,46ee9d82-b52c-856d-67b6-5e9bae39137c,survey,32624-9,Race,Black/African American,,text
2025-02-20T20:49:54Z,46ee9d82-b52c-856d-069b-5064ff052225,46ee9d82-b52c-856d-67b6-5e9bae39137c,survey,56051-6,Hispanic or Latino,No,,text
2025-03-27T19:53:59Z,46ee9d82-b52c-856d-069b-5064ff052225,46ee9d82-b52c-856d-9513-140a461e258d,social-history,82810-3,Pregnancy status,Pregnant,,text
2021-12-09T19:53:59Z,46ee9d82-b52c-856d-069b-5064ff052225,,,QALY,QALY,26.9,a,numeric
2022-12-09T19:53:59Z,46ee9d82-b52c-856d-069b-5064ff052225,,,QALY,QALY,27.9,a,numeric
2023-12-09T19:53:59Z,46ee9d82-b52c-856d-069b-5064ff052225,,,QALY,QALY,28.9,a,numeric
2024-12-09T19:53:59Z,46ee9d82-b52c-856d-069b-5064ff052225,,,QALY,QALY,29.9,a,numeric
2025-12-09T19:53:59Z,46ee9d82-b52c-856d-069b-5064ff052225,,,QALY,QALY,30.9,a,numeric
2021-12-09T19:53:59Z,46ee9d82-b52c-856d-069b-5064ff052225,,,DALY,DALY,0.1,a,numeric
2022-12-09T19:53:59Z,46ee9d82-b52c-856d-069b-5064ff052225,,,DALY,DALY,0.1,a,numeric
2023-12-09T19:53:59Z,46ee9d82-b52c-856d-069b-5064ff052225,,,DALY,DALY,0.1,a,numeric
2024-12-09T19:53:59Z,46ee9d82-b52c-856d-069b-5064ff052225,,,DALY,DALY,0.1,a,numeric
2025-12-09T19:53:59Z,46ee9d82-b52c-856d-069b-5064ff052225,,,DALY,DALY,0.1,a,numeric
2021-12-09T19:53:59Z,46ee9d82-b52c-856d-069b-5064ff052225,,,QOLS,QOLS,1.0,{score},numeric
2022-12-09T19:53:59Z,46ee9d82-b52c-856d-069b-5064ff052225,,,QOLS,QOLS,1.0,{score},numeric
2023-12-09T19:53:59Z,46ee9d82-b52c-856d-069b-5064ff052225,,,QOLS,QOLS,1.0,{score},numeric
2024-12-09T19:53:59Z,46ee9d82-b52c-856d-069b-5064ff052225,,,QOLS,QOLS,1.0,{score},numeric
2025-12-09T19:53:59Z,46ee9d82-b52c-856d-069b-5064ff052225,,,QOLS,QOLS,1.0,{score},numeric
2021-10-10T09:30:35Z,aa616abe-1761-0c9a-7959-07544679dafd,aa616abe-1761-0c9a-b275-3428e2c4fa74,social-history,82810-3,Pregnancy status,Pregnant,,text
2021-11-08T09:30:35Z,aa616abe-1761-0c9a-7959-07544679dafd,aa616abe-1761-0c9a-f76d-10b244942241,vital-signs,72514-3,Pain severity - 0-10 verbal numeric rating [Score] - Reported,8.0,{score},numeric
2021-12-15T09:30:35Z,aa616abe-1761-0c9a-7959-07544679dafd,aa616abe-1761-0c9a-6d4a-3e932fe6068d,vital-signs,72514-3,Pain severity - 0-10 verbal numeric rating [Score] - Reported,5.0,{score},numeric
2022-03-13T09:30:35Z,aa616abe-1761-0c9a-7959-07544679dafd,aa616abe-1761-0c9a-5546-f58ea52a6298,vital-signs,72514-3,Pain severity - 0-10 verbal numeric rating [Score] - Reported,4.0,{score},numeric
2022-04-03T09:30:35Z,aa616abe-1761-0c9a-7959-07544679dafd,aa616abe-1761-0c9a-0741-e88f019e41d0,laboratory,4548-4,Hemoglobin A1c/Hemoglobin.total in Blood,5.8,%,numeric
2022-04-03T09:30:35Z,aa616abe-1761-0c9a-7959-07544679dafd,aa616abe-1761-0c9a-0741-e88f019e41d0,vital-signs,8302-2,Body Height,164.6,cm,numeric
2022-04-03T09:30:35Z,aa616abe-1761-0c9a-7959-07544679dafd,aa616abe-1761-0c9a-0741-e88f019e41d0,vital-signs,72514-3,Pain severity - 0-10 verbal numeric rating [Score] - Reported,3.0,{score},numeric
2022-04-03T09:30:35Z,aa616abe-1761-0c9a-7959-07544679dafd,aa616abe-1761-0c9a-0741-e88f019e41d0,vital-signs,29463-7,Body Weight,76.6,kg,numeric
2022-04-03T09:30:35Z,aa616abe-1761-0c9a-7959-07544679dafd,aa616abe-1761-0c9a-0741-e88f019e41d0,vital-signs,39156-5,Body mass index (BMI) [Ratio],28.3,kg/m2,numeric
2022-04-03T09:30:35Z,aa616abe-1761-0c9a-7959-07544679dafd,aa616abe-1761-0c9a-0741-e88f019e41d0,vital-signs,8462-4,Diastolic Blood Pressure,91.0,mm[Hg],numeric
2022-04-03T09:30:35Z,aa616abe-1761-0c9a-7959-07544679dafd,aa616abe-1761-0c9a-0741-e88f019e41d0,vital-signs,8480-6,Systolic Blood Pressure,117.0,mm[Hg],numeric
2022-04-03T09:30:35Z,aa616abe-1761-0c9a-7959-07544679dafd,aa616abe-1761-0c9a-0741-e88f019e41d0,vital-signs,8867-4,Heart rate,62.0,/min,numeric
2022-04-03T09:30:35Z,aa616abe-1761-0c9a-7959-07544679dafd,aa616abe-1761-0c9a-0741-e88f019e41d0,vital-signs,9279-1,Respiratory rate,14.0,/min,numeric
2022-04-03T09:30:35Z,aa616abe-1761-0c9a-7959-07544679dafd,aa616abe-1761-0c9a-0741-e88f019e41d0,laboratory,2339-0,Glucose [Mass/volume] in Blood,89.6,mg/dL,numeric
2022-04-03T09:30:35Z,aa616abe-1761-0c9a-7959-07544679dafd,aa616abe-1761-0c9a-0741-e88f019e41d0,laboratory,6299-2,Urea nitrogen [Mass/volume] in Blood,9.0,mg/dL,numeric
2022-04-03T09:30:35Z,aa616abe-1761-0c9a-7959-07544679dafd,aa616abe-1761-0c9a-0741-e88f019e41d0,laboratory,38483-4,Creatinine [Mass/volume] in Blood,1.0,mg/dL,numeric
2022-04-03T09:30:35Z,aa616abe-1761-0c9a-7959-07544679dafd,aa616abe-1761-0c9a-0741-e88f019e41d0,laboratory,49765-1,Calcium [Mass/volume] in Blood,9.4,mg/dL,numeric
2022-04-03T09:30:35Z,aa616abe-1761-0c9a-7959-07544679dafd,aa616abe-1761-0c9a-0741-e88f019e41d0,laboratory,2947-0,Sodium [Moles/volume] in Blood,140.3,mmol/L,numeric
2022-04-03T09:30:35Z,aa616abe-1761-0c9a-7959-07544679dafd,aa616abe-1761-0c9a-0741-e88f019e41d0,laboratory,6298-4,Potassium [Moles/volume] in Blood,4.5,mmol/L,numeric
2022-04-03T09:30:35Z,aa616abe-1761-0c9a-7959-07544679dafd,aa616abe-1761-0c9a-0741-e88f019e41d0,laboratory,2069-3,Chloride [Moles/volume] in Blood,108.8,mmol/L,numeric
2022-04-03T09:30:35Z,aa616abe-1761-0c9a-7959-07544679dafd,aa616abe-1761-0c9a-0741-e88f019e41d0,laboratory,20565-8,Carbon dioxide  total [Moles/volume] in Blood,24.0,mmol/L,numeric
2022-04-03T09:30:35Z,aa616abe-1761-0c9a-7959-07544679dafd,aa616abe-1761-0c9a-0741-e88f019e41d0,social-history,72166-2,Tobacco smoking status,Never smoked tobacco (finding),,text
2022-04-03T10:15:54Z,aa616abe-1761-0c9a-7959-07544679dafd,aa616abe-1761-0c9a-0741-e88f019e41d0,survey,76501-6,Within the last year  have you been afraid of your partner or ex-partner,No,,text
2022-04-03T10:15:54Z,aa616abe-1761-0c9a-7959-07544679dafd,aa616abe-1761-0c9a-0741-e88f019e41d0,survey,93026-3,Do you feel physically and emotionally safe where you currently live [PRAPARE],Yes,,text
2022-04-03T10:15:54Z,aa616abe-1761-0c9a-7959-07544679dafd,aa616abe-1761-0c9a-0741-e88f019e41d0,survey,93027-1,Are you a refugee,No,,text
2022-04-03T10:15:54Z,aa616abe-1761-0c9a-7959-07544679dafd,aa616abe-1761-0c9a-0741-e88f019e41d0,survey,93028-9,Have you spent more than 2 nights in a row in a jail  prison  detention center  or juvenile correctional facility in past 1 year [PRAPARE],No,,text
2022-04-03T10:15:54Z,aa616abe-1761-0c9a-7959-07544679dafd,aa616abe-1761-0c9a-0741-e88f019e41d0,survey,93038-8,Stress level,Not at all,,text
2022-04-03T10:15:54Z,aa616abe-1761-0c9a-7959-07544679dafd,aa616abe-1761-0c9a-0741-e88f019e41d0,survey,93029-7,How often do you see or talk to people that you care about and feel close to [PRAPARE],Less than once a week,,text
2022-04-03T10:15:54Z,aa616abe-1761-0c9a-7959-07544679dafd,aa616abe-1761-0c9a-0741-e88f019e41d0,survey,93030-5,Has lack of transportation kept you from medical appointments  meetings  work  or from getting things needed for daily living,No,,text
2022-04-03T10:15:54Z,aa616abe-1761-0c9a-7959-07544679dafd,aa616abe-1761-0c9a-0741-e88f019e41d0,survey,93031-3,Have you or any family members you live with been unable to get any of the following when it was really needed in past 1 year [PRAPARE],Clothing,,text
2022-04-03T10:15:54Z,aa616abe-1761-0c9a-7959-07544679dafd,aa616abe-1761-0c9a-0741-e88f019e41d0,survey,63586-2,What was your best estimate of the total income of all family members from all sources  before taxes  in last year [PhenX],31996,/a,text
2022-04-03T10:15:54Z,aa616abe-1761-0c9a-7959-07544679dafd,aa616abe-1761-0c9a-0741-e88f019e41d0,survey,76437-3,Primary insurance,Medicaid,,text
2022-04-03T10:15:54Z,aa616abe-1761-0c9a-7959-07544679dafd,aa616abe-1761-0c9a-0741-e88f019e41d0,survey,67875-5,Employment status - current,Full-time work,,text
2022-04-03T10:15:54Z,aa616abe-1761-0c9a-7959-07544679dafd,aa616abe-1761-0c9a-0741-e88f019e41d0,survey,82589-3,Highest level of education,High school diploma or GED,,text
2022-04-03T10:15:54Z,aa616abe-1761-0c9a-7959-07544679dafd,aa616abe-1761-0c9a-0741-e88f019e41d0,survey,56799-0,Address,997 Grant Row Unit 85,,text
2022-04-03T10:15:54Z,aa616abe-1761-0c9a-7959-07544679dafd,aa616abe-1761-0c9a-0741-e88f019e41d0,survey,93033-9,Are you worried about losing your housing [PRAPARE],No,,text
2022-04-03T10:15:54Z,aa616abe-1761-0c9a-7959-07544679dafd,aa616abe-1761-0c9a-0741-e88f019e41d0,survey,71802-3,Housing status,I have housing,,text
2022-04-03T10:15:54Z,aa616abe-1761-0c9a-7959-07544679dafd,aa616abe-1761-0c9a-0741-e88f019e41d0,survey,63512-8,How many people are living or staying at this address [#],3.0,{#},numeric
2022-04-03T10:15:54Z,aa616abe-1761-0c9a-7959-07544679dafd,aa616abe-1761-0c9a-0741-e88f019e41d0,survey,54899-0,Preferred language,English,,text
2022-04-03T10:15:54Z,aa616abe-1761-0c9a-7959-07544679dafd,aa616abe-1761-0c9a-0741-e88f019e41d0,survey,93034-7,Discharged from the U.S. Armed Forces,No,,text
2022-04-03T10:15:54Z,aa616abe-1761-0c9a-7959-07544679dafd,aa616abe-1761-0c9a-0741-e88f019e41d0,survey,93035-4,Has season or migrant farm work been your or your family's main source of income at any point in past 2 years [PRAPARE],No,,text
2022-04-03T10:15:54Z,aa616abe-1761-0c9a-7959-07544679dafd,aa616abe-1761-0c9a-0741-e88f019e41d0,survey,32624-9,Race,White,,text
2022-04-03T10:15:54Z,aa616abe-1761-0c9a-7959-07544679dafd,aa616abe-1761-0c9a-0741-e88f019e41d0,survey,56051-6,Hispanic or Latino,No,,text
2022-04-03T10:44:14Z,aa616abe-1761-0c9a-7959-07544679dafd,aa616abe-1761-0c9a-0741-e88f019e41d0,survey,70274-6,Generalized anxiety disorder 7 item (GAD-7) total score [Reported.PHQ],2.0,{score},numeric
2022-04-03T11:23:57Z,aa616abe-1761-0c9a-7959-07544679dafd,aa616abe-1761-0c9a-0741-e88f019e41d0,survey,76504-0,Total score [HARK],0.0,{score},numeric
2022-04-26T09:30:35Z,aa616abe-1761-0c9a-7959-07544679dafd,aa616abe-1761-0c9a-15ff-eae4a33dee48,vital-signs,72514-3,Pain severity - 0-10 verbal numeric rating [Score] - Reported,6.0,{score},numeric
2022-06-02T09:30:35Z,aa616abe-1761-0c9a-7959-07544679dafd,aa616abe-1761-0c9a-1d28-ab42c07962aa,vital-signs,72514-3,Pain severity - 0-10 verbal numeric rating [Score] - Reported,7.0,{score},numeric
2022-07-21T09:30:35Z,aa616abe-1761-0c9a-7959-07544679dafd,aa616abe-1761-0c9a-bc27-917fd90dbfc5,vital-signs,72514-3,Pain severity - 0-10 verbal numeric rating [Score] - Reported,7.0,{score},numeric
2022-09-25T09:30:35Z,aa616abe-1761-0c9a-7959-07544679dafd,aa616abe-1761-0c9a-7340-e5f0b23bea93,social-history,82810-3,Pregnancy status,Pregnant,,text
2022-10-22T09:30:35Z,aa616abe-1761-0c9a-7959-07544679dafd,aa616abe-1761-0c9a-90a1-aae95e9b0e0f,vital-signs,72514-3,Pain severity - 0-10 verbal numeric rating [Score] - Reported,9.0,{score},numeric
2023-01-02T09:30:35Z,aa616abe-1761-0c9a-7959-07544679dafd,aa616abe-1761-0c9a-5b5b-9134a5b382da,vital-signs,72514-3,Pain severity - 0-10 verbal numeric rating [Score] - Reported,5.0,{score},numeric
2023-04-09T09:30:35Z,aa616abe-1761-0c9a-7959-07544679dafd,aa616abe-1761-0c9a-86e3-9cba3596c2e1,laboratory,4548-4,Hemoglobin A1c/Hemoglobin.total in Blood,6.4,%,numeric
2023-04-09T09:30:35Z,aa616abe-1761-0c9a-7959-07544679dafd,aa616abe-1761-0c9a-86e3-9cba3596c2e1,vital-signs,8302-2,Body Height,164.6,cm,numeric
2023-04-09T09:30:35Z,aa616abe-1761-0c9a-7959-07544679dafd,aa616abe-1761-0c9a-86e3-9cba3596c2e1,vital-signs,72514-3,Pain severity - 0-10 verbal numeric rating [Score] - Reported,2.0,{score},numeric
2023-04-09T09:30:35Z,aa616abe-1761-0c9a-7959-07544679dafd,aa616abe-1761-0c9a-86e3-9cba3596c2e1,vital-signs,29463-7,Body Weight,78.4,kg,numeric
2023-04-09T09:30:35Z,aa616abe-1761-0c9a-7959-07544679dafd,aa616abe-1761-0c9a-86e3-9cba3596c2e1,vital-signs,39156-5,Body mass index (BMI) [Ratio],28.9,kg/m2,numeric
2023-04-09T09:30:35Z,aa616abe-1761-0c9a-7959-07544679dafd,aa616abe-1761-0c9a-86e3-9cba3596c2e1,vital-signs,8462-4,Diastolic Blood Pressure,99.0,mm[Hg],numeric
2023-04-09T09:30:35Z,aa616abe-1761-0c9a-7959-07544679dafd,aa616abe-1761-0c9a-86e3-9cba3596c2e1,vital-signs,8480-6,Systolic Blood Pressure,116.0,mm[Hg],numeric
2023-04-09T09:30:35Z,aa616abe-1761-0c9a-7959-07544679dafd,aa616abe-1761-0c9a-86e3-9cba3596c2e1,vital-signs,8867-4,Heart rate,65.0,/min,numeric
2023-04-09T09:30:35Z,aa616abe-1761-0c9a-7959-07544679dafd,aa616abe-1761-0c9a-86e3-9cba3596c2e1,vital-signs,9279-1,Respiratory rate,13.0,/min,numeric
2023-04-09T09:30:35Z,aa616abe-1761-0c9a-7959-07544679dafd,aa616abe-1761-0c9a-86e3-9cba3596c2e1,laboratory,2339-0,Glucose [Mass/volume] in Blood,65.8,mg/dL,numeric
2023-04-09T09:30:35Z,aa616abe-1761-0c9a-7959-07544679dafd,aa616abe-1761-0c9a-86e3-9cba3596c2e1,laboratory,6299-2,Urea nitrogen [Mass/volume] in Blood,13.7,mg/dL,numeric
2023-04-09T09:30:35Z,aa616abe-1761-0c9a-7959-07544679dafd,aa616abe-1761-0c9a-86e3-9cba3596c2e1,laboratory,38483-4,Creatinine [Mass/volume] in Blood,1.0,mg/dL,numeric
2023-04-09T09:30:35Z,aa616abe-1761-0c9a-7959-07544679dafd,aa616abe-1761-0c9a-86e3-9cba3596c2e1,laboratory,49765-1,Calcium [Mass/volume] in Blood,8.6,mg/dL,numeric
2023-04-09T09:30:35Z,aa616abe-1761-0c9a-7959-07544679dafd,aa616abe-1761-0c9a-86e3-9cba3596c2e1,laboratory,2947-0,Sodium [Moles/volume] in Blood,141.3,mmol/L,numeric
2023-04-09T09:30:35Z,aa616abe-1761-0c9a-7959-07544679dafd,aa616abe-1761-0c9a-86e3-9cba3596c2e1,laboratory,6298-4,Potassium [Moles/volume] in Blood,3.9,mmol/L,numeric
2023-04-09T09:30:35Z,aa616abe-1761-0c9a-7959-07544679dafd,aa616abe-1761-0c9a-86e3-9cba3596c2e1,laboratory,2069-3,Chloride [Moles/volume] in Blood,107.8,mmol/L,numeric
2023-04-09T09:30:35Z,aa616abe-1761-0c9a-7959-07544679dafd,aa616abe-1761-0c9a-86e3-9cba3596c2e1,laboratory,20565-8,Carbon dioxide  total [Moles/volume] in Blood,27.3,mmol/L,numeric
2023-04-09T09:30:35Z,aa616abe-1761-0c9a-7959-07544679dafd,aa616abe-1761-0c9a-86e3-9cba3596c2e1,laboratory,6690-2,Leukocytes [#/volume] in Blood by Automated count,8.4,10*3/uL,numeric
2023-04-09T09:30:35Z,aa616abe-1761-0c9a-7959-07544679dafd,aa616abe-1761-0c9a-86e3-9cba3596c2e1,laboratory,789-8,Erythrocytes [#/volume] in Blood by Automated count,5.0,10*6/uL,numeric
2023-04-09T09:30:35Z,aa616abe-1761-0c9a-7959-07544679dafd,aa616abe-1761-0c9a-86e3-9cba3596c2e1,laboratory,718-7,Hemoglobin [Mass/volume] in Blood,17.0,g/dL,numeric
2023-04-09T09:30:35Z,aa616abe-1761-0c9a-7959-07544679dafd,aa616abe-1761-0c9a-86e3-9cba3596c2e1,laboratory,4544-3,Hematocrit [Volume Fraction] of Blood by Automated count,39.3,%,numeric
2023-04-09T09:30:35Z,aa616abe-1761-0c9a-7959-07544679dafd,aa616abe-1761-0c9a-86e3-9cba3596c2e1,laboratory,787-2,MCV [Entitic mean volume] in Red Blood Cells by Automated count,93.7,fL,numeric
2023-04-09T09:30:35Z,aa616abe-1761-0c9a-7959-07544679dafd,aa616abe-1761-0c9a-86e3-9cba3596c2e1,laboratory,785-6,MCH [Entitic mass] by Automated count,30.2,pg,numeric
2023-04-09T09:30:35Z,aa616abe-1761-0c9a-7959-07544679dafd,aa616abe-1761-0c9a-86e3-9cba3596c2e1,laboratory,786-4,MCHC [Entitic Mass/volume] in Red Blood Cells by Automated count,33.1,g/dL,numeric
2023-04-09T09:30:35Z,aa616abe-1761-0c9a-7959-07544679dafd,aa616abe-1761-0c9a-86e3-9cba3596c2e1,laboratory,788-0,Erythrocyte [DistWidth] in Blood by Automated count,43.9,fL,numeric
2023-04-09T09:30:35Z,aa616abe-1761-0c9a-7959-07544679dafd,aa616abe-1761-0c9a-86e3-9cba3596c2e1,laboratory,777-3,Platelets [#/volume] in Blood by Automated count,394.4,10*3/uL,numeric
2023-04-09T09:30:35Z,aa616abe-1761-0c9a-7959-07544679dafd,aa616abe-1761-0c9a-86e3-9cba3596c2e1,laboratory,32207-3,Platelet distribution width [Entitic volume] in Blood by Automated count,345.4,fL,numeric
2023-04-09T09:30:35Z,aa616abe-1761-0c9a-7959-07544679dafd,aa616abe-1761-0c9a-86e3-9cba3596c2e1,laboratory,32623-1,Platelet [Entitic mean volume] in Blood by Automated count,11.6,fL,numeric
2023-04-09T09:30:35Z,aa616abe-1761-0c9a-7959-07544679dafd,aa616abe-1761-0c9a-86e3-9cba3596c2e1,social-history,72166-2,Tobacco smoking status,Never smoked tobacco (finding),,text
2023-04-09T10:24:13Z,aa616abe-1761-0c9a-7959-07544679dafd,aa616abe-1761-0c9a-86e3-9cba3596c2e1,survey,76501-6,Within the last year  have you been afraid of your partner or ex-partner,Yes,,text
2023-04-09T10:24:13Z,aa616abe-1761-0c9a-7959-07544679dafd,aa616abe-1761-0c9a-86e3-9cba3596c2e1,survey,93026-3,Do you feel physically and emotionally safe where you currently live [PRAPARE],No,,text
2023-04-09T10:24:13Z,aa616abe-1761-0c9a-7959-07544679dafd,aa616abe-1761-0c9a-86e3-9cba3596c2e1,survey,93027-1,Are you a refugee,No,,text
2023-04-09T10:24:13Z,aa616abe-1761-0c9a-7959-07544679dafd,aa616abe-1761-0c9a-86e3-9cba3596c2e1,survey,93028-9,Have you spent more than 2 nights in a row in a jail  prison  detention center  or juvenile correctional facility in past 1 year [PRAPARE],No,,text
2023-04-09T10:24:13Z,aa616abe-1761-0c9a-7959-07544679dafd,aa616abe-1761-0c9a-86e3-9cba3596c2e1,survey,93038-8,Stress level,Not at all,,text
2023-04-09T10:24:13Z,aa616abe-1761-0c9a-7959-07544679dafd,aa616abe-1761-0c9a-86e3-9cba3596c2e1,survey,93029-7,How often do you see or talk to people that you care about and feel close to [PRAPARE],3 to 5 times a week,,text
2023-04-09T10:24:13Z,aa616abe-1761-0c9a-7959-07544679dafd,aa616abe-1761-0c9a-86e3-9cba3596c2e1,survey,93030-5,Has lack of transportation kept you from medical appointments  meetings  work  or from getting things needed for daily living,No,,text
2023-04-09T10:24:13Z,aa616abe-1761-0c9a-7959-07544679dafd,aa616abe-1761-0c9a-86e3-9cba3596c2e1,survey,93031-3,Have you or any family members you live with been unable to get any of the following when it was really needed in past 1 year [PRAPARE],Child care,,text
2023-04-09T10:24:13Z,aa616abe-1761-0c9a-7959-07544679dafd,aa616abe-1761-0c9a-86e3-9cba3596c2e1,survey,63586-2,What was your best estimate of the total income of all family members from all sources  before taxes  in last year [PhenX],31996,/a,text
2023-04-09T10:24:13Z,aa616abe-1761-0c9a-7959-07544679dafd,aa616abe-1761-0c9a-86e3-9cba3596c2e1,survey,76437-3,Primary insurance,Medicaid,,text
2023-04-09T10:24:13Z,aa616abe-1761-0c9a-7959-07544679dafd,aa616abe-1761-0c9a-86e3-9cba3596c2e1,survey,67875-5,Employment status - current,Otherwise unemployed but not seeking work (ex: student  retired  disabled  unpaid primary care giver),,text
2023-04-09T10:24:13Z,aa616abe-1761-0c9a-7959-07544679dafd,aa616abe-1761-0c9a-86e3-9cba3596c2e1,survey,82589-3,Highest level of education,High school diploma or GED,,text
2023-04-09T10:24:13Z,aa616abe-1761-0c9a-7959-07544679dafd,aa616abe-1761-0c9a-86e3-9cba3596c2e1,survey,56799-0,Address,997 Grant Row Unit 85,,text
2023-04-09T10:24:13Z,aa616abe-1761-0c9a-7959-07544679dafd,aa616abe-1761-0c9a-86e3-9cba3596c2e1,survey,93033-9,Are you worried about losing your housing [PRAPARE],No,,text
2023-04-09T10:24:13Z,aa616abe-1761-0c9a-7959-07544679dafd,aa616abe-1761-0c9a-86e3-9cba3596c2e1,survey,71802-3,Housing status,I have housing,,text
2023-04-09T10:24:13Z,aa616abe-1761-0c9a-7959-07544679dafd,aa616abe-1761-0c9a-86e3-9cba3596c2e1,survey,63512-8,How many people are living or staying at this address [#],3.0,{#},numeric
2023-04-09T10:24:13Z,aa616abe-1761-0c9a-7959-07544679dafd,aa616abe-1761-0c9a-86e3-9cba3596c2e1,survey,54899-0,Preferred language,English,,text
2023-04-09T10:24:13Z,aa616abe-1761-0c9a-7959-07544679dafd,aa616abe-1761-0c9a-86e3-9cba3596c2e1,survey,93034-7,Discharged from the U.S. Armed Forces,No,,text
2023-04-09T10:24:13Z,aa616abe-1761-0c9a-7959-07544679dafd,aa616abe-1761-0c9a-86e3-9cba3596c2e1,survey,93035-4,Has season or migrant farm work been your or your family's main source of income at any point in past 2 years [PRAPARE],No,,text
2023-04-09T10:24:13Z,aa616abe-1761-0c9a-7959-07544679dafd,aa616abe-1761-0c9a-86e3-9cba3596c2e1,survey,32624-9,Race,White,,text
2023-04-09T10:24:13Z,aa616abe-1761-0c9a-7959-07544679dafd,aa616abe-1761-0c9a-86e3-9cba3596c2e1,survey,56051-6,Hispanic or Latino,No,,text
2023-04-23T09:30:35Z,aa616abe-1761-0c9a-7959-07544679dafd,aa616abe-1761-0c9a-e409-7fef5c44a132,vital-signs,72514-3,Pain severity - 0-10 verbal numeric rating [Score] - Reported,7.0,{score},numeric
2023-06-29T09:30:35Z,aa616abe-1761-0c9a-7959-07544679dafd,aa616abe-1761-0c9a-00a2-52ad74c92a00,vital-signs,72514-3,Pain severity - 0-10 verbal numeric rating [Score] - Reported,8.0,{score},numeric
2024-04-14T09:30:35Z,aa616abe-1761-0c9a-7959-07544679dafd,aa616abe-1761-0c9a-67b1-b016671467cc,laboratory,4548-4,Hemoglobin A1c/Hemoglobin.total in Blood,6.0,%,numeric
2024-04-14T09:30:35Z,aa616abe-1761-0c9a-7959-07544679dafd,aa616abe-1761-0c9a-67b1-b016671467cc,vital-signs,8302-2,Body Height,164.6,cm,numeric
2024-04-14T09:30:35Z,aa616abe-1761-0c9a-7959-07544679dafd,aa616abe-1761-0c9a-67b1-b016671467cc,vital-signs,72514-3,Pain severity - 0-10 verbal numeric rating [Score] - Reported,4.0,{score},numeric
2024-04-14T09:30:35Z,aa616abe-1761-0c9a-7959-07544679dafd,aa616abe-1761-0c9a-67b1-b016671467cc,vital-signs,29463-7,Body Weight,80.1,kg,numeric
2024-04-14T09:30:35Z,aa616abe-1761-0c9a-7959-07544679dafd,aa616abe-1761-0c9a-67b1-b016671467cc,vital-signs,39156-5,Body mass index (BMI) [Ratio],29.6,kg/m2,numeric
2024-04-14T09:30:35Z,aa616abe-1761-0c9a-7959-07544679dafd,aa616abe-1761-0c9a-67b1-b016671467cc,vital-signs,8462-4,Diastolic Blood Pressure,95.0,mm[Hg],numeric
2024-04-14T09:30:35Z,aa616abe-1761-0c9a-7959-07544679dafd,aa616abe-1761-0c9a-67b1-b016671467cc,vital-signs,8480-6,Systolic Blood Pressure,110.0,mm[Hg],numeric
2024-04-14T09:30:35Z,aa616abe-1761-0c9a-7959-07544679dafd,aa616abe-1761-0c9a-67b1-b016671467cc,vital-signs,8867-4,Heart rate,89.0,/min,numeric
2024-04-14T09:30:35Z,aa616abe-1761-0c9a-7959-07544679dafd,aa616abe-1761-0c9a-67b1-b016671467cc,vital-signs,9279-1,Respiratory rate,13.0,/min,numeric
2024-04-14T09:30:35Z,aa616abe-1761-0c9a-7959-07544679dafd,aa616abe-1761-0c9a-67b1-b016671467cc,laboratory,2339-0,Glucose [Mass/volume] in Blood,86.5,mg/dL,numeric
2024-04-14T09:30:35Z,aa616abe-1761-0c9a-7959-07544679dafd,aa616abe-1761-0c9a-67b1-b016671467cc,laboratory,6299-2,Urea nitrogen [Mass/volume] in Blood,17.9,mg/dL,numeric
2024-04-14T09:30:35Z,aa616abe-1761-0c9a-7959-07544679dafd,aa616abe-1761-0c9a-67b1-b016671467cc,laboratory,38483-4,Creatinine [Mass/volume] in Blood,1.0,mg/dL,numeric
2024-04-14T09:30:35Z,aa616abe-1761-0c9a-7959-07544679dafd,aa616abe-1761-0c9a-67b1-b016671467cc,laboratory,49765-1,Calcium [Mass/volume] in Blood,9.9,mg/dL,numeric
2024-04-14T09:30:35Z,aa616abe-1761-0c9a-7959-07544679dafd,aa616abe-1761-0c9a-67b1-b016671467cc,laboratory,2947-0,Sodium [Moles/volume] in Blood,137.7,mmol/L,numeric
2024-04-14T09:30:35Z,aa616abe-1761-0c9a-7959-07544679dafd,aa616abe-1761-0c9a-67b1-b016671467cc,laboratory,6298-4,Potassium [Moles/volume] in Blood,3.8,mmol/L,numeric
2024-04-14T09:30:35Z,aa616abe-1761-0c9a-7959-07544679dafd,aa616abe-1761-0c9a-67b1-b016671467cc,laboratory,2069-3,Chloride [Moles/volume] in Blood,108.1,mmol/L,numeric
2024-04-14T09:30:35Z,aa616abe-1761-0c9a-7959-07544679dafd,aa616abe-1761-0c9a-67b1-b016671467cc,laboratory,20565-8,Carbon dioxide  total [Moles/volume] in Blood,21.0,mmol/L,numeric
2024-04-14T09:30:35Z,aa616abe-1761-0c9a-7959-07544679dafd,aa616abe-1761-0c9a-67b1-b016671467cc,laboratory,2093-3,Cholesterol [Mass/volume] in Serum or Plasma,169.9,mg/dL,numeric
2024-04-14T09:30:35Z,aa616abe-1761-0c9a-7959-07544679dafd,aa616abe-1761-0c9a-67b1-b016671467cc,laboratory,2571-8,Triglyceride [Mass/volume] in Serum or Plasma,134.2,mg/dL,numeric
2024-04-14T09:30:35Z,aa616abe-1761-0c9a-7959-07544679dafd,aa616abe-1761-0c9a-67b1-b016671467cc,laboratory,18262-6,Cholesterol in LDL [Mass/volume] in Serum or Plasma by Direct assay,85.4,mg/dL,numeric
2024-04-14T09:30:35Z,aa616abe-1761-0c9a-7959-07544679dafd,aa616abe-1761-0c9a-67b1-b016671467cc,laboratory,2085-9,Cholesterol in HDL [Mass/volume] in Serum or Plasma,57.6,mg/dL,numeric
2024-04-14T09:30:35Z,aa616abe-1761-0c9a-7959-07544679dafd,aa616abe-1761-0c9a-67b1-b016671467cc,social-history,72166-2,Tobacco smoking status,Never smoked tobacco (finding),,text
2024-04-14T10:05:31Z,aa616abe-1761-0c9a-7959-07544679dafd,aa616abe-1761-0c9a-67b1-b016671467cc,survey,76501-6,Within the last year  have you been afraid of your partner or ex-partner,No,,text
2024-04-14T10:05:31Z,aa616abe-1761-0c9a-7959-07544679dafd,aa616abe-1761-0c9a-67b1-b016671467cc,survey,93026-3,Do you feel physically and emotionally safe where you currently live [PRAPARE],Yes,,text
2024-04-14T10:05:31Z,aa616abe-1761-0c9a-7959-07544679dafd,aa616abe-1761-0c9a-67b1-b016671467cc,survey,93027-1,Are you a refugee,No,,text
2024-04-14T10:05:31Z,aa616abe-1761-0c9a-7959-07544679dafd,aa616abe-1761-0c9a-67b1-b016671467cc,survey,93028-9,Have you spent more than 2 nights in a row in a jail  prison  detention center  or juvenile correctional facility in past 1 year [PRAPARE],No,,text
2024-04-14T10:05:31Z,aa616abe-1761-0c9a-7959-07544679dafd,aa616abe-1761-0c9a-67b1-b016671467cc,survey,93038-8,Stress level,Not at all,,text
2024-04-14T10:05:31Z,aa616abe-1761-0c9a-7959-07544679dafd,aa616abe-1761-0c9a-67b1-b016671467cc,survey,93029-7,How often do you see or talk to people that you care about and feel close to [PRAPARE],3 to 5 times a week,,text
2024-04-14T10:05:31Z,aa616abe-1761-0c9a-7959-07544679dafd,aa616abe-1761-0c9a-67b1-b016671467cc,survey,93030-5,Has lack of transportation kept you from medical appointments  meetings  work  or from getting things needed for daily living,No,,text
2024-04-14T10:05:31Z,aa616abe-1761-0c9a-7959-07544679dafd,aa616abe-1761-0c9a-67b1-b016671467cc,survey,93031-3,Have you or any family members you live with been unable to get any of the following when it was really needed in past 1 year [PRAPARE],Medicine or Any Health Care (Medical  Dental  Mental Health  Vision),,text
2024-04-14T10:05:31Z,aa616abe-1761-0c9a-7959-07544679dafd,aa616abe-1761-0c9a-67b1-b016671467cc,survey,63586-2,What was your best estimate of the total income of all family members from all sources  before taxes  in last year [PhenX],31996,/a,text
2024-04-14T10:05:31Z,aa616abe-1761-0c9a-7959-07544679dafd,aa616abe-1761-0c9a-67b1-b016671467cc,survey,76437-3,Primary insurance,Private insurance,,text
2024-04-14T10:05:31Z,aa616abe-1761-0c9a-7959-07544679dafd,aa616abe-1761-0c9a-67b1-b016671467cc,survey,67875-5,Employment status - current,Full-time work,,text
2024-04-14T10:05:31Z,aa616abe-1761-0c9a-7959-07544679dafd,aa616abe-1761-0c9a-67b1-b016671467cc,survey,82589-3,Highest level of education,High school diploma or GED,,text
2024-04-14T10:05:31Z,aa616abe-1761-0c9a-7959-07544679dafd,aa616abe-1761-0c9a-67b1-b016671467cc,survey,56799-0,Address,997 Grant Row Unit 85,,text
2024-04-14T10:05:31Z,aa616abe-1761-0c9a-7959-07544679dafd,aa616abe-1761-0c9a-67b1-b016671467cc,survey,93033-9,Are you worried about losing your housing [PRAPARE],No,,text
2024-04-14T10:05:31Z,aa616abe-1761-0c9a-7959-07544679dafd,aa616abe-1761-0c9a-67b1-b016671467cc,survey,71802-3,Housing status,I have housing,,text
2024-04-14T10:05:31Z,aa616abe-1761-0c9a-7959-07544679dafd,aa616abe-1761-0c9a-67b1-b016671467cc,survey,63512-8,How many people are living or staying at this address [#],3.0,{#},numeric
2024-04-14T10:05:31Z,aa616abe-1761-0c9a-7959-07544679dafd,aa616abe-1761-0c9a-67b1-b016671467cc,survey,54899-0,Preferred language,English,,text
2024-04-14T10:05:31Z,aa616abe-1761-0c9a-7959-07544679dafd,aa616abe-1761-0c9a-67b1-b016671467cc,survey,93034-7,Discharged from the U.S. Armed Forces,No,,text
2024-04-14T10:05:31Z,aa616abe-1761-0c9a-7959-07544679dafd,aa616abe-1761-0c9a-67b1-b016671467cc,survey,93035-4,Has season or migrant farm work been your or your family's main source of income at any point in past 2 years [PRAPARE],No,,text
2024-04-14T10:05:31Z,aa616abe-1761-0c9a-7959-07544679dafd,aa616abe-1761-0c9a-67b1-b016671467cc,survey,32624-9,Race,White,,text
2024-04-14T10:05:31Z,aa616abe-1761-0c9a-7959-07544679dafd,aa616abe-1761-0c9a-67b1-b016671467cc,survey,56051-6,Hispanic or Latino,No,,text
2024-04-14T10:21:08Z,aa616abe-1761-0c9a-7959-07544679dafd,aa616abe-1761-0c9a-67b1-b016671467cc,survey,70274-6,Generalized anxiety disorder 7 item (GAD-7) total score [Reported.PHQ],4.0,{score},numeric
2024-04-14T10:59:00Z,aa616abe-1761-0c9a-7959-07544679dafd,aa616abe-1761-0c9a-67b1-b016671467cc,survey,55758-7,Patient Health Questionnaire 2 item (PHQ-2) total score [Reported],2.0,{score},numeric
2025-04-20T09:30:35Z,aa616abe-1761-0c9a-7959-07544679dafd,aa616abe-1761-0c9a-5959-7a6a20b510c5,laboratory,4548-4,Hemoglobin A1c/Hemoglobin.total in Blood,6.4,%,numeric
2025-04-20T09:30:35Z,aa616abe-1761-0c9a-7959-07544679dafd,aa616abe-1761-0c9a-5959-7a6a20b510c5,vital-signs,8302-2,Body Height,164.6,cm,numeric
2025-04-20T09:30:35Z,aa616abe-1761-0c9a-7959-07544679dafd,aa616abe-1761-0c9a-5959-7a6a20b510c5,vital-signs,72514-3,Pain severity - 0-10 verbal numeric rating [Score] - Reported,2.0,{score},numeric
2025-04-20T09:30:35Z,aa616abe-1761-0c9a-7959-07544679dafd,aa616abe-1761-0c9a-5959-7a6a20b510c5,vital-signs,29463-7,Body Weight,81.4,kg,numeric
2025-04-20T09:30:35Z,aa616abe-1761-0c9a-7959-07544679dafd,aa616abe-1761-0c9a-5959-7a6a20b510c5,vital-signs,39156-5,Body mass index (BMI) [Ratio],30.0,kg/m2,numeric
2025-04-20T09:30:35Z,aa616abe-1761-0c9a-7959-07544679dafd,aa616abe-1761-0c9a-5959-7a6a20b510c5,vital-signs,8462-4,Diastolic Blood Pressure,87.0,mm[Hg],numeric
2025-04-20T09:30:35Z,aa616abe-1761-0c9a-7959-07544679dafd,aa616abe-1761-0c9a-5959-7a6a20b510c5,vital-signs,8480-6,Systolic Blood Pressure,117.0,mm[Hg],numeric
2025-04-20T09:30:35Z,aa616abe-1761-0c9a-7959-07544679dafd,aa616abe-1761-0c9a-5959-7a6a20b510c5,vital-signs,8867-4,Heart rate,61.0,/min,numeric
2025-04-20T09:30:35Z,aa616abe-1761-0c9a-7959-07544679dafd,aa616abe-1761-0c9a-5959-7a6a20b510c5,vital-signs,9279-1,Respiratory rate,13.0,/min,numeric
2025-04-20T09:30:35Z,aa616abe-1761-0c9a-7959-07544679dafd,aa616abe-1761-0c9a-5959-7a6a20b510c5,laboratory,2339-0,Glucose [Mass/volume] in Blood,89.1,mg/dL,numeric
2025-04-20T09:30:35Z,aa616abe-1761-0c9a-7959-07544679dafd,aa616abe-1761-0c9a-5959-7a6a20b510c5,laboratory,6299-2,Urea nitrogen [Mass/volume] in Blood,18.8,mg/dL,numeric
2025-04-20T09:30:35Z,aa616abe-1761-0c9a-7959-07544679dafd,aa616abe-1761-0c9a-5959-7a6a20b510c5,laboratory,38483-4,Creatinine [Mass/volume] in Blood,1.0,mg/dL,numeric
2025-04-20T09:30:35Z,aa616abe-1761-0c9a-7959-07544679dafd,aa616abe-1761-0c9a-5959-7a6a20b510c5,laboratory,49765-1,Calcium [Mass/volume] in Blood,8.7,mg/dL,numeric
2025-04-20T09:30:35Z,aa616abe-1761-0c9a-7959-07544679dafd,aa616abe-1761-0c9a-5959-7a6a20b510c5,laboratory,2947-0,Sodium [Moles/volume] in Blood,143.0,mmol/L,numeric
2025-04-20T09:30:35Z,aa616abe-1761-0c9a-7959-07544679dafd,aa616abe-1761-0c9a-5959-7a6a20b510c5,laboratory,6298-4,Potassium [Moles/volume] in Blood,4.1,mmol/L,numeric
2025-04-20T09:30:35Z,aa616abe-1761-0c9a-7959-07544679dafd,aa616abe-1761-0c9a-5959-7a6a20b510c5,laboratory,2069-3,Chloride [Moles/volume] in Blood,104.6,mmol/L,numeric
2025-04-20T09:30:35Z,aa616abe-1761-0c9a-7959-07544679dafd,aa616abe-1761-0c9a-5959-7a6a20b510c5,laboratory,20565-8,Carbon dioxide  total [Moles/volume] in Blood,20.7,mmol/L,numeric
2025-04-20T09:30:35Z,aa616abe-1761-0c9a-7959-07544679dafd,aa616abe-1761-0c9a-5959-7a6a20b510c5,social-history,72166-2,Tobacco smoking status,Never smoked tobacco (finding),,text
2025-04-20T10:15:28Z,aa616abe-1761-0c9a-7959-07544679dafd,aa616abe-1761-0c9a-5959-7a6a20b510c5,survey,76501-6,Within the last year  have you been afraid of your partner or ex-partner,No,,text
2025-04-20T10:15:28Z,aa616abe-1761-0c9a-7959-07544679dafd,aa616abe-1761-0c9a-5959-7a6a20b510c5,survey,93026-3,Do you feel physically and emotionally safe where you currently live [PRAPARE],Yes,,text
2025-04-20T10:15:28Z,aa616abe-1761-0c9a-7959-07544679dafd,aa616abe-1761-0c9a-5959-7a6a20b510c5,survey,93027-1,Are you a refugee,No,,text
2025-04-20T10:15:28Z,aa616abe-1761-0c9a-7959-07544679dafd,aa616abe-1761-0c9a-5959-7a6a20b510c5,survey,93028-9,Have you spent more than 2 nights in a row in a jail  prison  detention center  or juvenile correctional facility in past 1 year [PRAPARE],No,,text
2025-04-20T10:15:28Z,aa616abe-1761-0c9a-7959-07544679dafd,aa616abe-1761-0c9a-5959-7a6a20b510c5,survey,93038-8,Stress level,Somewhat,,text
2025-04-20T10:15:28Z,aa616abe-1761-0c9a-7959-07544679dafd,aa616abe-1761-0c9a-5959-7a6a20b510c5,survey,93029-7,How often do you see or talk to people that you care about and feel close to [PRAPARE],3 to 5 times a week,,text
2025-04-20T10:15:28Z,aa616abe-1761-0c9a-7959-07544679dafd,aa616abe-1761-0c9a-5959-7a6a20b510c5,survey,93030-5,Has lack of transportation kept you from medical appointments  meetings  work  or from getting things needed for daily living,No,,text
2025-04-20T10:15:28Z,aa616abe-1761-0c9a-7959-07544679dafd,aa616abe-1761-0c9a-5959-7a6a20b510c5,survey,93031-3,Have you or any family members you live with been unable to get any of the following when it was really needed in past 1 year [PRAPARE],Clothing,,text
2025-04-20T10:15:28Z,aa616abe-1761-0c9a-7959-07544679dafd,aa616abe-1761-0c9a-5959-7a6a20b510c5,survey,63586-2,What was your best estimate of the total income of all family members from all sources  before taxes  in last year [PhenX],31996,/a,text
2025-04-20T10:15:28Z,aa616abe-1761-0c9a-7959-07544679dafd,aa616abe-1761-0c9a-5959-7a6a20b510c5,survey,76437-3,Primary insurance,Private insurance,,text
2025-04-20T10:15:28Z,aa616abe-1761-0c9a-7959-07544679dafd,aa616abe-1761-0c9a-5959-7a6a20b510c5,survey,67875-5,Employment status - current,Otherwise unemployed but not seeking work (ex: student  retired  disabled  unpaid primary care giver),,text
2025-04-20T10:15:28Z,aa616abe-1761-0c9a-7959-07544679dafd,aa616abe-1761-0c9a-5959-7a6a20b510c5,survey,82589-3,Highest level of education,High school diploma or GED,,text
2025-04-20T10:15:28Z,aa616abe-1761-0c9a-7959-07544679dafd,aa616abe-1761-0c9a-5959-7a6a20b510c5,survey,56799-0,Address,997 Grant Row Unit 85,,text
2025-04-20T10:15:28Z,aa616abe-1761-0c9a-7959-07544679dafd,aa616abe-1761-0c9a-5959-7a6a20b510c5,survey,93033-9,Are you worried about losing your housing [PRAPARE],No,,text
2025-04-20T10:15:28Z,aa616abe-1761-0c9a-7959-07544679dafd,aa616abe-1761-0c9a-5959-7a6a20b510c5,survey,71802-3,Housing status,I have housing,,text
2025-04-20T10:15:28Z,aa616abe-1761-0c9a-7959-07544679dafd,aa616abe-1761-0c9a-5959-7a6a20b510c5,survey,63512-8,How many people are living or staying at this address [#],3.0,{#},numeric
2025-04-20T10:15:28Z,aa616abe-1761-0c9a-7959-07544679dafd,aa616abe-1761-0c9a-5959-7a6a20b510c5,survey,54899-0,Preferred language,English,,text
2025-04-20T10:15:28Z,aa616abe-1761-0c9a-7959-07544679dafd,aa616abe-1761-0c9a-5959-7a6a20b510c5,survey,93034-7,Discharged from the U.S. Armed Forces,No,,text
2025-04-20T10:15:28Z,aa616abe-1761-0c9a-7959-07544679dafd,aa616abe-1761-0c9a-5959-7a6a20b510c5,survey,93035-4,Has season or migrant farm work been your or your family's main source of income at any point in past 2 years [PRAPARE],No,,text
2025-04-20T10:15:28Z,aa616abe-1761-0c9a-7959-07544679dafd,aa616abe-1761-0c9a-5959-7a6a20b510c5,survey,32624-9,Race,White,,text
2025-04-20T10:15:28Z,aa616abe-1761-0c9a-7959-07544679dafd,aa616abe-1761-0c9a-5959-7a6a20b510c5,survey,56051-6,Hispanic or Latino,No,,text
2025-04-20T10:40:48Z,aa616abe-1761-0c9a-7959-07544679dafd,aa616abe-1761-0c9a-5959-7a6a20b510c5,survey,70274-6,Generalized anxiety disorder 7 item (GAD-7) total score [Reported.PHQ],6.0,{score},numeric
2025-04-20T11:05:52Z,aa616abe-1761-0c9a-7959-07544679dafd,aa616abe-1761-0c9a-5959-7a6a20b510c5,survey,76504-0,Total score [HARK],0.0,{score},numeric
2025-04-20T11:48:53Z,aa616abe-1761-0c9a-7959-07544679dafd,aa616abe-1761-0c9a-5959-7a6a20b510c5,survey,55758-7,Patient Health Questionnaire 2 item (PHQ-2) total score [Reported],1.0,{score},numeric
2025-10-19T09:30:35Z,aa616abe-1761-0c9a-7959-07544679dafd,aa616abe-1761-0c9a-539b-e7a2de18bb89,vital-signs,72514-3,Pain severity - 0-10 verbal numeric rating [Score] - Reported,8.0,{score},numeric
2026-04-26T09:30:35Z,aa616abe-1761-0c9a-7959-07544679dafd,aa616abe-1761-0c9a-fc1e-715174e6b6f9,laboratory,4548-4,Hemoglobin A1c/Hemoglobin.total in Blood,6.3,%,numeric
2026-04-26T09:30:35Z,aa616abe-1761-0c9a-7959-07544679dafd,aa616abe-1761-0c9a-fc1e-715174e6b6f9,vital-signs,8302-2,Body Height,164.6,cm,numeric
2026-04-26T09:30:35Z,aa616abe-1761-0c9a-7959-07544679dafd,aa616abe-1761-0c9a-fc1e-715174e6b6f9,vital-signs,72514-3,Pain severity - 0-10 verbal numeric rating [Score] - Reported,4.0,{score},numeric
2026-04-26T09:30:35Z,aa616abe-1761-0c9a-7959-07544679dafd,aa616abe-1761-0c9a-fc1e-715174e6b6f9,vital-signs,29463-7,Body Weight,81.4,kg,numeric
2026-04-26T09:30:35Z,aa616abe-1761-0c9a-7959-07544679dafd,aa616abe-1761-0c9a-fc1e-715174e6b6f9,vital-signs,39156-5,Body mass index (BMI) [Ratio],30.0,kg/m2,numeric
2026-04-26T09:30:35Z,aa616abe-1761-0c9a-7959-07544679dafd,aa616abe-1761-0c9a-fc1e-715174e6b6f9,vital-signs,8462-4,Diastolic Blood Pressure,92.0,mm[Hg],numeric
2026-04-26T09:30:35Z,aa616abe-1761-0c9a-7959-07544679dafd,aa616abe-1761-0c9a-fc1e-715174e6b6f9,vital-signs,8480-6,Systolic Blood Pressure,108.0,mm[Hg],numeric
2026-04-26T09:30:35Z,aa616abe-1761-0c9a-7959-07544679dafd,aa616abe-1761-0c9a-fc1e-715174e6b6f9,vital-signs,8867-4,Heart rate,92.0,/min,numeric
2026-04-26T09:30:35Z,aa616abe-1761-0c9a-7959-07544679dafd,aa616abe-1761-0c9a-fc1e-715174e6b6f9,vital-signs,9279-1,Respiratory rate,14.0,/min,numeric
2026-04-26T09:30:35Z,aa616abe-1761-0c9a-7959-07544679dafd,aa616abe-1761-0c9a-fc1e-715174e6b6f9,laboratory,2339-0,Glucose [Mass/volume] in Blood,82.3,mg/dL,numeric
2026-04-26T09:30:35Z,aa616abe-1761-0c9a-7959-07544679dafd,aa616abe-1761-0c9a-fc1e-715174e6b6f9,laboratory,6299-2,Urea nitrogen [Mass/volume] in Blood,13.9,mg/dL,numeric
2026-04-26T09:30:35Z,aa616abe-1761-0c9a-7959-07544679dafd,aa616abe-1761-0c9a-fc1e-715174e6b6f9,laboratory,38483-4,Creatinine [Mass/volume] in Blood,1.1,mg/dL,numeric
2026-04-26T09:30:35Z,aa616abe-1761-0c9a-7959-07544679dafd,aa616abe-1761-0c9a-fc1e-715174e6b6f9,laboratory,49765-1,Calcium [Mass/volume] in Blood,9.0,mg/dL,numeric
2026-04-26T09:30:35Z,aa616abe-1761-0c9a-7959-07544679dafd,aa616abe-1761-0c9a-fc1e-715174e6b6f9,laboratory,2947-0,Sodium [Moles/volume] in Blood,136.3,mmol/L,numeric
2026-04-26T09:30:35Z,aa616abe-1761-0c9a-7959-07544679dafd,aa616abe-1761-0c9a-fc1e-715174e6b6f9,laboratory,6298-4,Potassium [Moles/volume] in Blood,4.7,mmol/L,numeric
2026-04-26T09:30:35Z,aa616abe-1761-0c9a-7959-07544679dafd,aa616abe-1761-0c9a-fc1e-715174e6b6f9,laboratory,2069-3,Chloride [Moles/volume] in Blood,104.4,mmol/L,numeric
2026-04-26T09:30:35Z,aa616abe-1761-0c9a-7959-07544679dafd,aa616abe-1761-0c9a-fc1e-715174e6b6f9,laboratory,20565-8,Carbon dioxide  total [Moles/volume] in Blood,25.8,mmol/L,numeric
2026-04-26T09:30:35Z,aa616abe-1761-0c9a-7959-07544679dafd,aa616abe-1761-0c9a-fc1e-715174e6b6f9,social-history,72166-2,Tobacco smoking status,Never smoked tobacco (finding),,text
2026-04-26T10:02:49Z,aa616abe-1761-0c9a-7959-07544679dafd,aa616abe-1761-0c9a-fc1e-715174e6b6f9,survey,76501-6,Within the last year  have you been afraid of your partner or ex-partner,No,,text
2026-04-26T10:02:49Z,aa616abe-1761-0c9a-7959-07544679dafd,aa616abe-1761-0c9a-fc1e-715174e6b6f9,survey,93026-3,Do you feel physically and emotionally safe where you currently live [PRAPARE],Yes,,text
2026-04-26T10:02:49Z,aa616abe-1761-0c9a-7959-07544679dafd,aa616abe-1761-0c9a-fc1e-715174e6b6f9,survey,93027-1,Are you a refugee,No,,text
2026-04-26T10:02:49Z,aa616abe-1761-0c9a-7959-07544679dafd,aa616abe-1761-0c9a-fc1e-715174e6b6f9,survey,93028-9,Have you spent more than 2 nights in a row in a jail  prison  detention center  or juvenile correctional facility in past 1 year [PRAPARE],No,,text
2026-04-26T10:02:49Z,aa616abe-1761-0c9a-7959-07544679dafd,aa616abe-1761-0c9a-fc1e-715174e6b6f9,survey,93038-8,Stress level,Not at all,,text
2026-04-26T10:02:49Z,aa616abe-1761-0c9a-7959-07544679dafd,aa616abe-1761-0c9a-fc1e-715174e6b6f9,survey,93029-7,How often do you see or talk to people that you care about and feel close to [PRAPARE],5 or more times a week,,text
2026-04-26T10:02:49Z,aa616abe-1761-0c9a-7959-07544679dafd,aa616abe-1761-0c9a-fc1e-715174e6b6f9,survey,93030-5,Has lack of transportation kept you from medical appointments  meetings  work  or from getting things needed for daily living,No,,text
2026-04-26T10:02:49Z,aa616abe-1761-0c9a-7959-07544679dafd,aa616abe-1761-0c9a-fc1e-715174e6b6f9,survey,93031-3,Have you or any family members you live with been unable to get any of the following when it was really needed in past 1 year [PRAPARE],I choose not to answer this question,,text
2026-04-26T10:02:49Z,aa616abe-1761-0c9a-7959-07544679dafd,aa616abe-1761-0c9a-fc1e-715174e6b6f9,survey,63586-2,What was your best estimate of the total income of all family members from all sources  before taxes  in last year [PhenX],31996,/a,text
2026-04-26T10:02:49Z,aa616abe-1761-0c9a-7959-07544679dafd,aa616abe-1761-0c9a-fc1e-715174e6b6f9,survey,76437-3,Primary insurance,Private insurance,,text
2026-04-26T10:02:49Z,aa616abe-1761-0c9a-7959-07544679dafd,aa616abe-1761-0c9a-fc1e-715174e6b6f9,survey,67875-5,Employment status - current,Full-time work,,text
2026-04-26T10:02:49Z,aa616abe-1761-0c9a-7959-07544679dafd,aa616abe-1761-0c9a-fc1e-715174e6b6f9,survey,82589-3,Highest level of education,High school diploma or GED,,text
2026-04-26T10:02:49Z,aa616abe-1761-0c9a-7959-07544679dafd,aa616abe-1761-0c9a-fc1e-715174e6b6f9,survey,56799-0,Address,997 Grant Row Unit 85,,text
2026-04-26T10:02:49Z,aa616abe-1761-0c9a-7959-07544679dafd,aa616abe-1761-0c9a-fc1e-715174e6b6f9,survey,93033-9,Are you worried about losing your housing [PRAPARE],No,,text
2026-04-26T10:02:49Z,aa616abe-1761-0c9a-7959-07544679dafd,aa616abe-1761-0c9a-fc1e-715174e6b6f9,survey,71802-3,Housing status,I have housing,,text
2026-04-26T10:02:49Z,aa616abe-1761-0c9a-7959-07544679dafd,aa616abe-1761-0c9a-fc1e-715174e6b6f9,survey,63512-8,How many people are living or staying at this address [#],3.0,{#},numeric
2026-04-26T10:02:49Z,aa616abe-1761-0c9a-7959-07544679dafd,aa616abe-1761-0c9a-fc1e-715174e6b6f9,survey,54899-0,Preferred language,English,,text
2026-04-26T10:02:49Z,aa616abe-1761-0c9a-7959-07544679dafd,aa616abe-1761-0c9a-fc1e-715174e6b6f9,survey,93034-7,Discharged from the U.S. Armed Forces,No,,text
2026-04-26T10:02:49Z,aa616abe-1761-0c9a-7959-07544679dafd,aa616abe-1761-0c9a-fc1e-715174e6b6f9,survey,93035-4,Has season or migrant farm work been your or your family's main source of income at any point in past 2 years [PRAPARE],No,,text
2026-04-26T10:02:49Z,aa616abe-1761-0c9a-7959-07544679dafd,aa616abe-1761-0c9a-fc1e-715174e6b6f9,survey,32624-9,Race,White,,text
2026-04-26T10:02:49Z,aa616abe-1761-0c9a-7959-07544679dafd,aa616abe-1761-0c9a-fc1e-715174e6b6f9,survey,56051-6,Hispanic or Latino,No,,text
2026-04-26T10:28:08Z,aa616abe-1761-0c9a-7959-07544679dafd,aa616abe-1761-0c9a-fc1e-715174e6b6f9,survey,76504-0,Total score [HARK],0.0,{score},numeric
2021-11-11T09:30:35Z,aa616abe-1761-0c9a-7959-07544679dafd,,,QALY,QALY,22.4,a,numeric
2022-11-11T09:30:35Z,aa616abe-1761-0c9a-7959-07544679dafd,,,QALY,QALY,22.9,a,numeric
2023-11-11T09:30:35Z,aa616abe-1761-0c9a-7959-07544679dafd,,,QALY,QALY,23.4,a,numeric
2024-11-11T09:30:35Z,aa616abe-1761-0c9a-7959-07544679dafd,,,QALY,QALY,23.9,a,numeric
2025-11-11T09:30:35Z,aa616abe-1761-0c9a-7959-07544679dafd,,,QALY,QALY,24.5,a,numeric
2021-11-11T09:30:35Z,aa616abe-1761-0c9a-7959-07544679dafd,,,DALY,DALY,7.6,a,numeric
2022-11-11T09:30:35Z,aa616abe-1761-0c9a-7959-07544679dafd,,,DALY,DALY,8.1,a,numeric
2023-11-11T09:30:35Z,aa616abe-1761-0c9a-7959-07544679dafd,,,DALY,DALY,8.6,a,numeric
2024-11-11T09:30:35Z,aa616abe-1761-0c9a-7959-07544679dafd,,,DALY,DALY,9.1,a,numeric
2025-11-11T09:30:35Z,aa616abe-1761-0c9a-7959-07544679dafd,,,DALY,DALY,9.5,a,numeric
2021-11-11T09:30:35Z,aa616abe-1761-0c9a-7959-07544679dafd,,,QOLS,QOLS,0.5,{score},numeric
2022-11-11T09:30:35Z,aa616abe-1761-0c9a-7959-07544679dafd,,,QOLS,QOLS,0.5,{score},numeric
2023-11-11T09:30:35Z,aa616abe-1761-0c9a-7959-07544679dafd,,,QOLS,QOLS,0.5,{score},numeric
2024-11-11T09:30:35Z,aa616abe-1761-0c9a-7959-07544679dafd,,,QOLS,QOLS,0.5,{score},numeric
2025-11-11T09:30:35Z,aa616abe-1761-0c9a-7959-07544679dafd,,,QOLS,QOLS,0.5,{score},numeric
2024-02-24T06:32:37Z,e74367bd-7385-97dc-2c7f-251b4cd9fe29,e74367bd-7385-97dc-de6b-6ffd4c0fa454,laboratory,4548-4,Hemoglobin A1c/Hemoglobin.total in Blood,6.1,%,numeric
2024-02-24T06:32:37Z,e74367bd-7385-97dc-2c7f-251b4cd9fe29,e74367bd-7385-97dc-de6b-6ffd4c0fa454,vital-signs,8302-2,Body Height,163.0,cm,numeric
2024-02-24T06:32:37Z,e74367bd-7385-97dc-2c7f-251b4cd9fe29,e74367bd-7385-97dc-de6b-6ffd4c0fa454,vital-signs,72514-3,Pain severity - 0-10 verbal numeric rating [Score] - Reported,4.0,{score},numeric
2024-02-24T06:32:37Z,e74367bd-7385-97dc-2c7f-251b4cd9fe29,e74367bd-7385-97dc-de6b-6ffd4c0fa454,vital-signs,29463-7,Body Weight,73.2,kg,numeric
2024-02-24T06:32:37Z,e74367bd-7385-97dc-2c7f-251b4cd9fe29,e74367bd-7385-97dc-de6b-6ffd4c0fa454,vital-signs,39156-5,Body mass index (BMI) [Ratio],27.6,kg/m2,numeric
2024-02-24T06:32:37Z,e74367bd-7385-97dc-2c7f-251b4cd9fe29,e74367bd-7385-97dc-de6b-6ffd4c0fa454,vital-signs,8462-4,Diastolic Blood Pressure,76.0,mm[Hg],numeric
2024-02-24T06:32:37Z,e74367bd-7385-97dc-2c7f-251b4cd9fe29,e74367bd-7385-97dc-de6b-6ffd4c0fa454,vital-signs,8480-6,Systolic Blood Pressure,140.0,mm[Hg],numeric
2024-02-24T06:32:37Z,e74367bd-7385-97dc-2c7f-251b4cd9fe29,e74367bd-7385-97dc-de6b-6ffd4c0fa454,vital-signs,8867-4,Heart rate,73.0,/min,numeric
2024-02-24T06:32:37Z,e74367bd-7385-97dc-2c7f-251b4cd9fe29,e74367bd-7385-97dc-de6b-6ffd4c0fa454,vital-signs,9279-1,Respiratory rate,13.0,/min,numeric
2024-02-24T06:32:37Z,e74367bd-7385-97dc-2c7f-251b4cd9fe29,e74367bd-7385-97dc-de6b-6ffd4c0fa454,laboratory,2339-0,Glucose [Mass/volume] in Blood,78.1,mg/dL,numeric
2024-02-24T06:32:37Z,e74367bd-7385-97dc-2c7f-251b4cd9fe29,e74367bd-7385-97dc-de6b-6ffd4c0fa454,laboratory,6299-2,Urea nitrogen [Mass/volume] in Blood,15.0,mg/dL,numeric
2024-02-24T06:32:37Z,e74367bd-7385-97dc-2c7f-251b4cd9fe29,e74367bd-7385-97dc-de6b-6ffd4c0fa454,laboratory,38483-4,Creatinine [Mass/volume] in Blood,1.6,mg/dL,numeric
2024-02-24T06:32:37Z,e74367bd-7385-97dc-2c7f-251b4cd9fe29,e74367bd-7385-97dc-de6b-6ffd4c0fa454,laboratory,49765-1,Calcium [Mass/volume] in Blood,9.2,mg/dL,numeric
2024-02-24T06:32:37Z,e74367bd-7385-97dc-2c7f-251b4cd9fe29,e74367bd-7385-97dc-de6b-6ffd4c0fa454,laboratory,2947-0,Sodium [Moles/volume] in Blood,136.1,mmol/L,numeric
2024-02-24T06:32:37Z,e74367bd-7385-97dc-2c7f-251b4cd9fe29,e74367bd-7385-97dc-de6b-6ffd4c0fa454,laboratory,6298-4,Potassium [Moles/volume] in Blood,3.7,mmol/L,numeric
2024-02-24T06:32:37Z,e74367bd-7385-97dc-2c7f-251b4cd9fe29,e74367bd-7385-97dc-de6b-6ffd4c0fa454,laboratory,2069-3,Chloride [Moles/volume] in Blood,108.6,mmol/L,numeric
2024-02-24T06:32:37Z,e74367bd-7385-97dc-2c7f-251b4cd9fe29,e74367bd-7385-97dc-de6b-6ffd4c0fa454,laboratory,20565-8,Carbon dioxide  total [Moles/volume] in Blood,26.4,mmol/L,numeric
2024-02-24T06:32:37Z,e74367bd-7385-97dc-2c7f-251b4cd9fe29,e74367bd-7385-97dc-de6b-6ffd4c0fa454,laboratory,2093-3,Cholesterol [Mass/volume] in Serum or Plasma,180.1,mg/dL,numeric
2024-02-24T06:32:37Z,e74367bd-7385-97dc-2c7f-251b4cd9fe29,e74367bd-7385-97dc-de6b-6ffd4c0fa454,laboratory,2571-8,Triglyceride [Mass/volume] in Serum or Plasma,130.5,mg/dL,numeric
2024-02-24T06:32:37Z,e74367bd-7385-97dc-2c7f-251b4cd9fe29,e74367bd-7385-97dc-de6b-6ffd4c0fa454,laboratory,18262-6,Cholesterol in LDL [Mass/volume] in Serum or Plasma by Direct assay,94.7,mg/dL,numeric
2024-02-24T06:32:37Z,e74367bd-7385-97dc-2c7f-251b4cd9fe29,e74367bd-7385-97dc-de6b-6ffd4c0fa454,laboratory,2085-9,Cholesterol in HDL [Mass/volume] in Serum or Plasma,59.2,mg/dL,numeric
2024-02-24T06:32:37Z,e74367bd-7385-97dc-2c7f-251b4cd9fe29,e74367bd-7385-97dc-de6b-6ffd4c0fa454,laboratory,6690-2,Leukocytes [#/volume] in Blood by Automated count,8.5,10*3/uL,numeric
2024-02-24T06:32:37Z,e74367bd-7385-97dc-2c7f-251b4cd9fe29,e74367bd-7385-97dc-de6b-6ffd4c0fa454,laboratory,789-8,Erythrocytes [#/volume] in Blood by Automated count,4.3,10*6/uL,numeric
2024-02-24T06:32:37Z,e74367bd-7385-97dc-2c7f-251b4cd9fe29,e74367bd-7385-97dc-de6b-6ffd4c0fa454,laboratory,718-7,Hemoglobin [Mass/volume] in Blood,16.4,g/dL,numeric
2024-02-24T06:32:37Z,e74367bd-7385-97dc-2c7f-251b4cd9fe29,e74367bd-7385-97dc-de6b-6ffd4c0fa454,laboratory,4544-3,Hematocrit [Volume Fraction] of Blood by Automated count,46.1,%,numeric
2024-02-24T06:32:37Z,e74367bd-7385-97dc-2c7f-251b4cd9fe29,e74367bd-7385-97dc-de6b-6ffd4c0fa454,laboratory,787-2,MCV [Entitic mean volume] in Red Blood Cells by Automated count,85.3,fL,numeric
2024-02-24T06:32:37Z,e74367bd-7385-97dc-2c7f-251b4cd9fe29,e74367bd-7385-97dc-de6b-6ffd4c0fa454,laboratory,785-6,MCH [Entitic mass] by Automated count,30.4,pg,numeric
2024-02-24T06:32:37Z,e74367bd-7385-97dc-2c7f-251b4cd9fe29,e74367bd-7385-97dc-de6b-6ffd4c0fa454,laboratory,786-4,MCHC [Entitic Mass/volume] in Red Blood Cells by Automated count,33.7,g/dL,numeric
2024-02-24T06:32:37Z,e74367bd-7385-97dc-2c7f-251b4cd9fe29,e74367bd-7385-97dc-de6b-6ffd4c0fa454,laboratory,788-0,Erythrocyte [DistWidth] in Blood by Automated count,42.5,fL,numeric
2024-02-24T06:32:37Z,e74367bd-7385-97dc-2c7f-251b4cd9fe29,e74367bd-7385-97dc-de6b-6ffd4c0fa454,laboratory,777-3,Platelets [#/volume] in Blood by Automated count,428.4,10*3/uL,numeric
2024-02-24T06:32:37Z,e74367bd-7385-97dc-2c7f-251b4cd9fe29,e74367bd-7385-97dc-de6b-6ffd4c0fa454,laboratory,32207-3,Platelet distribution width [Entitic volume] in Blood by Automated count,403.0,fL,numeric
2024-02-24T06:32:37Z,e74367bd-7385-97dc-2c7f-251b4cd9fe29,e74367bd-7385-97dc-de6b-6ffd4c0fa454,laboratory,32623-1,Platelet [Entitic mean volume] in Blood by Automated count,11.7,fL,numeric
2024-02-24T06:32:37Z,e74367bd-7385-97dc-2c7f-251b4cd9fe29,e74367bd-7385-97dc-de6b-6ffd4c0fa454,social-history,72166-2,Tobacco smoking status,Never smoked tobacco (finding),,text
2024-02-24T07:28:40Z,e74367bd-7385-97dc-2c7f-251b4cd9fe29,e74367bd-7385-97dc-de6b-6ffd4c0fa454,survey,76501-6,Within the last year  have you been afraid of your partner or ex-partner,No,,text
2024-02-24T07:28:40Z,e74367bd-7385-97dc-2c7f-251b4cd9fe29,e74367bd-7385-97dc-de6b-6ffd4c0fa454,survey,93026-3,Do you feel physically and emotionally safe where you currently live [PRAPARE],No,,text
2024-02-24T07:28:40Z,e74367bd-7385-97dc-2c7f-251b4cd9fe29,e74367bd-7385-97dc-de6b-6ffd4c0fa454,survey,93027-1,Are you a refugee,No,,text
2024-02-24T07:28:40Z,e74367bd-7385-97dc-2c7f-251b4cd9fe29,e74367bd-7385-97dc-de6b-6ffd4c0fa454,survey,93028-9,Have you spent more than 2 nights in a row in a jail  prison  detention center  or juvenile correctional facility in past 1 year [PRAPARE],No,,text
2024-02-24T07:28:40Z,e74367bd-7385-97dc-2c7f-251b4cd9fe29,e74367bd-7385-97dc-de6b-6ffd4c0fa454,survey,93038-8,Stress level,Somewhat,,text
2024-02-24T07:28:40Z,e74367bd-7385-97dc-2c7f-251b4cd9fe29,e74367bd-7385-97dc-de6b-6ffd4c0fa454,survey,93029-7,How often do you see or talk to people that you care about and feel close to [PRAPARE],3 to 5 times a week,,text
2024-02-24T07:28:40Z,e74367bd-7385-97dc-2c7f-251b4cd9fe29,e74367bd-7385-97dc-de6b-6ffd4c0fa454,survey,93030-5,Has lack of transportation kept you from medical appointments  meetings  work  or from getting things needed for daily living,No,,text
2024-02-24T07:28:40Z,e74367bd-7385-97dc-2c7f-251b4cd9fe29,e74367bd-7385-97dc-de6b-6ffd4c0fa454,survey,93031-3,Have you or any family members you live with been unable to get any of the following when it was really needed in past 1 year [PRAPARE],I choose not to answer this question,,text
2024-02-24T07:28:40Z,e74367bd-7385-97dc-2c7f-251b4cd9fe29,e74367bd-7385-97dc-de6b-6ffd4c0fa454,survey,63586-2,What was your best estimate of the total income of all family members from all sources  before taxes  in last year [PhenX],53403,/a,text
2024-02-24T07:28:40Z,e74367bd-7385-97dc-2c7f-251b4cd9fe29,e74367bd-7385-97dc-de6b-6ffd4c0fa454,survey,76437-3,Primary insurance,None/uninsured,,text
2024-02-24T07:28:40Z,e74367bd-7385-97dc-2c7f-251b4cd9fe29,e74367bd-7385-97dc-de6b-6ffd4c0fa454,survey,67875-5,Employment status - current,Full-time work,,text
2024-02-24T07:28:40Z,e74367bd-7385-97dc-2c7f-251b4cd9fe29,e74367bd-7385-97dc-de6b-6ffd4c0fa454,survey,82589-3,Highest level of education,High school diploma or GED,,text
2024-02-24T07:28:40Z,e74367bd-7385-97dc-2c7f-251b4cd9fe29,e74367bd-7385-97dc-de6b-6ffd4c0fa454,survey,56799-0,Address,911 Hauck Key Suite 34,,text
2024-02-24T07:28:40Z,e74367bd-7385-97dc-2c7f-251b4cd9fe29,e74367bd-7385-97dc-de6b-6ffd4c0fa454,survey,93033-9,Are you worried about losing your housing [PRAPARE],No,,text
2024-02-24T07:28:40Z,e74367bd-7385-97dc-2c7f-251b4cd9fe29,e74367bd-7385-97dc-de6b-6ffd4c0fa454,survey,71802-3,Housing status,I have housing,,text
2024-02-24T07:28:40Z,e74367bd-7385-97dc-2c7f-251b4cd9fe29,e74367bd-7385-97dc-de6b-6ffd4c0fa454,survey,63512-8,How many people are living or staying at this address [#],5.0,{#},numeric
2024-02-24T07:28:40Z,e74367bd-7385-97dc-2c7f-251b4cd9fe29,e74367bd-7385-97dc-de6b-6ffd4c0fa454,survey,54899-0,Preferred language,English,,text
2024-02-24T07:28:40Z,e74367bd-7385-97dc-2c7f-251b4cd9fe29,e74367bd-7385-97dc-de6b-6ffd4c0fa454,survey,93034-7,Discharged from the U.S. Armed Forces,No,,text
2024-02-24T07:28:40Z,e74367bd-7385-97dc-2c7f-251b4cd9fe29,e74367bd-7385-97dc-de6b-6ffd4c0fa454,survey,93035-4,Has season or migrant farm work been your or your family's main source of income at any point in past 2 years [PRAPARE],No,,text
2024-02-24T07:28:40Z,e74367bd-7385-97dc-2c7f-251b4cd9fe29,e74367bd-7385-97dc-de6b-6ffd4c0fa454,survey,32624-9,Race,White,,text
2024-02-24T07:28:40Z,e74367bd-7385-97dc-2c7f-251b4cd9fe29,e74367bd-7385-97dc-de6b-6ffd4c0fa454,survey,56051-6,Hispanic or Latino,No,,text
2024-02-24T07:53:54Z,e74367bd-7385-97dc-2c7f-251b4cd9fe29,e74367bd-7385-97dc-de6b-6ffd4c0fa454,survey,70274-6,Generalized anxiety disorder 7 item (GAD-7) total score [Reported.PHQ],3.0,{score},numeric
2024-02-24T08:33:37Z,e74367bd-7385-97dc-2c7f-251b4cd9fe29,e74367bd-7385-97dc-de6b-6ffd4c0fa454,survey,55758-7,Patient Health Questionnaire 2 item (PHQ-2) total score [Reported],0.0,{score},numeric
2024-02-24T09:09:24Z,e74367bd-7385-97dc-2c7f-251b4cd9fe29,e74367bd-7385-97dc-de6b-6ffd4c0fa454,survey,82667-7,Total score [DAST-10],2.0,{score},numeric
2021-12-09T06:32:37Z,e74367bd-7385-97dc-2c7f-251b4cd9fe29,,,QALY,QALY,31.0,a,numeric
2022-12-09T06:32:37Z,e74367bd-7385-97dc-2c7f-251b4cd9fe29,,,QALY,QALY,31.9,a,numeric
2023-12-09T06:32:37Z,e74367bd-7385-97dc-2c7f-251b4cd9fe29,,,QALY,QALY,32.9,a,numeric
2024-12-09T06:32:37Z,e74367bd-7385-97dc-2c7f-251b4cd9fe29,,,QALY,QALY,33.9,a,numeric
2025-12-09T06:32:37Z,e74367bd-7385-97dc-2c7f-251b4cd9fe29,,,QALY,QALY,34.9,a,numeric
2021-12-09T06:32:37Z,e74367bd-7385-97dc-2c7f-251b4cd9fe29,,,DALY,DALY,0.0,a,numeric
2022-12-09T06:32:37Z,e74367bd-7385-97dc-2c7f-251b4cd9fe29,,,DALY,DALY,0.1,a,numeric
2023-12-09T06:32:37Z,e74367bd-7385-97dc-2c7f-251b4cd9fe29,,,DALY,DALY,0.1,a,numeric
2024-12-09T06:32:37Z,e74367bd-7385-97dc-2c7f-251b4cd9fe29,,,DALY,DALY,0.1,a,numeric
2025-12-09T06:32:37Z,e74367bd-7385-97dc-2c7f-251b4cd9fe29,,,DALY,DALY,0.1,a,numeric
2021-12-09T06:32:37Z,e74367bd-7385-97dc-2c7f-251b4cd9fe29,,,QOLS,QOLS,1.0,{score},numeric
2022-12-09T06:32:37Z,e74367bd-7385-97dc-2c7f-251b4cd9fe29,,,QOLS,QOLS,1.0,{score},numeric
2023-12-09T06:32:37Z,e74367bd-7385-97dc-2c7f-251b4cd9fe29,,,QOLS,QOLS,1.0,{score},numeric
2024-12-09T06:32:37Z,e74367bd-7385-97dc-2c7f-251b4cd9fe29,,,QOLS,QOLS,1.0,{score},numeric
2025-12-09T06:32:37Z,e74367bd-7385-97dc-2c7f-251b4cd9fe29,,,QOLS,QOLS,1.0,{score},numeric
2023-06-24T05:22:05Z,5e688e99-61b3-5c88-3f60-21df8aaced27,5e688e99-61b3-5c88-3f6d-d6d317421b1c,vital-signs,8302-2,Body Height,163.3,cm,numeric
2023-06-24T05:22:05Z,5e688e99-61b3-5c88-3f60-21df8aaced27,5e688e99-61b3-5c88-3f6d-d6d317421b1c,vital-signs,72514-3,Pain severity - 0-10 verbal numeric rating [Score] - Reported,1.0,{score},numeric
2023-06-24T05:22:05Z,5e688e99-61b3-5c88-3f60-21df8aaced27,5e688e99-61b3-5c88-3f6d-d6d317421b1c,vital-signs,29463-7,Body Weight,77.8,kg,numeric
2023-06-24T05:22:05Z,5e688e99-61b3-5c88-3f60-21df8aaced27,5e688e99-61b3-5c88-3f6d-d6d317421b1c,vital-signs,39156-5,Body mass index (BMI) [Ratio],29.2,kg/m2,numeric
2023-06-24T05:22:05Z,5e688e99-61b3-5c88-3f60-21df8aaced27,5e688e99-61b3-5c88-3f6d-d6d317421b1c,vital-signs,8462-4,Diastolic Blood Pressure,80.0,mm[Hg],numeric
2023-06-24T05:22:05Z,5e688e99-61b3-5c88-3f60-21df8aaced27,5e688e99-61b3-5c88-3f6d-d6d317421b1c,vital-signs,8480-6,Systolic Blood Pressure,144.0,mm[Hg],numeric
2023-06-24T05:22:05Z,5e688e99-61b3-5c88-3f60-21df8aaced27,5e688e99-61b3-5c88-3f6d-d6d317421b1c,vital-signs,8867-4,Heart rate,90.0,/min,numeric
2023-06-24T05:22:05Z,5e688e99-61b3-5c88-3f60-21df8aaced27,5e688e99-61b3-5c88-3f6d-d6d317421b1c,vital-signs,9279-1,Respiratory rate,15.0,/min,numeric
2023-06-24T05:22:05Z,5e688e99-61b3-5c88-3f60-21df8aaced27,5e688e99-61b3-5c88-3f6d-d6d317421b1c,laboratory,2093-3,Cholesterol [Mass/volume] in Serum or Plasma,145.5,mg/dL,numeric
2023-06-24T05:22:05Z,5e688e99-61b3-5c88-3f60-21df8aaced27,5e688e99-61b3-5c88-3f6d-d6d317421b1c,laboratory,2571-8,Triglyceride [Mass/volume] in Serum or Plasma,121.2,mg/dL,numeric
2023-06-24T05:22:05Z,5e688e99-61b3-5c88-3f60-21df8aaced27,5e688e99-61b3-5c88-3f6d-d6d317421b1c,laboratory,18262-6,Cholesterol in LDL [Mass/volume] in Serum or Plasma by Direct assay,65.8,mg/dL,numeric
2023-06-24T05:22:05Z,5e688e99-61b3-5c88-3f60-21df8aaced27,5e688e99-61b3-5c88-3f6d-d6d317421b1c,laboratory,2085-9,Cholesterol in HDL [Mass/volume] in Serum or Plasma,55.5,mg/dL,numeric
2023-06-24T05:22:05Z,5e688e99-61b3-5c88-3f60-21df8aaced27,5e688e99-61b3-5c88-3f6d-d6d317421b1c,social-history,72166-2,Tobacco smoking status,Never smoked tobacco (finding),,text
2023-06-24T06:07:46Z,5e688e99-61b3-5c88-3f60-21df8aaced27,5e688e99-61b3-5c88-3f6d-d6d317421b1c,survey,76501-6,Within the last year  have you been afraid of your partner or ex-partner,No,,text
2023-06-24T06:07:46Z,5e688e99-61b3-5c88-3f60-21df8aaced27,5e688e99-61b3-5c88-3f6d-d6d317421b1c,survey,93026-3,Do you feel physically and emotionally safe where you currently live [PRAPARE],Yes,,text
2023-06-24T06:07:46Z,5e688e99-61b3-5c88-3f60-21df8aaced27,5e688e99-61b3-5c88-3f6d-d6d317421b1c,survey,93027-1,Are you a refugee,No,,text
2023-06-24T06:07:46Z,5e688e99-61b3-5c88-3f60-21df8aaced27,5e688e99-61b3-5c88-3f6d-d6d317421b1c,survey,93028-9,Have you spent more than 2 nights in a row in a jail  prison  detention center  or juvenile correctional facility in past 1 year [PRAPARE],No,,text
2023-06-24T06:07:46Z,5e688e99-61b3-5c88-3f60-21df8aaced27,5e688e99-61b3-5c88-3f6d-d6d317421b1c,survey,93038-8,Stress level,Somewhat,,text
2023-06-24T06:07:46Z,5e688e99-61b3-5c88-3f60-21df8aaced27,5e688e99-61b3-5c88-3f6d-d6d317421b1c,survey,93029-7,How often do you see or talk to people that you care about and feel close to [PRAPARE],5 or more times a week,,text
2023-06-24T06:07:46Z,5e688e99-61b3-5c88-3f60-21df8aaced27,5e688e99-61b3-5c88-3f6d-d6d317421b1c,survey,93030-5,Has lack of transportation kept you from medical appointments  meetings  work  or from getting things needed for daily living,No,,text
2023-06-24T06:07:46Z,5e688e99-61b3-5c88-3f60-21df8aaced27,5e688e99-61b3-5c88-3f6d-d6d317421b1c,survey,93031-3,Have you or any family members you live with been unable to get any of the following when it was really needed in past 1 year [PRAPARE],Other,,text
2023-06-24T06:07:46Z,5e688e99-61b3-5c88-3f60-21df8aaced27,5e688e99-61b3-5c88-3f6d-d6d317421b1c,survey,63586-2,What was your best estimate of the total income of all family members from all sources  before taxes  in last year [PhenX],9211,/a,text
2023-06-24T06:07:46Z,5e688e99-61b3-5c88-3f60-21df8aaced27,5e688e99-61b3-5c88-3f6d-d6d317421b1c,survey,76437-3,Primary insurance,Medicaid,,text
2023-06-24T06:07:46Z,5e688e99-61b3-5c88-3f60-21df8aaced27,5e688e99-61b3-5c88-3f6d-d6d317421b1c,survey,67875-5,Employment status - current,Full-time work,,text
2023-06-24T06:07:46Z,5e688e99-61b3-5c88-3f60-21df8aaced27,5e688e99-61b3-5c88-3f6d-d6d317421b1c,survey,82589-3,Highest level of education,More than high school,,text
2023-06-24T06:07:46Z,5e688e99-61b3-5c88-3f60-21df8aaced27,5e688e99-61b3-5c88-3f6d-d6d317421b1c,survey,56799-0,Address,788 Hansen Skyway,,text
2023-06-24T06:07:46Z,5e688e99-61b3-5c88-3f60-21df8aaced27,5e688e99-61b3-5c88-3f6d-d6d317421b1c,survey,93033-9,Are you worried about losing your housing [PRAPARE],I choose not to answer this question,,text
2023-06-24T06:07:46Z,5e688e99-61b3-5c88-3f60-21df8aaced27,5e688e99-61b3-5c88-3f6d-d6d317421b1c,survey,71802-3,Housing status,I have housing,,text
2023-06-24T06:07:46Z,5e688e99-61b3-5c88-3f60-21df8aaced27,5e688e99-61b3-5c88-3f6d-d6d317421b1c,survey,63512-8,How many people are living or staying at this address [#],5.0,{#},numeric
2023-06-24T06:07:46Z,5e688e99-61b3-5c88-3f60-21df8aaced27,5e688e99-61b3-5c88-3f6d-d6d317421b1c,survey,54899-0,Preferred language,English,,text
2023-06-24T06:07:46Z,5e688e99-61b3-5c88-3f60-21df8aaced27,5e688e99-61b3-5c88-3f6d-d6d317421b1c,survey,93034-7,Discharged from the U.S. Armed Forces,No,,text
2023-06-24T06:07:46Z,5e688e99-61b3-5c88-3f60-21df8aaced27,5e688e99-61b3-5c88-3f6d-d6d317421b1c,survey,93035-4,Has season or migrant farm work been your or your family's main source of income at any point in past 2 years [PRAPARE],Yes,,text
2023-06-24T06:07:46Z,5e688e99-61b3-5c88-3f60-21df8aaced27,5e688e99-61b3-5c88-3f6d-d6d317421b1c,survey,32624-9,Race,American Indian/Alaskan Native,,text
2023-06-24T06:07:46Z,5e688e99-61b3-5c88-3f60-21df8aaced27,5e688e99-61b3-5c88-3f6d-d6d317421b1c,survey,56051-6,Hispanic or Latino,No,,text
2023-06-24T06:38:09Z,5e688e99-61b3-5c88-3f60-21df8aaced27,5e688e99-61b3-5c88-3f6d-d6d317421b1c,survey,76504-0,Total score [HARK],0.0,{score},numeric
2023-06-24T07:15:28Z,5e688e99-61b3-5c88-3f60-21df8aaced27,5e688e99-61b3-5c88-3f6d-d6d317421b1c,survey,75626-2,Total score [AUDIT-C],7.0,{score},numeric
2024-10-05T05:22:05Z,5e688e99-61b3-5c88-3f60-21df8aaced27,5e688e99-61b3-5c88-9d11-4b5c133ed42f,social-history,82810-3,Pregnancy status,Pregnant,,text
2024-11-16T05:22:05Z,5e688e99-61b3-5c88-3f60-21df8aaced27,5e688e99-61b3-5c88-f288-3e0f2fe9765e,vital-signs,8302-2,Body Height,163.3,cm,numeric
2024-11-16T05:22:05Z,5e688e99-61b3-5c88-3f60-21df8aaced27,5e688e99-61b3-5c88-f288-3e0f2fe9765e,vital-signs,72514-3,Pain severity - 0-10 verbal numeric rating [Score] - Reported,2.0,{score},numeric
2024-11-16T05:22:05Z,5e688e99-61b3-5c88-3f60-21df8aaced27,5e688e99-61b3-5c88-f288-3e0f2fe9765e,vital-signs,29463-7,Body Weight,79.7,kg,numeric
2024-11-16T05:22:05Z,5e688e99-61b3-5c88-3f60-21df8aaced27,5e688e99-61b3-5c88-f288-3e0f2fe9765e,vital-signs,39156-5,Body mass index (BMI) [Ratio],29.9,kg/m2,numeric
2024-11-16T05:22:05Z,5e688e99-61b3-5c88-3f60-21df8aaced27,5e688e99-61b3-5c88-f288-3e0f2fe9765e,vital-signs,8462-4,Diastolic Blood Pressure,81.0,mm[Hg],numeric
2024-11-16T05:22:05Z,5e688e99-61b3-5c88-3f60-21df8aaced27,5e688e99-61b3-5c88-f288-3e0f2fe9765e,vital-signs,8480-6,Systolic Blood Pressure,138.0,mm[Hg],numeric
2024-11-16T05:22:05Z,5e688e99-61b3-5c88-3f60-21df8aaced27,5e688e99-61b3-5c88-f288-3e0f2fe9765e,vital-signs,8867-4,Heart rate,96.0,/min,numeric
2024-11-16T05:22:05Z,5e688e99-61b3-5c88-3f60-21df8aaced27,5e688e99-61b3-5c88-f288-3e0f2fe9765e,vital-signs,9279-1,Respiratory rate,15.0,/min,numeric
2024-11-16T05:22:05Z,5e688e99-61b3-5c88-3f60-21df8aaced27,5e688e99-61b3-5c88-f288-3e0f2fe9765e,social-history,72166-2,Tobacco smoking status,Never smoked tobacco (finding),,text
2024-11-16T05:53:43Z,5e688e99-61b3-5c88-3f60-21df8aaced27,5e688e99-61b3-5c88-f288-3e0f2fe9765e,survey,76501-6,Within the last year  have you been afraid of your partner or ex-partner,No,,text
2024-11-16T05:53:43Z,5e688e99-61b3-5c88-3f60-21df8aaced27,5e688e99-61b3-5c88-f288-3e0f2fe9765e,survey,93026-3,Do you feel physically and emotionally safe where you currently live [PRAPARE],Yes,,text
2024-11-16T05:53:43Z,5e688e99-61b3-5c88-3f60-21df8aaced27,5e688e99-61b3-5c88-f288-3e0f2fe9765e,survey,93027-1,Are you a refugee,No,,text
2024-11-16T05:53:43Z,5e688e99-61b3-5c88-3f60-21df8aaced27,5e688e99-61b3-5c88-f288-3e0f2fe9765e,survey,93028-9,Have you spent more than 2 nights in a row in a jail  prison  detention center  or juvenile correctional facility in past 1 year [PRAPARE],No,,text
2024-11-16T05:53:43Z,5e688e99-61b3-5c88-3f60-21df8aaced27,5e688e99-61b3-5c88-f288-3e0f2fe9765e,survey,93038-8,Stress level,Not at all,,text
2024-11-16T05:53:43Z,5e688e99-61b3-5c88-3f60-21df8aaced27,5e688e99-61b3-5c88-f288-3e0f2fe9765e,survey,93029-7,How often do you see or talk to people that you care about and feel close to [PRAPARE],5 or more times a week,,text
2024-11-16T05:53:43Z,5e688e99-61b3-5c88-3f60-21df8aaced27,5e688e99-61b3-5c88-f288-3e0f2fe9765e,survey,93030-5,Has lack of transportation kept you from medical appointments  meetings  work  or from getting things needed for daily living,No,,text
2024-11-16T05:53:43Z,5e688e99-61b3-5c88-3f60-21df8aaced27,5e688e99-61b3-5c88-f288-3e0f2fe9765e,survey,93031-3,Have you or any family members you live with been unable to get any of the following when it was really needed in past 1 year [PRAPARE],Medicine or Any Health Care (Medical  Dental  Mental Health  Vision),,text
2024-11-16T05:53:43Z,5e688e99-61b3-5c88-3f60-21df8aaced27,5e688e99-61b3-5c88-f288-3e0f2fe9765e,survey,63586-2,What was your best estimate of the total income of all family members from all sources  before taxes  in last year [PhenX],9211,/a,text
2024-11-16T05:53:43Z,5e688e99-61b3-5c88-3f60-21df8aaced27,5e688e99-61b3-5c88-f288-3e0f2fe9765e,survey,76437-3,Primary insurance,Medicaid,,text
2024-11-16T05:53:43Z,5e688e99-61b3-5c88-3f60-21df8aaced27,5e688e99-61b3-5c88-f288-3e0f2fe9765e,survey,67875-5,Employment status - current,Full-time work,,text
2024-11-16T05:53:43Z,5e688e99-61b3-5c88-3f60-21df8aaced27,5e688e99-61b3-5c88-f288-3e0f2fe9765e,survey,82589-3,Highest level of education,More than high school,,text
2024-11-16T05:53:43Z,5e688e99-61b3-5c88-3f60-21df8aaced27,5e688e99-61b3-5c88-f288-3e0f2fe9765e,survey,56799-0,Address,788 Hansen Skyway,,text
2024-11-16T05:53:43Z,5e688e99-61b3-5c88-3f60-21df8aaced27,5e688e99-61b3-5c88-f288-3e0f2fe9765e,survey,93033-9,Are you worried about losing your housing [PRAPARE],No,,text
2024-11-16T05:53:43Z,5e688e99-61b3-5c88-3f60-21df8aaced27,5e688e99-61b3-5c88-f288-3e0f2fe9765e,survey,71802-3,Housing status,I have housing,,text
2024-11-16T05:53:43Z,5e688e99-61b3-5c88-3f60-21df8aaced27,5e688e99-61b3-5c88-f288-3e0f2fe9765e,survey,63512-8,How many people are living or staying at this address [#],5.0,{#},numeric
2024-11-16T05:53:43Z,5e688e99-61b3-5c88-3f60-21df8aaced27,5e688e99-61b3-5c88-f288-3e0f2fe9765e,survey,54899-0,Preferred language,English,,text
2024-11-16T05:53:43Z,5e688e99-61b3-5c88-3f60-21df8aaced27,5e688e99-61b3-5c88-f288-3e0f2fe9765e,survey,93034-7,Discharged from the U.S. Armed Forces,No,,text
2024-11-16T05:53:43Z,5e688e99-61b3-5c88-3f60-21df8aaced27,5e688e99-61b3-5c88-f288-3e0f2fe9765e,survey,93035-4,Has season or migrant farm work been your or your family's main source of income at any point in past 2 years [PRAPARE],No,,text
2024-11-16T05:53:43Z,5e688e99-61b3-5c88-3f60-21df8aaced27,5e688e99-61b3-5c88-f288-3e0f2fe9765e,survey,32624-9,Race,American Indian/Alaskan Native,,text
2024-11-16T05:53:43Z,5e688e99-61b3-5c88-3f60-21df8aaced27,5e688e99-61b3-5c88-f288-3e0f2fe9765e,survey,56051-6,Hispanic or Latino,No,,text
2024-11-16T06:09:01Z,5e688e99-61b3-5c88-3f60-21df8aaced27,5e688e99-61b3-5c88-f288-3e0f2fe9765e,survey,70274-6,Generalized anxiety disorder 7 item (GAD-7) total score [Reported.PHQ],4.0,{score},numeric
2024-11-30T05:22:05Z,5e688e99-61b3-5c88-3f60-21df8aaced27,5e688e99-61b3-5c88-2c9d-b35c8aea421a,laboratory,718-7,Hemoglobin [Mass/volume] in Blood,11.6,g/dL,numeric
2024-11-30T05:22:05Z,5e688e99-61b3-5c88-3f60-21df8aaced27,5e688e99-61b3-5c88-2c9d-b35c8aea421a,laboratory,20570-8,Hematocrit [Volume Fraction] of Blood by calculation,35.8,%,numeric
2024-11-30T05:22:05Z,5e688e99-61b3-5c88-3f60-21df8aaced27,5e688e99-61b3-5c88-2c9d-b35c8aea421a,laboratory,6690-2,Leukocytes [#/volume] in Blood by Automated count,8.9,10*3/uL,numeric
2024-11-30T05:22:05Z,5e688e99-61b3-5c88-3f60-21df8aaced27,5e688e99-61b3-5c88-2c9d-b35c8aea421a,laboratory,789-8,Erythrocytes [#/volume] in Blood by Automated count,4.2,10*6/uL,numeric
2024-11-30T05:22:05Z,5e688e99-61b3-5c88-3f60-21df8aaced27,5e688e99-61b3-5c88-2c9d-b35c8aea421a,laboratory,787-2,MCV [Entitic mean volume] in Red Blood Cells by Automated count,83.1,fL,numeric
2024-11-30T05:22:05Z,5e688e99-61b3-5c88-3f60-21df8aaced27,5e688e99-61b3-5c88-2c9d-b35c8aea421a,laboratory,785-6,MCH [Entitic mass] by Automated count,30.1,pg,numeric
2024-11-30T05:22:05Z,5e688e99-61b3-5c88-3f60-21df8aaced27,5e688e99-61b3-5c88-2c9d-b35c8aea421a,laboratory,786-4,MCHC [Entitic Mass/volume] in Red Blood Cells by Automated count,33.4,g/dL,numeric
2024-11-30T05:22:05Z,5e688e99-61b3-5c88-3f60-21df8aaced27,5e688e99-61b3-5c88-2c9d-b35c8aea421a,laboratory,788-0,Erythrocyte [DistWidth] in Blood by Automated count,45.9,fL,numeric
2024-11-30T05:22:05Z,5e688e99-61b3-5c88-3f60-21df8aaced27,5e688e99-61b3-5c88-2c9d-b35c8aea421a,laboratory,777-3,Platelets [#/volume] in Blood by Automated count,381.7,10*3/uL,numeric
2024-11-30T05:22:05Z,5e688e99-61b3-5c88-3f60-21df8aaced27,5e688e99-61b3-5c88-2c9d-b35c8aea421a,laboratory,32207-3,Platelet distribution width [Entitic volume] in Blood by Automated count,468.8,fL,numeric
2024-11-30T05:22:05Z,5e688e99-61b3-5c88-3f60-21df8aaced27,5e688e99-61b3-5c88-2c9d-b35c8aea421a,laboratory,32623-1,Platelet [Entitic mean volume] in Blood by Automated count,9.8,fL,numeric
2025-02-07T05:22:05Z,5e688e99-61b3-5c88-3f60-21df8aaced27,5e688e99-61b3-5c88-fe1e-5f44f75f49ed,vital-signs,8310-5,Body temperature,37.5,Cel,numeric
2026-04-11T05:22:05Z,5e688e99-61b3-5c88-3f60-21df8aaced27,5e688e99-61b3-5c88-51ad-d96d2c72034a,vital-signs,8302-2,Body Height,163.3,cm,numeric
2026-04-11T05:22:05Z,5e688e99-61b3-5c88-3f60-21df8aaced27,5e688e99-61b3-5c88-51ad-d96d2c72034a,vital-signs,72514-3,Pain severity - 0-10 verbal numeric rating [Score] - Reported,1.0,{score},numeric
2026-04-11T05:22:05Z,5e688e99-61b3-5c88-3f60-21df8aaced27,5e688e99-61b3-5c88-51ad-d96d2c72034a,vital-signs,29463-7,Body Weight,74.3,kg,numeric
2026-04-11T05:22:05Z,5e688e99-61b3-5c88-3f60-21df8aaced27,5e688e99-61b3-5c88-51ad-d96d2c72034a,vital-signs,39156-5,Body mass index (BMI) [Ratio],27.9,kg/m2,numeric
2026-04-11T05:22:05Z,5e688e99-61b3-5c88-3f60-21df8aaced27,5e688e99-61b3-5c88-51ad-d96d2c72034a,vital-signs,8462-4,Diastolic Blood Pressure,82.0,mm[Hg],numeric
2026-04-11T05:22:05Z,5e688e99-61b3-5c88-3f60-21df8aaced27,5e688e99-61b3-5c88-51ad-d96d2c72034a,vital-signs,8480-6,Systolic Blood Pressure,139.0,mm[Hg],numeric
2026-04-11T05:22:05Z,5e688e99-61b3-5c88-3f60-21df8aaced27,5e688e99-61b3-5c88-51ad-d96d2c72034a,vital-signs,8867-4,Heart rate,88.0,/min,numeric
2026-04-11T05:22:05Z,5e688e99-61b3-5c88-3f60-21df8aaced27,5e688e99-61b3-5c88-51ad-d96d2c72034a,vital-signs,9279-1,Respiratory rate,15.0,/min,numeric
2026-04-11T05:22:05Z,5e688e99-61b3-5c88-3f60-21df8aaced27,5e688e99-61b3-5c88-51ad-d96d2c72034a,laboratory,6690-2,Leukocytes [#/volume] in Blood by Automated count,9.1,10*3/uL,numeric
2026-04-11T05:22:05Z,5e688e99-61b3-5c88-3f60-21df8aaced27,5e688e99-61b3-5c88-51ad-d96d2c72034a,laboratory,789-8,Erythrocytes [#/volume] in Blood by Automated count,5.3,10*6/uL,numeric
2026-04-11T05:22:05Z,5e688e99-61b3-5c88-3f60-21df8aaced27,5e688e99-61b3-5c88-51ad-d96d2c72034a,laboratory,718-7,Hemoglobin [Mass/volume] in Blood,14.5,g/dL,numeric
2026-04-11T05:22:05Z,5e688e99-61b3-5c88-3f60-21df8aaced27,5e688e99-61b3-5c88-51ad-d96d2c72034a,laboratory,4544-3,Hematocrit [Volume Fraction] of Blood by Automated count,39.3,%,numeric
2026-04-11T05:22:05Z,5e688e99-61b3-5c88-3f60-21df8aaced27,5e688e99-61b3-5c88-51ad-d96d2c72034a,laboratory,787-2,MCV [Entitic mean volume] in Red Blood Cells by Automated count,81.3,fL,numeric
2026-04-11T05:22:05Z,5e688e99-61b3-5c88-3f60-21df8aaced27,5e688e99-61b3-5c88-51ad-d96d2c72034a,laboratory,785-6,MCH [Entitic mass] by Automated count,28.6,pg,numeric
2026-04-11T05:22:05Z,5e688e99-61b3-5c88-3f60-21df8aaced27,5e688e99-61b3-5c88-51ad-d96d2c72034a,laboratory,786-4,MCHC [Entitic Mass/volume] in Red Blood Cells by Automated count,33.5,g/dL,numeric
2026-04-11T05:22:05Z,5e688e99-61b3-5c88-3f60-21df8aaced27,5e688e99-61b3-5c88-51ad-d96d2c72034a,laboratory,788-0,Erythrocyte [DistWidth] in Blood by Automated count,39.9,fL,numeric
2026-04-11T05:22:05Z,5e688e99-61b3-5c88-3f60-21df8aaced27,5e688e99-61b3-5c88-51ad-d96d2c72034a,laboratory,777-3,Platelets [#/volume] in Blood by Automated count,400.1,10*3/uL,numeric
2026-04-11T05:22:05Z,5e688e99-61b3-5c88-3f60-21df8aaced27,5e688e99-61b3-5c88-51ad-d96d2c72034a,laboratory,32207-3,Platelet distribution width [Entitic volume] in Blood by Automated count,458.8,fL,numeric
2026-04-11T05:22:05Z,5e688e99-61b3-5c88-3f60-21df8aaced27,5e688e99-61b3-5c88-51ad-d96d2c72034a,laboratory,32623-1,Platelet [Entitic mean volume] in Blood by Automated count,10.6,fL,numeric
2026-04-11T05:22:05Z,5e688e99-61b3-5c88-3f60-21df8aaced27,5e688e99-61b3-5c88-51ad-d96d2c72034a,social-history,72166-2,Tobacco smoking status,Never smoked tobacco (finding),,text
2026-04-11T06:18:40Z,5e688e99-61b3-5c88-3f60-21df8aaced27,5e688e99-61b3-5c88-51ad-d96d2c72034a,survey,76501-6,Within the last year  have you been afraid of your partner or ex-partner,No,,text
2026-04-11T06:18:40Z,5e688e99-61b3-5c88-3f60-21df8aaced27,5e688e99-61b3-5c88-51ad-d96d2c72034a,survey,93026-3,Do you feel physically and emotionally safe where you currently live [PRAPARE],Yes,,text
2026-04-11T06:18:40Z,5e688e99-61b3-5c88-3f60-21df8aaced27,5e688e99-61b3-5c88-51ad-d96d2c72034a,survey,93027-1,Are you a refugee,No,,text
2026-04-11T06:18:40Z,5e688e99-61b3-5c88-3f60-21df8aaced27,5e688e99-61b3-5c88-51ad-d96d2c72034a,survey,93028-9,Have you spent more than 2 nights in a row in a jail  prison  detention center  or juvenile correctional facility in past 1 year [PRAPARE],No,,text
2026-04-11T06:18:40Z,5e688e99-61b3-5c88-3f60-21df8aaced27,5e688e99-61b3-5c88-51ad-d96d2c72034a,survey,93038-8,Stress level,Quite a bit,,text
2026-04-11T06:18:40Z,5e688e99-61b3-5c88-3f60-21df8aaced27,5e688e99-61b3-5c88-51ad-d96d2c72034a,survey,93029-7,How often do you see or talk to people that you care about and feel close to [PRAPARE],3 to 5 times a week,,text
2026-04-11T06:18:40Z,5e688e99-61b3-5c88-3f60-21df8aaced27,5e688e99-61b3-5c88-51ad-d96d2c72034a,survey,93030-5,Has lack of transportation kept you from medical appointments  meetings  work  or from getting things needed for daily living,No,,text
2026-04-11T06:18:40Z,5e688e99-61b3-5c88-3f60-21df8aaced27,5e688e99-61b3-5c88-51ad-d96d2c72034a,survey,93031-3,Have you or any family members you live with been unable to get any of the following when it was really needed in past 1 year [PRAPARE],Utilities,,text
2026-04-11T06:18:40Z,5e688e99-61b3-5c88-3f60-21df8aaced27,5e688e99-61b3-5c88-51ad-d96d2c72034a,survey,63586-2,What was your best estimate of the total income of all family members from all sources  before taxes  in last year [PhenX],9211,/a,text
2026-04-11T06:18:40Z,5e688e99-61b3-5c88-3f60-21df8aaced27,5e688e99-61b3-5c88-51ad-d96d2c72034a,survey,76437-3,Primary insurance,Medicaid,,text
2026-04-11T06:18:40Z,5e688e99-61b3-5c88-3f60-21df8aaced27,5e688e99-61b3-5c88-51ad-d96d2c72034a,survey,67875-5,Employment status - current,Unemployed,,text
2026-04-11T06:18:40Z,5e688e99-61b3-5c88-3f60-21df8aaced27,5e688e99-61b3-5c88-51ad-d96d2c72034a,survey,82589-3,Highest level of education,More than high school,,text
2026-04-11T06:18:40Z,5e688e99-61b3-5c88-3f60-21df8aaced27,5e688e99-61b3-5c88-51ad-d96d2c72034a,survey,56799-0,Address,788 Hansen Skyway,,text
2026-04-11T06:18:40Z,5e688e99-61b3-5c88-3f60-21df8aaced27,5e688e99-61b3-5c88-51ad-d96d2c72034a,survey,93033-9,Are you worried about losing your housing [PRAPARE],No,,text
2026-04-11T06:18:40Z,5e688e99-61b3-5c88-3f60-21df8aaced27,5e688e99-61b3-5c88-51ad-d96d2c72034a,survey,71802-3,Housing status,I have housing,,text
2026-04-11T06:18:40Z,5e688e99-61b3-5c88-3f60-21df8aaced27,5e688e99-61b3-5c88-51ad-d96d2c72034a,survey,63512-8,How many people are living or staying at this address [#],5.0,{#},numeric
2026-04-11T06:18:40Z,5e688e99-61b3-5c88-3f60-21df8aaced27,5e688e99-61b3-5c88-51ad-d96d2c72034a,survey,54899-0,Preferred language,English,,text
2026-04-11T06:18:40Z,5e688e99-61b3-5c88-3f60-21df8aaced27,5e688e99-61b3-5c88-51ad-d96d2c72034a,survey,93034-7,Discharged from the U.S. Armed Forces,No,,text
2026-04-11T06:18:40Z,5e688e99-61b3-5c88-3f60-21df8aaced27,5e688e99-61b3-5c88-51ad-d96d2c72034a,survey,93035-4,Has season or migrant farm work been your or your family's main source of income at any point in past 2 years [PRAPARE],No,,text
2026-04-11T06:18:40Z,5e688e99-61b3-5c88-3f60-21df8aaced27,5e688e99-61b3-5c88-51ad-d96d2c72034a,survey,32624-9,Race,American Indian/Alaskan Native,,text
2026-04-11T06:18:40Z,5e688e99-61b3-5c88-3f60-21df8aaced27,5e688e99-61b3-5c88-51ad-d96d2c72034a,survey,56051-6,Hispanic or Latino,No,,text
2026-04-11T06:45:20Z,5e688e99-61b3-5c88-3f60-21df8aaced27,5e688e99-61b3-5c88-51ad-d96d2c72034a,survey,70274-6,Generalized anxiety disorder 7 item (GAD-7) total score [Reported.PHQ],6.0,{score},numeric
2026-04-11T07:23:04Z,5e688e99-61b3-5c88-3f60-21df8aaced27,5e688e99-61b3-5c88-51ad-d96d2c72034a,survey,55758-7,Patient Health Questionnaire 2 item (PHQ-2) total score [Reported],1.0,{score},numeric
2026-04-11T07:56:23Z,5e688e99-61b3-5c88-3f60-21df8aaced27,5e688e99-61b3-5c88-51ad-d96d2c72034a,survey,75626-2,Total score [AUDIT-C],1.0,{score},numeric
2026-06-20T05:22:05Z,5e688e99-61b3-5c88-3f60-21df8aaced27,5e688e99-61b3-5c88-dda4-6d5d8aa391a9,vital-signs,8302-2,Body Height,163.3,cm,numeric
2026-06-20T05:22:05Z,5e688e99-61b3-5c88-3f60-21df8aaced27,5e688e99-61b3-5c88-dda4-6d5d8aa391a9,vital-signs,72514-3,Pain severity - 0-10 verbal numeric rating [Score] - Reported,1.0,{score},numeric
2026-06-20T05:22:05Z,5e688e99-61b3-5c88-3f60-21df8aaced27,5e688e99-61b3-5c88-dda4-6d5d8aa391a9,vital-signs,29463-7,Body Weight,74.1,kg,numeric
2026-06-20T05:22:05Z,5e688e99-61b3-5c88-3f60-21df8aaced27,5e688e99-61b3-5c88-dda4-6d5d8aa391a9,vital-signs,39156-5,Body mass index (BMI) [Ratio],27.8,kg/m2,numeric
2026-06-20T05:22:05Z,5e688e99-61b3-5c88-3f60-21df8aaced27,5e688e99-61b3-5c88-dda4-6d5d8aa391a9,vital-signs,8462-4,Diastolic Blood Pressure,81.0,mm[Hg],numeric
2026-06-20T05:22:05Z,5e688e99-61b3-5c88-3f60-21df8aaced27,5e688e99-61b3-5c88-dda4-6d5d8aa391a9,vital-signs,8480-6,Systolic Blood Pressure,141.0,mm[Hg],numeric
2026-06-20T05:22:05Z,5e688e99-61b3-5c88-3f60-21df8aaced27,5e688e99-61b3-5c88-dda4-6d5d8aa391a9,vital-signs,8867-4,Heart rate,97.0,/min,numeric
2026-06-20T05:22:05Z,5e688e99-61b3-5c88-3f60-21df8aaced27,5e688e99-61b3-5c88-dda4-6d5d8aa391a9,vital-signs,9279-1,Respiratory rate,13.0,/min,numeric
2026-06-20T05:22:05Z,5e688e99-61b3-5c88-3f60-21df8aaced27,5e688e99-61b3-5c88-dda4-6d5d8aa391a9,social-history,72166-2,Tobacco smoking status,Never smoked tobacco (finding),,text
2026-06-20T06:07:49Z,5e688e99-61b3-5c88-3f60-21df8aaced27,5e688e99-61b3-5c88-dda4-6d5d8aa391a9,survey,76501-6,Within the last year  have you been afraid of your partner or ex-partner,No,,text
2026-06-20T06:07:49Z,5e688e99-61b3-5c88-3f60-21df8aaced27,5e688e99-61b3-5c88-dda4-6d5d8aa391a9,survey,93026-3,Do you feel physically and emotionally safe where you currently live [PRAPARE],No,,text
2026-06-20T06:07:49Z,5e688e99-61b3-5c88-3f60-21df8aaced27,5e688e99-61b3-5c88-dda4-6d5d8aa391a9,survey,93027-1,Are you a refugee,No,,text
2026-06-20T06:07:49Z,5e688e99-61b3-5c88-3f60-21df8aaced27,5e688e99-61b3-5c88-dda4-6d5d8aa391a9,survey,93028-9,Have you spent more than 2 nights in a row in a jail  prison  detention center  or juvenile correctional facility in past 1 year [PRAPARE],No,,text
2026-06-20T06:07:49Z,5e688e99-61b3-5c88-3f60-21df8aaced27,5e688e99-61b3-5c88-dda4-6d5d8aa391a9,survey,93038-8,Stress level,Not at all,,text
2026-06-20T06:07:49Z,5e688e99-61b3-5c88-3f60-21df8aaced27,5e688e99-61b3-5c88-dda4-6d5d8aa391a9,survey,93029-7,How often do you see or talk to people that you care about and feel close to [PRAPARE],3 to 5 times a week,,text
2026-06-20T06:07:49Z,5e688e99-61b3-5c88-3f60-21df8aaced27,5e688e99-61b3-5c88-dda4-6d5d8aa391a9,survey,93030-5,Has lack of transportation kept you from medical appointments  meetings  work  or from getting things needed for daily living,No,,text
2026-06-20T06:07:49Z,5e688e99-61b3-5c88-3f60-21df8aaced27,5e688e99-61b3-5c88-dda4-6d5d8aa391a9,survey,93031-3,Have you or any family members you live with been unable to get any of the following when it was really needed in past 1 year [PRAPARE],I choose not to answer this question,,text
2026-06-20T06:07:49Z,5e688e99-61b3-5c88-3f60-21df8aaced27,5e688e99-61b3-5c88-dda4-6d5d8aa391a9,survey,63586-2,What was your best estimate of the total income of all family members from all sources  before taxes  in last year [PhenX],9211,/a,text
2026-06-20T06:07:49Z,5e688e99-61b3-5c88-3f60-21df8aaced27,5e688e99-61b3-5c88-dda4-6d5d8aa391a9,survey,76437-3,Primary insurance,Medicaid,,text
2026-06-20T06:07:49Z,5e688e99-61b3-5c88-3f60-21df8aaced27,5e688e99-61b3-5c88-dda4-6d5d8aa391a9,survey,67875-5,Employment status - current,Unemployed,,text
2026-06-20T06:07:49Z,5e688e99-61b3-5c88-3f60-21df8aaced27,5e688e99-61b3-5c88-dda4-6d5d8aa391a9,survey,82589-3,Highest level of education,More than high school,,text
2026-06-20T06:07:49Z,5e688e99-61b3-5c88-3f60-21df8aaced27,5e688e99-61b3-5c88-dda4-6d5d8aa391a9,survey,56799-0,Address,788 Hansen Skyway,,text
2026-06-20T06:07:49Z,5e688e99-61b3-5c88-3f60-21df8aaced27,5e688e99-61b3-5c88-dda4-6d5d8aa391a9,survey,93033-9,Are you worried about losing your housing [PRAPARE],No,,text
2026-06-20T06:07:49Z,5e688e99-61b3-5c88-3f60-21df8aaced27,5e688e99-61b3-5c88-dda4-6d5d8aa391a9,survey,71802-3,Housing status,I have housing,,text
2026-06-20T06:07:49Z,5e688e99-61b3-5c88-3f60-21df8aaced27,5e688e99-61b3-5c88-dda4-6d5d8aa391a9,survey,63512-8,How many people are living or staying at this address [#],5.0,{#},numeric
2026-06-20T06:07:49Z,5e688e99-61b3-5c88-3f60-21df8aaced27,5e688e99-61b3-5c88-dda4-6d5d8aa391a9,survey,54899-0,Preferred language,English,,text
2026-06-20T06:07:49Z,5e688e99-61b3-5c88-3f60-21df8aaced27,5e688e99-61b3-5c88-dda4-6d5d8aa391a9,survey,93034-7,Discharged from the U.S. Armed Forces,No,,text
2026-06-20T06:07:49Z,5e688e99-61b3-5c88-3f60-21df8aaced27,5e688e99-61b3-5c88-dda4-6d5d8aa391a9,survey,93035-4,Has season or migrant farm work been your or your family's main source of income at any point in past 2 years [PRAPARE],Yes,,text
2026-06-20T06:07:49Z,5e688e99-61b3-5c88-3f60-21df8aaced27,5e688e99-61b3-5c88-dda4-6d5d8aa391a9,survey,32624-9,Race,American Indian/Alaskan Native,,text
2026-06-20T06:07:49Z,5e688e99-61b3-5c88-3f60-21df8aaced27,5e688e99-61b3-5c88-dda4-6d5d8aa391a9,survey,56051-6,Hispanic or Latino,No,,text
2026-06-20T06:47:23Z,5e688e99-61b3-5c88-3f60-21df8aaced27,5e688e99-61b3-5c88-dda4-6d5d8aa391a9,survey,55758-7,Patient Health Questionnaire 2 item (PHQ-2) total score [Reported],0.0,{score},numeric
2026-06-20T07:27:58Z,5e688e99-61b3-5c88-3f60-21df8aaced27,5e688e99-61b3-5c88-dda4-6d5d8aa391a9,survey,82667-7,Total score [DAST-10],1.0,{score},numeric
2021-04-05T05:22:05Z,5e688e99-61b3-5c88-3f60-21df8aaced27,,,QALY,QALY,34.0,a,numeric
2022-04-05T05:22:05Z,5e688e99-61b3-5c88-3f60-21df8aaced27,,,QALY,QALY,35.0,a,numeric
2023-04-05T05:22:05Z,5e688e99-61b3-5c88-3f60-21df8aaced27,,,QALY,QALY,36.0,a,numeric
2024-04-05T05:22:05Z,5e688e99-61b3-5c88-3f60-21df8aaced27,,,QALY,QALY,37.0,a,numeric
2025-04-05T05:22:05Z,5e688e99-61b3-5c88-3f60-21df8aaced27,,,QALY,QALY,38.0,a,numeric
2026-04-05T05:22:05Z,5e688e99-61b3-5c88-3f60-21df8aaced27,,,QALY,QALY,39.0,a,numeric
2021-04-05T05:22:05Z,5e688e99-61b3-5c88-3f60-21df8aaced27,,,DALY,DALY,0.0,a,numeric
2022-04-05T05:22:05Z,5e688e99-61b3-5c88-3f60-21df8aaced27,,,DALY,DALY,0.0,a,numeric
2023-04-05T05:22:05Z,5e688e99-61b3-5c88-3f60-21df8aaced27,,,DALY,DALY,0.0,a,numeric
2024-04-05T05:22:05Z,5e688e99-61b3-5c88-3f60-21df8aaced27,,,DALY,DALY,0.0,a,numeric
2025-04-05T05:22:05Z,5e688e99-61b3-5c88-3f60-21df8aaced27,,,DALY,DALY,0.0,a,numeric
2026-04-05T05:22:05Z,5e688e99-61b3-5c88-3f60-21df8aaced27,,,DALY,DALY,0.0,a,numeric
2021-04-05T05:22:05Z,5e688e99-61b3-5c88-3f60-21df8aaced27,,,QOLS,QOLS,1.0,{score},numeric
2022-04-05T05:22:05Z,5e688e99-61b3-5c88-3f60-21df8aaced27,,,QOLS,QOLS,1.0,{score},numeric
2023-04-05T05:22:05Z,5e688e99-61b3-5c88-3f60-21df8aaced27,,,QOLS,QOLS,1.0,{score},numeric
2024-04-05T05:22:05Z,5e688e99-61b3-5c88-3f60-21df8aaced27,,,QOLS,QOLS,1.0,{score},numeric
2025-04-05T05:22:05Z,5e688e99-61b3-5c88-3f60-21df8aaced27,,,QOLS,QOLS,1.0,{score},numeric
2026-04-05T05:22:05Z,5e688e99-61b3-5c88-3f60-21df8aaced27,,,QOLS,QOLS,1.0,{score},numeric
2022-07-24T03:11:04Z,46976cf7-b0bf-be20-39a5-9f425a52886d,46976cf7-b0bf-be20-6164-6bcb6354bf92,vital-signs,8302-2,Body Height,152.6,cm,numeric
2022-07-24T03:11:04Z,46976cf7-b0bf-be20-39a5-9f425a52886d,46976cf7-b0bf-be20-6164-6bcb6354bf92,vital-signs,72514-3,Pain severity - 0-10 verbal numeric rating [Score] - Reported,3.0,{score},numeric
2022-07-24T03:11:04Z,46976cf7-b0bf-be20-39a5-9f425a52886d,46976cf7-b0bf-be20-6164-6bcb6354bf92,vital-signs,29463-7,Body Weight,69.0,kg,numeric
2022-07-24T03:11:04Z,46976cf7-b0bf-be20-39a5-9f425a52886d,46976cf7-b0bf-be20-6164-6bcb6354bf92,vital-signs,39156-5,Body mass index (BMI) [Ratio],29.6,kg/m2,numeric
2022-07-24T03:11:04Z,46976cf7-b0bf-be20-39a5-9f425a52886d,46976cf7-b0bf-be20-6164-6bcb6354bf92,vital-signs,8462-4,Diastolic Blood Pressure,76.0,mm[Hg],numeric
2022-07-24T03:11:04Z,46976cf7-b0bf-be20-39a5-9f425a52886d,46976cf7-b0bf-be20-6164-6bcb6354bf92,vital-signs,8480-6,Systolic Blood Pressure,128.0,mm[Hg],numeric
2022-07-24T03:11:04Z,46976cf7-b0bf-be20-39a5-9f425a52886d,46976cf7-b0bf-be20-6164-6bcb6354bf92,vital-signs,8867-4,Heart rate,99.0,/min,numeric
2022-07-24T03:11:04Z,46976cf7-b0bf-be20-39a5-9f425a52886d,46976cf7-b0bf-be20-6164-6bcb6354bf92,vital-signs,9279-1,Respiratory rate,15.0,/min,numeric
2022-07-24T03:11:04Z,46976cf7-b0bf-be20-39a5-9f425a52886d,46976cf7-b0bf-be20-6164-6bcb6354bf92,laboratory,2093-3,Cholesterol [Mass/volume] in Serum or Plasma,227.5,mg/dL,numeric
2022-07-24T03:11:04Z,46976cf7-b0bf-be20-39a5-9f425a52886d,46976cf7-b0bf-be20-6164-6bcb6354bf92,laboratory,2571-8,Triglyceride [Mass/volume] in Serum or Plasma,114.2,mg/dL,numeric
2022-07-24T03:11:04Z,46976cf7-b0bf-be20-39a5-9f425a52886d,46976cf7-b0bf-be20-6164-6bcb6354bf92,laboratory,18262-6,Cholesterol in LDL [Mass/volume] in Serum or Plasma by Direct assay,146.4,mg/dL,numeric
2022-07-24T03:11:04Z,46976cf7-b0bf-be20-39a5-9f425a52886d,46976cf7-b0bf-be20-6164-6bcb6354bf92,laboratory,2085-9,Cholesterol in HDL [Mass/volume] in Serum or Plasma,58.2,mg/dL,numeric
2022-07-24T03:11:04Z,46976cf7-b0bf-be20-39a5-9f425a52886d,46976cf7-b0bf-be20-6164-6bcb6354bf92,laboratory,6690-2,Leukocytes [#/volume] in Blood by Automated count,9.2,10*3/uL,numeric
2022-07-24T03:11:04Z,46976cf7-b0bf-be20-39a5-9f425a52886d,46976cf7-b0bf-be20-6164-6bcb6354bf92,laboratory,789-8,Erythrocytes [#/volume] in Blood by Automated count,4.5,10*6/uL,numeric
2022-07-24T03:11:04Z,46976cf7-b0bf-be20-39a5-9f425a52886d,46976cf7-b0bf-be20-6164-6bcb6354bf92,laboratory,718-7,Hemoglobin [Mass/volume] in Blood,13.8,g/dL,numeric
2022-07-24T03:11:04Z,46976cf7-b0bf-be20-39a5-9f425a52886d,46976cf7-b0bf-be20-6164-6bcb6354bf92,laboratory,4544-3,Hematocrit [Volume Fraction] of Blood by Automated count,37.2,%,numeric
2022-07-24T03:11:04Z,46976cf7-b0bf-be20-39a5-9f425a52886d,46976cf7-b0bf-be20-6164-6bcb6354bf92,laboratory,787-2,MCV [Entitic mean volume] in Red Blood Cells by Automated count,86.1,fL,numeric
2022-07-24T03:11:04Z,46976cf7-b0bf-be20-39a5-9f425a52886d,46976cf7-b0bf-be20-6164-6bcb6354bf92,laboratory,785-6,MCH [Entitic mass] by Automated count,28.7,pg,numeric
2022-07-24T03:11:04Z,46976cf7-b0bf-be20-39a5-9f425a52886d,46976cf7-b0bf-be20-6164-6bcb6354bf92,laboratory,786-4,MCHC [Entitic Mass/volume] in Red Blood Cells by Automated count,33.5,g/dL,numeric
2022-07-24T03:11:04Z,46976cf7-b0bf-be20-39a5-9f425a52886d,46976cf7-b0bf-be20-6164-6bcb6354bf92,laboratory,788-0,Erythrocyte [DistWidth] in Blood by Automated count,41.9,fL,numeric
2022-07-24T03:11:04Z,46976cf7-b0bf-be20-39a5-9f425a52886d,46976cf7-b0bf-be20-6164-6bcb6354bf92,laboratory,777-3,Platelets [#/volume] in Blood by Automated count,178.7,10*3/uL,numeric
2022-07-24T03:11:04Z,46976cf7-b0bf-be20-39a5-9f425a52886d,46976cf7-b0bf-be20-6164-6bcb6354bf92,laboratory,32207-3,Platelet distribution width [Entitic volume] in Blood by Automated count,291.4,fL,numeric
2022-07-24T03:11:04Z,46976cf7-b0bf-be20-39a5-9f425a52886d,46976cf7-b0bf-be20-6164-6bcb6354bf92,laboratory,32623-1,Platelet [Entitic mean volume] in Blood by Automated count,11.9,fL,numeric
2022-07-24T03:11:04Z,46976cf7-b0bf-be20-39a5-9f425a52886d,46976cf7-b0bf-be20-6164-6bcb6354bf92,social-history,72166-2,Tobacco smoking status,Never smoked tobacco (finding),,text
2022-07-24T03:41:54Z,46976cf7-b0bf-be20-39a5-9f425a52886d,46976cf7-b0bf-be20-6164-6bcb6354bf92,survey,76501-6,Within the last year  have you been afraid of your partner or ex-partner,No,,text
2022-07-24T03:41:54Z,46976cf7-b0bf-be20-39a5-9f425a52886d,46976cf7-b0bf-be20-6164-6bcb6354bf92,survey,93026-3,Do you feel physically and emotionally safe where you currently live [PRAPARE],Yes,,text
2022-07-24T03:41:54Z,46976cf7-b0bf-be20-39a5-9f425a52886d,46976cf7-b0bf-be20-6164-6bcb6354bf92,survey,93027-1,Are you a refugee,No,,text
2022-07-24T03:41:54Z,46976cf7-b0bf-be20-39a5-9f425a52886d,46976cf7-b0bf-be20-6164-6bcb6354bf92,survey,93028-9,Have you spent more than 2 nights in a row in a jail  prison  detention center  or juvenile correctional facility in past 1 year [PRAPARE],Yes,,text
2022-07-24T03:41:54Z,46976cf7-b0bf-be20-39a5-9f425a52886d,46976cf7-b0bf-be20-6164-6bcb6354bf92,survey,93038-8,Stress level,Not at all,,text
2022-07-24T03:41:54Z,46976cf7-b0bf-be20-39a5-9f425a52886d,46976cf7-b0bf-be20-6164-6bcb6354bf92,survey,93029-7,How often do you see or talk to people that you care about and feel close to [PRAPARE],3 to 5 times a week,,text
2022-07-24T03:41:54Z,46976cf7-b0bf-be20-39a5-9f425a52886d,46976cf7-b0bf-be20-6164-6bcb6354bf92,survey,93030-5,Has lack of transportation kept you from medical appointments  meetings  work  or from getting things needed for daily living,No,,text
2022-07-24T03:41:54Z,46976cf7-b0bf-be20-39a5-9f425a52886d,46976cf7-b0bf-be20-6164-6bcb6354bf92,survey,93031-3,Have you or any family members you live with been unable to get any of the following when it was really needed in past 1 year [PRAPARE],I choose not to answer this question,,text
2022-07-24T03:41:54Z,46976cf7-b0bf-be20-39a5-9f425a52886d,46976cf7-b0bf-be20-6164-6bcb6354bf92,survey,63586-2,What was your best estimate of the total income of all family members from all sources  before taxes  in last year [PhenX],62565,/a,text
2022-07-24T03:41:54Z,46976cf7-b0bf-be20-39a5-9f425a52886d,46976cf7-b0bf-be20-6164-6bcb6354bf92,survey,76437-3,Primary insurance,None/uninsured,,text
2022-07-24T03:41:54Z,46976cf7-b0bf-be20-39a5-9f425a52886d,46976cf7-b0bf-be20-6164-6bcb6354bf92,survey,67875-5,Employment status - current,Part-time or temporary work,,text
2022-07-24T03:41:54Z,46976cf7-b0bf-be20-39a5-9f425a52886d,46976cf7-b0bf-be20-6164-6bcb6354bf92,survey,82589-3,Highest level of education,More than high school,,text
2022-07-24T03:41:54Z,46976cf7-b0bf-be20-39a5-9f425a52886d,46976cf7-b0bf-be20-6164-6bcb6354bf92,survey,56799-0,Address,794 Dicki Neck Unit 4,,text
2022-07-24T03:41:54Z,46976cf7-b0bf-be20-39a5-9f425a52886d,46976cf7-b0bf-be20-6164-6bcb6354bf92,survey,93033-9,Are you worried about losing your housing [PRAPARE],Yes,,text
2022-07-24T03:41:54Z,46976cf7-b0bf-be20-39a5-9f425a52886d,46976cf7-b0bf-be20-6164-6bcb6354bf92,survey,71802-3,Housing status,I have housing,,text
2022-07-24T03:41:54Z,46976cf7-b0bf-be20-39a5-9f425a52886d,46976cf7-b0bf-be20-6164-6bcb6354bf92,survey,63512-8,How many people are living or staying at this address [#],2.0,{#},numeric
2022-07-24T03:41:54Z,46976cf7-b0bf-be20-39a5-9f425a52886d,46976cf7-b0bf-be20-6164-6bcb6354bf92,survey,54899-0,Preferred language,English,,text
2022-07-24T03:41:54Z,46976cf7-b0bf-be20-39a5-9f425a52886d,46976cf7-b0bf-be20-6164-6bcb6354bf92,survey,93034-7,Discharged from the U.S. Armed Forces,No,,text
2022-07-24T03:41:54Z,46976cf7-b0bf-be20-39a5-9f425a52886d,46976cf7-b0bf-be20-6164-6bcb6354bf92,survey,93035-4,Has season or migrant farm work been your or your family's main source of income at any point in past 2 years [PRAPARE],No,,text
2022-07-24T03:41:54Z,46976cf7-b0bf-be20-39a5-9f425a52886d,46976cf7-b0bf-be20-6164-6bcb6354bf92,survey,32624-9,Race,Asian,,text
2022-07-24T03:41:54Z,46976cf7-b0bf-be20-39a5-9f425a52886d,46976cf7-b0bf-be20-6164-6bcb6354bf92,survey,56051-6,Hispanic or Latino,No,,text
2022-07-24T04:19:45Z,46976cf7-b0bf-be20-39a5-9f425a52886d,46976cf7-b0bf-be20-6164-6bcb6354bf92,survey,55758-7,Patient Health Questionnaire 2 item (PHQ-2) total score [Reported],1.0,{score},numeric
2022-07-24T04:55:39Z,46976cf7-b0bf-be20-39a5-9f425a52886d,46976cf7-b0bf-be20-6164-6bcb6354bf92,survey,75626-2,Total score [AUDIT-C],1.0,{score},numeric
2022-08-31T15:11:04Z,46976cf7-b0bf-be20-39a5-9f425a52886d,46976cf7-b0bf-be20-b2a3-533be8033fb4,vital-signs,8310-5,Body temperature,37.2,Cel,numeric
2023-08-06T03:11:04Z,46976cf7-b0bf-be20-39a5-9f425a52886d,46976cf7-b0bf-be20-bb85-81be3a073ee3,social-history,82810-3,Pregnancy status,Pregnant,,text
2023-08-20T03:11:04Z,46976cf7-b0bf-be20-39a5-9f425a52886d,46976cf7-b0bf-be20-7be3-f002e5b444b1,vital-signs,8310-5,Body temperature,37.8,Cel,numeric
2025-07-27T03:11:04Z,46976cf7-b0bf-be20-39a5-9f425a52886d,46976cf7-b0bf-be20-4b2b-6b711eed0535,vital-signs,8302-2,Body Height,152.6,cm,numeric
2025-07-27T03:11:04Z,46976cf7-b0bf-be20-39a5-9f425a52886d,46976cf7-b0bf-be20-4b2b-6b711eed0535,vital-signs,72514-3,Pain severity - 0-10 verbal numeric rating [Score] - Reported,3.0,{score},numeric
2025-07-27T03:11:04Z,46976cf7-b0bf-be20-39a5-9f425a52886d,46976cf7-b0bf-be20-4b2b-6b711eed0535,vital-signs,29463-7,Body Weight,66.4,kg,numeric
2025-07-27T03:11:04Z,46976cf7-b0bf-be20-39a5-9f425a52886d,46976cf7-b0bf-be20-4b2b-6b711eed0535,vital-signs,39156-5,Body mass index (BMI) [Ratio],28.5,kg/m2,numeric
2025-07-27T03:11:04Z,46976cf7-b0bf-be20-39a5-9f425a52886d,46976cf7-b0bf-be20-4b2b-6b711eed0535,vital-signs,8462-4,Diastolic Blood Pressure,70.0,mm[Hg],numeric
2025-07-27T03:11:04Z,46976cf7-b0bf-be20-39a5-9f425a52886d,46976cf7-b0bf-be20-4b2b-6b711eed0535,vital-signs,8480-6,Systolic Blood Pressure,131.0,mm[Hg],numeric
2025-07-27T03:11:04Z,46976cf7-b0bf-be20-39a5-9f425a52886d,46976cf7-b0bf-be20-4b2b-6b711eed0535,vital-signs,8867-4,Heart rate,72.0,/min,numeric
2025-07-27T03:11:04Z,46976cf7-b0bf-be20-39a5-9f425a52886d,46976cf7-b0bf-be20-4b2b-6b711eed0535,vital-signs,9279-1,Respiratory rate,12.0,/min,numeric
2025-07-27T03:11:04Z,46976cf7-b0bf-be20-39a5-9f425a52886d,46976cf7-b0bf-be20-4b2b-6b711eed0535,laboratory,2093-3,Cholesterol [Mass/volume] in Serum or Plasma,188.2,mg/dL,numeric
2025-07-27T03:11:04Z,46976cf7-b0bf-be20-39a5-9f425a52886d,46976cf7-b0bf-be20-4b2b-6b711eed0535,laboratory,2571-8,Triglyceride [Mass/volume] in Serum or Plasma,123.5,mg/dL,numeric
2025-07-27T03:11:04Z,46976cf7-b0bf-be20-39a5-9f425a52886d,46976cf7-b0bf-be20-4b2b-6b711eed0535,laboratory,18262-6,Cholesterol in LDL [Mass/volume] in Serum or Plasma by Direct assay,120.7,mg/dL,numeric
2025-07-27T03:11:04Z,46976cf7-b0bf-be20-39a5-9f425a52886d,46976cf7-b0bf-be20-4b2b-6b711eed0535,laboratory,2085-9,Cholesterol in HDL [Mass/volume] in Serum or Plasma,42.8,mg/dL,numeric
2025-07-27T03:11:04Z,46976cf7-b0bf-be20-39a5-9f425a52886d,46976cf7-b0bf-be20-4b2b-6b711eed0535,social-history,72166-2,Tobacco smoking status,Never smoked tobacco (finding),,text
2025-07-27T04:02:44Z,46976cf7-b0bf-be20-39a5-9f425a52886d,46976cf7-b0bf-be20-4b2b-6b711eed0535,survey,76501-6,Within the last year  have you been afraid of your partner or ex-partner,Yes,,text
2025-07-27T04:02:44Z,46976cf7-b0bf-be20-39a5-9f425a52886d,46976cf7-b0bf-be20-4b2b-6b711eed0535,survey,93026-3,Do you feel physically and emotionally safe where you currently live [PRAPARE],Yes,,text
2025-07-27T04:02:44Z,46976cf7-b0bf-be20-39a5-9f425a52886d,46976cf7-b0bf-be20-4b2b-6b711eed0535,survey,93027-1,Are you a refugee,No,,text
2025-07-27T04:02:44Z,46976cf7-b0bf-be20-39a5-9f425a52886d,46976cf7-b0bf-be20-4b2b-6b711eed0535,survey,93028-9,Have you spent more than 2 nights in a row in a jail  prison  detention center  or juvenile correctional facility in past 1 year [PRAPARE],Yes,,text
2025-07-27T04:02:44Z,46976cf7-b0bf-be20-39a5-9f425a52886d,46976cf7-b0bf-be20-4b2b-6b711eed0535,survey,93038-8,Stress level,A little bit,,text
2025-07-27T04:02:44Z,46976cf7-b0bf-be20-39a5-9f425a52886d,46976cf7-b0bf-be20-4b2b-6b711eed0535,survey,93029-7,How often do you see or talk to people that you care about and feel close to [PRAPARE],5 or more times a week,,text
2025-07-27T04:02:44Z,46976cf7-b0bf-be20-39a5-9f425a52886d,46976cf7-b0bf-be20-4b2b-6b711eed0535,survey,93030-5,Has lack of transportation kept you from medical appointments  meetings  work  or from getting things needed for daily living,No,,text
2025-07-27T04:02:44Z,46976cf7-b0bf-be20-39a5-9f425a52886d,46976cf7-b0bf-be20-4b2b-6b711eed0535,survey,93031-3,Have you or any family members you live with been unable to get any of the following when it was really needed in past 1 year [PRAPARE],Medicine or Any Health Care (Medical  Dental  Mental Health  Vision),,text
2025-07-27T04:02:44Z,46976cf7-b0bf-be20-39a5-9f425a52886d,46976cf7-b0bf-be20-4b2b-6b711eed0535,survey,63586-2,What was your best estimate of the total income of all family members from all sources  before taxes  in last year [PhenX],62565,/a,text
2025-07-27T04:02:44Z,46976cf7-b0bf-be20-39a5-9f425a52886d,46976cf7-b0bf-be20-4b2b-6b711eed0535,survey,76437-3,Primary insurance,None/uninsured,,text
2025-07-27T04:02:44Z,46976cf7-b0bf-be20-39a5-9f425a52886d,46976cf7-b0bf-be20-4b2b-6b711eed0535,survey,67875-5,Employment status - current,Full-time work,,text
2025-07-27T04:02:44Z,46976cf7-b0bf-be20-39a5-9f425a52886d,46976cf7-b0bf-be20-4b2b-6b711eed0535,survey,82589-3,Highest level of education,More than high school,,text
2025-07-27T04:02:44Z,46976cf7-b0bf-be20-39a5-9f425a52886d,46976cf7-b0bf-be20-4b2b-6b711eed0535,survey,56799-0,Address,794 Dicki Neck Unit 4,,text
2025-07-27T04:02:44Z,46976cf7-b0bf-be20-39a5-9f425a52886d,46976cf7-b0bf-be20-4b2b-6b711eed0535,survey,93033-9,Are you worried about losing your housing [PRAPARE],Yes,,text
2025-07-27T04:02:44Z,46976cf7-b0bf-be20-39a5-9f425a52886d,46976cf7-b0bf-be20-4b2b-6b711eed0535,survey,71802-3,Housing status,I have housing,,text
2025-07-27T04:02:44Z,46976cf7-b0bf-be20-39a5-9f425a52886d,46976cf7-b0bf-be20-4b2b-6b711eed0535,survey,63512-8,How many people are living or staying at this address [#],2.0,{#},numeric
2025-07-27T04:02:44Z,46976cf7-b0bf-be20-39a5-9f425a52886d,46976cf7-b0bf-be20-4b2b-6b711eed0535,survey,54899-0,Preferred language,English,,text
2025-07-27T04:02:44Z,46976cf7-b0bf-be20-39a5-9f425a52886d,46976cf7-b0bf-be20-4b2b-6b711eed0535,survey,93034-7,Discharged from the U.S. Armed Forces,No,,text
2025-07-27T04:02:44Z,46976cf7-b0bf-be20-39a5-9f425a52886d,46976cf7-b0bf-be20-4b2b-6b711eed0535,survey,93035-4,Has season or migrant farm work been your or your family's main source of income at any point in past 2 years [PRAPARE],No,,text
2025-07-27T04:02:44Z,46976cf7-b0bf-be20-39a5-9f425a52886d,46976cf7-b0bf-be20-4b2b-6b711eed0535,survey,32624-9,Race,Asian,,text
2025-07-27T04:02:44Z,46976cf7-b0bf-be20-39a5-9f425a52886d,46976cf7-b0bf-be20-4b2b-6b711eed0535,survey,56051-6,Hispanic or Latino,No,,text
2025-07-27T04:32:02Z,46976cf7-b0bf-be20-39a5-9f425a52886d,46976cf7-b0bf-be20-4b2b-6b711eed0535,survey,70274-6,Generalized anxiety disorder 7 item (GAD-7) total score [Reported.PHQ],2.0,{score},numeric
2025-07-27T05:06:44Z,46976cf7-b0bf-be20-39a5-9f425a52886d,46976cf7-b0bf-be20-4b2b-6b711eed0535,survey,76504-0,Total score [HARK],0.0,{score},numeric
2025-07-27T05:37:24Z,46976cf7-b0bf-be20-39a5-9f425a52886d,46976cf7-b0bf-be20-4b2b-6b711eed0535,survey,55758-7,Patient Health Questionnaire 2 item (PHQ-2) total score [Reported],1.0,{score},numeric
2025-09-20T02:11:04Z,46976cf7-b0bf-be20-39a5-9f425a52886d,46976cf7-b0bf-be20-5ace-6f80d5d13968,vital-signs,8310-5,Body temperature,37.2,Cel,numeric
2025-09-28T03:11:04Z,46976cf7-b0bf-be20-39a5-9f425a52886d,46976cf7-b0bf-be20-7966-424284537147,vital-signs,8302-2,Body Height,152.6,cm,numeric
2025-09-28T03:11:04Z,46976cf7-b0bf-be20-39a5-9f425a52886d,46976cf7-b0bf-be20-7966-424284537147,vital-signs,72514-3,Pain severity - 0-10 verbal numeric rating [Score] - Reported,4.0,{score},numeric
2025-09-28T03:11:04Z,46976cf7-b0bf-be20-39a5-9f425a52886d,46976cf7-b0bf-be20-7966-424284537147,vital-signs,29463-7,Body Weight,66.7,kg,numeric
2025-09-28T03:11:04Z,46976cf7-b0bf-be20-39a5-9f425a52886d,46976cf7-b0bf-be20-7966-424284537147,vital-signs,39156-5,Body mass index (BMI) [Ratio],28.7,kg/m2,numeric
2025-09-28T03:11:04Z,46976cf7-b0bf-be20-39a5-9f425a52886d,46976cf7-b0bf-be20-7966-424284537147,vital-signs,8462-4,Diastolic Blood Pressure,72.0,mm[Hg],numeric
2025-09-28T03:11:04Z,46976cf7-b0bf-be20-39a5-9f425a52886d,46976cf7-b0bf-be20-7966-424284537147,vital-signs,8480-6,Systolic Blood Pressure,134.0,mm[Hg],numeric
2025-09-28T03:11:04Z,46976cf7-b0bf-be20-39a5-9f425a52886d,46976cf7-b0bf-be20-7966-424284537147,vital-signs,8867-4,Heart rate,91.0,/min,numeric
2025-09-28T03:11:04Z,46976cf7-b0bf-be20-39a5-9f425a52886d,46976cf7-b0bf-be20-7966-424284537147,vital-signs,9279-1,Respiratory rate,13.0,/min,numeric
2025-09-28T03:11:04Z,46976cf7-b0bf-be20-39a5-9f425a52886d,46976cf7-b0bf-be20-7966-424284537147,social-history,72166-2,Tobacco smoking status,Never smoked tobacco (finding),,text
2025-09-28T04:10:08Z,46976cf7-b0bf-be20-39a5-9f425a52886d,46976cf7-b0bf-be20-7966-424284537147,survey,76501-6,Within the last year  have you been afraid of your partner or ex-partner,No,,text
2025-09-28T04:10:08Z,46976cf7-b0bf-be20-39a5-9f425a52886d,46976cf7-b0bf-be20-7966-424284537147,survey,93026-3,Do you feel physically and emotionally safe where you currently live [PRAPARE],No,,text
2025-09-28T04:10:08Z,46976cf7-b0bf-be20-39a5-9f425a52886d,46976cf7-b0bf-be20-7966-424284537147,survey,93027-1,Are you a refugee,No,,text
2025-09-28T04:10:08Z,46976cf7-b0bf-be20-39a5-9f425a52886d,46976cf7-b0bf-be20-7966-424284537147,survey,93028-9,Have you spent more than 2 nights in a row in a jail  prison  detention center  or juvenile correctional facility in past 1 year [PRAPARE],Yes,,text
2025-09-28T04:10:08Z,46976cf7-b0bf-be20-39a5-9f425a52886d,46976cf7-b0bf-be20-7966-424284537147,survey,93038-8,Stress level,A little bit,,text
2025-09-28T04:10:08Z,46976cf7-b0bf-be20-39a5-9f425a52886d,46976cf7-b0bf-be20-7966-424284537147,survey,93029-7,How often do you see or talk to people that you care about and feel close to [PRAPARE],1 or 2 times a week,,text
2025-09-28T04:10:08Z,46976cf7-b0bf-be20-39a5-9f425a52886d,46976cf7-b0bf-be20-7966-424284537147,survey,93030-5,Has lack of transportation kept you from medical appointments  meetings  work  or from getting things needed for daily living,No,,text
2025-09-28T04:10:08Z,46976cf7-b0bf-be20-39a5-9f425a52886d,46976cf7-b0bf-be20-7966-424284537147,survey,93031-3,Have you or any family members you live with been unable to get any of the following when it was really needed in past 1 year [PRAPARE],I choose not to answer this question,,text
2025-09-28T04:10:08Z,46976cf7-b0bf-be20-39a5-9f425a52886d,46976cf7-b0bf-be20-7966-424284537147,survey,63586-2,What was your best estimate of the total income of all family members from all sources  before taxes  in last year [PhenX],62565,/a,text
2025-09-28T04:10:08Z,46976cf7-b0bf-be20-39a5-9f425a52886d,46976cf7-b0bf-be20-7966-424284537147,survey,76437-3,Primary insurance,None/uninsured,,text
2025-09-28T04:10:08Z,46976cf7-b0bf-be20-39a5-9f425a52886d,46976cf7-b0bf-be20-7966-424284537147,survey,67875-5,Employment status - current,Full-time work,,text
2025-09-28T04:10:08Z,46976cf7-b0bf-be20-39a5-9f425a52886d,46976cf7-b0bf-be20-7966-424284537147,survey,82589-3,Highest level of education,More than high school,,text
2025-09-28T04:10:08Z,46976cf7-b0bf-be20-39a5-9f425a52886d,46976cf7-b0bf-be20-7966-424284537147,survey,56799-0,Address,794 Dicki Neck Unit 4,,text
2025-09-28T04:10:08Z,46976cf7-b0bf-be20-39a5-9f425a52886d,46976cf7-b0bf-be20-7966-424284537147,survey,93033-9,Are you worried about losing your housing [PRAPARE],Yes,,text
2025-09-28T04:10:08Z,46976cf7-b0bf-be20-39a5-9f425a52886d,46976cf7-b0bf-be20-7966-424284537147,survey,71802-3,Housing status,I have housing,,text
2025-09-28T04:10:08Z,46976cf7-b0bf-be20-39a5-9f425a52886d,46976cf7-b0bf-be20-7966-424284537147,survey,63512-8,How many people are living or staying at this address [#],2.0,{#},numeric
2025-09-28T04:10:08Z,46976cf7-b0bf-be20-39a5-9f425a52886d,46976cf7-b0bf-be20-7966-424284537147,survey,54899-0,Preferred language,English,,text
2025-09-28T04:10:08Z,46976cf7-b0bf-be20-39a5-9f425a52886d,46976cf7-b0bf-be20-7966-424284537147,survey,93034-7,Discharged from the U.S. Armed Forces,No,,text
2025-09-28T04:10:08Z,46976cf7-b0bf-be20-39a5-9f425a52886d,46976cf7-b0bf-be20-7966-424284537147,survey,93035-4,Has season or migrant farm work been your or your family's main source of income at any point in past 2 years [PRAPARE],No,,text
2025-09-28T04:10:08Z,46976cf7-b0bf-be20-39a5-9f425a52886d,46976cf7-b0bf-be20-7966-424284537147,survey,32624-9,Race,Asian,,text
2025-09-28T04:10:08Z,46976cf7-b0bf-be20-39a5-9f425a52886d,46976cf7-b0bf-be20-7966-424284537147,survey,56051-6,Hispanic or Latino,No,,text
2025-09-28T04:31:59Z,46976cf7-b0bf-be20-39a5-9f425a52886d,46976cf7-b0bf-be20-7966-424284537147,survey,70274-6,Generalized anxiety disorder 7 item (GAD-7) total score [Reported.PHQ],3.0,{score},numeric
2025-09-28T05:10:10Z,46976cf7-b0bf-be20-39a5-9f425a52886d,46976cf7-b0bf-be20-7966-424284537147,survey,76504-0,Total score [HARK],0.0,{score},numeric
2025-09-28T05:43:30Z,46976cf7-b0bf-be20-39a5-9f425a52886d,46976cf7-b0bf-be20-7966-424284537147,survey,55758-7,Patient Health Questionnaire 2 item (PHQ-2) total score [Reported],2.0,{score},numeric
2025-09-28T06:23:20Z,46976cf7-b0bf-be20-39a5-9f425a52886d,46976cf7-b0bf-be20-7966-424284537147,survey,75626-2,Total score [AUDIT-C],0.0,{score},numeric
2021-05-08T03:11:04Z,46976cf7-b0bf-be20-39a5-9f425a52886d,,,QALY,QALY,31.9,a,numeric
2022-05-08T03:11:04Z,46976cf7-b0bf-be20-39a5-9f425a52886d,,,QALY,QALY,32.9,a,numeric
2023-05-08T03:11:04Z,46976cf7-b0bf-be20-39a5-9f425a52886d,,,QALY,QALY,33.9,a,numeric
2024-05-08T03:11:04Z,46976cf7-b0bf-be20-39a5-9f425a52886d,,,QALY,QALY,34.9,a,numeric
2025-05-08T03:11:04Z,46976cf7-b0bf-be20-39a5-9f425a52886d,,,QALY,QALY,35.9,a,numeric
2026-05-08T03:11:04Z,46976cf7-b0bf-be20-39a5-9f425a52886d,,,QALY,QALY,36.8,a,numeric
2021-05-08T03:11:04Z,46976cf7-b0bf-be20-39a5-9f425a52886d,,,DALY,DALY,0.1,a,numeric
2022-05-08T03:11:04Z,46976cf7-b0bf-be20-39a5-9f425a52886d,,,DALY,DALY,0.1,a,numeric
2023-05-08T03:11:04Z,46976cf7-b0bf-be20-39a5-9f425a52886d,,,DALY,DALY,0.1,a,numeric
2024-05-08T03:11:04Z,46976cf7-b0bf-be20-39a5-9f425a52886d,,,DALY,DALY,0.1,a,numeric
2025-05-08T03:11:04Z,46976cf7-b0bf-be20-39a5-9f425a52886d,,,DALY,DALY,0.1,a,numeric
2026-05-08T03:11:04Z,46976cf7-b0bf-be20-39a5-9f425a52886d,,,DALY,DALY,0.2,a,numeric
2021-05-08T03:11:04Z,46976cf7-b0bf-be20-39a5-9f425a52886d,,,QOLS,QOLS,1.0,{score},numeric
2022-05-08T03:11:04Z,46976cf7-b0bf-be20-39a5-9f425a52886d,,,QOLS,QOLS,1.0,{score},numeric
2023-05-08T03:11:04Z,46976cf7-b0bf-be20-39a5-9f425a52886d,,,QOLS,QOLS,1.0,{score},numeric
2024-05-08T03:11:04Z,46976cf7-b0bf-be20-39a5-9f425a52886d,,,QOLS,QOLS,1.0,{score},numeric
2025-05-08T03:11:04Z,46976cf7-b0bf-be20-39a5-9f425a52886d,,,QOLS,QOLS,1.0,{score},numeric
2026-05-08T03:11:04Z,46976cf7-b0bf-be20-39a5-9f425a52886d,,,QOLS,QOLS,1.0,{score},numeric
2021-12-17T01:52:48Z,76b20010-c318-5754-8c85-983aa538522f,76b20010-c318-5754-c114-d19ba2bd5061,social-history,82810-3,Pregnancy status,Pregnant,,text
2021-12-31T01:52:48Z,76b20010-c318-5754-8c85-983aa538522f,76b20010-c318-5754-acf6-835fbe50892a,vital-signs,8302-2,Body Height,164.3,cm,numeric
2021-12-31T01:52:48Z,76b20010-c318-5754-8c85-983aa538522f,76b20010-c318-5754-acf6-835fbe50892a,vital-signs,72514-3,Pain severity - 0-10 verbal numeric rating [Score] - Reported,2.0,{score},numeric
2021-12-31T01:52:48Z,76b20010-c318-5754-8c85-983aa538522f,76b20010-c318-5754-acf6-835fbe50892a,vital-signs,29463-7,Body Weight,63.5,kg,numeric
2021-12-31T01:52:48Z,76b20010-c318-5754-8c85-983aa538522f,76b20010-c318-5754-acf6-835fbe50892a,vital-signs,39156-5,Body mass index (BMI) [Ratio],23.5,kg/m2,numeric
2021-12-31T01:52:48Z,76b20010-c318-5754-8c85-983aa538522f,76b20010-c318-5754-acf6-835fbe50892a,vital-signs,8462-4,Diastolic Blood Pressure,86.0,mm[Hg],numeric
2021-12-31T01:52:48Z,76b20010-c318-5754-8c85-983aa538522f,76b20010-c318-5754-acf6-835fbe50892a,vital-signs,8480-6,Systolic Blood Pressure,132.0,mm[Hg],numeric
2021-12-31T01:52:48Z,76b20010-c318-5754-8c85-983aa538522f,76b20010-c318-5754-acf6-835fbe50892a,vital-signs,8867-4,Heart rate,74.0,/min,numeric
2021-12-31T01:52:48Z,76b20010-c318-5754-8c85-983aa538522f,76b20010-c318-5754-acf6-835fbe50892a,vital-signs,9279-1,Respiratory rate,13.0,/min,numeric
2021-12-31T01:52:48Z,76b20010-c318-5754-8c85-983aa538522f,76b20010-c318-5754-acf6-835fbe50892a,social-history,72166-2,Tobacco smoking status,Never smoked tobacco (finding),,text
2021-12-31T02:51:21Z,76b20010-c318-5754-8c85-983aa538522f,76b20010-c318-5754-acf6-835fbe50892a,survey,76501-6,Within the last year  have you been afraid of your partner or ex-partner,No,,text
2021-12-31T02:51:21Z,76b20010-c318-5754-8c85-983aa538522f,76b20010-c318-5754-acf6-835fbe50892a,survey,93026-3,Do you feel physically and emotionally safe where you currently live [PRAPARE],Yes,,text
2021-12-31T02:51:21Z,76b20010-c318-5754-8c85-983aa538522f,76b20010-c318-5754-acf6-835fbe50892a,survey,93027-1,Are you a refugee,No,,text
2021-12-31T02:51:21Z,76b20010-c318-5754-8c85-983aa538522f,76b20010-c318-5754-acf6-835fbe50892a,survey,93028-9,Have you spent more than 2 nights in a row in a jail  prison  detention center  or juvenile correctional facility in past 1 year [PRAPARE],No,,text
2021-12-31T02:51:21Z,76b20010-c318-5754-8c85-983aa538522f,76b20010-c318-5754-acf6-835fbe50892a,survey,93038-8,Stress level,Not at all,,text
2021-12-31T02:51:21Z,76b20010-c318-5754-8c85-983aa538522f,76b20010-c318-5754-acf6-835fbe50892a,survey,93029-7,How often do you see or talk to people that you care about and feel close to [PRAPARE],5 or more times a week,,text
2021-12-31T02:51:21Z,76b20010-c318-5754-8c85-983aa538522f,76b20010-c318-5754-acf6-835fbe50892a,survey,93030-5,Has lack of transportation kept you from medical appointments  meetings  work  or from getting things needed for daily living,No,,text
2021-12-31T02:51:21Z,76b20010-c318-5754-8c85-983aa538522f,76b20010-c318-5754-acf6-835fbe50892a,survey,93031-3,Have you or any family members you live with been unable to get any of the following when it was really needed in past 1 year [PRAPARE],I choose not to answer this question,,text
2021-12-31T02:51:21Z,76b20010-c318-5754-8c85-983aa538522f,76b20010-c318-5754-acf6-835fbe50892a,survey,63586-2,What was your best estimate of the total income of all family members from all sources  before taxes  in last year [PhenX],15348,/a,text
2021-12-31T02:51:21Z,76b20010-c318-5754-8c85-983aa538522f,76b20010-c318-5754-acf6-835fbe50892a,survey,76437-3,Primary insurance,Medicaid,,text
2021-12-31T02:51:21Z,76b20010-c318-5754-8c85-983aa538522f,76b20010-c318-5754-acf6-835fbe50892a,survey,67875-5,Employment status - current,Full-time work,,text
2021-12-31T02:51:21Z,76b20010-c318-5754-8c85-983aa538522f,76b20010-c318-5754-acf6-835fbe50892a,survey,82589-3,Highest level of education,High school diploma or GED,,text
2021-12-31T02:51:21Z,76b20010-c318-5754-8c85-983aa538522f,76b20010-c318-5754-acf6-835fbe50892a,survey,56799-0,Address,368 Marquardt Highlands,,text
2021-12-31T02:51:21Z,76b20010-c318-5754-8c85-983aa538522f,76b20010-c318-5754-acf6-835fbe50892a,survey,93033-9,Are you worried about losing your housing [PRAPARE],No,,text
2021-12-31T02:51:21Z,76b20010-c318-5754-8c85-983aa538522f,76b20010-c318-5754-acf6-835fbe50892a,survey,71802-3,Housing status,I have housing,,text
2021-12-31T02:51:21Z,76b20010-c318-5754-8c85-983aa538522f,76b20010-c318-5754-acf6-835fbe50892a,survey,63512-8,How many people are living or staying at this address [#],3.0,{#},numeric
2021-12-31T02:51:21Z,76b20010-c318-5754-8c85-983aa538522f,76b20010-c318-5754-acf6-835fbe50892a,survey,54899-0,Preferred language,English,,text
2021-12-31T02:51:21Z,76b20010-c318-5754-8c85-983aa538522f,76b20010-c318-5754-acf6-835fbe50892a,survey,93034-7,Discharged from the U.S. Armed Forces,No,,text
2021-12-31T02:51:21Z,76b20010-c318-5754-8c85-983aa538522f,76b20010-c318-5754-acf6-835fbe50892a,survey,93035-4,Has season or migrant farm work been your or your family's main source of income at any point in past 2 years [PRAPARE],No,,text
2021-12-31T02:51:21Z,76b20010-c318-5754-8c85-983aa538522f,76b20010-c318-5754-acf6-835fbe50892a,survey,32624-9,Race,White,,text
2021-12-31T02:51:21Z,76b20010-c318-5754-8c85-983aa538522f,76b20010-c318-5754-acf6-835fbe50892a,survey,56051-6,Hispanic or Latino,No,,text
2021-12-31T03:14:48Z,76b20010-c318-5754-8c85-983aa538522f,76b20010-c318-5754-acf6-835fbe50892a,survey,70274-6,Generalized anxiety disorder 7 item (GAD-7) total score [Reported.PHQ],1.0,{score},numeric
2021-12-31T03:43:08Z,76b20010-c318-5754-8c85-983aa538522f,76b20010-c318-5754-acf6-835fbe50892a,survey,76504-0,Total score [HARK],0.0,{score},numeric
2023-12-01T01:52:48Z,76b20010-c318-5754-8c85-983aa538522f,76b20010-c318-5754-2422-0969cb19944f,vital-signs,8302-2,Body Height,164.3,cm,numeric
2023-12-01T01:52:48Z,76b20010-c318-5754-8c85-983aa538522f,76b20010-c318-5754-2422-0969cb19944f,vital-signs,72514-3,Pain severity - 0-10 verbal numeric rating [Score] - Reported,1.0,{score},numeric
2023-12-01T01:52:48Z,76b20010-c318-5754-8c85-983aa538522f,76b20010-c318-5754-2422-0969cb19944f,vital-signs,29463-7,Body Weight,66.6,kg,numeric
2023-12-01T01:52:48Z,76b20010-c318-5754-8c85-983aa538522f,76b20010-c318-5754-2422-0969cb19944f,vital-signs,39156-5,Body mass index (BMI) [Ratio],24.7,kg/m2,numeric
2023-12-01T01:52:48Z,76b20010-c318-5754-8c85-983aa538522f,76b20010-c318-5754-2422-0969cb19944f,vital-signs,8462-4,Diastolic Blood Pressure,88.0,mm[Hg],numeric
2023-12-01T01:52:48Z,76b20010-c318-5754-8c85-983aa538522f,76b20010-c318-5754-2422-0969cb19944f,vital-signs,8480-6,Systolic Blood Pressure,126.0,mm[Hg],numeric
2023-12-01T01:52:48Z,76b20010-c318-5754-8c85-983aa538522f,76b20010-c318-5754-2422-0969cb19944f,vital-signs,8867-4,Heart rate,90.0,/min,numeric
2023-12-01T01:52:48Z,76b20010-c318-5754-8c85-983aa538522f,76b20010-c318-5754-2422-0969cb19944f,vital-signs,9279-1,Respiratory rate,16.0,/min,numeric
2023-12-01T01:52:48Z,76b20010-c318-5754-8c85-983aa538522f,76b20010-c318-5754-2422-0969cb19944f,laboratory,2093-3,Cholesterol [Mass/volume] in Serum or Plasma,183.0,mg/dL,numeric
2023-12-01T01:52:48Z,76b20010-c318-5754-8c85-983aa538522f,76b20010-c318-5754-2422-0969cb19944f,laboratory,2571-8,Triglyceride [Mass/volume] in Serum or Plasma,116.7,mg/dL,numeric
2023-12-01T01:52:48Z,76b20010-c318-5754-8c85-983aa538522f,76b20010-c318-5754-2422-0969cb19944f,laboratory,18262-6,Cholesterol in LDL [Mass/volume] in Serum or Plasma by Direct assay,109.1,mg/dL,numeric
2023-12-01T01:52:48Z,76b20010-c318-5754-8c85-983aa538522f,76b20010-c318-5754-2422-0969cb19944f,laboratory,2085-9,Cholesterol in HDL [Mass/volume] in Serum or Plasma,50.5,mg/dL,numeric
2023-12-01T01:52:48Z,76b20010-c318-5754-8c85-983aa538522f,76b20010-c318-5754-2422-0969cb19944f,social-history,72166-2,Tobacco smoking status,Never smoked tobacco (finding),,text
2023-12-01T02:28:42Z,76b20010-c318-5754-8c85-983aa538522f,76b20010-c318-5754-2422-0969cb19944f,survey,76501-6,Within the last year  have you been afraid of your partner or ex-partner,No,,text
2023-12-01T02:28:42Z,76b20010-c318-5754-8c85-983aa538522f,76b20010-c318-5754-2422-0969cb19944f,survey,93026-3,Do you feel physically and emotionally safe where you currently live [PRAPARE],Yes,,text
2023-12-01T02:28:42Z,76b20010-c318-5754-8c85-983aa538522f,76b20010-c318-5754-2422-0969cb19944f,survey,93027-1,Are you a refugee,No,,text
2023-12-01T02:28:42Z,76b20010-c318-5754-8c85-983aa538522f,76b20010-c318-5754-2422-0969cb19944f,survey,93028-9,Have you spent more than 2 nights in a row in a jail  prison  detention center  or juvenile correctional facility in past 1 year [PRAPARE],No,,text
2023-12-01T02:28:42Z,76b20010-c318-5754-8c85-983aa538522f,76b20010-c318-5754-2422-0969cb19944f,survey,93038-8,Stress level,Not at all,,text
2023-12-01T02:28:42Z,76b20010-c318-5754-8c85-983aa538522f,76b20010-c318-5754-2422-0969cb19944f,survey,93029-7,How often do you see or talk to people that you care about and feel close to [PRAPARE],5 or more times a week,,text
2023-12-01T02:28:42Z,76b20010-c318-5754-8c85-983aa538522f,76b20010-c318-5754-2422-0969cb19944f,survey,93030-5,Has lack of transportation kept you from medical appointments  meetings  work  or from getting things needed for daily living,No,,text
2023-12-01T02:28:42Z,76b20010-c318-5754-8c85-983aa538522f,76b20010-c318-5754-2422-0969cb19944f,survey,93031-3,Have you or any family members you live with been unable to get any of the following when it was really needed in past 1 year [PRAPARE],Food,,text
2023-12-01T02:28:42Z,76b20010-c318-5754-8c85-983aa538522f,76b20010-c318-5754-2422-0969cb19944f,survey,63586-2,What was your best estimate of the total income of all family members from all sources  before taxes  in last year [PhenX],15348,/a,text
2023-12-01T02:28:42Z,76b20010-c318-5754-8c85-983aa538522f,76b20010-c318-5754-2422-0969cb19944f,survey,76437-3,Primary insurance,Medicaid,,text
2023-12-01T02:28:42Z,76b20010-c318-5754-8c85-983aa538522f,76b20010-c318-5754-2422-0969cb19944f,survey,67875-5,Employment status - current,Full-time work,,text
2023-12-01T02:28:42Z,76b20010-c318-5754-8c85-983aa538522f,76b20010-c318-5754-2422-0969cb19944f,survey,82589-3,Highest level of education,High school diploma or GED,,text
2023-12-01T02:28:42Z,76b20010-c318-5754-8c85-983aa538522f,76b20010-c318-5754-2422-0969cb19944f,survey,56799-0,Address,368 Marquardt Highlands,,text
2023-12-01T02:28:42Z,76b20010-c318-5754-8c85-983aa538522f,76b20010-c318-5754-2422-0969cb19944f,survey,93033-9,Are you worried about losing your housing [PRAPARE],No,,text
2023-12-01T02:28:42Z,76b20010-c318-5754-8c85-983aa538522f,76b20010-c318-5754-2422-0969cb19944f,survey,71802-3,Housing status,I have housing,,text
2023-12-01T02:28:42Z,76b20010-c318-5754-8c85-983aa538522f,76b20010-c318-5754-2422-0969cb19944f,survey,63512-8,How many people are living or staying at this address [#],3.0,{#},numeric
2023-12-01T02:28:42Z,76b20010-c318-5754-8c85-983aa538522f,76b20010-c318-5754-2422-0969cb19944f,survey,54899-0,Preferred language,English,,text
2023-12-01T02:28:42Z,76b20010-c318-5754-8c85-983aa538522f,76b20010-c318-5754-2422-0969cb19944f,survey,93034-7,Discharged from the U.S. Armed Forces,No,,text
2023-12-01T02:28:42Z,76b20010-c318-5754-8c85-983aa538522f,76b20010-c318-5754-2422-0969cb19944f,survey,93035-4,Has season or migrant farm work been your or your family's main source of income at any point in past 2 years [PRAPARE],No,,text
2023-12-01T02:28:42Z,76b20010-c318-5754-8c85-983aa538522f,76b20010-c318-5754-2422-0969cb19944f,survey,32624-9,Race,White,,text
2023-12-01T02:28:42Z,76b20010-c318-5754-8c85-983aa538522f,76b20010-c318-5754-2422-0969cb19944f,survey,56051-6,Hispanic or Latino,No,,text
2023-12-01T03:08:10Z,76b20010-c318-5754-8c85-983aa538522f,76b20010-c318-5754-2422-0969cb19944f,survey,55758-7,Patient Health Questionnaire 2 item (PHQ-2) total score [Reported],0.0,{score},numeric
2025-08-22T01:52:48Z,76b20010-c318-5754-8c85-983aa538522f,76b20010-c318-5754-2422-0969cb19944f,social-history,82810-3,Pregnancy status,Pregnant,,text
2026-01-02T01:52:48Z,76b20010-c318-5754-8c85-983aa538522f,76b20010-c318-5754-1f69-a279309076c8,social-history,82810-3,Pregnancy status,Pregnant,,text
2021-09-18T01:52:48Z,76b20010-c318-5754-8c85-983aa538522f,,,QALY,QALY,27.5,a,numeric
2022-09-18T01:52:48Z,76b20010-c318-5754-8c85-983aa538522f,,,QALY,QALY,28.5,a,numeric
2023-09-18T01:52:48Z,76b20010-c318-5754-8c85-983aa538522f,,,QALY,QALY,29.5,a,numeric
2024-09-18T01:52:48Z,76b20010-c318-5754-8c85-983aa538522f,,,QALY,QALY,30.5,a,numeric
2025-09-18T01:52:48Z,76b20010-c318-5754-8c85-983aa538522f,,,QALY,QALY,31.5,a,numeric
2026-09-18T01:52:48Z,76b20010-c318-5754-8c85-983aa538522f,,,QALY,QALY,32.5,a,numeric
2021-09-18T01:52:48Z,76b20010-c318-5754-8c85-983aa538522f,,,DALY,DALY,0.5,a,numeric
2022-09-18T01:52:48Z,76b20010-c318-5754-8c85-983aa538522f,,,DALY,DALY,0.5,a,numeric
2023-09-18T01:52:48Z,76b20010-c318-5754-8c85-983aa538522f,,,DALY,DALY,0.5,a,numeric
2024-09-18T01:52:48Z,76b20010-c318-5754-8c85-983aa538522f,,,DALY,DALY,0.5,a,numeric
2025-09-18T01:52:48Z,76b20010-c318-5754-8c85-983aa538522f,,,DALY,DALY,0.5,a,numeric
2026-09-18T01:52:48Z,76b20010-c318-5754-8c85-983aa538522f,,,DALY,DALY,0.5,a,numeric
2021-09-18T01:52:48Z,76b20010-c318-5754-8c85-983aa538522f,,,QOLS,QOLS,1.0,{score},numeric
2022-09-18T01:52:48Z,76b20010-c318-5754-8c85-983aa538522f,,,QOLS,QOLS,1.0,{score},numeric
2023-09-18T01:52:48Z,76b20010-c318-5754-8c85-983aa538522f,,,QOLS,QOLS,1.0,{score},numeric
2024-09-18T01:52:48Z,76b20010-c318-5754-8c85-983aa538522f,,,QOLS,QOLS,1.0,{score},numeric
2025-09-18T01:52:48Z,76b20010-c318-5754-8c85-983aa538522f,,,QOLS,QOLS,1.0,{score},numeric
2026-09-18T01:52:48Z,76b20010-c318-5754-8c85-983aa538522f,,,QOLS,QOLS,1.0,{score},numeric
2022-04-30T19:18:57Z,c86c400e-ff88-a1e3-2e23-caa4d8311f47,c86c400e-ff88-a1e3-d8b7-9d73aa799e30,laboratory,2345-7,Glucose [Mass/volume] in Serum or Plasma,89.5,mg/dL,numeric
2022-04-30T19:18:57Z,c86c400e-ff88-a1e3-2e23-caa4d8311f47,c86c400e-ff88-a1e3-d8b7-9d73aa799e30,laboratory,3094-0,Urea nitrogen [Mass/volume] in Serum or Plasma,14.3,mg/dL,numeric
2022-04-30T19:18:57Z,c86c400e-ff88-a1e3-2e23-caa4d8311f47,c86c400e-ff88-a1e3-d8b7-9d73aa799e30,laboratory,2160-0,Creatinine [Mass/volume] in Serum or Plasma,1.8,mg/dL,numeric
2022-04-30T19:18:57Z,c86c400e-ff88-a1e3-2e23-caa4d8311f47,c86c400e-ff88-a1e3-d8b7-9d73aa799e30,laboratory,17861-6,Calcium [Mass/volume] in Serum or Plasma,10.1,mg/dL,numeric
2022-04-30T19:18:57Z,c86c400e-ff88-a1e3-2e23-caa4d8311f47,c86c400e-ff88-a1e3-d8b7-9d73aa799e30,laboratory,2951-2,Sodium [Moles/volume] in Serum or Plasma,141.6,mmol/L,numeric
2022-04-30T19:18:57Z,c86c400e-ff88-a1e3-2e23-caa4d8311f47,c86c400e-ff88-a1e3-d8b7-9d73aa799e30,laboratory,2823-3,Potassium [Moles/volume] in Serum or Plasma,4.8,mmol/L,numeric
2022-04-30T19:18:57Z,c86c400e-ff88-a1e3-2e23-caa4d8311f47,c86c400e-ff88-a1e3-d8b7-9d73aa799e30,laboratory,2075-0,Chloride [Moles/volume] in Serum or Plasma,101.9,mmol/L,numeric
2022-04-30T19:18:57Z,c86c400e-ff88-a1e3-2e23-caa4d8311f47,c86c400e-ff88-a1e3-d8b7-9d73aa799e30,laboratory,2028-9,Carbon dioxide  total [Moles/volume] in Serum or Plasma,25.7,mmol/L,numeric
2022-04-30T19:18:57Z,c86c400e-ff88-a1e3-2e23-caa4d8311f47,c86c400e-ff88-a1e3-d8b7-9d73aa799e30,laboratory,33914-3,Glomerular filtration rate [Volume Rate/Area] in Serum or Plasma by Creatinine-based formula (MDRD)/1.73 sq M,86.8,mL/min/{1.73_m2},numeric
2022-04-30T19:18:57Z,c86c400e-ff88-a1e3-2e23-caa4d8311f47,c86c400e-ff88-a1e3-d8b7-9d73aa799e30,laboratory,5767-9,Appearance of Urine,Cloudy urine (finding),{nominal},text
2022-04-30T19:18:57Z,c86c400e-ff88-a1e3-2e23-caa4d8311f47,c86c400e-ff88-a1e3-d8b7-9d73aa799e30,laboratory,34533-0,Odor of Urine,Urine smell ammoniacal (finding),{nominal},text
2022-04-30T19:18:57Z,c86c400e-ff88-a1e3-2e23-caa4d8311f47,c86c400e-ff88-a1e3-d8b7-9d73aa799e30,laboratory,32167-9,Clarity of Urine,Translucent (qualifier value),{nominal},text
2022-04-30T19:18:57Z,c86c400e-ff88-a1e3-2e23-caa4d8311f47,c86c400e-ff88-a1e3-d8b7-9d73aa799e30,laboratory,5778-6,Color of Urine,Brown color (qualifier value),{nominal},text
2022-04-30T19:18:57Z,c86c400e-ff88-a1e3-2e23-caa4d8311f47,c86c400e-ff88-a1e3-d8b7-9d73aa799e30,laboratory,5792-7,Glucose [Mass/volume] in Urine by Test strip,1.2,mg/dL,numeric
2022-04-30T19:18:57Z,c86c400e-ff88-a1e3-2e23-caa4d8311f47,c86c400e-ff88-a1e3-d8b7-9d73aa799e30,laboratory,25428-4,Glucose [Presence] in Urine by Test strip,Urine glucose test = ++ (finding),{nominal},text
2022-04-30T19:18:57Z,c86c400e-ff88-a1e3-2e23-caa4d8311f47,c86c400e-ff88-a1e3-d8b7-9d73aa799e30,laboratory,20505-4,Bilirubin.total [Mass/volume] in Urine by Test strip,0.8,mg/dL,numeric
2022-04-30T19:18:57Z,c86c400e-ff88-a1e3-2e23-caa4d8311f47,c86c400e-ff88-a1e3-d8b7-9d73aa799e30,laboratory,5770-3,Bilirubin.total [Presence] in Urine by Test strip,Finding of bilirubin in urine (finding),{nominal},text
2022-04-30T19:18:57Z,c86c400e-ff88-a1e3-2e23-caa4d8311f47,c86c400e-ff88-a1e3-d8b7-9d73aa799e30,laboratory,5797-6,Ketones [Mass/volume] in Urine by Test strip,3.2,mg/dL,numeric
2022-04-30T19:18:57Z,c86c400e-ff88-a1e3-2e23-caa4d8311f47,c86c400e-ff88-a1e3-d8b7-9d73aa799e30,laboratory,2514-8,Ketones [Presence] in Urine by Test strip,Urine ketone test = + (finding),{nominal},text
2022-04-30T19:18:57Z,c86c400e-ff88-a1e3-2e23-caa4d8311f47,c86c400e-ff88-a1e3-d8b7-9d73aa799e30,laboratory,5811-5,Specific gravity of Urine by Test strip,1.0,{nominal},numeric
2022-04-30T19:18:57Z,c86c400e-ff88-a1e3-2e23-caa4d8311f47,c86c400e-ff88-a1e3-d8b7-9d73aa799e30,laboratory,5803-2,pH of Urine by Test strip,6.6,pH,numeric
2022-04-30T19:18:57Z,c86c400e-ff88-a1e3-2e23-caa4d8311f47,c86c400e-ff88-a1e3-d8b7-9d73aa799e30,laboratory,5804-0,Protein [Mass/volume] in Urine by Test strip,195.2,mg/dL,numeric
2022-04-30T19:18:57Z,c86c400e-ff88-a1e3-2e23-caa4d8311f47,c86c400e-ff88-a1e3-d8b7-9d73aa799e30,laboratory,20454-5,Protein [Presence] in Urine by Test strip,Urine protein test = ++ (finding),{nominal},text
2022-04-30T19:18:57Z,c86c400e-ff88-a1e3-2e23-caa4d8311f47,c86c400e-ff88-a1e3-d8b7-9d73aa799e30,laboratory,5802-4,Nitrite [Presence] in Urine by Test strip,Nitrite not detected in urine (finding),{nominal},text
2022-04-30T19:18:57Z,c86c400e-ff88-a1e3-2e23-caa4d8311f47,c86c400e-ff88-a1e3-d8b7-9d73aa799e30,laboratory,5794-3,Hemoglobin [Presence] in Urine by Test strip,Blood not detected in urine (finding),{nominal},text
2022-04-30T19:18:57Z,c86c400e-ff88-a1e3-2e23-caa4d8311f47,c86c400e-ff88-a1e3-d8b7-9d73aa799e30,laboratory,5799-2,Leukocyte esterase [Presence] in Urine by Test strip,Urine leukocytes not detected (finding),{nominal},text
2022-04-30T19:18:57Z,c86c400e-ff88-a1e3-2e23-caa4d8311f47,c86c400e-ff88-a1e3-d8b7-9d73aa799e30,vital-signs,8302-2,Body Height,161.4,cm,numeric
2022-04-30T19:18:57Z,c86c400e-ff88-a1e3-2e23-caa4d8311f47,c86c400e-ff88-a1e3-d8b7-9d73aa799e30,vital-signs,72514-3,Pain severity - 0-10 verbal numeric rating [Score] - Reported,4.0,{score},numeric
2022-04-30T19:18:57Z,c86c400e-ff88-a1e3-2e23-caa4d8311f47,c86c400e-ff88-a1e3-d8b7-9d73aa799e30,vital-signs,29463-7,Body Weight,77.0,kg,numeric
2022-04-30T19:18:57Z,c86c400e-ff88-a1e3-2e23-caa4d8311f47,c86c400e-ff88-a1e3-d8b7-9d73aa799e30,vital-signs,39156-5,Body mass index (BMI) [Ratio],29.6,kg/m2,numeric
2022-04-30T19:18:57Z,c86c400e-ff88-a1e3-2e23-caa4d8311f47,c86c400e-ff88-a1e3-d8b7-9d73aa799e30,vital-signs,8462-4,Diastolic Blood Pressure,86.0,mm[Hg],numeric
2022-04-30T19:18:57Z,c86c400e-ff88-a1e3-2e23-caa4d8311f47,c86c400e-ff88-a1e3-d8b7-9d73aa799e30,vital-signs,8480-6,Systolic Blood Pressure,133.0,mm[Hg],numeric
2022-04-30T19:18:57Z,c86c400e-ff88-a1e3-2e23-caa4d8311f47,c86c400e-ff88-a1e3-d8b7-9d73aa799e30,vital-signs,8867-4,Heart rate,92.0,/min,numeric
2022-04-30T19:18:57Z,c86c400e-ff88-a1e3-2e23-caa4d8311f47,c86c400e-ff88-a1e3-d8b7-9d73aa799e30,vital-signs,9279-1,Respiratory rate,13.0,/min,numeric
2022-04-30T19:18:57Z,c86c400e-ff88-a1e3-2e23-caa4d8311f47,c86c400e-ff88-a1e3-d8b7-9d73aa799e30,laboratory,2093-3,Cholesterol [Mass/volume] in Serum or Plasma,100.6,mg/dL,numeric
2022-04-30T19:18:57Z,c86c400e-ff88-a1e3-2e23-caa4d8311f47,c86c400e-ff88-a1e3-d8b7-9d73aa799e30,laboratory,2571-8,Triglyceride [Mass/volume] in Serum or Plasma,108.9,mg/dL,numeric
2022-04-30T19:18:57Z,c86c400e-ff88-a1e3-2e23-caa4d8311f47,c86c400e-ff88-a1e3-d8b7-9d73aa799e30,laboratory,18262-6,Cholesterol in LDL [Mass/volume] in Serum or Plasma by Direct assay,19.7,mg/dL,numeric
2022-04-30T19:18:57Z,c86c400e-ff88-a1e3-2e23-caa4d8311f47,c86c400e-ff88-a1e3-d8b7-9d73aa799e30,laboratory,2085-9,Cholesterol in HDL [Mass/volume] in Serum or Plasma,59.1,mg/dL,numeric
2022-04-30T19:18:57Z,c86c400e-ff88-a1e3-2e23-caa4d8311f47,c86c400e-ff88-a1e3-d8b7-9d73aa799e30,social-history,72166-2,Tobacco smoking status,Never smoked tobacco (finding),,text
2022-04-30T20:18:10Z,c86c400e-ff88-a1e3-2e23-caa4d8311f47,c86c400e-ff88-a1e3-d8b7-9d73aa799e30,survey,76501-6,Within the last year  have you been afraid of your partner or ex-partner,No,,text
2022-04-30T20:18:10Z,c86c400e-ff88-a1e3-2e23-caa4d8311f47,c86c400e-ff88-a1e3-d8b7-9d73aa799e30,survey,93026-3,Do you feel physically and emotionally safe where you currently live [PRAPARE],Yes,,text
2022-04-30T20:18:10Z,c86c400e-ff88-a1e3-2e23-caa4d8311f47,c86c400e-ff88-a1e3-d8b7-9d73aa799e30,survey,93027-1,Are you a refugee,No,,text
2022-04-30T20:18:10Z,c86c400e-ff88-a1e3-2e23-caa4d8311f47,c86c400e-ff88-a1e3-d8b7-9d73aa799e30,survey,93028-9,Have you spent more than 2 nights in a row in a jail  prison  detention center  or juvenile correctional facility in past 1 year [PRAPARE],No,,text
2022-04-30T20:18:10Z,c86c400e-ff88-a1e3-2e23-caa4d8311f47,c86c400e-ff88-a1e3-d8b7-9d73aa799e30,survey,93038-8,Stress level,Not at all,,text
2022-04-30T20:18:10Z,c86c400e-ff88-a1e3-2e23-caa4d8311f47,c86c400e-ff88-a1e3-d8b7-9d73aa799e30,survey,93029-7,How often do you see or talk to people that you care about and feel close to [PRAPARE],1 or 2 times a week,,text
2022-04-30T20:18:10Z,c86c400e-ff88-a1e3-2e23-caa4d8311f47,c86c400e-ff88-a1e3-d8b7-9d73aa799e30,survey,93030-5,Has lack of transportation kept you from medical appointments  meetings  work  or from getting things needed for daily living,Yes  it has kept me from non-medical meetings  appointments  work  or from getting things that I need,,text
2022-04-30T20:18:10Z,c86c400e-ff88-a1e3-2e23-caa4d8311f47,c86c400e-ff88-a1e3-d8b7-9d73aa799e30,survey,93031-3,Have you or any family members you live with been unable to get any of the following when it was really needed in past 1 year [PRAPARE],I choose not to answer this question,,text
2022-04-30T20:18:10Z,c86c400e-ff88-a1e3-2e23-caa4d8311f47,c86c400e-ff88-a1e3-d8b7-9d73aa799e30,survey,63586-2,What was your best estimate of the total income of all family members from all sources  before taxes  in last year [PhenX],54396,/a,text
2022-04-30T20:18:10Z,c86c400e-ff88-a1e3-2e23-caa4d8311f47,c86c400e-ff88-a1e3-d8b7-9d73aa799e30,survey,76437-3,Primary insurance,Private insurance,,text
2022-04-30T20:18:10Z,c86c400e-ff88-a1e3-2e23-caa4d8311f47,c86c400e-ff88-a1e3-d8b7-9d73aa799e30,survey,67875-5,Employment status - current,Otherwise unemployed but not seeking work (ex: student  retired  disabled  unpaid primary care giver),,text
2022-04-30T20:18:10Z,c86c400e-ff88-a1e3-2e23-caa4d8311f47,c86c400e-ff88-a1e3-d8b7-9d73aa799e30,survey,82589-3,Highest level of education,More than high school,,text
2022-04-30T20:18:10Z,c86c400e-ff88-a1e3-2e23-caa4d8311f47,c86c400e-ff88-a1e3-d8b7-9d73aa799e30,survey,56799-0,Address,479 Haag Camp,,text
2022-04-30T20:18:10Z,c86c400e-ff88-a1e3-2e23-caa4d8311f47,c86c400e-ff88-a1e3-d8b7-9d73aa799e30,survey,93033-9,Are you worried about losing your housing [PRAPARE],No,,text
2022-04-30T20:18:10Z,c86c400e-ff88-a1e3-2e23-caa4d8311f47,c86c400e-ff88-a1e3-d8b7-9d73aa799e30,survey,71802-3,Housing status,I have housing,,text
2022-04-30T20:18:10Z,c86c400e-ff88-a1e3-2e23-caa4d8311f47,c86c400e-ff88-a1e3-d8b7-9d73aa799e30,survey,63512-8,How many people are living or staying at this address [#],7.0,{#},numeric
2022-04-30T20:18:10Z,c86c400e-ff88-a1e3-2e23-caa4d8311f47,c86c400e-ff88-a1e3-d8b7-9d73aa799e30,survey,54899-0,Preferred language,English,,text
2022-04-30T20:18:10Z,c86c400e-ff88-a1e3-2e23-caa4d8311f47,c86c400e-ff88-a1e3-d8b7-9d73aa799e30,survey,93034-7,Discharged from the U.S. Armed Forces,No,,text
2022-04-30T20:18:10Z,c86c400e-ff88-a1e3-2e23-caa4d8311f47,c86c400e-ff88-a1e3-d8b7-9d73aa799e30,survey,93035-4,Has season or migrant farm work been your or your family's main source of income at any point in past 2 years [PRAPARE],No,,text
2022-04-30T20:18:10Z,c86c400e-ff88-a1e3-2e23-caa4d8311f47,c86c400e-ff88-a1e3-d8b7-9d73aa799e30,survey,32624-9,Race,White,,text
2022-04-30T20:18:10Z,c86c400e-ff88-a1e3-2e23-caa4d8311f47,c86c400e-ff88-a1e3-d8b7-9d73aa799e30,survey,56051-6,Hispanic or Latino,No,,text
2022-05-07T19:18:57Z,c86c400e-ff88-a1e3-2e23-caa4d8311f47,c86c400e-ff88-a1e3-8cc7-24349aef6408,laboratory,2345-7,Glucose [Mass/volume] in Serum or Plasma,95.8,mg/dL,numeric
2022-05-07T19:18:57Z,c86c400e-ff88-a1e3-2e23-caa4d8311f47,c86c400e-ff88-a1e3-8cc7-24349aef6408,laboratory,3094-0,Urea nitrogen [Mass/volume] in Serum or Plasma,10.4,mg/dL,numeric
2022-05-07T19:18:57Z,c86c400e-ff88-a1e3-2e23-caa4d8311f47,c86c400e-ff88-a1e3-8cc7-24349aef6408,laboratory,2160-0,Creatinine [Mass/volume] in Serum or Plasma,2.0,mg/dL,numeric
2022-05-07T19:18:57Z,c86c400e-ff88-a1e3-2e23-caa4d8311f47,c86c400e-ff88-a1e3-8cc7-24349aef6408,laboratory,17861-6,Calcium [Mass/volume] in Serum or Plasma,9.0,mg/dL,numeric
2022-05-07T19:18:57Z,c86c400e-ff88-a1e3-2e23-caa4d8311f47,c86c400e-ff88-a1e3-8cc7-24349aef6408,laboratory,2951-2,Sodium [Moles/volume] in Serum or Plasma,138.7,mmol/L,numeric
2022-05-07T19:18:57Z,c86c400e-ff88-a1e3-2e23-caa4d8311f47,c86c400e-ff88-a1e3-8cc7-24349aef6408,laboratory,2823-3,Potassium [Moles/volume] in Serum or Plasma,3.8,mmol/L,numeric
2022-05-07T19:18:57Z,c86c400e-ff88-a1e3-2e23-caa4d8311f47,c86c400e-ff88-a1e3-8cc7-24349aef6408,laboratory,2075-0,Chloride [Moles/volume] in Serum or Plasma,102.8,mmol/L,numeric
2022-05-07T19:18:57Z,c86c400e-ff88-a1e3-2e23-caa4d8311f47,c86c400e-ff88-a1e3-8cc7-24349aef6408,laboratory,2028-9,Carbon dioxide  total [Moles/volume] in Serum or Plasma,20.0,mmol/L,numeric
2022-05-07T19:18:57Z,c86c400e-ff88-a1e3-2e23-caa4d8311f47,c86c400e-ff88-a1e3-8cc7-24349aef6408,laboratory,33914-3,Glomerular filtration rate [Volume Rate/Area] in Serum or Plasma by Creatinine-based formula (MDRD)/1.73 sq M,66.7,mL/min/{1.73_m2},numeric
2022-05-07T19:18:57Z,c86c400e-ff88-a1e3-2e23-caa4d8311f47,c86c400e-ff88-a1e3-8cc7-24349aef6408,laboratory,5767-9,Appearance of Urine,Cloudy urine (finding),{nominal},text
2022-05-07T19:18:57Z,c86c400e-ff88-a1e3-2e23-caa4d8311f47,c86c400e-ff88-a1e3-8cc7-24349aef6408,laboratory,34533-0,Odor of Urine,Urine smell ammoniacal (finding),{nominal},text
2022-05-07T19:18:57Z,c86c400e-ff88-a1e3-2e23-caa4d8311f47,c86c400e-ff88-a1e3-8cc7-24349aef6408,laboratory,32167-9,Clarity of Urine,Translucent (qualifier value),{nominal},text
2022-05-07T19:18:57Z,c86c400e-ff88-a1e3-2e23-caa4d8311f47,c86c400e-ff88-a1e3-8cc7-24349aef6408,laboratory,5778-6,Color of Urine,Brown color (qualifier value),{nominal},text
2022-05-07T19:18:57Z,c86c400e-ff88-a1e3-2e23-caa4d8311f47,c86c400e-ff88-a1e3-8cc7-24349aef6408,laboratory,5792-7,Glucose [Mass/volume] in Urine by Test strip,1.4,mg/dL,numeric
2022-05-07T19:18:57Z,c86c400e-ff88-a1e3-2e23-caa4d8311f47,c86c400e-ff88-a1e3-8cc7-24349aef6408,laboratory,25428-4,Glucose [Presence] in Urine by Test strip,Urine glucose test = ++ (finding),{nominal},text
2022-05-07T19:18:57Z,c86c400e-ff88-a1e3-2e23-caa4d8311f47,c86c400e-ff88-a1e3-8cc7-24349aef6408,laboratory,20505-4,Bilirubin.total [Mass/volume] in Urine by Test strip,1.3,mg/dL,numeric
2022-05-07T19:18:57Z,c86c400e-ff88-a1e3-2e23-caa4d8311f47,c86c400e-ff88-a1e3-8cc7-24349aef6408,laboratory,5770-3,Bilirubin.total [Presence] in Urine by Test strip,Finding of bilirubin in urine (finding),{nominal},text
2022-05-07T19:18:57Z,c86c400e-ff88-a1e3-2e23-caa4d8311f47,c86c400e-ff88-a1e3-8cc7-24349aef6408,laboratory,5797-6,Ketones [Mass/volume] in Urine by Test strip,5.6,mg/dL,numeric
2022-05-07T19:18:57Z,c86c400e-ff88-a1e3-2e23-caa4d8311f47,c86c400e-ff88-a1e3-8cc7-24349aef6408,laboratory,2514-8,Ketones [Presence] in Urine by Test strip,Urine ketone test = + (finding),{nominal},text
2022-05-07T19:18:57Z,c86c400e-ff88-a1e3-2e23-caa4d8311f47,c86c400e-ff88-a1e3-8cc7-24349aef6408,laboratory,5811-5,Specific gravity of Urine by Test strip,1.0,{nominal},numeric
2022-05-07T19:18:57Z,c86c400e-ff88-a1e3-2e23-caa4d8311f47,c86c400e-ff88-a1e3-8cc7-24349aef6408,laboratory,5803-2,pH of Urine by Test strip,6.4,pH,numeric
2022-05-07T19:18:57Z,c86c400e-ff88-a1e3-2e23-caa4d8311f47,c86c400e-ff88-a1e3-8cc7-24349aef6408,laboratory,5804-0,Protein [Mass/volume] in Urine by Test strip,288.6,mg/dL,numeric
2022-05-07T19:18:57Z,c86c400e-ff88-a1e3-2e23-caa4d8311f47,c86c400e-ff88-a1e3-8cc7-24349aef6408,laboratory,20454-5,Protein [Presence] in Urine by Test strip,Urine protein test = ++ (finding),{nominal},text
2022-05-07T19:18:57Z,c86c400e-ff88-a1e3-2e23-caa4d8311f47,c86c400e-ff88-a1e3-8cc7-24349aef6408,laboratory,5802-4,Nitrite [Presence] in Urine by Test strip,Nitrite not detected in urine (finding),{nominal},text
2022-05-07T19:18:57Z,c86c400e-ff88-a1e3-2e23-caa4d8311f47,c86c400e-ff88-a1e3-8cc7-24349aef6408,laboratory,5794-3,Hemoglobin [Presence] in Urine by Test strip,Blood not detected in urine (finding),{nominal},text
2022-05-07T19:18:57Z,c86c400e-ff88-a1e3-2e23-caa4d8311f47,c86c400e-ff88-a1e3-8cc7-24349aef6408,laboratory,5799-2,Leukocyte esterase [Presence] in Urine by Test strip,Urine leukocytes not detected (finding),{nominal},text
2022-08-27T19:18:57Z,c86c400e-ff88-a1e3-2e23-caa4d8311f47,c86c400e-ff88-a1e3-dc22-c532cab848ad,laboratory,2345-7,Glucose [Mass/volume] in Serum or Plasma,64.2,mg/dL,numeric
2022-08-27T19:18:57Z,c86c400e-ff88-a1e3-2e23-caa4d8311f47,c86c400e-ff88-a1e3-dc22-c532cab848ad,laboratory,3094-0,Urea nitrogen [Mass/volume] in Serum or Plasma,16.1,mg/dL,numeric
2022-08-27T19:18:57Z,c86c400e-ff88-a1e3-2e23-caa4d8311f47,c86c400e-ff88-a1e3-dc22-c532cab848ad,laboratory,2160-0,Creatinine [Mass/volume] in Serum or Plasma,2.0,mg/dL,numeric
2022-08-27T19:18:57Z,c86c400e-ff88-a1e3-2e23-caa4d8311f47,c86c400e-ff88-a1e3-dc22-c532cab848ad,laboratory,17861-6,Calcium [Mass/volume] in Serum or Plasma,9.8,mg/dL,numeric
2022-08-27T19:18:57Z,c86c400e-ff88-a1e3-2e23-caa4d8311f47,c86c400e-ff88-a1e3-dc22-c532cab848ad,laboratory,2951-2,Sodium [Moles/volume] in Serum or Plasma,140.5,mmol/L,numeric
2022-08-27T19:18:57Z,c86c400e-ff88-a1e3-2e23-caa4d8311f47,c86c400e-ff88-a1e3-dc22-c532cab848ad,laboratory,2823-3,Potassium [Moles/volume] in Serum or Plasma,4.1,mmol/L,numeric
2022-08-27T19:18:57Z,c86c400e-ff88-a1e3-2e23-caa4d8311f47,c86c400e-ff88-a1e3-dc22-c532cab848ad,laboratory,2075-0,Chloride [Moles/volume] in Serum or Plasma,106.4,mmol/L,numeric
2022-08-27T19:18:57Z,c86c400e-ff88-a1e3-2e23-caa4d8311f47,c86c400e-ff88-a1e3-dc22-c532cab848ad,laboratory,2028-9,Carbon dioxide  total [Moles/volume] in Serum or Plasma,28.1,mmol/L,numeric
2022-08-27T19:18:57Z,c86c400e-ff88-a1e3-2e23-caa4d8311f47,c86c400e-ff88-a1e3-dc22-c532cab848ad,laboratory,33914-3,Glomerular filtration rate [Volume Rate/Area] in Serum or Plasma by Creatinine-based formula (MDRD)/1.73 sq M,79.0,mL/min/{1.73_m2},numeric
2022-08-27T19:18:57Z,c86c400e-ff88-a1e3-2e23-caa4d8311f47,c86c400e-ff88-a1e3-dc22-c532cab848ad,laboratory,5767-9,Appearance of Urine,Cloudy urine (finding),{nominal},text
2022-08-27T19:18:57Z,c86c400e-ff88-a1e3-2e23-caa4d8311f47,c86c400e-ff88-a1e3-dc22-c532cab848ad,laboratory,34533-0,Odor of Urine,Urine smell ammoniacal (finding),{nominal},text
2022-08-27T19:18:57Z,c86c400e-ff88-a1e3-2e23-caa4d8311f47,c86c400e-ff88-a1e3-dc22-c532cab848ad,laboratory,32167-9,Clarity of Urine,Translucent (qualifier value),{nominal},text
2022-08-27T19:18:57Z,c86c400e-ff88-a1e3-2e23-caa4d8311f47,c86c400e-ff88-a1e3-dc22-c532cab848ad,laboratory,5778-6,Color of Urine,Brown color (qualifier value),{nominal},text
2022-08-27T19:18:57Z,c86c400e-ff88-a1e3-2e23-caa4d8311f47,c86c400e-ff88-a1e3-dc22-c532cab848ad,laboratory,5792-7,Glucose [Mass/volume] in Urine by Test strip,0.9,mg/dL,numeric
2022-08-27T19:18:57Z,c86c400e-ff88-a1e3-2e23-caa4d8311f47,c86c400e-ff88-a1e3-dc22-c532cab848ad,laboratory,25428-4,Glucose [Presence] in Urine by Test strip,Urine glucose test = ++ (finding),{nominal},text
2022-08-27T19:18:57Z,c86c400e-ff88-a1e3-2e23-caa4d8311f47,c86c400e-ff88-a1e3-dc22-c532cab848ad,laboratory,20505-4,Bilirubin.total [Mass/volume] in Urine by Test strip,1.3,mg/dL,numeric
2022-08-27T19:18:57Z,c86c400e-ff88-a1e3-2e23-caa4d8311f47,c86c400e-ff88-a1e3-dc22-c532cab848ad,laboratory,5770-3,Bilirubin.total [Presence] in Urine by Test strip,Finding of bilirubin in urine (finding),{nominal},text
2022-08-27T19:18:57Z,c86c400e-ff88-a1e3-2e23-caa4d8311f47,c86c400e-ff88-a1e3-dc22-c532cab848ad,laboratory,5797-6,Ketones [Mass/volume] in Urine by Test strip,19.7,mg/dL,numeric
2022-08-27T19:18:57Z,c86c400e-ff88-a1e3-2e23-caa4d8311f47,c86c400e-ff88-a1e3-dc22-c532cab848ad,laboratory,2514-8,Ketones [Presence] in Urine by Test strip,Urine ketone test = + (finding),{nominal},text
2022-08-27T19:18:57Z,c86c400e-ff88-a1e3-2e23-caa4d8311f47,c86c400e-ff88-a1e3-dc22-c532cab848ad,laboratory,5811-5,Specific gravity of Urine by Test strip,1.0,{nominal},numeric
2022-08-27T19:18:57Z,c86c400e-ff88-a1e3-2e23-caa4d8311f47,c86c400e-ff88-a1e3-dc22-c532cab848ad,laboratory,5803-2,pH of Urine by Test strip,5.7,pH,numeric
2022-08-27T19:18:57Z,c86c400e-ff88-a1e3-2e23-caa4d8311f47,c86c400e-ff88-a1e3-dc22-c532cab848ad,laboratory,5804-0,Protein [Mass/volume] in Urine by Test strip,161.5,mg/dL,numeric
2022-08-27T19:18:57Z,c86c400e-ff88-a1e3-2e23-caa4d8311f47,c86c400e-ff88-a1e3-dc22-c532cab848ad,laboratory,20454-5,Protein [Presence] in Urine by Test strip,Urine protein test = ++ (finding),{nominal},text
2022-08-27T19:18:57Z,c86c400e-ff88-a1e3-2e23-caa4d8311f47,c86c400e-ff88-a1e3-dc22-c532cab848ad,laboratory,5802-4,Nitrite [Presence] in Urine by Test strip,Nitrite not detected in urine (finding),{nominal},text
2022-08-27T19:18:57Z,c86c400e-ff88-a1e3-2e23-caa4d8311f47,c86c400e-ff88-a1e3-dc22-c532cab848ad,laboratory,5794-3,Hemoglobin [Presence] in Urine by Test strip,Blood not detected in urine (finding),{nominal},text
2022-08-27T19:18:57Z,c86c400e-ff88-a1e3-2e23-caa4d8311f47,c86c400e-ff88-a1e3-dc22-c532cab848ad,laboratory,5799-2,Leukocyte esterase [Presence] in Urine by Test strip,Urine leukocytes not detected (finding),{nominal},text
2022-08-27T19:18:57Z,c86c400e-ff88-a1e3-2e23-caa4d8311f47,c86c400e-ff88-a1e3-dc22-c532cab848ad,vital-signs,8302-2,Body Height,161.4,cm,numeric
2022-08-27T19:18:57Z,c86c400e-ff88-a1e3-2e23-caa4d8311f47,c86c400e-ff88-a1e3-dc22-c532cab848ad,vital-signs,72514-3,Pain severity - 0-10 verbal numeric rating [Score] - Reported,4.0,{score},numeric
2022-08-27T19:18:57Z,c86c400e-ff88-a1e3-2e23-caa4d8311f47,c86c400e-ff88-a1e3-dc22-c532cab848ad,vital-signs,29463-7,Body Weight,77.0,kg,numeric
2022-08-27T19:18:57Z,c86c400e-ff88-a1e3-2e23-caa4d8311f47,c86c400e-ff88-a1e3-dc22-c532cab848ad,vital-signs,39156-5,Body mass index (BMI) [Ratio],29.6,kg/m2,numeric
2022-08-27T19:18:57Z,c86c400e-ff88-a1e3-2e23-caa4d8311f47,c86c400e-ff88-a1e3-dc22-c532cab848ad,vital-signs,8462-4,Diastolic Blood Pressure,80.0,mm[Hg],numeric
2022-08-27T19:18:57Z,c86c400e-ff88-a1e3-2e23-caa4d8311f47,c86c400e-ff88-a1e3-dc22-c532cab848ad,vital-signs,8480-6,Systolic Blood Pressure,134.0,mm[Hg],numeric
2022-08-27T19:18:57Z,c86c400e-ff88-a1e3-2e23-caa4d8311f47,c86c400e-ff88-a1e3-dc22-c532cab848ad,vital-signs,8867-4,Heart rate,76.0,/min,numeric
2022-08-27T19:18:57Z,c86c400e-ff88-a1e3-2e23-caa4d8311f47,c86c400e-ff88-a1e3-dc22-c532cab848ad,vital-signs,9279-1,Respiratory rate,15.0,/min,numeric
2022-08-27T19:18:57Z,c86c400e-ff88-a1e3-2e23-caa4d8311f47,c86c400e-ff88-a1e3-dc22-c532cab848ad,social-history,72166-2,Tobacco smoking status,Never smoked tobacco (finding),,text
2022-08-27T20:13:03Z,c86c400e-ff88-a1e3-2e23-caa4d8311f47,c86c400e-ff88-a1e3-dc22-c532cab848ad,survey,76501-6,Within the last year  have you been afraid of your partner or ex-partner,No,,text
2022-08-27T20:13:03Z,c86c400e-ff88-a1e3-2e23-caa4d8311f47,c86c400e-ff88-a1e3-dc22-c532cab848ad,survey,93026-3,Do you feel physically and emotionally safe where you currently live [PRAPARE],Yes,,text
2022-08-27T20:13:03Z,c86c400e-ff88-a1e3-2e23-caa4d8311f47,c86c400e-ff88-a1e3-dc22-c532cab848ad,survey,93027-1,Are you a refugee,No,,text
2022-08-27T20:13:03Z,c86c400e-ff88-a1e3-2e23-caa4d8311f47,c86c400e-ff88-a1e3-dc22-c532cab848ad,survey,93028-9,Have you spent more than 2 nights in a row in a jail  prison  detention center  or juvenile correctional facility in past 1 year [PRAPARE],No,,text
2022-08-27T20:13:03Z,c86c400e-ff88-a1e3-2e23-caa4d8311f47,c86c400e-ff88-a1e3-dc22-c532cab848ad,survey,93038-8,Stress level,A little bit,,text
2022-08-27T20:13:03Z,c86c400e-ff88-a1e3-2e23-caa4d8311f47,c86c400e-ff88-a1e3-dc22-c532cab848ad,survey,93029-7,How often do you see or talk to people that you care about and feel close to [PRAPARE],5 or more times a week,,text
2022-08-27T20:13:03Z,c86c400e-ff88-a1e3-2e23-caa4d8311f47,c86c400e-ff88-a1e3-dc22-c532cab848ad,survey,93030-5,Has lack of transportation kept you from medical appointments  meetings  work  or from getting things needed for daily living,Yes  it has kept me from medical appointments or from getting my medications,,text
2022-08-27T20:13:03Z,c86c400e-ff88-a1e3-2e23-caa4d8311f47,c86c400e-ff88-a1e3-dc22-c532cab848ad,survey,93031-3,Have you or any family members you live with been unable to get any of the following when it was really needed in past 1 year [PRAPARE],I choose not to answer this question,,text
2022-08-27T20:13:03Z,c86c400e-ff88-a1e3-2e23-caa4d8311f47,c86c400e-ff88-a1e3-dc22-c532cab848ad,survey,63586-2,What was your best estimate of the total income of all family members from all sources  before taxes  in last year [PhenX],54396,/a,text
2022-08-27T20:13:03Z,c86c400e-ff88-a1e3-2e23-caa4d8311f47,c86c400e-ff88-a1e3-dc22-c532cab848ad,survey,76437-3,Primary insurance,Private insurance,,text
2022-08-27T20:13:03Z,c86c400e-ff88-a1e3-2e23-caa4d8311f47,c86c400e-ff88-a1e3-dc22-c532cab848ad,survey,67875-5,Employment status - current,Full-time work,,text
2022-08-27T20:13:03Z,c86c400e-ff88-a1e3-2e23-caa4d8311f47,c86c400e-ff88-a1e3-dc22-c532cab848ad,survey,82589-3,Highest level of education,More than high school,,text
2022-08-27T20:13:03Z,c86c400e-ff88-a1e3-2e23-caa4d8311f47,c86c400e-ff88-a1e3-dc22-c532cab848ad,survey,56799-0,Address,479 Haag Camp,,text
2022-08-27T20:13:03Z,c86c400e-ff88-a1e3-2e23-caa4d8311f47,c86c400e-ff88-a1e3-dc22-c532cab848ad,survey,93033-9,Are you worried about losing your housing [PRAPARE],No,,text
2022-08-27T20:13:03Z,c86c400e-ff88-a1e3-2e23-caa4d8311f47,c86c400e-ff88-a1e3-dc22-c532cab848ad,survey,71802-3,Housing status,I have housing,,text
2022-08-27T20:13:03Z,c86c400e-ff88-a1e3-2e23-caa4d8311f47,c86c400e-ff88-a1e3-dc22-c532cab848ad,survey,63512-8,How many people are living or staying at this address [#],7.0,{#},numeric
2022-08-27T20:13:03Z,c86c400e-ff88-a1e3-2e23-caa4d8311f47,c86c400e-ff88-a1e3-dc22-c532cab848ad,survey,54899-0,Preferred language,English,,text
2022-08-27T20:13:03Z,c86c400e-ff88-a1e3-2e23-caa4d8311f47,c86c400e-ff88-a1e3-dc22-c532cab848ad,survey,93034-7,Discharged from the U.S. Armed Forces,No,,text
2022-08-27T20:13:03Z,c86c400e-ff88-a1e3-2e23-caa4d8311f47,c86c400e-ff88-a1e3-dc22-c532cab848ad,survey,93035-4,Has season or migrant farm work been your or your family's main source of income at any point in past 2 years [PRAPARE],No,,text
2022-08-27T20:13:03Z,c86c400e-ff88-a1e3-2e23-caa4d8311f47,c86c400e-ff88-a1e3-dc22-c532cab848ad,survey,32624-9,Race,White,,text
2022-08-27T20:13:03Z,c86c400e-ff88-a1e3-2e23-caa4d8311f47,c86c400e-ff88-a1e3-dc22-c532cab848ad,survey,56051-6,Hispanic or Latino,No,,text
2022-08-27T20:51:47Z,c86c400e-ff88-a1e3-2e23-caa4d8311f47,c86c400e-ff88-a1e3-dc22-c532cab848ad,survey,76504-0,Total score [HARK],0.0,{score},numeric
2022-08-27T21:31:28Z,c86c400e-ff88-a1e3-2e23-caa4d8311f47,c86c400e-ff88-a1e3-dc22-c532cab848ad,survey,55758-7,Patient Health Questionnaire 2 item (PHQ-2) total score [Reported],0.0,{score},numeric
2023-05-06T19:18:57Z,c86c400e-ff88-a1e3-2e23-caa4d8311f47,c86c400e-ff88-a1e3-500e-f04c1f936226,laboratory,2345-7,Glucose [Mass/volume] in Serum or Plasma,82.7,mg/dL,numeric
2023-05-06T19:18:57Z,c86c400e-ff88-a1e3-2e23-caa4d8311f47,c86c400e-ff88-a1e3-500e-f04c1f936226,laboratory,3094-0,Urea nitrogen [Mass/volume] in Serum or Plasma,7.2,mg/dL,numeric
2023-05-06T19:18:57Z,c86c400e-ff88-a1e3-2e23-caa4d8311f47,c86c400e-ff88-a1e3-500e-f04c1f936226,laboratory,2160-0,Creatinine [Mass/volume] in Serum or Plasma,2.0,mg/dL,numeric
2023-05-06T19:18:57Z,c86c400e-ff88-a1e3-2e23-caa4d8311f47,c86c400e-ff88-a1e3-500e-f04c1f936226,laboratory,17861-6,Calcium [Mass/volume] in Serum or Plasma,9.5,mg/dL,numeric
2023-05-06T19:18:57Z,c86c400e-ff88-a1e3-2e23-caa4d8311f47,c86c400e-ff88-a1e3-500e-f04c1f936226,laboratory,2951-2,Sodium [Moles/volume] in Serum or Plasma,136.4,mmol/L,numeric
2023-05-06T19:18:57Z,c86c400e-ff88-a1e3-2e23-caa4d8311f47,c86c400e-ff88-a1e3-500e-f04c1f936226,laboratory,2823-3,Potassium [Moles/volume] in Serum or Plasma,4.3,mmol/L,numeric
2023-05-06T19:18:57Z,c86c400e-ff88-a1e3-2e23-caa4d8311f47,c86c400e-ff88-a1e3-500e-f04c1f936226,laboratory,2075-0,Chloride [Moles/volume] in Serum or Plasma,105.4,mmol/L,numeric
2023-05-06T19:18:57Z,c86c400e-ff88-a1e3-2e23-caa4d8311f47,c86c400e-ff88-a1e3-500e-f04c1f936226,laboratory,2028-9,Carbon dioxide  total [Moles/volume] in Serum or Plasma,25.8,mmol/L,numeric
2023-05-06T19:18:57Z,c86c400e-ff88-a1e3-2e23-caa4d8311f47,c86c400e-ff88-a1e3-500e-f04c1f936226,laboratory,33914-3,Glomerular filtration rate [Volume Rate/Area] in Serum or Plasma by Creatinine-based formula (MDRD)/1.73 sq M,81.0,mL/min/{1.73_m2},numeric
2023-05-06T19:18:57Z,c86c400e-ff88-a1e3-2e23-caa4d8311f47,c86c400e-ff88-a1e3-500e-f04c1f936226,laboratory,5767-9,Appearance of Urine,Cloudy urine (finding),{nominal},text
2023-05-06T19:18:57Z,c86c400e-ff88-a1e3-2e23-caa4d8311f47,c86c400e-ff88-a1e3-500e-f04c1f936226,laboratory,34533-0,Odor of Urine,Urine smell ammoniacal (finding),{nominal},text
2023-05-06T19:18:57Z,c86c400e-ff88-a1e3-2e23-caa4d8311f47,c86c400e-ff88-a1e3-500e-f04c1f936226,laboratory,32167-9,Clarity of Urine,Translucent (qualifier value),{nominal},text
2023-05-06T19:18:57Z,c86c400e-ff88-a1e3-2e23-caa4d8311f47,c86c400e-ff88-a1e3-500e-f04c1f936226,laboratory,5778-6,Color of Urine,Brown color (qualifier value),{nominal},text
2023-05-06T19:18:57Z,c86c400e-ff88-a1e3-2e23-caa4d8311f47,c86c400e-ff88-a1e3-500e-f04c1f936226,laboratory,5792-7,Glucose [Mass/volume] in Urine by Test strip,0.5,mg/dL,numeric
2023-05-06T19:18:57Z,c86c400e-ff88-a1e3-2e23-caa4d8311f47,c86c400e-ff88-a1e3-500e-f04c1f936226,laboratory,25428-4,Glucose [Presence] in Urine by Test strip,Urine glucose test = ++ (finding),{nominal},text
2023-05-06T19:18:57Z,c86c400e-ff88-a1e3-2e23-caa4d8311f47,c86c400e-ff88-a1e3-500e-f04c1f936226,laboratory,20505-4,Bilirubin.total [Mass/volume] in Urine by Test strip,1.4,mg/dL,numeric
2023-05-06T19:18:57Z,c86c400e-ff88-a1e3-2e23-caa4d8311f47,c86c400e-ff88-a1e3-500e-f04c1f936226,laboratory,5770-3,Bilirubin.total [Presence] in Urine by Test strip,Finding of bilirubin in urine (finding),{nominal},text
2023-05-06T19:18:57Z,c86c400e-ff88-a1e3-2e23-caa4d8311f47,c86c400e-ff88-a1e3-500e-f04c1f936226,laboratory,5797-6,Ketones [Mass/volume] in Urine by Test strip,7.2,mg/dL,numeric
2023-05-06T19:18:57Z,c86c400e-ff88-a1e3-2e23-caa4d8311f47,c86c400e-ff88-a1e3-500e-f04c1f936226,laboratory,2514-8,Ketones [Presence] in Urine by Test strip,Urine ketone test = + (finding),{nominal},text
2023-05-06T19:18:57Z,c86c400e-ff88-a1e3-2e23-caa4d8311f47,c86c400e-ff88-a1e3-500e-f04c1f936226,laboratory,5811-5,Specific gravity of Urine by Test strip,1.0,{nominal},numeric
2023-05-06T19:18:57Z,c86c400e-ff88-a1e3-2e23-caa4d8311f47,c86c400e-ff88-a1e3-500e-f04c1f936226,laboratory,5803-2,pH of Urine by Test strip,5.8,pH,numeric
2023-05-06T19:18:57Z,c86c400e-ff88-a1e3-2e23-caa4d8311f47,c86c400e-ff88-a1e3-500e-f04c1f936226,laboratory,5804-0,Protein [Mass/volume] in Urine by Test strip,170.7,mg/dL,numeric
2023-05-06T19:18:57Z,c86c400e-ff88-a1e3-2e23-caa4d8311f47,c86c400e-ff88-a1e3-500e-f04c1f936226,laboratory,20454-5,Protein [Presence] in Urine by Test strip,Urine protein test = ++ (finding),{nominal},text
2023-05-06T19:18:57Z,c86c400e-ff88-a1e3-2e23-caa4d8311f47,c86c400e-ff88-a1e3-500e-f04c1f936226,laboratory,5802-4,Nitrite [Presence] in Urine by Test strip,Nitrite not detected in urine (finding),{nominal},text
2023-05-06T19:18:57Z,c86c400e-ff88-a1e3-2e23-caa4d8311f47,c86c400e-ff88-a1e3-500e-f04c1f936226,laboratory,5794-3,Hemoglobin [Presence] in Urine by Test strip,Blood not detected in urine (finding),{nominal},text
2023-05-06T19:18:57Z,c86c400e-ff88-a1e3-2e23-caa4d8311f47,c86c400e-ff88-a1e3-500e-f04c1f936226,laboratory,5799-2,Leukocyte esterase [Presence] in Urine by Test strip,Urine leukocytes not detected (finding),{nominal},text
2023-05-06T19:18:57Z,c86c400e-ff88-a1e3-2e23-caa4d8311f47,c86c400e-ff88-a1e3-500e-f04c1f936226,vital-signs,8302-2,Body Height,161.4,cm,numeric
2023-05-06T19:18:57Z,c86c400e-ff88-a1e3-2e23-caa4d8311f47,c86c400e-ff88-a1e3-500e-f04c1f936226,vital-signs,72514-3,Pain severity - 0-10 verbal numeric rating [Score] - Reported,2.0,{score},numeric
2023-05-06T19:18:57Z,c86c400e-ff88-a1e3-2e23-caa4d8311f47,c86c400e-ff88-a1e3-500e-f04c1f936226,vital-signs,29463-7,Body Weight,78.9,kg,numeric
2023-05-06T19:18:57Z,c86c400e-ff88-a1e3-2e23-caa4d8311f47,c86c400e-ff88-a1e3-500e-f04c1f936226,vital-signs,39156-5,Body mass index (BMI) [Ratio],30.3,kg/m2,numeric
2023-05-06T19:18:57Z,c86c400e-ff88-a1e3-2e23-caa4d8311f47,c86c400e-ff88-a1e3-500e-f04c1f936226,vital-signs,8462-4,Diastolic Blood Pressure,82.0,mm[Hg],numeric
2023-05-06T19:18:57Z,c86c400e-ff88-a1e3-2e23-caa4d8311f47,c86c400e-ff88-a1e3-500e-f04c1f936226,vital-signs,8480-6,Systolic Blood Pressure,135.0,mm[Hg],numeric
2023-05-06T19:18:57Z,c86c400e-ff88-a1e3-2e23-caa4d8311f47,c86c400e-ff88-a1e3-500e-f04c1f936226,vital-signs,8867-4,Heart rate,84.0,/min,numeric
2023-05-06T19:18:57Z,c86c400e-ff88-a1e3-2e23-caa4d8311f47,c86c400e-ff88-a1e3-500e-f04c1f936226,vital-signs,9279-1,Respiratory rate,15.0,/min,numeric
2023-05-06T19:18:57Z,c86c400e-ff88-a1e3-2e23-caa4d8311f47,c86c400e-ff88-a1e3-500e-f04c1f936226,laboratory,6690-2,Leukocytes [#/volume] in Blood by Automated count,5.8,10*3/uL,numeric
2023-05-06T19:18:57Z,c86c400e-ff88-a1e3-2e23-caa4d8311f47,c86c400e-ff88-a1e3-500e-f04c1f936226,laboratory,789-8,Erythrocytes [#/volume] in Blood by Automated count,5.2,10*6/uL,numeric
2023-05-06T19:18:57Z,c86c400e-ff88-a1e3-2e23-caa4d8311f47,c86c400e-ff88-a1e3-500e-f04c1f936226,laboratory,718-7,Hemoglobin [Mass/volume] in Blood,14.0,g/dL,numeric
2023-05-06T19:18:57Z,c86c400e-ff88-a1e3-2e23-caa4d8311f47,c86c400e-ff88-a1e3-500e-f04c1f936226,laboratory,4544-3,Hematocrit [Volume Fraction] of Blood by Automated count,46.8,%,numeric
2023-05-06T19:18:57Z,c86c400e-ff88-a1e3-2e23-caa4d8311f47,c86c400e-ff88-a1e3-500e-f04c1f936226,laboratory,787-2,MCV [Entitic mean volume] in Red Blood Cells by Automated count,92.9,fL,numeric
2023-05-06T19:18:57Z,c86c400e-ff88-a1e3-2e23-caa4d8311f47,c86c400e-ff88-a1e3-500e-f04c1f936226,laboratory,785-6,MCH [Entitic mass] by Automated count,27.6,pg,numeric
2023-05-06T19:18:57Z,c86c400e-ff88-a1e3-2e23-caa4d8311f47,c86c400e-ff88-a1e3-500e-f04c1f936226,laboratory,786-4,MCHC [Entitic Mass/volume] in Red Blood Cells by Automated count,34.4,g/dL,numeric
2023-05-06T19:18:57Z,c86c400e-ff88-a1e3-2e23-caa4d8311f47,c86c400e-ff88-a1e3-500e-f04c1f936226,laboratory,788-0,Erythrocyte [DistWidth] in Blood by Automated count,41.5,fL,numeric
2023-05-06T19:18:57Z,c86c400e-ff88-a1e3-2e23-caa4d8311f47,c86c400e-ff88-a1e3-500e-f04c1f936226,laboratory,777-3,Platelets [#/volume] in Blood by Automated count,215.8,10*3/uL,numeric
2023-05-06T19:18:57Z,c86c400e-ff88-a1e3-2e23-caa4d8311f47,c86c400e-ff88-a1e3-500e-f04c1f936226,laboratory,32207-3,Platelet distribution width [Entitic volume] in Blood by Automated count,224.4,fL,numeric
2023-05-06T19:18:57Z,c86c400e-ff88-a1e3-2e23-caa4d8311f47,c86c400e-ff88-a1e3-500e-f04c1f936226,laboratory,32623-1,Platelet [Entitic mean volume] in Blood by Automated count,9.6,fL,numeric
2023-05-06T19:18:57Z,c86c400e-ff88-a1e3-2e23-caa4d8311f47,c86c400e-ff88-a1e3-500e-f04c1f936226,social-history,72166-2,Tobacco smoking status,Never smoked tobacco (finding),,text
2023-05-06T19:55:46Z,c86c400e-ff88-a1e3-2e23-caa4d8311f47,c86c400e-ff88-a1e3-500e-f04c1f936226,survey,76501-6,Within the last year  have you been afraid of your partner or ex-partner,No,,text
2023-05-06T19:55:46Z,c86c400e-ff88-a1e3-2e23-caa4d8311f47,c86c400e-ff88-a1e3-500e-f04c1f936226,survey,93026-3,Do you feel physically and emotionally safe where you currently live [PRAPARE],Yes,,text
2023-05-06T19:55:46Z,c86c400e-ff88-a1e3-2e23-caa4d8311f47,c86c400e-ff88-a1e3-500e-f04c1f936226,survey,93027-1,Are you a refugee,No,,text
2023-05-06T19:55:46Z,c86c400e-ff88-a1e3-2e23-caa4d8311f47,c86c400e-ff88-a1e3-500e-f04c1f936226,survey,93028-9,Have you spent more than 2 nights in a row in a jail  prison  detention center  or juvenile correctional facility in past 1 year [PRAPARE],No,,text
2023-05-06T19:55:46Z,c86c400e-ff88-a1e3-2e23-caa4d8311f47,c86c400e-ff88-a1e3-500e-f04c1f936226,survey,93038-8,Stress level,Not at all,,text
2023-05-06T19:55:46Z,c86c400e-ff88-a1e3-2e23-caa4d8311f47,c86c400e-ff88-a1e3-500e-f04c1f936226,survey,93029-7,How often do you see or talk to people that you care about and feel close to [PRAPARE],5 or more times a week,,text
2023-05-06T19:55:46Z,c86c400e-ff88-a1e3-2e23-caa4d8311f47,c86c400e-ff88-a1e3-500e-f04c1f936226,survey,93030-5,Has lack of transportation kept you from medical appointments  meetings  work  or from getting things needed for daily living,Yes  it has kept me from non-medical meetings  appointments  work  or from getting things that I need,,text
2023-05-06T19:55:46Z,c86c400e-ff88-a1e3-2e23-caa4d8311f47,c86c400e-ff88-a1e3-500e-f04c1f936226,survey,93031-3,Have you or any family members you live with been unable to get any of the following when it was really needed in past 1 year [PRAPARE],I choose not to answer this question,,text
2023-05-06T19:55:46Z,c86c400e-ff88-a1e3-2e23-caa4d8311f47,c86c400e-ff88-a1e3-500e-f04c1f936226,survey,63586-2,What was your best estimate of the total income of all family members from all sources  before taxes  in last year [PhenX],54396,/a,text
2023-05-06T19:55:46Z,c86c400e-ff88-a1e3-2e23-caa4d8311f47,c86c400e-ff88-a1e3-500e-f04c1f936226,survey,76437-3,Primary insurance,Private insurance,,text
2023-05-06T19:55:46Z,c86c400e-ff88-a1e3-2e23-caa4d8311f47,c86c400e-ff88-a1e3-500e-f04c1f936226,survey,67875-5,Employment status - current,Part-time or temporary work,,text
2023-05-06T19:55:46Z,c86c400e-ff88-a1e3-2e23-caa4d8311f47,c86c400e-ff88-a1e3-500e-f04c1f936226,survey,82589-3,Highest level of education,More than high school,,text
2023-05-06T19:55:46Z,c86c400e-ff88-a1e3-2e23-caa4d8311f47,c86c400e-ff88-a1e3-500e-f04c1f936226,survey,56799-0,Address,479 Haag Camp,,text
2023-05-06T19:55:46Z,c86c400e-ff88-a1e3-2e23-caa4d8311f47,c86c400e-ff88-a1e3-500e-f04c1f936226,survey,93033-9,Are you worried about losing your housing [PRAPARE],No,,text
2023-05-06T19:55:46Z,c86c400e-ff88-a1e3-2e23-caa4d8311f47,c86c400e-ff88-a1e3-500e-f04c1f936226,survey,71802-3,Housing status,I have housing,,text
2023-05-06T19:55:46Z,c86c400e-ff88-a1e3-2e23-caa4d8311f47,c86c400e-ff88-a1e3-500e-f04c1f936226,survey,63512-8,How many people are living or staying at this address [#],7.0,{#},numeric
2023-05-06T19:55:46Z,c86c400e-ff88-a1e3-2e23-caa4d8311f47,c86c400e-ff88-a1e3-500e-f04c1f936226,survey,54899-0,Preferred language,English,,text
2023-05-06T19:55:46Z,c86c400e-ff88-a1e3-2e23-caa4d8311f47,c86c400e-ff88-a1e3-500e-f04c1f936226,survey,93034-7,Discharged from the U.S. Armed Forces,No,,text
2023-05-06T19:55:46Z,c86c400e-ff88-a1e3-2e23-caa4d8311f47,c86c400e-ff88-a1e3-500e-f04c1f936226,survey,93035-4,Has season or migrant farm work been your or your family's main source of income at any point in past 2 years [PRAPARE],No,,text
2023-05-06T19:55:46Z,c86c400e-ff88-a1e3-2e23-caa4d8311f47,c86c400e-ff88-a1e3-500e-f04c1f936226,survey,32624-9,Race,White,,text
2023-05-06T19:55:46Z,c86c400e-ff88-a1e3-2e23-caa4d8311f47,c86c400e-ff88-a1e3-500e-f04c1f936226,survey,56051-6,Hispanic or Latino,No,,text
2023-05-06T20:30:39Z,c86c400e-ff88-a1e3-2e23-caa4d8311f47,c86c400e-ff88-a1e3-500e-f04c1f936226,survey,55758-7,Patient Health Questionnaire 2 item (PHQ-2) total score [Reported],1.0,{score},numeric
2024-05-11T19:18:57Z,c86c400e-ff88-a1e3-2e23-caa4d8311f47,c86c400e-ff88-a1e3-e544-a67060af7659,laboratory,2345-7,Glucose [Mass/volume] in Serum or Plasma,90.6,mg/dL,numeric
2024-05-11T19:18:57Z,c86c400e-ff88-a1e3-2e23-caa4d8311f47,c86c400e-ff88-a1e3-e544-a67060af7659,laboratory,3094-0,Urea nitrogen [Mass/volume] in Serum or Plasma,13.7,mg/dL,numeric
2024-05-11T19:18:57Z,c86c400e-ff88-a1e3-2e23-caa4d8311f47,c86c400e-ff88-a1e3-e544-a67060af7659,laboratory,2160-0,Creatinine [Mass/volume] in Serum or Plasma,1.9,mg/dL,numeric
2024-05-11T19:18:57Z,c86c400e-ff88-a1e3-2e23-caa4d8311f47,c86c400e-ff88-a1e3-e544-a67060af7659,laboratory,17861-6,Calcium [Mass/volume] in Serum or Plasma,9.7,mg/dL,numeric
2024-05-11T19:18:57Z,c86c400e-ff88-a1e3-2e23-caa4d8311f47,c86c400e-ff88-a1e3-e544-a67060af7659,laboratory,2951-2,Sodium [Moles/volume] in Serum or Plasma,136.9,mmol/L,numeric
2024-05-11T19:18:57Z,c86c400e-ff88-a1e3-2e23-caa4d8311f47,c86c400e-ff88-a1e3-e544-a67060af7659,laboratory,2823-3,Potassium [Moles/volume] in Serum or Plasma,5.1,mmol/L,numeric
2024-05-11T19:18:57Z,c86c400e-ff88-a1e3-2e23-caa4d8311f47,c86c400e-ff88-a1e3-e544-a67060af7659,laboratory,2075-0,Chloride [Moles/volume] in Serum or Plasma,110.3,mmol/L,numeric
2024-05-11T19:18:57Z,c86c400e-ff88-a1e3-2e23-caa4d8311f47,c86c400e-ff88-a1e3-e544-a67060af7659,laboratory,2028-9,Carbon dioxide  total [Moles/volume] in Serum or Plasma,20.0,mmol/L,numeric
2024-05-11T19:18:57Z,c86c400e-ff88-a1e3-2e23-caa4d8311f47,c86c400e-ff88-a1e3-e544-a67060af7659,laboratory,33914-3,Glomerular filtration rate [Volume Rate/Area] in Serum or Plasma by Creatinine-based formula (MDRD)/1.73 sq M,67.0,mL/min/{1.73_m2},numeric
2024-05-11T19:18:57Z,c86c400e-ff88-a1e3-2e23-caa4d8311f47,c86c400e-ff88-a1e3-e544-a67060af7659,laboratory,5767-9,Appearance of Urine,Cloudy urine (finding),{nominal},text
2024-05-11T19:18:57Z,c86c400e-ff88-a1e3-2e23-caa4d8311f47,c86c400e-ff88-a1e3-e544-a67060af7659,laboratory,34533-0,Odor of Urine,Urine smell ammoniacal (finding),{nominal},text
2024-05-11T19:18:57Z,c86c400e-ff88-a1e3-2e23-caa4d8311f47,c86c400e-ff88-a1e3-e544-a67060af7659,laboratory,32167-9,Clarity of Urine,Translucent (qualifier value),{nominal},text
2024-05-11T19:18:57Z,c86c400e-ff88-a1e3-2e23-caa4d8311f47,c86c400e-ff88-a1e3-e544-a67060af7659,laboratory,5778-6,Color of Urine,Brown color (qualifier value),{nominal},text
2024-05-11T19:18:57Z,c86c400e-ff88-a1e3-2e23-caa4d8311f47,c86c400e-ff88-a1e3-e544-a67060af7659,laboratory,5792-7,Glucose [Mass/volume] in Urine by Test strip,1.3,mg/dL,numeric
2024-05-11T19:18:57Z,c86c400e-ff88-a1e3-2e23-caa4d8311f47,c86c400e-ff88-a1e3-e544-a67060af7659,laboratory,25428-4,Glucose [Presence] in Urine by Test strip,Urine glucose test = ++ (finding),{nominal},text
2024-05-11T19:18:57Z,c86c400e-ff88-a1e3-2e23-caa4d8311f47,c86c400e-ff88-a1e3-e544-a67060af7659,laboratory,20505-4,Bilirubin.total [Mass/volume] in Urine by Test strip,1.3,mg/dL,numeric
2024-05-11T19:18:57Z,c86c400e-ff88-a1e3-2e23-caa4d8311f47,c86c400e-ff88-a1e3-e544-a67060af7659,laboratory,5770-3,Bilirubin.total [Presence] in Urine by Test strip,Finding of bilirubin in urine (finding),{nominal},text
2024-05-11T19:18:57Z,c86c400e-ff88-a1e3-2e23-caa4d8311f47,c86c400e-ff88-a1e3-e544-a67060af7659,laboratory,5797-6,Ketones [Mass/volume] in Urine by Test strip,16.8,mg/dL,numeric
2024-05-11T19:18:57Z,c86c400e-ff88-a1e3-2e23-caa4d8311f47,c86c400e-ff88-a1e3-e544-a67060af7659,laboratory,2514-8,Ketones [Presence] in Urine by Test strip,Urine ketone test = + (finding),{nominal},text
2024-05-11T19:18:57Z,c86c400e-ff88-a1e3-2e23-caa4d8311f47,c86c400e-ff88-a1e3-e544-a67060af7659,laboratory,5811-5,Specific gravity of Urine by Test strip,1.0,{nominal},numeric
2024-05-11T19:18:57Z,c86c400e-ff88-a1e3-2e23-caa4d8311f47,c86c400e-ff88-a1e3-e544-a67060af7659,laboratory,5803-2,pH of Urine by Test strip,6.0,pH,numeric
2024-05-11T19:18:57Z,c86c400e-ff88-a1e3-2e23-caa4d8311f47,c86c400e-ff88-a1e3-e544-a67060af7659,laboratory,5804-0,Protein [Mass/volume] in Urine by Test strip,187.3,mg/dL,numeric
2024-05-11T19:18:57Z,c86c400e-ff88-a1e3-2e23-caa4d8311f47,c86c400e-ff88-a1e3-e544-a67060af7659,laboratory,20454-5,Protein [Presence] in Urine by Test strip,Urine protein test = ++ (finding),{nominal},text
2024-05-11T19:18:57Z,c86c400e-ff88-a1e3-2e23-caa4d8311f47,c86c400e-ff88-a1e3-e544-a67060af7659,laboratory,5802-4,Nitrite [Presence] in Urine by Test strip,Nitrite not detected in urine (finding),{nominal},text
2024-05-11T19:18:57Z,c86c400e-ff88-a1e3-2e23-caa4d8311f47,c86c400e-ff88-a1e3-e544-a67060af7659,laboratory,5794-3,Hemoglobin [Presence] in Urine by Test strip,Blood not detected in urine (finding),{nominal},text
2024-05-11T19:18:57Z,c86c400e-ff88-a1e3-2e23-caa4d8311f47,c86c400e-ff88-a1e3-e544-a67060af7659,laboratory,5799-2,Leukocyte esterase [Presence] in Urine by Test strip,Urine leukocytes not detected (finding),{nominal},text
2024-05-11T19:18:57Z,c86c400e-ff88-a1e3-2e23-caa4d8311f47,c86c400e-ff88-a1e3-e544-a67060af7659,vital-signs,8302-2,Body Height,161.4,cm,numeric
2024-05-11T19:18:57Z,c86c400e-ff88-a1e3-2e23-caa4d8311f47,c86c400e-ff88-a1e3-e544-a67060af7659,vital-signs,72514-3,Pain severity - 0-10 verbal numeric rating [Score] - Reported,4.0,{score},numeric
2024-05-11T19:18:57Z,c86c400e-ff88-a1e3-2e23-caa4d8311f47,c86c400e-ff88-a1e3-e544-a67060af7659,vital-signs,29463-7,Body Weight,78.9,kg,numeric
2024-05-11T19:18:57Z,c86c400e-ff88-a1e3-2e23-caa4d8311f47,c86c400e-ff88-a1e3-e544-a67060af7659,vital-signs,39156-5,Body mass index (BMI) [Ratio],30.3,kg/m2,numeric
2024-05-11T19:18:57Z,c86c400e-ff88-a1e3-2e23-caa4d8311f47,c86c400e-ff88-a1e3-e544-a67060af7659,vital-signs,8462-4,Diastolic Blood Pressure,83.0,mm[Hg],numeric
2024-05-11T19:18:57Z,c86c400e-ff88-a1e3-2e23-caa4d8311f47,c86c400e-ff88-a1e3-e544-a67060af7659,vital-signs,8480-6,Systolic Blood Pressure,135.0,mm[Hg],numeric
2024-05-11T19:18:57Z,c86c400e-ff88-a1e3-2e23-caa4d8311f47,c86c400e-ff88-a1e3-e544-a67060af7659,vital-signs,8867-4,Heart rate,79.0,/min,numeric
2024-05-11T19:18:57Z,c86c400e-ff88-a1e3-2e23-caa4d8311f47,c86c400e-ff88-a1e3-e544-a67060af7659,vital-signs,9279-1,Respiratory rate,14.0,/min,numeric
2024-05-11T19:18:57Z,c86c400e-ff88-a1e3-2e23-caa4d8311f47,c86c400e-ff88-a1e3-e544-a67060af7659,social-history,72166-2,Tobacco smoking status,Never smoked tobacco (finding),,text
2024-05-11T20:08:03Z,c86c400e-ff88-a1e3-2e23-caa4d8311f47,c86c400e-ff88-a1e3-e544-a67060af7659,survey,76501-6,Within the last year  have you been afraid of your partner or ex-partner,No,,text
2024-05-11T20:08:03Z,c86c400e-ff88-a1e3-2e23-caa4d8311f47,c86c400e-ff88-a1e3-e544-a67060af7659,survey,93026-3,Do you feel physically and emotionally safe where you currently live [PRAPARE],Yes,,text
2024-05-11T20:08:03Z,c86c400e-ff88-a1e3-2e23-caa4d8311f47,c86c400e-ff88-a1e3-e544-a67060af7659,survey,93027-1,Are you a refugee,No,,text
2024-05-11T20:08:03Z,c86c400e-ff88-a1e3-2e23-caa4d8311f47,c86c400e-ff88-a1e3-e544-a67060af7659,survey,93028-9,Have you spent more than 2 nights in a row in a jail  prison  detention center  or juvenile correctional facility in past 1 year [PRAPARE],No,,text
2024-05-11T20:08:03Z,c86c400e-ff88-a1e3-2e23-caa4d8311f47,c86c400e-ff88-a1e3-e544-a67060af7659,survey,93038-8,Stress level,A little bit,,text
2024-05-11T20:08:03Z,c86c400e-ff88-a1e3-2e23-caa4d8311f47,c86c400e-ff88-a1e3-e544-a67060af7659,survey,93029-7,How often do you see or talk to people that you care about and feel close to [PRAPARE],3 to 5 times a week,,text
2024-05-11T20:08:03Z,c86c400e-ff88-a1e3-2e23-caa4d8311f47,c86c400e-ff88-a1e3-e544-a67060af7659,survey,93030-5,Has lack of transportation kept you from medical appointments  meetings  work  or from getting things needed for daily living,Yes  it has kept me from non-medical meetings  appointments  work  or from getting things that I need,,text
2024-05-11T20:08:03Z,c86c400e-ff88-a1e3-2e23-caa4d8311f47,c86c400e-ff88-a1e3-e544-a67060af7659,survey,93031-3,Have you or any family members you live with been unable to get any of the following when it was really needed in past 1 year [PRAPARE],Food,,text
2024-05-11T20:08:03Z,c86c400e-ff88-a1e3-2e23-caa4d8311f47,c86c400e-ff88-a1e3-e544-a67060af7659,survey,63586-2,What was your best estimate of the total income of all family members from all sources  before taxes  in last year [PhenX],54396,/a,text
2024-05-11T20:08:03Z,c86c400e-ff88-a1e3-2e23-caa4d8311f47,c86c400e-ff88-a1e3-e544-a67060af7659,survey,76437-3,Primary insurance,Private insurance,,text
2024-05-11T20:08:03Z,c86c400e-ff88-a1e3-2e23-caa4d8311f47,c86c400e-ff88-a1e3-e544-a67060af7659,survey,67875-5,Employment status - current,Otherwise unemployed but not seeking work (ex: student  retired  disabled  unpaid primary care giver),,text
2024-05-11T20:08:03Z,c86c400e-ff88-a1e3-2e23-caa4d8311f47,c86c400e-ff88-a1e3-e544-a67060af7659,survey,82589-3,Highest level of education,More than high school,,text
2024-05-11T20:08:03Z,c86c400e-ff88-a1e3-2e23-caa4d8311f47,c86c400e-ff88-a1e3-e544-a67060af7659,survey,56799-0,Address,479 Haag Camp,,text
2024-05-11T20:08:03Z,c86c400e-ff88-a1e3-2e23-caa4d8311f47,c86c400e-ff88-a1e3-e544-a67060af7659,survey,93033-9,Are you worried about losing your housing [PRAPARE],No,,text
2024-05-11T20:08:03Z,c86c400e-ff88-a1e3-2e23-caa4d8311f47,c86c400e-ff88-a1e3-e544-a67060af7659,survey,71802-3,Housing status,I have housing,,text
2024-05-11T20:08:03Z,c86c400e-ff88-a1e3-2e23-caa4d8311f47,c86c400e-ff88-a1e3-e544-a67060af7659,survey,63512-8,How many people are living or staying at this address [#],7.0,{#},numeric
2024-05-11T20:08:03Z,c86c400e-ff88-a1e3-2e23-caa4d8311f47,c86c400e-ff88-a1e3-e544-a67060af7659,survey,54899-0,Preferred language,English,,text
2024-05-11T20:08:03Z,c86c400e-ff88-a1e3-2e23-caa4d8311f47,c86c400e-ff88-a1e3-e544-a67060af7659,survey,93034-7,Discharged from the U.S. Armed Forces,No,,text
2024-05-11T20:08:03Z,c86c400e-ff88-a1e3-2e23-caa4d8311f47,c86c400e-ff88-a1e3-e544-a67060af7659,survey,93035-4,Has season or migrant farm work been your or your family's main source of income at any point in past 2 years [PRAPARE],No,,text
2024-05-11T20:08:03Z,c86c400e-ff88-a1e3-2e23-caa4d8311f47,c86c400e-ff88-a1e3-e544-a67060af7659,survey,32624-9,Race,White,,text
2024-05-11T20:08:03Z,c86c400e-ff88-a1e3-2e23-caa4d8311f47,c86c400e-ff88-a1e3-e544-a67060af7659,survey,56051-6,Hispanic or Latino,No,,text
2024-05-11T20:40:03Z,c86c400e-ff88-a1e3-2e23-caa4d8311f47,c86c400e-ff88-a1e3-e544-a67060af7659,survey,75626-2,Total score [AUDIT-C],7.0,{score},numeric
2024-08-17T19:18:57Z,c86c400e-ff88-a1e3-2e23-caa4d8311f47,c86c400e-ff88-a1e3-50d8-a85851ff5ba0,laboratory,2345-7,Glucose [Mass/volume] in Serum or Plasma,83.6,mg/dL,numeric
2024-08-17T19:18:57Z,c86c400e-ff88-a1e3-2e23-caa4d8311f47,c86c400e-ff88-a1e3-50d8-a85851ff5ba0,laboratory,3094-0,Urea nitrogen [Mass/volume] in Serum or Plasma,7.9,mg/dL,numeric
2024-08-17T19:18:57Z,c86c400e-ff88-a1e3-2e23-caa4d8311f47,c86c400e-ff88-a1e3-50d8-a85851ff5ba0,laboratory,2160-0,Creatinine [Mass/volume] in Serum or Plasma,1.9,mg/dL,numeric
2024-08-17T19:18:57Z,c86c400e-ff88-a1e3-2e23-caa4d8311f47,c86c400e-ff88-a1e3-50d8-a85851ff5ba0,laboratory,17861-6,Calcium [Mass/volume] in Serum or Plasma,9.1,mg/dL,numeric
2024-08-17T19:18:57Z,c86c400e-ff88-a1e3-2e23-caa4d8311f47,c86c400e-ff88-a1e3-50d8-a85851ff5ba0,laboratory,2951-2,Sodium [Moles/volume] in Serum or Plasma,142.3,mmol/L,numeric
2024-08-17T19:18:57Z,c86c400e-ff88-a1e3-2e23-caa4d8311f47,c86c400e-ff88-a1e3-50d8-a85851ff5ba0,laboratory,2823-3,Potassium [Moles/volume] in Serum or Plasma,5.0,mmol/L,numeric
2024-08-17T19:18:57Z,c86c400e-ff88-a1e3-2e23-caa4d8311f47,c86c400e-ff88-a1e3-50d8-a85851ff5ba0,laboratory,2075-0,Chloride [Moles/volume] in Serum or Plasma,104.7,mmol/L,numeric
2024-08-17T19:18:57Z,c86c400e-ff88-a1e3-2e23-caa4d8311f47,c86c400e-ff88-a1e3-50d8-a85851ff5ba0,laboratory,2028-9,Carbon dioxide  total [Moles/volume] in Serum or Plasma,28.8,mmol/L,numeric
2024-08-17T19:18:57Z,c86c400e-ff88-a1e3-2e23-caa4d8311f47,c86c400e-ff88-a1e3-50d8-a85851ff5ba0,laboratory,33914-3,Glomerular filtration rate [Volume Rate/Area] in Serum or Plasma by Creatinine-based formula (MDRD)/1.73 sq M,71.8,mL/min/{1.73_m2},numeric
2024-08-17T19:18:57Z,c86c400e-ff88-a1e3-2e23-caa4d8311f47,c86c400e-ff88-a1e3-50d8-a85851ff5ba0,laboratory,5767-9,Appearance of Urine,Cloudy urine (finding),{nominal},text
2024-08-17T19:18:57Z,c86c400e-ff88-a1e3-2e23-caa4d8311f47,c86c400e-ff88-a1e3-50d8-a85851ff5ba0,laboratory,34533-0,Odor of Urine,Urine smell ammoniacal (finding),{nominal},text
2024-08-17T19:18:57Z,c86c400e-ff88-a1e3-2e23-caa4d8311f47,c86c400e-ff88-a1e3-50d8-a85851ff5ba0,laboratory,32167-9,Clarity of Urine,Translucent (qualifier value),{nominal},text
2024-08-17T19:18:57Z,c86c400e-ff88-a1e3-2e23-caa4d8311f47,c86c400e-ff88-a1e3-50d8-a85851ff5ba0,laboratory,5778-6,Color of Urine,Brown color (qualifier value),{nominal},text
2024-08-17T19:18:57Z,c86c400e-ff88-a1e3-2e23-caa4d8311f47,c86c400e-ff88-a1e3-50d8-a85851ff5ba0,laboratory,5792-7,Glucose [Mass/volume] in Urine by Test strip,0.6,mg/dL,numeric
2024-08-17T19:18:57Z,c86c400e-ff88-a1e3-2e23-caa4d8311f47,c86c400e-ff88-a1e3-50d8-a85851ff5ba0,laboratory,25428-4,Glucose [Presence] in Urine by Test strip,Urine glucose test = ++ (finding),{nominal},text
2024-08-17T19:18:57Z,c86c400e-ff88-a1e3-2e23-caa4d8311f47,c86c400e-ff88-a1e3-50d8-a85851ff5ba0,laboratory,20505-4,Bilirubin.total [Mass/volume] in Urine by Test strip,1.2,mg/dL,numeric
2024-08-17T19:18:57Z,c86c400e-ff88-a1e3-2e23-caa4d8311f47,c86c400e-ff88-a1e3-50d8-a85851ff5ba0,laboratory,5770-3,Bilirubin.total [Presence] in Urine by Test strip,Finding of bilirubin in urine (finding),{nominal},text
2024-08-17T19:18:57Z,c86c400e-ff88-a1e3-2e23-caa4d8311f47,c86c400e-ff88-a1e3-50d8-a85851ff5ba0,laboratory,5797-6,Ketones [Mass/volume] in Urine by Test strip,9.2,mg/dL,numeric
2024-08-17T19:18:57Z,c86c400e-ff88-a1e3-2e23-caa4d8311f47,c86c400e-ff88-a1e3-50d8-a85851ff5ba0,laboratory,2514-8,Ketones [Presence] in Urine by Test strip,Urine ketone test = + (finding),{nominal},text
2024-08-17T19:18:57Z,c86c400e-ff88-a1e3-2e23-caa4d8311f47,c86c400e-ff88-a1e3-50d8-a85851ff5ba0,laboratory,5811-5,Specific gravity of Urine by Test strip,1.0,{nominal},numeric
2024-08-17T19:18:57Z,c86c400e-ff88-a1e3-2e23-caa4d8311f47,c86c400e-ff88-a1e3-50d8-a85851ff5ba0,laboratory,5803-2,pH of Urine by Test strip,6.1,pH,numeric
2024-08-17T19:18:57Z,c86c400e-ff88-a1e3-2e23-caa4d8311f47,c86c400e-ff88-a1e3-50d8-a85851ff5ba0,laboratory,5804-0,Protein [Mass/volume] in Urine by Test strip,295.0,mg/dL,numeric
2024-08-17T19:18:57Z,c86c400e-ff88-a1e3-2e23-caa4d8311f47,c86c400e-ff88-a1e3-50d8-a85851ff5ba0,laboratory,20454-5,Protein [Presence] in Urine by Test strip,Urine protein test = ++ (finding),{nominal},text
2024-08-17T19:18:57Z,c86c400e-ff88-a1e3-2e23-caa4d8311f47,c86c400e-ff88-a1e3-50d8-a85851ff5ba0,laboratory,5802-4,Nitrite [Presence] in Urine by Test strip,Nitrite not detected in urine (finding),{nominal},text
2024-08-17T19:18:57Z,c86c400e-ff88-a1e3-2e23-caa4d8311f47,c86c400e-ff88-a1e3-50d8-a85851ff5ba0,laboratory,5794-3,Hemoglobin [Presence] in Urine by Test strip,Blood not detected in urine (finding),{nominal},text
2024-08-17T19:18:57Z,c86c400e-ff88-a1e3-2e23-caa4d8311f47,c86c400e-ff88-a1e3-50d8-a85851ff5ba0,laboratory,5799-2,Leukocyte esterase [Presence] in Urine by Test strip,Urine leukocytes not detected (finding),{nominal},text
2024-08-17T19:18:57Z,c86c400e-ff88-a1e3-2e23-caa4d8311f47,c86c400e-ff88-a1e3-50d8-a85851ff5ba0,vital-signs,8302-2,Body Height,161.4,cm,numeric
2024-08-17T19:18:57Z,c86c400e-ff88-a1e3-2e23-caa4d8311f47,c86c400e-ff88-a1e3-50d8-a85851ff5ba0,vital-signs,72514-3,Pain severity - 0-10 verbal numeric rating [Score] - Reported,3.0,{score},numeric
2024-08-17T19:18:57Z,c86c400e-ff88-a1e3-2e23-caa4d8311f47,c86c400e-ff88-a1e3-50d8-a85851ff5ba0,vital-signs,29463-7,Body Weight,78.9,kg,numeric
2024-08-17T19:18:57Z,c86c400e-ff88-a1e3-2e23-caa4d8311f47,c86c400e-ff88-a1e3-50d8-a85851ff5ba0,vital-signs,39156-5,Body mass index (BMI) [Ratio],30.3,kg/m2,numeric
2024-08-17T19:18:57Z,c86c400e-ff88-a1e3-2e23-caa4d8311f47,c86c400e-ff88-a1e3-50d8-a85851ff5ba0,vital-signs,8462-4,Diastolic Blood Pressure,80.0,mm[Hg],numeric
2024-08-17T19:18:57Z,c86c400e-ff88-a1e3-2e23-caa4d8311f47,c86c400e-ff88-a1e3-50d8-a85851ff5ba0,vital-signs,8480-6,Systolic Blood Pressure,136.0,mm[Hg],numeric
2024-08-17T19:18:57Z,c86c400e-ff88-a1e3-2e23-caa4d8311f47,c86c400e-ff88-a1e3-50d8-a85851ff5ba0,vital-signs,8867-4,Heart rate,94.0,/min,numeric
2024-08-17T19:18:57Z,c86c400e-ff88-a1e3-2e23-caa4d8311f47,c86c400e-ff88-a1e3-50d8-a85851ff5ba0,vital-signs,9279-1,Respiratory rate,15.0,/min,numeric
2024-08-17T19:18:57Z,c86c400e-ff88-a1e3-2e23-caa4d8311f47,c86c400e-ff88-a1e3-50d8-a85851ff5ba0,social-history,72166-2,Tobacco smoking status,Never smoked tobacco (finding),,text
2024-08-17T20:11:01Z,c86c400e-ff88-a1e3-2e23-caa4d8311f47,c86c400e-ff88-a1e3-50d8-a85851ff5ba0,survey,76501-6,Within the last year  have you been afraid of your partner or ex-partner,Yes,,text
2024-08-17T20:11:01Z,c86c400e-ff88-a1e3-2e23-caa4d8311f47,c86c400e-ff88-a1e3-50d8-a85851ff5ba0,survey,93026-3,Do you feel physically and emotionally safe where you currently live [PRAPARE],Yes,,text
2024-08-17T20:11:01Z,c86c400e-ff88-a1e3-2e23-caa4d8311f47,c86c400e-ff88-a1e3-50d8-a85851ff5ba0,survey,93027-1,Are you a refugee,No,,text
2024-08-17T20:11:01Z,c86c400e-ff88-a1e3-2e23-caa4d8311f47,c86c400e-ff88-a1e3-50d8-a85851ff5ba0,survey,93028-9,Have you spent more than 2 nights in a row in a jail  prison  detention center  or juvenile correctional facility in past 1 year [PRAPARE],No,,text
2024-08-17T20:11:01Z,c86c400e-ff88-a1e3-2e23-caa4d8311f47,c86c400e-ff88-a1e3-50d8-a85851ff5ba0,survey,93038-8,Stress level,A little bit,,text
2024-08-17T20:11:01Z,c86c400e-ff88-a1e3-2e23-caa4d8311f47,c86c400e-ff88-a1e3-50d8-a85851ff5ba0,survey,93029-7,How often do you see or talk to people that you care about and feel close to [PRAPARE],3 to 5 times a week,,text
2024-08-17T20:11:01Z,c86c400e-ff88-a1e3-2e23-caa4d8311f47,c86c400e-ff88-a1e3-50d8-a85851ff5ba0,survey,93030-5,Has lack of transportation kept you from medical appointments  meetings  work  or from getting things needed for daily living,Yes  it has kept me from medical appointments or from getting my medications,,text
2024-08-17T20:11:01Z,c86c400e-ff88-a1e3-2e23-caa4d8311f47,c86c400e-ff88-a1e3-50d8-a85851ff5ba0,survey,93031-3,Have you or any family members you live with been unable to get any of the following when it was really needed in past 1 year [PRAPARE],Child care,,text
2024-08-17T20:11:01Z,c86c400e-ff88-a1e3-2e23-caa4d8311f47,c86c400e-ff88-a1e3-50d8-a85851ff5ba0,survey,63586-2,What was your best estimate of the total income of all family members from all sources  before taxes  in last year [PhenX],54396,/a,text
2024-08-17T20:11:01Z,c86c400e-ff88-a1e3-2e23-caa4d8311f47,c86c400e-ff88-a1e3-50d8-a85851ff5ba0,survey,76437-3,Primary insurance,Private insurance,,text
2024-08-17T20:11:01Z,c86c400e-ff88-a1e3-2e23-caa4d8311f47,c86c400e-ff88-a1e3-50d8-a85851ff5ba0,survey,67875-5,Employment status - current,Full-time work,,text
2024-08-17T20:11:01Z,c86c400e-ff88-a1e3-2e23-caa4d8311f47,c86c400e-ff88-a1e3-50d8-a85851ff5ba0,survey,82589-3,Highest level of education,More than high school,,text
2024-08-17T20:11:01Z,c86c400e-ff88-a1e3-2e23-caa4d8311f47,c86c400e-ff88-a1e3-50d8-a85851ff5ba0,survey,56799-0,Address,479 Haag Camp,,text
2024-08-17T20:11:01Z,c86c400e-ff88-a1e3-2e23-caa4d8311f47,c86c400e-ff88-a1e3-50d8-a85851ff5ba0,survey,93033-9,Are you worried about losing your housing [PRAPARE],No,,text
2024-08-17T20:11:01Z,c86c400e-ff88-a1e3-2e23-caa4d8311f47,c86c400e-ff88-a1e3-50d8-a85851ff5ba0,survey,71802-3,Housing status,I have housing,,text
2024-08-17T20:11:01Z,c86c400e-ff88-a1e3-2e23-caa4d8311f47,c86c400e-ff88-a1e3-50d8-a85851ff5ba0,survey,63512-8,How many people are living or staying at this address [#],7.0,{#},numeric
2024-08-17T20:11:01Z,c86c400e-ff88-a1e3-2e23-caa4d8311f47,c86c400e-ff88-a1e3-50d8-a85851ff5ba0,survey,54899-0,Preferred language,English,,text
2024-08-17T20:11:01Z,c86c400e-ff88-a1e3-2e23-caa4d8311f47,c86c400e-ff88-a1e3-50d8-a85851ff5ba0,survey,93034-7,Discharged from the U.S. Armed Forces,No,,text
2024-08-17T20:11:01Z,c86c400e-ff88-a1e3-2e23-caa4d8311f47,c86c400e-ff88-a1e3-50d8-a85851ff5ba0,survey,93035-4,Has season or migrant farm work been your or your family's main source of income at any point in past 2 years [PRAPARE],No,,text
2024-08-17T20:11:01Z,c86c400e-ff88-a1e3-2e23-caa4d8311f47,c86c400e-ff88-a1e3-50d8-a85851ff5ba0,survey,32624-9,Race,White,,text
2024-08-17T20:11:01Z,c86c400e-ff88-a1e3-2e23-caa4d8311f47,c86c400e-ff88-a1e3-50d8-a85851ff5ba0,survey,56051-6,Hispanic or Latino,No,,text
2024-08-17T20:49:41Z,c86c400e-ff88-a1e3-2e23-caa4d8311f47,c86c400e-ff88-a1e3-50d8-a85851ff5ba0,survey,76504-0,Total score [HARK],0.0,{score},numeric
2024-08-17T21:24:59Z,c86c400e-ff88-a1e3-2e23-caa4d8311f47,c86c400e-ff88-a1e3-50d8-a85851ff5ba0,survey,55758-7,Patient Health Questionnaire 2 item (PHQ-2) total score [Reported],1.0,{score},numeric
2024-08-17T21:59:15Z,c86c400e-ff88-a1e3-2e23-caa4d8311f47,c86c400e-ff88-a1e3-50d8-a85851ff5ba0,survey,75626-2,Total score [AUDIT-C],1.0,{score},numeric
2024-12-14T19:18:57Z,c86c400e-ff88-a1e3-2e23-caa4d8311f47,c86c400e-ff88-a1e3-ff8a-073614fbb7fb,laboratory,2345-7,Glucose [Mass/volume] in Serum or Plasma,92.0,mg/dL,numeric
2024-12-14T19:18:57Z,c86c400e-ff88-a1e3-2e23-caa4d8311f47,c86c400e-ff88-a1e3-ff8a-073614fbb7fb,laboratory,3094-0,Urea nitrogen [Mass/volume] in Serum or Plasma,19.5,mg/dL,numeric
2024-12-14T19:18:57Z,c86c400e-ff88-a1e3-2e23-caa4d8311f47,c86c400e-ff88-a1e3-ff8a-073614fbb7fb,laboratory,2160-0,Creatinine [Mass/volume] in Serum or Plasma,2.0,mg/dL,numeric
2024-12-14T19:18:57Z,c86c400e-ff88-a1e3-2e23-caa4d8311f47,c86c400e-ff88-a1e3-ff8a-073614fbb7fb,laboratory,17861-6,Calcium [Mass/volume] in Serum or Plasma,9.1,mg/dL,numeric
2024-12-14T19:18:57Z,c86c400e-ff88-a1e3-2e23-caa4d8311f47,c86c400e-ff88-a1e3-ff8a-073614fbb7fb,laboratory,2951-2,Sodium [Moles/volume] in Serum or Plasma,136.2,mmol/L,numeric
2024-12-14T19:18:57Z,c86c400e-ff88-a1e3-2e23-caa4d8311f47,c86c400e-ff88-a1e3-ff8a-073614fbb7fb,laboratory,2823-3,Potassium [Moles/volume] in Serum or Plasma,4.3,mmol/L,numeric
2024-12-14T19:18:57Z,c86c400e-ff88-a1e3-2e23-caa4d8311f47,c86c400e-ff88-a1e3-ff8a-073614fbb7fb,laboratory,2075-0,Chloride [Moles/volume] in Serum or Plasma,106.8,mmol/L,numeric
2024-12-14T19:18:57Z,c86c400e-ff88-a1e3-2e23-caa4d8311f47,c86c400e-ff88-a1e3-ff8a-073614fbb7fb,laboratory,2028-9,Carbon dioxide  total [Moles/volume] in Serum or Plasma,27.7,mmol/L,numeric
2024-12-14T19:18:57Z,c86c400e-ff88-a1e3-2e23-caa4d8311f47,c86c400e-ff88-a1e3-ff8a-073614fbb7fb,laboratory,33914-3,Glomerular filtration rate [Volume Rate/Area] in Serum or Plasma by Creatinine-based formula (MDRD)/1.73 sq M,66.5,mL/min/{1.73_m2},numeric
2024-12-14T19:18:57Z,c86c400e-ff88-a1e3-2e23-caa4d8311f47,c86c400e-ff88-a1e3-ff8a-073614fbb7fb,laboratory,5767-9,Appearance of Urine,Cloudy urine (finding),{nominal},text
2024-12-14T19:18:57Z,c86c400e-ff88-a1e3-2e23-caa4d8311f47,c86c400e-ff88-a1e3-ff8a-073614fbb7fb,laboratory,34533-0,Odor of Urine,Urine smell ammoniacal (finding),{nominal},text
2024-12-14T19:18:57Z,c86c400e-ff88-a1e3-2e23-caa4d8311f47,c86c400e-ff88-a1e3-ff8a-073614fbb7fb,laboratory,32167-9,Clarity of Urine,Translucent (qualifier value),{nominal},text
2024-12-14T19:18:57Z,c86c400e-ff88-a1e3-2e23-caa4d8311f47,c86c400e-ff88-a1e3-ff8a-073614fbb7fb,laboratory,5778-6,Color of Urine,Brown color (qualifier value),{nominal},text
2024-12-14T19:18:57Z,c86c400e-ff88-a1e3-2e23-caa4d8311f47,c86c400e-ff88-a1e3-ff8a-073614fbb7fb,laboratory,5792-7,Glucose [Mass/volume] in Urine by Test strip,0.5,mg/dL,numeric
2024-12-14T19:18:57Z,c86c400e-ff88-a1e3-2e23-caa4d8311f47,c86c400e-ff88-a1e3-ff8a-073614fbb7fb,laboratory,25428-4,Glucose [Presence] in Urine by Test strip,Urine glucose test = ++ (finding),{nominal},text
2024-12-14T19:18:57Z,c86c400e-ff88-a1e3-2e23-caa4d8311f47,c86c400e-ff88-a1e3-ff8a-073614fbb7fb,laboratory,20505-4,Bilirubin.total [Mass/volume] in Urine by Test strip,0.2,mg/dL,numeric
2024-12-14T19:18:57Z,c86c400e-ff88-a1e3-2e23-caa4d8311f47,c86c400e-ff88-a1e3-ff8a-073614fbb7fb,laboratory,5770-3,Bilirubin.total [Presence] in Urine by Test strip,Finding of bilirubin in urine (finding),{nominal},text
2024-12-14T19:18:57Z,c86c400e-ff88-a1e3-2e23-caa4d8311f47,c86c400e-ff88-a1e3-ff8a-073614fbb7fb,laboratory,5797-6,Ketones [Mass/volume] in Urine by Test strip,10.7,mg/dL,numeric
2024-12-14T19:18:57Z,c86c400e-ff88-a1e3-2e23-caa4d8311f47,c86c400e-ff88-a1e3-ff8a-073614fbb7fb,laboratory,2514-8,Ketones [Presence] in Urine by Test strip,Urine ketone test = + (finding),{nominal},text
2024-12-14T19:18:57Z,c86c400e-ff88-a1e3-2e23-caa4d8311f47,c86c400e-ff88-a1e3-ff8a-073614fbb7fb,laboratory,5811-5,Specific gravity of Urine by Test strip,1.0,{nominal},numeric
2024-12-14T19:18:57Z,c86c400e-ff88-a1e3-2e23-caa4d8311f47,c86c400e-ff88-a1e3-ff8a-073614fbb7fb,laboratory,5803-2,pH of Urine by Test strip,6.4,pH,numeric
2024-12-14T19:18:57Z,c86c400e-ff88-a1e3-2e23-caa4d8311f47,c86c400e-ff88-a1e3-ff8a-073614fbb7fb,laboratory,5804-0,Protein [Mass/volume] in Urine by Test strip,164.5,mg/dL,numeric
2024-12-14T19:18:57Z,c86c400e-ff88-a1e3-2e23-caa4d8311f47,c86c400e-ff88-a1e3-ff8a-073614fbb7fb,laboratory,20454-5,Protein [Presence] in Urine by Test strip,Urine protein test = ++ (finding),{nominal},text
2024-12-14T19:18:57Z,c86c400e-ff88-a1e3-2e23-caa4d8311f47,c86c400e-ff88-a1e3-ff8a-073614fbb7fb,laboratory,5802-4,Nitrite [Presence] in Urine by Test strip,Nitrite not detected in urine (finding),{nominal},text
2024-12-14T19:18:57Z,c86c400e-ff88-a1e3-2e23-caa4d8311f47,c86c400e-ff88-a1e3-ff8a-073614fbb7fb,laboratory,5794-3,Hemoglobin [Presence] in Urine by Test strip,Blood not detected in urine (finding),{nominal},text
2024-12-14T19:18:57Z,c86c400e-ff88-a1e3-2e23-caa4d8311f47,c86c400e-ff88-a1e3-ff8a-073614fbb7fb,laboratory,5799-2,Leukocyte esterase [Presence] in Urine by Test strip,Urine leukocytes not detected (finding),{nominal},text
2024-12-14T19:18:57Z,c86c400e-ff88-a1e3-2e23-caa4d8311f47,c86c400e-ff88-a1e3-ff8a-073614fbb7fb,vital-signs,8302-2,Body Height,161.4,cm,numeric
2024-12-14T19:18:57Z,c86c400e-ff88-a1e3-2e23-caa4d8311f47,c86c400e-ff88-a1e3-ff8a-073614fbb7fb,vital-signs,72514-3,Pain severity - 0-10 verbal numeric rating [Score] - Reported,0.0,{score},numeric
2024-12-14T19:18:57Z,c86c400e-ff88-a1e3-2e23-caa4d8311f47,c86c400e-ff88-a1e3-ff8a-073614fbb7fb,vital-signs,29463-7,Body Weight,78.9,kg,numeric
2024-12-14T19:18:57Z,c86c400e-ff88-a1e3-2e23-caa4d8311f47,c86c400e-ff88-a1e3-ff8a-073614fbb7fb,vital-signs,39156-5,Body mass index (BMI) [Ratio],30.3,kg/m2,numeric
2024-12-14T19:18:57Z,c86c400e-ff88-a1e3-2e23-caa4d8311f47,c86c400e-ff88-a1e3-ff8a-073614fbb7fb,vital-signs,8462-4,Diastolic Blood Pressure,86.0,mm[Hg],numeric
2024-12-14T19:18:57Z,c86c400e-ff88-a1e3-2e23-caa4d8311f47,c86c400e-ff88-a1e3-ff8a-073614fbb7fb,vital-signs,8480-6,Systolic Blood Pressure,131.0,mm[Hg],numeric
2024-12-14T19:18:57Z,c86c400e-ff88-a1e3-2e23-caa4d8311f47,c86c400e-ff88-a1e3-ff8a-073614fbb7fb,vital-signs,8867-4,Heart rate,81.0,/min,numeric
2024-12-14T19:18:57Z,c86c400e-ff88-a1e3-2e23-caa4d8311f47,c86c400e-ff88-a1e3-ff8a-073614fbb7fb,vital-signs,9279-1,Respiratory rate,14.0,/min,numeric
2024-12-14T19:18:57Z,c86c400e-ff88-a1e3-2e23-caa4d8311f47,c86c400e-ff88-a1e3-ff8a-073614fbb7fb,social-history,72166-2,Tobacco smoking status,Never smoked tobacco (finding),,text
2024-12-14T20:12:22Z,c86c400e-ff88-a1e3-2e23-caa4d8311f47,c86c400e-ff88-a1e3-ff8a-073614fbb7fb,survey,76501-6,Within the last year  have you been afraid of your partner or ex-partner,No,,text
2024-12-14T20:12:22Z,c86c400e-ff88-a1e3-2e23-caa4d8311f47,c86c400e-ff88-a1e3-ff8a-073614fbb7fb,survey,93026-3,Do you feel physically and emotionally safe where you currently live [PRAPARE],Yes,,text
2024-12-14T20:12:22Z,c86c400e-ff88-a1e3-2e23-caa4d8311f47,c86c400e-ff88-a1e3-ff8a-073614fbb7fb,survey,93027-1,Are you a refugee,No,,text
2024-12-14T20:12:22Z,c86c400e-ff88-a1e3-2e23-caa4d8311f47,c86c400e-ff88-a1e3-ff8a-073614fbb7fb,survey,93028-9,Have you spent more than 2 nights in a row in a jail  prison  detention center  or juvenile correctional facility in past 1 year [PRAPARE],No,,text
2024-12-14T20:12:22Z,c86c400e-ff88-a1e3-2e23-caa4d8311f47,c86c400e-ff88-a1e3-ff8a-073614fbb7fb,survey,93038-8,Stress level,A little bit,,text
2024-12-14T20:12:22Z,c86c400e-ff88-a1e3-2e23-caa4d8311f47,c86c400e-ff88-a1e3-ff8a-073614fbb7fb,survey,93029-7,How often do you see or talk to people that you care about and feel close to [PRAPARE],3 to 5 times a week,,text
2024-12-14T20:12:22Z,c86c400e-ff88-a1e3-2e23-caa4d8311f47,c86c400e-ff88-a1e3-ff8a-073614fbb7fb,survey,93030-5,Has lack of transportation kept you from medical appointments  meetings  work  or from getting things needed for daily living,Yes  it has kept me from non-medical meetings  appointments  work  or from getting things that I need,,text
2024-12-14T20:12:22Z,c86c400e-ff88-a1e3-2e23-caa4d8311f47,c86c400e-ff88-a1e3-ff8a-073614fbb7fb,survey,93031-3,Have you or any family members you live with been unable to get any of the following when it was really needed in past 1 year [PRAPARE],Medicine or Any Health Care (Medical  Dental  Mental Health  Vision),,text
2024-12-14T20:12:22Z,c86c400e-ff88-a1e3-2e23-caa4d8311f47,c86c400e-ff88-a1e3-ff8a-073614fbb7fb,survey,63586-2,What was your best estimate of the total income of all family members from all sources  before taxes  in last year [PhenX],54396,/a,text
2024-12-14T20:12:22Z,c86c400e-ff88-a1e3-2e23-caa4d8311f47,c86c400e-ff88-a1e3-ff8a-073614fbb7fb,survey,76437-3,Primary insurance,Private insurance,,text
2024-12-14T20:12:22Z,c86c400e-ff88-a1e3-2e23-caa4d8311f47,c86c400e-ff88-a1e3-ff8a-073614fbb7fb,survey,67875-5,Employment status - current,Full-time work,,text
2024-12-14T20:12:22Z,c86c400e-ff88-a1e3-2e23-caa4d8311f47,c86c400e-ff88-a1e3-ff8a-073614fbb7fb,survey,82589-3,Highest level of education,More than high school,,text
2024-12-14T20:12:22Z,c86c400e-ff88-a1e3-2e23-caa4d8311f47,c86c400e-ff88-a1e3-ff8a-073614fbb7fb,survey,56799-0,Address,479 Haag Camp,,text
2024-12-14T20:12:22Z,c86c400e-ff88-a1e3-2e23-caa4d8311f47,c86c400e-ff88-a1e3-ff8a-073614fbb7fb,survey,93033-9,Are you worried about losing your housing [PRAPARE],No,,text
2024-12-14T20:12:22Z,c86c400e-ff88-a1e3-2e23-caa4d8311f47,c86c400e-ff88-a1e3-ff8a-073614fbb7fb,survey,71802-3,Housing status,I have housing,,text
2024-12-14T20:12:22Z,c86c400e-ff88-a1e3-2e23-caa4d8311f47,c86c400e-ff88-a1e3-ff8a-073614fbb7fb,survey,63512-8,How many people are living or staying at this address [#],7.0,{#},numeric
2024-12-14T20:12:22Z,c86c400e-ff88-a1e3-2e23-caa4d8311f47,c86c400e-ff88-a1e3-ff8a-073614fbb7fb,survey,54899-0,Preferred language,English,,text
2024-12-14T20:12:22Z,c86c400e-ff88-a1e3-2e23-caa4d8311f47,c86c400e-ff88-a1e3-ff8a-073614fbb7fb,survey,93034-7,Discharged from the U.S. Armed Forces,No,,text
2024-12-14T20:12:22Z,c86c400e-ff88-a1e3-2e23-caa4d8311f47,c86c400e-ff88-a1e3-ff8a-073614fbb7fb,survey,93035-4,Has season or migrant farm work been your or your family's main source of income at any point in past 2 years [PRAPARE],No,,text
2024-12-14T20:12:22Z,c86c400e-ff88-a1e3-2e23-caa4d8311f47,c86c400e-ff88-a1e3-ff8a-073614fbb7fb,survey,32624-9,Race,White,,text
2024-12-14T20:12:22Z,c86c400e-ff88-a1e3-2e23-caa4d8311f47,c86c400e-ff88-a1e3-ff8a-073614fbb7fb,survey,56051-6,Hispanic or Latino,No,,text
2024-12-14T20:53:09Z,c86c400e-ff88-a1e3-2e23-caa4d8311f47,c86c400e-ff88-a1e3-ff8a-073614fbb7fb,survey,75626-2,Total score [AUDIT-C],1.0,{score},numeric
2025-02-08T19:18:57Z,c86c400e-ff88-a1e3-2e23-caa4d8311f47,c86c400e-ff88-a1e3-2a52-59c899d429cd,laboratory,2345-7,Glucose [Mass/volume] in Serum or Plasma,88.2,mg/dL,numeric
2025-02-08T19:18:57Z,c86c400e-ff88-a1e3-2e23-caa4d8311f47,c86c400e-ff88-a1e3-2a52-59c899d429cd,laboratory,3094-0,Urea nitrogen [Mass/volume] in Serum or Plasma,12.4,mg/dL,numeric
2025-02-08T19:18:57Z,c86c400e-ff88-a1e3-2e23-caa4d8311f47,c86c400e-ff88-a1e3-2a52-59c899d429cd,laboratory,2160-0,Creatinine [Mass/volume] in Serum or Plasma,1.9,mg/dL,numeric
2025-02-08T19:18:57Z,c86c400e-ff88-a1e3-2e23-caa4d8311f47,c86c400e-ff88-a1e3-2a52-59c899d429cd,laboratory,17861-6,Calcium [Mass/volume] in Serum or Plasma,9.6,mg/dL,numeric
2025-02-08T19:18:57Z,c86c400e-ff88-a1e3-2e23-caa4d8311f47,c86c400e-ff88-a1e3-2a52-59c899d429cd,laboratory,2951-2,Sodium [Moles/volume] in Serum or Plasma,137.3,mmol/L,numeric
2025-02-08T19:18:57Z,c86c400e-ff88-a1e3-2e23-caa4d8311f47,c86c400e-ff88-a1e3-2a52-59c899d429cd,laboratory,2823-3,Potassium [Moles/volume] in Serum or Plasma,4.3,mmol/L,numeric
2025-02-08T19:18:57Z,c86c400e-ff88-a1e3-2e23-caa4d8311f47,c86c400e-ff88-a1e3-2a52-59c899d429cd,laboratory,2075-0,Chloride [Moles/volume] in Serum or Plasma,101.3,mmol/L,numeric
2025-02-08T19:18:57Z,c86c400e-ff88-a1e3-2e23-caa4d8311f47,c86c400e-ff88-a1e3-2a52-59c899d429cd,laboratory,2028-9,Carbon dioxide  total [Moles/volume] in Serum or Plasma,24.1,mmol/L,numeric
2025-02-08T19:18:57Z,c86c400e-ff88-a1e3-2e23-caa4d8311f47,c86c400e-ff88-a1e3-2a52-59c899d429cd,laboratory,33914-3,Glomerular filtration rate [Volume Rate/Area] in Serum or Plasma by Creatinine-based formula (MDRD)/1.73 sq M,69.0,mL/min/{1.73_m2},numeric
2025-02-08T19:18:57Z,c86c400e-ff88-a1e3-2e23-caa4d8311f47,c86c400e-ff88-a1e3-2a52-59c899d429cd,laboratory,5767-9,Appearance of Urine,Cloudy urine (finding),{nominal},text
2025-02-08T19:18:57Z,c86c400e-ff88-a1e3-2e23-caa4d8311f47,c86c400e-ff88-a1e3-2a52-59c899d429cd,laboratory,34533-0,Odor of Urine,Urine smell ammoniacal (finding),{nominal},text
2025-02-08T19:18:57Z,c86c400e-ff88-a1e3-2e23-caa4d8311f47,c86c400e-ff88-a1e3-2a52-59c899d429cd,laboratory,32167-9,Clarity of Urine,Translucent (qualifier value),{nominal},text
2025-02-08T19:18:57Z,c86c400e-ff88-a1e3-2e23-caa4d8311f47,c86c400e-ff88-a1e3-2a52-59c899d429cd,laboratory,5778-6,Color of Urine,Brown color (qualifier value),{nominal},text
2025-02-08T19:18:57Z,c86c400e-ff88-a1e3-2e23-caa4d8311f47,c86c400e-ff88-a1e3-2a52-59c899d429cd,laboratory,5792-7,Glucose [Mass/volume] in Urine by Test strip,1.6,mg/dL,numeric
2025-02-08T19:18:57Z,c86c400e-ff88-a1e3-2e23-caa4d8311f47,c86c400e-ff88-a1e3-2a52-59c899d429cd,laboratory,25428-4,Glucose [Presence] in Urine by Test strip,Urine glucose test = ++ (finding),{nominal},text
2025-02-08T19:18:57Z,c86c400e-ff88-a1e3-2e23-caa4d8311f47,c86c400e-ff88-a1e3-2a52-59c899d429cd,laboratory,20505-4,Bilirubin.total [Mass/volume] in Urine by Test strip,1.1,mg/dL,numeric
2025-02-08T19:18:57Z,c86c400e-ff88-a1e3-2e23-caa4d8311f47,c86c400e-ff88-a1e3-2a52-59c899d429cd,laboratory,5770-3,Bilirubin.total [Presence] in Urine by Test strip,Finding of bilirubin in urine (finding),{nominal},text
2025-02-08T19:18:57Z,c86c400e-ff88-a1e3-2e23-caa4d8311f47,c86c400e-ff88-a1e3-2a52-59c899d429cd,laboratory,5797-6,Ketones [Mass/volume] in Urine by Test strip,9.4,mg/dL,numeric
2025-02-08T19:18:57Z,c86c400e-ff88-a1e3-2e23-caa4d8311f47,c86c400e-ff88-a1e3-2a52-59c899d429cd,laboratory,2514-8,Ketones [Presence] in Urine by Test strip,Urine ketone test = + (finding),{nominal},text
2025-02-08T19:18:57Z,c86c400e-ff88-a1e3-2e23-caa4d8311f47,c86c400e-ff88-a1e3-2a52-59c899d429cd,laboratory,5811-5,Specific gravity of Urine by Test strip,1.0,{nominal},numeric
2025-02-08T19:18:57Z,c86c400e-ff88-a1e3-2e23-caa4d8311f47,c86c400e-ff88-a1e3-2a52-59c899d429cd,laboratory,5803-2,pH of Urine by Test strip,5.4,pH,numeric
2025-02-08T19:18:57Z,c86c400e-ff88-a1e3-2e23-caa4d8311f47,c86c400e-ff88-a1e3-2a52-59c899d429cd,laboratory,5804-0,Protein [Mass/volume] in Urine by Test strip,279.4,mg/dL,numeric
2025-02-08T19:18:57Z,c86c400e-ff88-a1e3-2e23-caa4d8311f47,c86c400e-ff88-a1e3-2a52-59c899d429cd,laboratory,20454-5,Protein [Presence] in Urine by Test strip,Urine protein test = ++ (finding),{nominal},text
2025-02-08T19:18:57Z,c86c400e-ff88-a1e3-2e23-caa4d8311f47,c86c400e-ff88-a1e3-2a52-59c899d429cd,laboratory,5802-4,Nitrite [Presence] in Urine by Test strip,Nitrite not detected in urine (finding),{nominal},text
2025-02-08T19:18:57Z,c86c400e-ff88-a1e3-2e23-caa4d8311f47,c86c400e-ff88-a1e3-2a52-59c899d429cd,laboratory,5794-3,Hemoglobin [Presence] in Urine by Test strip,Blood not detected in urine (finding),{nominal},text
2025-02-08T19:18:57Z,c86c400e-ff88-a1e3-2e23-caa4d8311f47,c86c400e-ff88-a1e3-2a52-59c899d429cd,laboratory,5799-2,Leukocyte esterase [Presence] in Urine by Test strip,Urine leukocytes not detected (finding),{nominal},text
2025-02-08T19:18:57Z,c86c400e-ff88-a1e3-2e23-caa4d8311f47,c86c400e-ff88-a1e3-2a52-59c899d429cd,vital-signs,8302-2,Body Height,161.4,cm,numeric
2025-02-08T19:18:57Z,c86c400e-ff88-a1e3-2e23-caa4d8311f47,c86c400e-ff88-a1e3-2a52-59c899d429cd,vital-signs,72514-3,Pain severity - 0-10 verbal numeric rating [Score] - Reported,3.0,{score},numeric
2025-02-08T19:18:57Z,c86c400e-ff88-a1e3-2e23-caa4d8311f47,c86c400e-ff88-a1e3-2a52-59c899d429cd,vital-signs,29463-7,Body Weight,78.9,kg,numeric
2025-02-08T19:18:57Z,c86c400e-ff88-a1e3-2e23-caa4d8311f47,c86c400e-ff88-a1e3-2a52-59c899d429cd,vital-signs,39156-5,Body mass index (BMI) [Ratio],30.3,kg/m2,numeric
2025-02-08T19:18:57Z,c86c400e-ff88-a1e3-2e23-caa4d8311f47,c86c400e-ff88-a1e3-2a52-59c899d429cd,vital-signs,8462-4,Diastolic Blood Pressure,84.0,mm[Hg],numeric
2025-02-08T19:18:57Z,c86c400e-ff88-a1e3-2e23-caa4d8311f47,c86c400e-ff88-a1e3-2a52-59c899d429cd,vital-signs,8480-6,Systolic Blood Pressure,136.0,mm[Hg],numeric
2025-02-08T19:18:57Z,c86c400e-ff88-a1e3-2e23-caa4d8311f47,c86c400e-ff88-a1e3-2a52-59c899d429cd,vital-signs,8867-4,Heart rate,76.0,/min,numeric
2025-02-08T19:18:57Z,c86c400e-ff88-a1e3-2e23-caa4d8311f47,c86c400e-ff88-a1e3-2a52-59c899d429cd,vital-signs,9279-1,Respiratory rate,15.0,/min,numeric
2025-02-08T19:18:57Z,c86c400e-ff88-a1e3-2e23-caa4d8311f47,c86c400e-ff88-a1e3-2a52-59c899d429cd,social-history,72166-2,Tobacco smoking status,Never smoked tobacco (finding),,text
2025-02-08T20:00:46Z,c86c400e-ff88-a1e3-2e23-caa4d8311f47,c86c400e-ff88-a1e3-2a52-59c899d429cd,survey,76501-6,Within the last year  have you been afraid of your partner or ex-partner,No,,text
2025-02-08T20:00:46Z,c86c400e-ff88-a1e3-2e23-caa4d8311f47,c86c400e-ff88-a1e3-2a52-59c899d429cd,survey,93026-3,Do you feel physically and emotionally safe where you currently live [PRAPARE],Yes,,text
2025-02-08T20:00:46Z,c86c400e-ff88-a1e3-2e23-caa4d8311f47,c86c400e-ff88-a1e3-2a52-59c899d429cd,survey,93027-1,Are you a refugee,No,,text
2025-02-08T20:00:46Z,c86c400e-ff88-a1e3-2e23-caa4d8311f47,c86c400e-ff88-a1e3-2a52-59c899d429cd,survey,93028-9,Have you spent more than 2 nights in a row in a jail  prison  detention center  or juvenile correctional facility in past 1 year [PRAPARE],No,,text
2025-02-08T20:00:46Z,c86c400e-ff88-a1e3-2e23-caa4d8311f47,c86c400e-ff88-a1e3-2a52-59c899d429cd,survey,93038-8,Stress level,Not at all,,text
2025-02-08T20:00:46Z,c86c400e-ff88-a1e3-2e23-caa4d8311f47,c86c400e-ff88-a1e3-2a52-59c899d429cd,survey,93029-7,How often do you see or talk to people that you care about and feel close to [PRAPARE],3 to 5 times a week,,text
2025-02-08T20:00:46Z,c86c400e-ff88-a1e3-2e23-caa4d8311f47,c86c400e-ff88-a1e3-2a52-59c899d429cd,survey,93030-5,Has lack of transportation kept you from medical appointments  meetings  work  or from getting things needed for daily living,Yes  it has kept me from medical appointments or from getting my medications,,text
2025-02-08T20:00:46Z,c86c400e-ff88-a1e3-2e23-caa4d8311f47,c86c400e-ff88-a1e3-2a52-59c899d429cd,survey,93031-3,Have you or any family members you live with been unable to get any of the following when it was really needed in past 1 year [PRAPARE],I choose not to answer this question,,text
2025-02-08T20:00:46Z,c86c400e-ff88-a1e3-2e23-caa4d8311f47,c86c400e-ff88-a1e3-2a52-59c899d429cd,survey,63586-2,What was your best estimate of the total income of all family members from all sources  before taxes  in last year [PhenX],54396,/a,text
2025-02-08T20:00:46Z,c86c400e-ff88-a1e3-2e23-caa4d8311f47,c86c400e-ff88-a1e3-2a52-59c899d429cd,survey,76437-3,Primary insurance,Private insurance,,text
2025-02-08T20:00:46Z,c86c400e-ff88-a1e3-2e23-caa4d8311f47,c86c400e-ff88-a1e3-2a52-59c899d429cd,survey,67875-5,Employment status - current,Full-time work,,text
2025-02-08T20:00:46Z,c86c400e-ff88-a1e3-2e23-caa4d8311f47,c86c400e-ff88-a1e3-2a52-59c899d429cd,survey,82589-3,Highest level of education,More than high school,,text
2025-02-08T20:00:46Z,c86c400e-ff88-a1e3-2e23-caa4d8311f47,c86c400e-ff88-a1e3-2a52-59c899d429cd,survey,56799-0,Address,479 Haag Camp,,text
2025-02-08T20:00:46Z,c86c400e-ff88-a1e3-2e23-caa4d8311f47,c86c400e-ff88-a1e3-2a52-59c899d429cd,survey,93033-9,Are you worried about losing your housing [PRAPARE],No,,text
2025-02-08T20:00:46Z,c86c400e-ff88-a1e3-2e23-caa4d8311f47,c86c400e-ff88-a1e3-2a52-59c899d429cd,survey,71802-3,Housing status,I have housing,,text
2025-02-08T20:00:46Z,c86c400e-ff88-a1e3-2e23-caa4d8311f47,c86c400e-ff88-a1e3-2a52-59c899d429cd,survey,63512-8,How many people are living or staying at this address [#],7.0,{#},numeric
2025-02-08T20:00:46Z,c86c400e-ff88-a1e3-2e23-caa4d8311f47,c86c400e-ff88-a1e3-2a52-59c899d429cd,survey,54899-0,Preferred language,English,,text
2025-02-08T20:00:46Z,c86c400e-ff88-a1e3-2e23-caa4d8311f47,c86c400e-ff88-a1e3-2a52-59c899d429cd,survey,93034-7,Discharged from the U.S. Armed Forces,No,,text
2025-02-08T20:00:46Z,c86c400e-ff88-a1e3-2e23-caa4d8311f47,c86c400e-ff88-a1e3-2a52-59c899d429cd,survey,93035-4,Has season or migrant farm work been your or your family's main source of income at any point in past 2 years [PRAPARE],No,,text
2025-02-08T20:00:46Z,c86c400e-ff88-a1e3-2e23-caa4d8311f47,c86c400e-ff88-a1e3-2a52-59c899d429cd,survey,32624-9,Race,White,,text
2025-02-08T20:00:46Z,c86c400e-ff88-a1e3-2e23-caa4d8311f47,c86c400e-ff88-a1e3-2a52-59c899d429cd,survey,56051-6,Hispanic or Latino,No,,text
2025-02-08T20:35:26Z,c86c400e-ff88-a1e3-2e23-caa4d8311f47,c86c400e-ff88-a1e3-2a52-59c899d429cd,survey,82667-7,Total score [DAST-10],2.0,{score},numeric
2025-02-15T19:18:57Z,c86c400e-ff88-a1e3-2e23-caa4d8311f47,c86c400e-ff88-a1e3-457d-927a8875192c,laboratory,2345-7,Glucose [Mass/volume] in Serum or Plasma,83.2,mg/dL,numeric
2025-02-15T19:18:57Z,c86c400e-ff88-a1e3-2e23-caa4d8311f47,c86c400e-ff88-a1e3-457d-927a8875192c,laboratory,3094-0,Urea nitrogen [Mass/volume] in Serum or Plasma,10.1,mg/dL,numeric
2025-02-15T19:18:57Z,c86c400e-ff88-a1e3-2e23-caa4d8311f47,c86c400e-ff88-a1e3-457d-927a8875192c,laboratory,2160-0,Creatinine [Mass/volume] in Serum or Plasma,2.0,mg/dL,numeric
2025-02-15T19:18:57Z,c86c400e-ff88-a1e3-2e23-caa4d8311f47,c86c400e-ff88-a1e3-457d-927a8875192c,laboratory,17861-6,Calcium [Mass/volume] in Serum or Plasma,9.4,mg/dL,numeric
2025-02-15T19:18:57Z,c86c400e-ff88-a1e3-2e23-caa4d8311f47,c86c400e-ff88-a1e3-457d-927a8875192c,laboratory,2951-2,Sodium [Moles/volume] in Serum or Plasma,143.1,mmol/L,numeric
2025-02-15T19:18:57Z,c86c400e-ff88-a1e3-2e23-caa4d8311f47,c86c400e-ff88-a1e3-457d-927a8875192c,laboratory,2823-3,Potassium [Moles/volume] in Serum or Plasma,4.7,mmol/L,numeric
2025-02-15T19:18:57Z,c86c400e-ff88-a1e3-2e23-caa4d8311f47,c86c400e-ff88-a1e3-457d-927a8875192c,laboratory,2075-0,Chloride [Moles/volume] in Serum or Plasma,102.4,mmol/L,numeric
2025-02-15T19:18:57Z,c86c400e-ff88-a1e3-2e23-caa4d8311f47,c86c400e-ff88-a1e3-457d-927a8875192c,laboratory,2028-9,Carbon dioxide  total [Moles/volume] in Serum or Plasma,28.4,mmol/L,numeric
2025-02-15T19:18:57Z,c86c400e-ff88-a1e3-2e23-caa4d8311f47,c86c400e-ff88-a1e3-457d-927a8875192c,laboratory,33914-3,Glomerular filtration rate [Volume Rate/Area] in Serum or Plasma by Creatinine-based formula (MDRD)/1.73 sq M,75.6,mL/min/{1.73_m2},numeric
2025-02-15T19:18:57Z,c86c400e-ff88-a1e3-2e23-caa4d8311f47,c86c400e-ff88-a1e3-457d-927a8875192c,laboratory,5767-9,Appearance of Urine,Cloudy urine (finding),{nominal},text
2025-02-15T19:18:57Z,c86c400e-ff88-a1e3-2e23-caa4d8311f47,c86c400e-ff88-a1e3-457d-927a8875192c,laboratory,34533-0,Odor of Urine,Urine smell ammoniacal (finding),{nominal},text
2025-02-15T19:18:57Z,c86c400e-ff88-a1e3-2e23-caa4d8311f47,c86c400e-ff88-a1e3-457d-927a8875192c,laboratory,32167-9,Clarity of Urine,Translucent (qualifier value),{nominal},text
2025-02-15T19:18:57Z,c86c400e-ff88-a1e3-2e23-caa4d8311f47,c86c400e-ff88-a1e3-457d-927a8875192c,laboratory,5778-6,Color of Urine,Brown color (qualifier value),{nominal},text
2025-02-15T19:18:57Z,c86c400e-ff88-a1e3-2e23-caa4d8311f47,c86c400e-ff88-a1e3-457d-927a8875192c,laboratory,5792-7,Glucose [Mass/volume] in Urine by Test strip,1.7,mg/dL,numeric
2025-02-15T19:18:57Z,c86c400e-ff88-a1e3-2e23-caa4d8311f47,c86c400e-ff88-a1e3-457d-927a8875192c,laboratory,25428-4,Glucose [Presence] in Urine by Test strip,Urine glucose test = ++ (finding),{nominal},text
2025-02-15T19:18:57Z,c86c400e-ff88-a1e3-2e23-caa4d8311f47,c86c400e-ff88-a1e3-457d-927a8875192c,laboratory,20505-4,Bilirubin.total [Mass/volume] in Urine by Test strip,0.3,mg/dL,numeric
2025-02-15T19:18:57Z,c86c400e-ff88-a1e3-2e23-caa4d8311f47,c86c400e-ff88-a1e3-457d-927a8875192c,laboratory,5770-3,Bilirubin.total [Presence] in Urine by Test strip,Finding of bilirubin in urine (finding),{nominal},text
2025-02-15T19:18:57Z,c86c400e-ff88-a1e3-2e23-caa4d8311f47,c86c400e-ff88-a1e3-457d-927a8875192c,laboratory,5797-6,Ketones [Mass/volume] in Urine by Test strip,18.6,mg/dL,numeric
2025-02-15T19:18:57Z,c86c400e-ff88-a1e3-2e23-caa4d8311f47,c86c400e-ff88-a1e3-457d-927a8875192c,laboratory,2514-8,Ketones [Presence] in Urine by Test strip,Urine ketone test = + (finding),{nominal},text
2025-02-15T19:18:57Z,c86c400e-ff88-a1e3-2e23-caa4d8311f47,c86c400e-ff88-a1e3-457d-927a8875192c,laboratory,5811-5,Specific gravity of Urine by Test strip,1.0,{nominal},numeric
2025-02-15T19:18:57Z,c86c400e-ff88-a1e3-2e23-caa4d8311f47,c86c400e-ff88-a1e3-457d-927a8875192c,laboratory,5803-2,pH of Urine by Test strip,5.5,pH,numeric
2025-02-15T19:18:57Z,c86c400e-ff88-a1e3-2e23-caa4d8311f47,c86c400e-ff88-a1e3-457d-927a8875192c,laboratory,5804-0,Protein [Mass/volume] in Urine by Test strip,210.1,mg/dL,numeric
2025-02-15T19:18:57Z,c86c400e-ff88-a1e3-2e23-caa4d8311f47,c86c400e-ff88-a1e3-457d-927a8875192c,laboratory,20454-5,Protein [Presence] in Urine by Test strip,Urine protein test = ++ (finding),{nominal},text
2025-02-15T19:18:57Z,c86c400e-ff88-a1e3-2e23-caa4d8311f47,c86c400e-ff88-a1e3-457d-927a8875192c,laboratory,5802-4,Nitrite [Presence] in Urine by Test strip,Nitrite not detected in urine (finding),{nominal},text
2025-02-15T19:18:57Z,c86c400e-ff88-a1e3-2e23-caa4d8311f47,c86c400e-ff88-a1e3-457d-927a8875192c,laboratory,5794-3,Hemoglobin [Presence] in Urine by Test strip,Blood not detected in urine (finding),{nominal},text
2025-02-15T19:18:57Z,c86c400e-ff88-a1e3-2e23-caa4d8311f47,c86c400e-ff88-a1e3-457d-927a8875192c,laboratory,5799-2,Leukocyte esterase [Presence] in Urine by Test strip,Urine leukocytes not detected (finding),{nominal},text
2025-02-22T19:18:57Z,c86c400e-ff88-a1e3-2e23-caa4d8311f47,c86c400e-ff88-a1e3-e9e9-4d401f1e11fb,laboratory,2345-7,Glucose [Mass/volume] in Serum or Plasma,77.5,mg/dL,numeric
2025-02-22T19:18:57Z,c86c400e-ff88-a1e3-2e23-caa4d8311f47,c86c400e-ff88-a1e3-e9e9-4d401f1e11fb,laboratory,3094-0,Urea nitrogen [Mass/volume] in Serum or Plasma,10.7,mg/dL,numeric
2025-02-22T19:18:57Z,c86c400e-ff88-a1e3-2e23-caa4d8311f47,c86c400e-ff88-a1e3-e9e9-4d401f1e11fb,laboratory,2160-0,Creatinine [Mass/volume] in Serum or Plasma,2.0,mg/dL,numeric
2025-02-22T19:18:57Z,c86c400e-ff88-a1e3-2e23-caa4d8311f47,c86c400e-ff88-a1e3-e9e9-4d401f1e11fb,laboratory,17861-6,Calcium [Mass/volume] in Serum or Plasma,8.9,mg/dL,numeric
2025-02-22T19:18:57Z,c86c400e-ff88-a1e3-2e23-caa4d8311f47,c86c400e-ff88-a1e3-e9e9-4d401f1e11fb,laboratory,2951-2,Sodium [Moles/volume] in Serum or Plasma,141.3,mmol/L,numeric
2025-02-22T19:18:57Z,c86c400e-ff88-a1e3-2e23-caa4d8311f47,c86c400e-ff88-a1e3-e9e9-4d401f1e11fb,laboratory,2823-3,Potassium [Moles/volume] in Serum or Plasma,4.3,mmol/L,numeric
2025-02-22T19:18:57Z,c86c400e-ff88-a1e3-2e23-caa4d8311f47,c86c400e-ff88-a1e3-e9e9-4d401f1e11fb,laboratory,2075-0,Chloride [Moles/volume] in Serum or Plasma,102.2,mmol/L,numeric
2025-02-22T19:18:57Z,c86c400e-ff88-a1e3-2e23-caa4d8311f47,c86c400e-ff88-a1e3-e9e9-4d401f1e11fb,laboratory,2028-9,Carbon dioxide  total [Moles/volume] in Serum or Plasma,27.2,mmol/L,numeric
2025-02-22T19:18:57Z,c86c400e-ff88-a1e3-2e23-caa4d8311f47,c86c400e-ff88-a1e3-e9e9-4d401f1e11fb,laboratory,33914-3,Glomerular filtration rate [Volume Rate/Area] in Serum or Plasma by Creatinine-based formula (MDRD)/1.73 sq M,73.4,mL/min/{1.73_m2},numeric
2025-02-22T19:18:57Z,c86c400e-ff88-a1e3-2e23-caa4d8311f47,c86c400e-ff88-a1e3-e9e9-4d401f1e11fb,laboratory,5767-9,Appearance of Urine,Cloudy urine (finding),{nominal},text
2025-02-22T19:18:57Z,c86c400e-ff88-a1e3-2e23-caa4d8311f47,c86c400e-ff88-a1e3-e9e9-4d401f1e11fb,laboratory,34533-0,Odor of Urine,Urine smell ammoniacal (finding),{nominal},text
2025-02-22T19:18:57Z,c86c400e-ff88-a1e3-2e23-caa4d8311f47,c86c400e-ff88-a1e3-e9e9-4d401f1e11fb,laboratory,32167-9,Clarity of Urine,Translucent (qualifier value),{nominal},text
2025-02-22T19:18:57Z,c86c400e-ff88-a1e3-2e23-caa4d8311f47,c86c400e-ff88-a1e3-e9e9-4d401f1e11fb,laboratory,5778-6,Color of Urine,Brown color (qualifier value),{nominal},text
2025-02-22T19:18:57Z,c86c400e-ff88-a1e3-2e23-caa4d8311f47,c86c400e-ff88-a1e3-e9e9-4d401f1e11fb,laboratory,5792-7,Glucose [Mass/volume] in Urine by Test strip,1.9,mg/dL,numeric
2025-02-22T19:18:57Z,c86c400e-ff88-a1e3-2e23-caa4d8311f47,c86c400e-ff88-a1e3-e9e9-4d401f1e11fb,laboratory,25428-4,Glucose [Presence] in Urine by Test strip,Urine glucose test = ++ (finding),{nominal},text
2025-02-22T19:18:57Z,c86c400e-ff88-a1e3-2e23-caa4d8311f47,c86c400e-ff88-a1e3-e9e9-4d401f1e11fb,laboratory,20505-4,Bilirubin.total [Mass/volume] in Urine by Test strip,1.3,mg/dL,numeric
2025-02-22T19:18:57Z,c86c400e-ff88-a1e3-2e23-caa4d8311f47,c86c400e-ff88-a1e3-e9e9-4d401f1e11fb,laboratory,5770-3,Bilirubin.total [Presence] in Urine by Test strip,Finding of bilirubin in urine (finding),{nominal},text
2025-02-22T19:18:57Z,c86c400e-ff88-a1e3-2e23-caa4d8311f47,c86c400e-ff88-a1e3-e9e9-4d401f1e11fb,laboratory,5797-6,Ketones [Mass/volume] in Urine by Test strip,10.2,mg/dL,numeric
2025-02-22T19:18:57Z,c86c400e-ff88-a1e3-2e23-caa4d8311f47,c86c400e-ff88-a1e3-e9e9-4d401f1e11fb,laboratory,2514-8,Ketones [Presence] in Urine by Test strip,Urine ketone test = + (finding),{nominal},text
2025-02-22T19:18:57Z,c86c400e-ff88-a1e3-2e23-caa4d8311f47,c86c400e-ff88-a1e3-e9e9-4d401f1e11fb,laboratory,5811-5,Specific gravity of Urine by Test strip,1.0,{nominal},numeric
2025-02-22T19:18:57Z,c86c400e-ff88-a1e3-2e23-caa4d8311f47,c86c400e-ff88-a1e3-e9e9-4d401f1e11fb,laboratory,5803-2,pH of Urine by Test strip,6.4,pH,numeric
2025-02-22T19:18:57Z,c86c400e-ff88-a1e3-2e23-caa4d8311f47,c86c400e-ff88-a1e3-e9e9-4d401f1e11fb,laboratory,5804-0,Protein [Mass/volume] in Urine by Test strip,335.5,mg/dL,numeric
2025-02-22T19:18:57Z,c86c400e-ff88-a1e3-2e23-caa4d8311f47,c86c400e-ff88-a1e3-e9e9-4d401f1e11fb,laboratory,20454-5,Protein [Presence] in Urine by Test strip,Urine protein test = ++ (finding),{nominal},text
2025-02-22T19:18:57Z,c86c400e-ff88-a1e3-2e23-caa4d8311f47,c86c400e-ff88-a1e3-e9e9-4d401f1e11fb,laboratory,5802-4,Nitrite [Presence] in Urine by Test strip,Nitrite not detected in urine (finding),{nominal},text
2025-02-22T19:18:57Z,c86c400e-ff88-a1e3-2e23-caa4d8311f47,c86c400e-ff88-a1e3-e9e9-4d401f1e11fb,laboratory,5794-3,Hemoglobin [Presence] in Urine by Test strip,Blood not detected in urine (finding),{nominal},text
2025-02-22T19:18:57Z,c86c400e-ff88-a1e3-2e23-caa4d8311f47,c86c400e-ff88-a1e3-e9e9-4d401f1e11fb,laboratory,5799-2,Leukocyte esterase [Presence] in Urine by Test strip,Urine leukocytes not detected (finding),{nominal},text
2025-02-22T19:18:57Z,c86c400e-ff88-a1e3-2e23-caa4d8311f47,c86c400e-ff88-a1e3-e9e9-4d401f1e11fb,vital-signs,8302-2,Body Height,161.4,cm,numeric
2025-02-22T19:18:57Z,c86c400e-ff88-a1e3-2e23-caa4d8311f47,c86c400e-ff88-a1e3-e9e9-4d401f1e11fb,vital-signs,72514-3,Pain severity - 0-10 verbal numeric rating [Score] - Reported,1.0,{score},numeric
2025-02-22T19:18:57Z,c86c400e-ff88-a1e3-2e23-caa4d8311f47,c86c400e-ff88-a1e3-e9e9-4d401f1e11fb,vital-signs,29463-7,Body Weight,78.9,kg,numeric
2025-02-22T19:18:57Z,c86c400e-ff88-a1e3-2e23-caa4d8311f47,c86c400e-ff88-a1e3-e9e9-4d401f1e11fb,vital-signs,39156-5,Body mass index (BMI) [Ratio],30.3,kg/m2,numeric
2025-02-22T19:18:57Z,c86c400e-ff88-a1e3-2e23-caa4d8311f47,c86c400e-ff88-a1e3-e9e9-4d401f1e11fb,vital-signs,8462-4,Diastolic Blood Pressure,86.0,mm[Hg],numeric
2025-02-22T19:18:57Z,c86c400e-ff88-a1e3-2e23-caa4d8311f47,c86c400e-ff88-a1e3-e9e9-4d401f1e11fb,vital-signs,8480-6,Systolic Blood Pressure,128.0,mm[Hg],numeric
2025-02-22T19:18:57Z,c86c400e-ff88-a1e3-2e23-caa4d8311f47,c86c400e-ff88-a1e3-e9e9-4d401f1e11fb,vital-signs,8867-4,Heart rate,85.0,/min,numeric
2025-02-22T19:18:57Z,c86c400e-ff88-a1e3-2e23-caa4d8311f47,c86c400e-ff88-a1e3-e9e9-4d401f1e11fb,vital-signs,9279-1,Respiratory rate,14.0,/min,numeric
2025-02-22T19:18:57Z,c86c400e-ff88-a1e3-2e23-caa4d8311f47,c86c400e-ff88-a1e3-e9e9-4d401f1e11fb,social-history,72166-2,Tobacco smoking status,Never smoked tobacco (finding),,text
2025-02-22T20:06:02Z,c86c400e-ff88-a1e3-2e23-caa4d8311f47,c86c400e-ff88-a1e3-e9e9-4d401f1e11fb,survey,76501-6,Within the last year  have you been afraid of your partner or ex-partner,No,,text
2025-02-22T20:06:02Z,c86c400e-ff88-a1e3-2e23-caa4d8311f47,c86c400e-ff88-a1e3-e9e9-4d401f1e11fb,survey,93026-3,Do you feel physically and emotionally safe where you currently live [PRAPARE],No,,text
2025-02-22T20:06:02Z,c86c400e-ff88-a1e3-2e23-caa4d8311f47,c86c400e-ff88-a1e3-e9e9-4d401f1e11fb,survey,93027-1,Are you a refugee,No,,text
2025-02-22T20:06:02Z,c86c400e-ff88-a1e3-2e23-caa4d8311f47,c86c400e-ff88-a1e3-e9e9-4d401f1e11fb,survey,93028-9,Have you spent more than 2 nights in a row in a jail  prison  detention center  or juvenile correctional facility in past 1 year [PRAPARE],No,,text
2025-02-22T20:06:02Z,c86c400e-ff88-a1e3-2e23-caa4d8311f47,c86c400e-ff88-a1e3-e9e9-4d401f1e11fb,survey,93038-8,Stress level,Somewhat,,text
2025-02-22T20:06:02Z,c86c400e-ff88-a1e3-2e23-caa4d8311f47,c86c400e-ff88-a1e3-e9e9-4d401f1e11fb,survey,93029-7,How often do you see or talk to people that you care about and feel close to [PRAPARE],3 to 5 times a week,,text
2025-02-22T20:06:02Z,c86c400e-ff88-a1e3-2e23-caa4d8311f47,c86c400e-ff88-a1e3-e9e9-4d401f1e11fb,survey,93030-5,Has lack of transportation kept you from medical appointments  meetings  work  or from getting things needed for daily living,Yes  it has kept me from medical appointments or from getting my medications,,text
2025-02-22T20:06:02Z,c86c400e-ff88-a1e3-2e23-caa4d8311f47,c86c400e-ff88-a1e3-e9e9-4d401f1e11fb,survey,93031-3,Have you or any family members you live with been unable to get any of the following when it was really needed in past 1 year [PRAPARE],I choose not to answer this question,,text
2025-02-22T20:06:02Z,c86c400e-ff88-a1e3-2e23-caa4d8311f47,c86c400e-ff88-a1e3-e9e9-4d401f1e11fb,survey,63586-2,What was your best estimate of the total income of all family members from all sources  before taxes  in last year [PhenX],54396,/a,text
2025-02-22T20:06:02Z,c86c400e-ff88-a1e3-2e23-caa4d8311f47,c86c400e-ff88-a1e3-e9e9-4d401f1e11fb,survey,76437-3,Primary insurance,Private insurance,,text
2025-02-22T20:06:02Z,c86c400e-ff88-a1e3-2e23-caa4d8311f47,c86c400e-ff88-a1e3-e9e9-4d401f1e11fb,survey,67875-5,Employment status - current,Part-time or temporary work,,text
2025-02-22T20:06:02Z,c86c400e-ff88-a1e3-2e23-caa4d8311f47,c86c400e-ff88-a1e3-e9e9-4d401f1e11fb,survey,82589-3,Highest level of education,More than high school,,text
2025-02-22T20:06:02Z,c86c400e-ff88-a1e3-2e23-caa4d8311f47,c86c400e-ff88-a1e3-e9e9-4d401f1e11fb,survey,56799-0,Address,479 Haag Camp,,text
2025-02-22T20:06:02Z,c86c400e-ff88-a1e3-2e23-caa4d8311f47,c86c400e-ff88-a1e3-e9e9-4d401f1e11fb,survey,93033-9,Are you worried about losing your housing [PRAPARE],No,,text
2025-02-22T20:06:02Z,c86c400e-ff88-a1e3-2e23-caa4d8311f47,c86c400e-ff88-a1e3-e9e9-4d401f1e11fb,survey,71802-3,Housing status,I have housing,,text
2025-02-22T20:06:02Z,c86c400e-ff88-a1e3-2e23-caa4d8311f47,c86c400e-ff88-a1e3-e9e9-4d401f1e11fb,survey,63512-8,How many people are living or staying at this address [#],7.0,{#},numeric
2025-02-22T20:06:02Z,c86c400e-ff88-a1e3-2e23-caa4d8311f47,c86c400e-ff88-a1e3-e9e9-4d401f1e11fb,survey,54899-0,Preferred language,English,,text
2025-02-22T20:06:02Z,c86c400e-ff88-a1e3-2e23-caa4d8311f47,c86c400e-ff88-a1e3-e9e9-4d401f1e11fb,survey,93034-7,Discharged from the U.S. Armed Forces,No,,text
2025-02-22T20:06:02Z,c86c400e-ff88-a1e3-2e23-caa4d8311f47,c86c400e-ff88-a1e3-e9e9-4d401f1e11fb,survey,93035-4,Has season or migrant farm work been your or your family's main source of income at any point in past 2 years [PRAPARE],No,,text
2025-02-22T20:06:02Z,c86c400e-ff88-a1e3-2e23-caa4d8311f47,c86c400e-ff88-a1e3-e9e9-4d401f1e11fb,survey,32624-9,Race,White,,text
2025-02-22T20:06:02Z,c86c400e-ff88-a1e3-2e23-caa4d8311f47,c86c400e-ff88-a1e3-e9e9-4d401f1e11fb,survey,56051-6,Hispanic or Latino,No,,text
2025-02-22T20:41:10Z,c86c400e-ff88-a1e3-2e23-caa4d8311f47,c86c400e-ff88-a1e3-e9e9-4d401f1e11fb,survey,55758-7,Patient Health Questionnaire 2 item (PHQ-2) total score [Reported],1.0,{score},numeric
2025-02-22T21:19:34Z,c86c400e-ff88-a1e3-2e23-caa4d8311f47,c86c400e-ff88-a1e3-e9e9-4d401f1e11fb,survey,75626-2,Total score [AUDIT-C],2.0,{score},numeric
2025-03-01T19:18:57Z,c86c400e-ff88-a1e3-2e23-caa4d8311f47,c86c400e-ff88-a1e3-1e63-e9ceb6b20e9d,laboratory,2345-7,Glucose [Mass/volume] in Serum or Plasma,72.5,mg/dL,numeric
2025-03-01T19:18:57Z,c86c400e-ff88-a1e3-2e23-caa4d8311f47,c86c400e-ff88-a1e3-1e63-e9ceb6b20e9d,laboratory,3094-0,Urea nitrogen [Mass/volume] in Serum or Plasma,8.2,mg/dL,numeric
2025-03-01T19:18:57Z,c86c400e-ff88-a1e3-2e23-caa4d8311f47,c86c400e-ff88-a1e3-1e63-e9ceb6b20e9d,laboratory,2160-0,Creatinine [Mass/volume] in Serum or Plasma,2.1,mg/dL,numeric
2025-03-01T19:18:57Z,c86c400e-ff88-a1e3-2e23-caa4d8311f47,c86c400e-ff88-a1e3-1e63-e9ceb6b20e9d,laboratory,17861-6,Calcium [Mass/volume] in Serum or Plasma,9.9,mg/dL,numeric
2025-03-01T19:18:57Z,c86c400e-ff88-a1e3-2e23-caa4d8311f47,c86c400e-ff88-a1e3-1e63-e9ceb6b20e9d,laboratory,2951-2,Sodium [Moles/volume] in Serum or Plasma,143.7,mmol/L,numeric
2025-03-01T19:18:57Z,c86c400e-ff88-a1e3-2e23-caa4d8311f47,c86c400e-ff88-a1e3-1e63-e9ceb6b20e9d,laboratory,2823-3,Potassium [Moles/volume] in Serum or Plasma,5.2,mmol/L,numeric
2025-03-01T19:18:57Z,c86c400e-ff88-a1e3-2e23-caa4d8311f47,c86c400e-ff88-a1e3-1e63-e9ceb6b20e9d,laboratory,2075-0,Chloride [Moles/volume] in Serum or Plasma,109.4,mmol/L,numeric
2025-03-01T19:18:57Z,c86c400e-ff88-a1e3-2e23-caa4d8311f47,c86c400e-ff88-a1e3-1e63-e9ceb6b20e9d,laboratory,2028-9,Carbon dioxide  total [Moles/volume] in Serum or Plasma,27.9,mmol/L,numeric
2025-03-01T19:18:57Z,c86c400e-ff88-a1e3-2e23-caa4d8311f47,c86c400e-ff88-a1e3-1e63-e9ceb6b20e9d,laboratory,33914-3,Glomerular filtration rate [Volume Rate/Area] in Serum or Plasma by Creatinine-based formula (MDRD)/1.73 sq M,66.8,mL/min/{1.73_m2},numeric
2025-03-01T19:18:57Z,c86c400e-ff88-a1e3-2e23-caa4d8311f47,c86c400e-ff88-a1e3-1e63-e9ceb6b20e9d,laboratory,5767-9,Appearance of Urine,Cloudy urine (finding),{nominal},text
2025-03-01T19:18:57Z,c86c400e-ff88-a1e3-2e23-caa4d8311f47,c86c400e-ff88-a1e3-1e63-e9ceb6b20e9d,laboratory,34533-0,Odor of Urine,Urine smell ammoniacal (finding),{nominal},text
2025-03-01T19:18:57Z,c86c400e-ff88-a1e3-2e23-caa4d8311f47,c86c400e-ff88-a1e3-1e63-e9ceb6b20e9d,laboratory,32167-9,Clarity of Urine,Translucent (qualifier value),{nominal},text
2025-03-01T19:18:57Z,c86c400e-ff88-a1e3-2e23-caa4d8311f47,c86c400e-ff88-a1e3-1e63-e9ceb6b20e9d,laboratory,5778-6,Color of Urine,Brown color (qualifier value),{nominal},text
2025-03-01T19:18:57Z,c86c400e-ff88-a1e3-2e23-caa4d8311f47,c86c400e-ff88-a1e3-1e63-e9ceb6b20e9d,laboratory,5792-7,Glucose [Mass/volume] in Urine by Test strip,1.4,mg/dL,numeric
2025-03-01T19:18:57Z,c86c400e-ff88-a1e3-2e23-caa4d8311f47,c86c400e-ff88-a1e3-1e63-e9ceb6b20e9d,laboratory,25428-4,Glucose [Presence] in Urine by Test strip,Urine glucose test = ++ (finding),{nominal},text
2025-03-01T19:18:57Z,c86c400e-ff88-a1e3-2e23-caa4d8311f47,c86c400e-ff88-a1e3-1e63-e9ceb6b20e9d,laboratory,20505-4,Bilirubin.total [Mass/volume] in Urine by Test strip,0.4,mg/dL,numeric
2025-03-01T19:18:57Z,c86c400e-ff88-a1e3-2e23-caa4d8311f47,c86c400e-ff88-a1e3-1e63-e9ceb6b20e9d,laboratory,5770-3,Bilirubin.total [Presence] in Urine by Test strip,Finding of bilirubin in urine (finding),{nominal},text
2025-03-01T19:18:57Z,c86c400e-ff88-a1e3-2e23-caa4d8311f47,c86c400e-ff88-a1e3-1e63-e9ceb6b20e9d,laboratory,5797-6,Ketones [Mass/volume] in Urine by Test strip,1.7,mg/dL,numeric
2025-03-01T19:18:57Z,c86c400e-ff88-a1e3-2e23-caa4d8311f47,c86c400e-ff88-a1e3-1e63-e9ceb6b20e9d,laboratory,2514-8,Ketones [Presence] in Urine by Test strip,Urine ketone test = + (finding),{nominal},text
2025-03-01T19:18:57Z,c86c400e-ff88-a1e3-2e23-caa4d8311f47,c86c400e-ff88-a1e3-1e63-e9ceb6b20e9d,laboratory,5811-5,Specific gravity of Urine by Test strip,1.0,{nominal},numeric
2025-03-01T19:18:57Z,c86c400e-ff88-a1e3-2e23-caa4d8311f47,c86c400e-ff88-a1e3-1e63-e9ceb6b20e9d,laboratory,5803-2,pH of Urine by Test strip,5.6,pH,numeric
2025-03-01T19:18:57Z,c86c400e-ff88-a1e3-2e23-caa4d8311f47,c86c400e-ff88-a1e3-1e63-e9ceb6b20e9d,laboratory,5804-0,Protein [Mass/volume] in Urine by Test strip,172.2,mg/dL,numeric
2025-03-01T19:18:57Z,c86c400e-ff88-a1e3-2e23-caa4d8311f47,c86c400e-ff88-a1e3-1e63-e9ceb6b20e9d,laboratory,20454-5,Protein [Presence] in Urine by Test strip,Urine protein test = ++ (finding),{nominal},text
2025-03-01T19:18:57Z,c86c400e-ff88-a1e3-2e23-caa4d8311f47,c86c400e-ff88-a1e3-1e63-e9ceb6b20e9d,laboratory,5802-4,Nitrite [Presence] in Urine by Test strip,Nitrite not detected in urine (finding),{nominal},text
2025-03-01T19:18:57Z,c86c400e-ff88-a1e3-2e23-caa4d8311f47,c86c400e-ff88-a1e3-1e63-e9ceb6b20e9d,laboratory,5794-3,Hemoglobin [Presence] in Urine by Test strip,Blood not detected in urine (finding),{nominal},text
2025-03-01T19:18:57Z,c86c400e-ff88-a1e3-2e23-caa4d8311f47,c86c400e-ff88-a1e3-1e63-e9ceb6b20e9d,laboratory,5799-2,Leukocyte esterase [Presence] in Urine by Test strip,Urine leukocytes not detected (finding),{nominal},text
2025-03-22T19:18:57Z,c86c400e-ff88-a1e3-2e23-caa4d8311f47,c86c400e-ff88-a1e3-6eff-d156d60023d3,laboratory,2345-7,Glucose [Mass/volume] in Serum or Plasma,83.3,mg/dL,numeric
2025-03-22T19:18:57Z,c86c400e-ff88-a1e3-2e23-caa4d8311f47,c86c400e-ff88-a1e3-6eff-d156d60023d3,laboratory,3094-0,Urea nitrogen [Mass/volume] in Serum or Plasma,11.8,mg/dL,numeric
2025-03-22T19:18:57Z,c86c400e-ff88-a1e3-2e23-caa4d8311f47,c86c400e-ff88-a1e3-6eff-d156d60023d3,laboratory,2160-0,Creatinine [Mass/volume] in Serum or Plasma,2.0,mg/dL,numeric
2025-03-22T19:18:57Z,c86c400e-ff88-a1e3-2e23-caa4d8311f47,c86c400e-ff88-a1e3-6eff-d156d60023d3,laboratory,17861-6,Calcium [Mass/volume] in Serum or Plasma,9.5,mg/dL,numeric
2025-03-22T19:18:57Z,c86c400e-ff88-a1e3-2e23-caa4d8311f47,c86c400e-ff88-a1e3-6eff-d156d60023d3,laboratory,2951-2,Sodium [Moles/volume] in Serum or Plasma,142.5,mmol/L,numeric
2025-03-22T19:18:57Z,c86c400e-ff88-a1e3-2e23-caa4d8311f47,c86c400e-ff88-a1e3-6eff-d156d60023d3,laboratory,2823-3,Potassium [Moles/volume] in Serum or Plasma,4.3,mmol/L,numeric
2025-03-22T19:18:57Z,c86c400e-ff88-a1e3-2e23-caa4d8311f47,c86c400e-ff88-a1e3-6eff-d156d60023d3,laboratory,2075-0,Chloride [Moles/volume] in Serum or Plasma,104.1,mmol/L,numeric
2025-03-22T19:18:57Z,c86c400e-ff88-a1e3-2e23-caa4d8311f47,c86c400e-ff88-a1e3-6eff-d156d60023d3,laboratory,2028-9,Carbon dioxide  total [Moles/volume] in Serum or Plasma,27.9,mmol/L,numeric
2025-03-22T19:18:57Z,c86c400e-ff88-a1e3-2e23-caa4d8311f47,c86c400e-ff88-a1e3-6eff-d156d60023d3,laboratory,33914-3,Glomerular filtration rate [Volume Rate/Area] in Serum or Plasma by Creatinine-based formula (MDRD)/1.73 sq M,73.8,mL/min/{1.73_m2},numeric
2025-03-22T19:18:57Z,c86c400e-ff88-a1e3-2e23-caa4d8311f47,c86c400e-ff88-a1e3-6eff-d156d60023d3,laboratory,5767-9,Appearance of Urine,Cloudy urine (finding),{nominal},text
2025-03-22T19:18:57Z,c86c400e-ff88-a1e3-2e23-caa4d8311f47,c86c400e-ff88-a1e3-6eff-d156d60023d3,laboratory,34533-0,Odor of Urine,Urine smell ammoniacal (finding),{nominal},text
2025-03-22T19:18:57Z,c86c400e-ff88-a1e3-2e23-caa4d8311f47,c86c400e-ff88-a1e3-6eff-d156d60023d3,laboratory,32167-9,Clarity of Urine,Translucent (qualifier value),{nominal},text
2025-03-22T19:18:57Z,c86c400e-ff88-a1e3-2e23-caa4d8311f47,c86c400e-ff88-a1e3-6eff-d156d60023d3,laboratory,5778-6,Color of Urine,Brown color (qualifier value),{nominal},text
2025-03-22T19:18:57Z,c86c400e-ff88-a1e3-2e23-caa4d8311f47,c86c400e-ff88-a1e3-6eff-d156d60023d3,laboratory,5792-7,Glucose [Mass/volume] in Urine by Test strip,2.3,mg/dL,numeric
2025-03-22T19:18:57Z,c86c400e-ff88-a1e3-2e23-caa4d8311f47,c86c400e-ff88-a1e3-6eff-d156d60023d3,laboratory,25428-4,Glucose [Presence] in Urine by Test strip,Urine glucose test = ++ (finding),{nominal},text
2025-03-22T19:18:57Z,c86c400e-ff88-a1e3-2e23-caa4d8311f47,c86c400e-ff88-a1e3-6eff-d156d60023d3,laboratory,20505-4,Bilirubin.total [Mass/volume] in Urine by Test strip,1.5,mg/dL,numeric
2025-03-22T19:18:57Z,c86c400e-ff88-a1e3-2e23-caa4d8311f47,c86c400e-ff88-a1e3-6eff-d156d60023d3,laboratory,5770-3,Bilirubin.total [Presence] in Urine by Test strip,Finding of bilirubin in urine (finding),{nominal},text
2025-03-22T19:18:57Z,c86c400e-ff88-a1e3-2e23-caa4d8311f47,c86c400e-ff88-a1e3-6eff-d156d60023d3,laboratory,5797-6,Ketones [Mass/volume] in Urine by Test strip,18.9,mg/dL,numeric
2025-03-22T19:18:57Z,c86c400e-ff88-a1e3-2e23-caa4d8311f47,c86c400e-ff88-a1e3-6eff-d156d60023d3,laboratory,2514-8,Ketones [Presence] in Urine by Test strip,Urine ketone test = + (finding),{nominal},text
2025-03-22T19:18:57Z,c86c400e-ff88-a1e3-2e23-caa4d8311f47,c86c400e-ff88-a1e3-6eff-d156d60023d3,laboratory,5811-5,Specific gravity of Urine by Test strip,1.0,{nominal},numeric
2025-03-22T19:18:57Z,c86c400e-ff88-a1e3-2e23-caa4d8311f47,c86c400e-ff88-a1e3-6eff-d156d60023d3,laboratory,5803-2,pH of Urine by Test strip,5.9,pH,numeric
2025-03-22T19:18:57Z,c86c400e-ff88-a1e3-2e23-caa4d8311f47,c86c400e-ff88-a1e3-6eff-d156d60023d3,laboratory,5804-0,Protein [Mass/volume] in Urine by Test strip,256.3,mg/dL,numeric
2025-03-22T19:18:57Z,c86c400e-ff88-a1e3-2e23-caa4d8311f47,c86c400e-ff88-a1e3-6eff-d156d60023d3,laboratory,20454-5,Protein [Presence] in Urine by Test strip,Urine protein test = ++ (finding),{nominal},text
2025-03-22T19:18:57Z,c86c400e-ff88-a1e3-2e23-caa4d8311f47,c86c400e-ff88-a1e3-6eff-d156d60023d3,laboratory,5802-4,Nitrite [Presence] in Urine by Test strip,Nitrite not detected in urine (finding),{nominal},text
2025-03-22T19:18:57Z,c86c400e-ff88-a1e3-2e23-caa4d8311f47,c86c400e-ff88-a1e3-6eff-d156d60023d3,laboratory,5794-3,Hemoglobin [Presence] in Urine by Test strip,Blood not detected in urine (finding),{nominal},text
2025-03-22T19:18:57Z,c86c400e-ff88-a1e3-2e23-caa4d8311f47,c86c400e-ff88-a1e3-6eff-d156d60023d3,laboratory,5799-2,Leukocyte esterase [Presence] in Urine by Test strip,Urine leukocytes not detected (finding),{nominal},text
2025-03-22T19:18:57Z,c86c400e-ff88-a1e3-2e23-caa4d8311f47,c86c400e-ff88-a1e3-6eff-d156d60023d3,vital-signs,8302-2,Body Height,161.4,cm,numeric
2025-03-22T19:18:57Z,c86c400e-ff88-a1e3-2e23-caa4d8311f47,c86c400e-ff88-a1e3-6eff-d156d60023d3,vital-signs,72514-3,Pain severity - 0-10 verbal numeric rating [Score] - Reported,2.0,{score},numeric
2025-03-22T19:18:57Z,c86c400e-ff88-a1e3-2e23-caa4d8311f47,c86c400e-ff88-a1e3-6eff-d156d60023d3,vital-signs,29463-7,Body Weight,78.9,kg,numeric
2025-03-22T19:18:57Z,c86c400e-ff88-a1e3-2e23-caa4d8311f47,c86c400e-ff88-a1e3-6eff-d156d60023d3,vital-signs,39156-5,Body mass index (BMI) [Ratio],30.3,kg/m2,numeric
2025-03-22T19:18:57Z,c86c400e-ff88-a1e3-2e23-caa4d8311f47,c86c400e-ff88-a1e3-6eff-d156d60023d3,vital-signs,8462-4,Diastolic Blood Pressure,82.0,mm[Hg],numeric
2025-03-22T19:18:57Z,c86c400e-ff88-a1e3-2e23-caa4d8311f47,c86c400e-ff88-a1e3-6eff-d156d60023d3,vital-signs,8480-6,Systolic Blood Pressure,125.0,mm[Hg],numeric
2025-03-22T19:18:57Z,c86c400e-ff88-a1e3-2e23-caa4d8311f47,c86c400e-ff88-a1e3-6eff-d156d60023d3,vital-signs,8867-4,Heart rate,87.0,/min,numeric
2025-03-22T19:18:57Z,c86c400e-ff88-a1e3-2e23-caa4d8311f47,c86c400e-ff88-a1e3-6eff-d156d60023d3,vital-signs,9279-1,Respiratory rate,13.0,/min,numeric
2025-03-22T19:18:57Z,c86c400e-ff88-a1e3-2e23-caa4d8311f47,c86c400e-ff88-a1e3-6eff-d156d60023d3,social-history,72166-2,Tobacco smoking status,Never smoked tobacco (finding),,text
2025-03-22T19:55:19Z,c86c400e-ff88-a1e3-2e23-caa4d8311f47,c86c400e-ff88-a1e3-6eff-d156d60023d3,survey,76501-6,Within the last year  have you been afraid of your partner or ex-partner,No,,text
2025-03-22T19:55:19Z,c86c400e-ff88-a1e3-2e23-caa4d8311f47,c86c400e-ff88-a1e3-6eff-d156d60023d3,survey,93026-3,Do you feel physically and emotionally safe where you currently live [PRAPARE],Yes,,text
2025-03-22T19:55:19Z,c86c400e-ff88-a1e3-2e23-caa4d8311f47,c86c400e-ff88-a1e3-6eff-d156d60023d3,survey,93027-1,Are you a refugee,No,,text
2025-03-22T19:55:19Z,c86c400e-ff88-a1e3-2e23-caa4d8311f47,c86c400e-ff88-a1e3-6eff-d156d60023d3,survey,93028-9,Have you spent more than 2 nights in a row in a jail  prison  detention center  or juvenile correctional facility in past 1 year [PRAPARE],No,,text
2025-03-22T19:55:19Z,c86c400e-ff88-a1e3-2e23-caa4d8311f47,c86c400e-ff88-a1e3-6eff-d156d60023d3,survey,93038-8,Stress level,Somewhat,,text
2025-03-22T19:55:19Z,c86c400e-ff88-a1e3-2e23-caa4d8311f47,c86c400e-ff88-a1e3-6eff-d156d60023d3,survey,93029-7,How often do you see or talk to people that you care about and feel close to [PRAPARE],3 to 5 times a week,,text
2025-03-22T19:55:19Z,c86c400e-ff88-a1e3-2e23-caa4d8311f47,c86c400e-ff88-a1e3-6eff-d156d60023d3,survey,93030-5,Has lack of transportation kept you from medical appointments  meetings  work  or from getting things needed for daily living,Yes  it has kept me from medical appointments or from getting my medications,,text
2025-03-22T19:55:19Z,c86c400e-ff88-a1e3-2e23-caa4d8311f47,c86c400e-ff88-a1e3-6eff-d156d60023d3,survey,93031-3,Have you or any family members you live with been unable to get any of the following when it was really needed in past 1 year [PRAPARE],Food,,text
2025-03-22T19:55:19Z,c86c400e-ff88-a1e3-2e23-caa4d8311f47,c86c400e-ff88-a1e3-6eff-d156d60023d3,survey,63586-2,What was your best estimate of the total income of all family members from all sources  before taxes  in last year [PhenX],54396,/a,text
2025-03-22T19:55:19Z,c86c400e-ff88-a1e3-2e23-caa4d8311f47,c86c400e-ff88-a1e3-6eff-d156d60023d3,survey,76437-3,Primary insurance,Private insurance,,text
2025-03-22T19:55:19Z,c86c400e-ff88-a1e3-2e23-caa4d8311f47,c86c400e-ff88-a1e3-6eff-d156d60023d3,survey,67875-5,Employment status - current,Full-time work,,text
2025-03-22T19:55:19Z,c86c400e-ff88-a1e3-2e23-caa4d8311f47,c86c400e-ff88-a1e3-6eff-d156d60023d3,survey,82589-3,Highest level of education,More than high school,,text
2025-03-22T19:55:19Z,c86c400e-ff88-a1e3-2e23-caa4d8311f47,c86c400e-ff88-a1e3-6eff-d156d60023d3,survey,56799-0,Address,479 Haag Camp,,text
2025-03-22T19:55:19Z,c86c400e-ff88-a1e3-2e23-caa4d8311f47,c86c400e-ff88-a1e3-6eff-d156d60023d3,survey,93033-9,Are you worried about losing your housing [PRAPARE],No,,text
2025-03-22T19:55:19Z,c86c400e-ff88-a1e3-2e23-caa4d8311f47,c86c400e-ff88-a1e3-6eff-d156d60023d3,survey,71802-3,Housing status,I have housing,,text
2025-03-22T19:55:19Z,c86c400e-ff88-a1e3-2e23-caa4d8311f47,c86c400e-ff88-a1e3-6eff-d156d60023d3,survey,63512-8,How many people are living or staying at this address [#],7.0,{#},numeric
2025-03-22T19:55:19Z,c86c400e-ff88-a1e3-2e23-caa4d8311f47,c86c400e-ff88-a1e3-6eff-d156d60023d3,survey,54899-0,Preferred language,English,,text
2025-03-22T19:55:19Z,c86c400e-ff88-a1e3-2e23-caa4d8311f47,c86c400e-ff88-a1e3-6eff-d156d60023d3,survey,93034-7,Discharged from the U.S. Armed Forces,No,,text
2025-03-22T19:55:19Z,c86c400e-ff88-a1e3-2e23-caa4d8311f47,c86c400e-ff88-a1e3-6eff-d156d60023d3,survey,93035-4,Has season or migrant farm work been your or your family's main source of income at any point in past 2 years [PRAPARE],No,,text
2025-03-22T19:55:19Z,c86c400e-ff88-a1e3-2e23-caa4d8311f47,c86c400e-ff88-a1e3-6eff-d156d60023d3,survey,32624-9,Race,White,,text
2025-03-22T19:55:19Z,c86c400e-ff88-a1e3-2e23-caa4d8311f47,c86c400e-ff88-a1e3-6eff-d156d60023d3,survey,56051-6,Hispanic or Latino,No,,text
2025-03-22T20:39:50Z,c86c400e-ff88-a1e3-2e23-caa4d8311f47,c86c400e-ff88-a1e3-6eff-d156d60023d3,survey,76504-0,Total score [HARK],0.0,{score},numeric
2025-03-22T21:18:07Z,c86c400e-ff88-a1e3-2e23-caa4d8311f47,c86c400e-ff88-a1e3-6eff-d156d60023d3,survey,55758-7,Patient Health Questionnaire 2 item (PHQ-2) total score [Reported],1.0,{score},numeric
2025-03-29T19:18:57Z,c86c400e-ff88-a1e3-2e23-caa4d8311f47,c86c400e-ff88-a1e3-dd42-0dcdba023531,laboratory,2345-7,Glucose [Mass/volume] in Serum or Plasma,84.2,mg/dL,numeric
2025-03-29T19:18:57Z,c86c400e-ff88-a1e3-2e23-caa4d8311f47,c86c400e-ff88-a1e3-dd42-0dcdba023531,laboratory,3094-0,Urea nitrogen [Mass/volume] in Serum or Plasma,11.1,mg/dL,numeric
2025-03-29T19:18:57Z,c86c400e-ff88-a1e3-2e23-caa4d8311f47,c86c400e-ff88-a1e3-dd42-0dcdba023531,laboratory,2160-0,Creatinine [Mass/volume] in Serum or Plasma,2.1,mg/dL,numeric
2025-03-29T19:18:57Z,c86c400e-ff88-a1e3-2e23-caa4d8311f47,c86c400e-ff88-a1e3-dd42-0dcdba023531,laboratory,17861-6,Calcium [Mass/volume] in Serum or Plasma,8.7,mg/dL,numeric
2025-03-29T19:18:57Z,c86c400e-ff88-a1e3-2e23-caa4d8311f47,c86c400e-ff88-a1e3-dd42-0dcdba023531,laboratory,2951-2,Sodium [Moles/volume] in Serum or Plasma,136.9,mmol/L,numeric
2025-03-29T19:18:57Z,c86c400e-ff88-a1e3-2e23-caa4d8311f47,c86c400e-ff88-a1e3-dd42-0dcdba023531,laboratory,2823-3,Potassium [Moles/volume] in Serum or Plasma,4.1,mmol/L,numeric
2025-03-29T19:18:57Z,c86c400e-ff88-a1e3-2e23-caa4d8311f47,c86c400e-ff88-a1e3-dd42-0dcdba023531,laboratory,2075-0,Chloride [Moles/volume] in Serum or Plasma,105.7,mmol/L,numeric
2025-03-29T19:18:57Z,c86c400e-ff88-a1e3-2e23-caa4d8311f47,c86c400e-ff88-a1e3-dd42-0dcdba023531,laboratory,2028-9,Carbon dioxide  total [Moles/volume] in Serum or Plasma,24.4,mmol/L,numeric
2025-03-29T19:18:57Z,c86c400e-ff88-a1e3-2e23-caa4d8311f47,c86c400e-ff88-a1e3-dd42-0dcdba023531,laboratory,33914-3,Glomerular filtration rate [Volume Rate/Area] in Serum or Plasma by Creatinine-based formula (MDRD)/1.73 sq M,76.0,mL/min/{1.73_m2},numeric
2025-03-29T19:18:57Z,c86c400e-ff88-a1e3-2e23-caa4d8311f47,c86c400e-ff88-a1e3-dd42-0dcdba023531,laboratory,5767-9,Appearance of Urine,Cloudy urine (finding),{nominal},text
2025-03-29T19:18:57Z,c86c400e-ff88-a1e3-2e23-caa4d8311f47,c86c400e-ff88-a1e3-dd42-0dcdba023531,laboratory,34533-0,Odor of Urine,Urine smell ammoniacal (finding),{nominal},text
2025-03-29T19:18:57Z,c86c400e-ff88-a1e3-2e23-caa4d8311f47,c86c400e-ff88-a1e3-dd42-0dcdba023531,laboratory,32167-9,Clarity of Urine,Translucent (qualifier value),{nominal},text
2025-03-29T19:18:57Z,c86c400e-ff88-a1e3-2e23-caa4d8311f47,c86c400e-ff88-a1e3-dd42-0dcdba023531,laboratory,5778-6,Color of Urine,Brown color (qualifier value),{nominal},text
2025-03-29T19:18:57Z,c86c400e-ff88-a1e3-2e23-caa4d8311f47,c86c400e-ff88-a1e3-dd42-0dcdba023531,laboratory,5792-7,Glucose [Mass/volume] in Urine by Test strip,2.2,mg/dL,numeric
2025-03-29T19:18:57Z,c86c400e-ff88-a1e3-2e23-caa4d8311f47,c86c400e-ff88-a1e3-dd42-0dcdba023531,laboratory,25428-4,Glucose [Presence] in Urine by Test strip,Urine glucose test = ++ (finding),{nominal},text
2025-03-29T19:18:57Z,c86c400e-ff88-a1e3-2e23-caa4d8311f47,c86c400e-ff88-a1e3-dd42-0dcdba023531,laboratory,20505-4,Bilirubin.total [Mass/volume] in Urine by Test strip,1.3,mg/dL,numeric
2025-03-29T19:18:57Z,c86c400e-ff88-a1e3-2e23-caa4d8311f47,c86c400e-ff88-a1e3-dd42-0dcdba023531,laboratory,5770-3,Bilirubin.total [Presence] in Urine by Test strip,Finding of bilirubin in urine (finding),{nominal},text
2025-03-29T19:18:57Z,c86c400e-ff88-a1e3-2e23-caa4d8311f47,c86c400e-ff88-a1e3-dd42-0dcdba023531,laboratory,5797-6,Ketones [Mass/volume] in Urine by Test strip,16.0,mg/dL,numeric
2025-03-29T19:18:57Z,c86c400e-ff88-a1e3-2e23-caa4d8311f47,c86c400e-ff88-a1e3-dd42-0dcdba023531,laboratory,2514-8,Ketones [Presence] in Urine by Test strip,Urine ketone test = + (finding),{nominal},text
2025-03-29T19:18:57Z,c86c400e-ff88-a1e3-2e23-caa4d8311f47,c86c400e-ff88-a1e3-dd42-0dcdba023531,laboratory,5811-5,Specific gravity of Urine by Test strip,1.0,{nominal},numeric
2025-03-29T19:18:57Z,c86c400e-ff88-a1e3-2e23-caa4d8311f47,c86c400e-ff88-a1e3-dd42-0dcdba023531,laboratory,5803-2,pH of Urine by Test strip,5.4,pH,numeric
2025-03-29T19:18:57Z,c86c400e-ff88-a1e3-2e23-caa4d8311f47,c86c400e-ff88-a1e3-dd42-0dcdba023531,laboratory,5804-0,Protein [Mass/volume] in Urine by Test strip,260.5,mg/dL,numeric
2025-03-29T19:18:57Z,c86c400e-ff88-a1e3-2e23-caa4d8311f47,c86c400e-ff88-a1e3-dd42-0dcdba023531,laboratory,20454-5,Protein [Presence] in Urine by Test strip,Urine protein test = ++ (finding),{nominal},text
2025-03-29T19:18:57Z,c86c400e-ff88-a1e3-2e23-caa4d8311f47,c86c400e-ff88-a1e3-dd42-0dcdba023531,laboratory,5802-4,Nitrite [Presence] in Urine by Test strip,Nitrite not detected in urine (finding),{nominal},text
2025-03-29T19:18:57Z,c86c400e-ff88-a1e3-2e23-caa4d8311f47,c86c400e-ff88-a1e3-dd42-0dcdba023531,laboratory,5794-3,Hemoglobin [Presence] in Urine by Test strip,Blood not detected in urine (finding),{nominal},text
2025-03-29T19:18:57Z,c86c400e-ff88-a1e3-2e23-caa4d8311f47,c86c400e-ff88-a1e3-dd42-0dcdba023531,laboratory,5799-2,Leukocyte esterase [Presence] in Urine by Test strip,Urine leukocytes not detected (finding),{nominal},text
2025-04-12T19:18:57Z,c86c400e-ff88-a1e3-2e23-caa4d8311f47,c86c400e-ff88-a1e3-329c-2f80e52308cc,laboratory,2345-7,Glucose [Mass/volume] in Serum or Plasma,75.7,mg/dL,numeric
2025-04-12T19:18:57Z,c86c400e-ff88-a1e3-2e23-caa4d8311f47,c86c400e-ff88-a1e3-329c-2f80e52308cc,laboratory,3094-0,Urea nitrogen [Mass/volume] in Serum or Plasma,11.0,mg/dL,numeric
2025-04-12T19:18:57Z,c86c400e-ff88-a1e3-2e23-caa4d8311f47,c86c400e-ff88-a1e3-329c-2f80e52308cc,laboratory,2160-0,Creatinine [Mass/volume] in Serum or Plasma,1.9,mg/dL,numeric
2025-04-12T19:18:57Z,c86c400e-ff88-a1e3-2e23-caa4d8311f47,c86c400e-ff88-a1e3-329c-2f80e52308cc,laboratory,17861-6,Calcium [Mass/volume] in Serum or Plasma,8.5,mg/dL,numeric
2025-04-12T19:18:57Z,c86c400e-ff88-a1e3-2e23-caa4d8311f47,c86c400e-ff88-a1e3-329c-2f80e52308cc,laboratory,2951-2,Sodium [Moles/volume] in Serum or Plasma,140.9,mmol/L,numeric
2025-04-12T19:18:57Z,c86c400e-ff88-a1e3-2e23-caa4d8311f47,c86c400e-ff88-a1e3-329c-2f80e52308cc,laboratory,2823-3,Potassium [Moles/volume] in Serum or Plasma,3.8,mmol/L,numeric
2025-04-12T19:18:57Z,c86c400e-ff88-a1e3-2e23-caa4d8311f47,c86c400e-ff88-a1e3-329c-2f80e52308cc,laboratory,2075-0,Chloride [Moles/volume] in Serum or Plasma,106.8,mmol/L,numeric
2025-04-12T19:18:57Z,c86c400e-ff88-a1e3-2e23-caa4d8311f47,c86c400e-ff88-a1e3-329c-2f80e52308cc,laboratory,2028-9,Carbon dioxide  total [Moles/volume] in Serum or Plasma,27.2,mmol/L,numeric
2025-04-12T19:18:57Z,c86c400e-ff88-a1e3-2e23-caa4d8311f47,c86c400e-ff88-a1e3-329c-2f80e52308cc,laboratory,33914-3,Glomerular filtration rate [Volume Rate/Area] in Serum or Plasma by Creatinine-based formula (MDRD)/1.73 sq M,77.0,mL/min/{1.73_m2},numeric
2025-04-12T19:18:57Z,c86c400e-ff88-a1e3-2e23-caa4d8311f47,c86c400e-ff88-a1e3-329c-2f80e52308cc,laboratory,5767-9,Appearance of Urine,Cloudy urine (finding),{nominal},text
2025-04-12T19:18:57Z,c86c400e-ff88-a1e3-2e23-caa4d8311f47,c86c400e-ff88-a1e3-329c-2f80e52308cc,laboratory,34533-0,Odor of Urine,Urine smell ammoniacal (finding),{nominal},text
2025-04-12T19:18:57Z,c86c400e-ff88-a1e3-2e23-caa4d8311f47,c86c400e-ff88-a1e3-329c-2f80e52308cc,laboratory,32167-9,Clarity of Urine,Translucent (qualifier value),{nominal},text
2025-04-12T19:18:57Z,c86c400e-ff88-a1e3-2e23-caa4d8311f47,c86c400e-ff88-a1e3-329c-2f80e52308cc,laboratory,5778-6,Color of Urine,Brown color (qualifier value),{nominal},text
2025-04-12T19:18:57Z,c86c400e-ff88-a1e3-2e23-caa4d8311f47,c86c400e-ff88-a1e3-329c-2f80e52308cc,laboratory,5792-7,Glucose [Mass/volume] in Urine by Test strip,2.3,mg/dL,numeric
2025-04-12T19:18:57Z,c86c400e-ff88-a1e3-2e23-caa4d8311f47,c86c400e-ff88-a1e3-329c-2f80e52308cc,laboratory,25428-4,Glucose [Presence] in Urine by Test strip,Urine glucose test = ++ (finding),{nominal},text
2025-04-12T19:18:57Z,c86c400e-ff88-a1e3-2e23-caa4d8311f47,c86c400e-ff88-a1e3-329c-2f80e52308cc,laboratory,20505-4,Bilirubin.total [Mass/volume] in Urine by Test strip,0.6,mg/dL,numeric
2025-04-12T19:18:57Z,c86c400e-ff88-a1e3-2e23-caa4d8311f47,c86c400e-ff88-a1e3-329c-2f80e52308cc,laboratory,5770-3,Bilirubin.total [Presence] in Urine by Test strip,Finding of bilirubin in urine (finding),{nominal},text
2025-04-12T19:18:57Z,c86c400e-ff88-a1e3-2e23-caa4d8311f47,c86c400e-ff88-a1e3-329c-2f80e52308cc,laboratory,5797-6,Ketones [Mass/volume] in Urine by Test strip,19.0,mg/dL,numeric
2025-04-12T19:18:57Z,c86c400e-ff88-a1e3-2e23-caa4d8311f47,c86c400e-ff88-a1e3-329c-2f80e52308cc,laboratory,2514-8,Ketones [Presence] in Urine by Test strip,Urine ketone test = + (finding),{nominal},text
2025-04-12T19:18:57Z,c86c400e-ff88-a1e3-2e23-caa4d8311f47,c86c400e-ff88-a1e3-329c-2f80e52308cc,laboratory,5811-5,Specific gravity of Urine by Test strip,1.0,{nominal},numeric
2025-04-12T19:18:57Z,c86c400e-ff88-a1e3-2e23-caa4d8311f47,c86c400e-ff88-a1e3-329c-2f80e52308cc,laboratory,5803-2,pH of Urine by Test strip,5.4,pH,numeric
2025-04-12T19:18:57Z,c86c400e-ff88-a1e3-2e23-caa4d8311f47,c86c400e-ff88-a1e3-329c-2f80e52308cc,laboratory,5804-0,Protein [Mass/volume] in Urine by Test strip,242.7,mg/dL,numeric
2025-04-12T19:18:57Z,c86c400e-ff88-a1e3-2e23-caa4d8311f47,c86c400e-ff88-a1e3-329c-2f80e52308cc,laboratory,20454-5,Protein [Presence] in Urine by Test strip,Urine protein test = ++ (finding),{nominal},text
2025-04-12T19:18:57Z,c86c400e-ff88-a1e3-2e23-caa4d8311f47,c86c400e-ff88-a1e3-329c-2f80e52308cc,laboratory,5802-4,Nitrite [Presence] in Urine by Test strip,Nitrite not detected in urine (finding),{nominal},text
2025-04-12T19:18:57Z,c86c400e-ff88-a1e3-2e23-caa4d8311f47,c86c400e-ff88-a1e3-329c-2f80e52308cc,laboratory,5794-3,Hemoglobin [Presence] in Urine by Test strip,Blood not detected in urine (finding),{nominal},text
2025-04-12T19:18:57Z,c86c400e-ff88-a1e3-2e23-caa4d8311f47,c86c400e-ff88-a1e3-329c-2f80e52308cc,laboratory,5799-2,Leukocyte esterase [Presence] in Urine by Test strip,Urine leukocytes not detected (finding),{nominal},text
2025-04-12T19:18:57Z,c86c400e-ff88-a1e3-2e23-caa4d8311f47,c86c400e-ff88-a1e3-329c-2f80e52308cc,vital-signs,8302-2,Body Height,161.4,cm,numeric
2025-04-12T19:18:57Z,c86c400e-ff88-a1e3-2e23-caa4d8311f47,c86c400e-ff88-a1e3-329c-2f80e52308cc,vital-signs,72514-3,Pain severity - 0-10 verbal numeric rating [Score] - Reported,2.0,{score},numeric
2025-04-12T19:18:57Z,c86c400e-ff88-a1e3-2e23-caa4d8311f47,c86c400e-ff88-a1e3-329c-2f80e52308cc,vital-signs,29463-7,Body Weight,78.9,kg,numeric
2025-04-12T19:18:57Z,c86c400e-ff88-a1e3-2e23-caa4d8311f47,c86c400e-ff88-a1e3-329c-2f80e52308cc,vital-signs,39156-5,Body mass index (BMI) [Ratio],30.3,kg/m2,numeric
2025-04-12T19:18:57Z,c86c400e-ff88-a1e3-2e23-caa4d8311f47,c86c400e-ff88-a1e3-329c-2f80e52308cc,vital-signs,8462-4,Diastolic Blood Pressure,80.0,mm[Hg],numeric
2025-04-12T19:18:57Z,c86c400e-ff88-a1e3-2e23-caa4d8311f47,c86c400e-ff88-a1e3-329c-2f80e52308cc,vital-signs,8480-6,Systolic Blood Pressure,134.0,mm[Hg],numeric
2025-04-12T19:18:57Z,c86c400e-ff88-a1e3-2e23-caa4d8311f47,c86c400e-ff88-a1e3-329c-2f80e52308cc,vital-signs,8867-4,Heart rate,85.0,/min,numeric
2025-04-12T19:18:57Z,c86c400e-ff88-a1e3-2e23-caa4d8311f47,c86c400e-ff88-a1e3-329c-2f80e52308cc,vital-signs,9279-1,Respiratory rate,14.0,/min,numeric
2025-04-12T19:18:57Z,c86c400e-ff88-a1e3-2e23-caa4d8311f47,c86c400e-ff88-a1e3-329c-2f80e52308cc,social-history,72166-2,Tobacco smoking status,Never smoked tobacco (finding),,text
2025-04-12T20:17:28Z,c86c400e-ff88-a1e3-2e23-caa4d8311f47,c86c400e-ff88-a1e3-329c-2f80e52308cc,survey,76501-6,Within the last year  have you been afraid of your partner or ex-partner,No,,text
2025-04-12T20:17:28Z,c86c400e-ff88-a1e3-2e23-caa4d8311f47,c86c400e-ff88-a1e3-329c-2f80e52308cc,survey,93026-3,Do you feel physically and emotionally safe where you currently live [PRAPARE],Yes,,text
2025-04-12T20:17:28Z,c86c400e-ff88-a1e3-2e23-caa4d8311f47,c86c400e-ff88-a1e3-329c-2f80e52308cc,survey,93027-1,Are you a refugee,No,,text
2025-04-12T20:17:28Z,c86c400e-ff88-a1e3-2e23-caa4d8311f47,c86c400e-ff88-a1e3-329c-2f80e52308cc,survey,93028-9,Have you spent more than 2 nights in a row in a jail  prison  detention center  or juvenile correctional facility in past 1 year [PRAPARE],No,,text
2025-04-12T20:17:28Z,c86c400e-ff88-a1e3-2e23-caa4d8311f47,c86c400e-ff88-a1e3-329c-2f80e52308cc,survey,93038-8,Stress level,Not at all,,text
2025-04-12T20:17:28Z,c86c400e-ff88-a1e3-2e23-caa4d8311f47,c86c400e-ff88-a1e3-329c-2f80e52308cc,survey,93029-7,How often do you see or talk to people that you care about and feel close to [PRAPARE],3 to 5 times a week,,text
2025-04-12T20:17:28Z,c86c400e-ff88-a1e3-2e23-caa4d8311f47,c86c400e-ff88-a1e3-329c-2f80e52308cc,survey,93030-5,Has lack of transportation kept you from medical appointments  meetings  work  or from getting things needed for daily living,Yes  it has kept me from medical appointments or from getting my medications,,text
2025-04-12T20:17:28Z,c86c400e-ff88-a1e3-2e23-caa4d8311f47,c86c400e-ff88-a1e3-329c-2f80e52308cc,survey,93031-3,Have you or any family members you live with been unable to get any of the following when it was really needed in past 1 year [PRAPARE],I choose not to answer this question,,text
2025-04-12T20:17:28Z,c86c400e-ff88-a1e3-2e23-caa4d8311f47,c86c400e-ff88-a1e3-329c-2f80e52308cc,survey,63586-2,What was your best estimate of the total income of all family members from all sources  before taxes  in last year [PhenX],54396,/a,text
2025-04-12T20:17:28Z,c86c400e-ff88-a1e3-2e23-caa4d8311f47,c86c400e-ff88-a1e3-329c-2f80e52308cc,survey,76437-3,Primary insurance,Private insurance,,text
2025-04-12T20:17:28Z,c86c400e-ff88-a1e3-2e23-caa4d8311f47,c86c400e-ff88-a1e3-329c-2f80e52308cc,survey,67875-5,Employment status - current,Part-time or temporary work,,text
2025-04-12T20:17:28Z,c86c400e-ff88-a1e3-2e23-caa4d8311f47,c86c400e-ff88-a1e3-329c-2f80e52308cc,survey,82589-3,Highest level of education,More than high school,,text
2025-04-12T20:17:28Z,c86c400e-ff88-a1e3-2e23-caa4d8311f47,c86c400e-ff88-a1e3-329c-2f80e52308cc,survey,56799-0,Address,479 Haag Camp,,text
2025-04-12T20:17:28Z,c86c400e-ff88-a1e3-2e23-caa4d8311f47,c86c400e-ff88-a1e3-329c-2f80e52308cc,survey,93033-9,Are you worried about losing your housing [PRAPARE],No,,text
2025-04-12T20:17:28Z,c86c400e-ff88-a1e3-2e23-caa4d8311f47,c86c400e-ff88-a1e3-329c-2f80e52308cc,survey,71802-3,Housing status,I choose not to answer this question,,text
2025-04-12T20:17:28Z,c86c400e-ff88-a1e3-2e23-caa4d8311f47,c86c400e-ff88-a1e3-329c-2f80e52308cc,survey,63512-8,How many people are living or staying at this address [#],7.0,{#},numeric
2025-04-12T20:17:28Z,c86c400e-ff88-a1e3-2e23-caa4d8311f47,c86c400e-ff88-a1e3-329c-2f80e52308cc,survey,54899-0,Preferred language,English,,text
2025-04-12T20:17:28Z,c86c400e-ff88-a1e3-2e23-caa4d8311f47,c86c400e-ff88-a1e3-329c-2f80e52308cc,survey,93034-7,Discharged from the U.S. Armed Forces,No,,text
2025-04-12T20:17:28Z,c86c400e-ff88-a1e3-2e23-caa4d8311f47,c86c400e-ff88-a1e3-329c-2f80e52308cc,survey,93035-4,Has season or migrant farm work been your or your family's main source of income at any point in past 2 years [PRAPARE],No,,text
2025-04-12T20:17:28Z,c86c400e-ff88-a1e3-2e23-caa4d8311f47,c86c400e-ff88-a1e3-329c-2f80e52308cc,survey,32624-9,Race,White,,text
2025-04-12T20:17:28Z,c86c400e-ff88-a1e3-2e23-caa4d8311f47,c86c400e-ff88-a1e3-329c-2f80e52308cc,survey,56051-6,Hispanic or Latino,No,,text
2025-04-12T20:54:41Z,c86c400e-ff88-a1e3-2e23-caa4d8311f47,c86c400e-ff88-a1e3-329c-2f80e52308cc,survey,55758-7,Patient Health Questionnaire 2 item (PHQ-2) total score [Reported],1.0,{score},numeric
2025-04-12T21:33:33Z,c86c400e-ff88-a1e3-2e23-caa4d8311f47,c86c400e-ff88-a1e3-329c-2f80e52308cc,survey,82667-7,Total score [DAST-10],5.0,{score},numeric
2025-05-17T19:18:57Z,c86c400e-ff88-a1e3-2e23-caa4d8311f47,c86c400e-ff88-a1e3-a273-ac32c2d1828a,laboratory,2345-7,Glucose [Mass/volume] in Serum or Plasma,67.3,mg/dL,numeric
2025-05-17T19:18:57Z,c86c400e-ff88-a1e3-2e23-caa4d8311f47,c86c400e-ff88-a1e3-a273-ac32c2d1828a,laboratory,3094-0,Urea nitrogen [Mass/volume] in Serum or Plasma,14.2,mg/dL,numeric
2025-05-17T19:18:57Z,c86c400e-ff88-a1e3-2e23-caa4d8311f47,c86c400e-ff88-a1e3-a273-ac32c2d1828a,laboratory,2160-0,Creatinine [Mass/volume] in Serum or Plasma,2.0,mg/dL,numeric
2025-05-17T19:18:57Z,c86c400e-ff88-a1e3-2e23-caa4d8311f47,c86c400e-ff88-a1e3-a273-ac32c2d1828a,laboratory,17861-6,Calcium [Mass/volume] in Serum or Plasma,9.6,mg/dL,numeric
2025-05-17T19:18:57Z,c86c400e-ff88-a1e3-2e23-caa4d8311f47,c86c400e-ff88-a1e3-a273-ac32c2d1828a,laboratory,2951-2,Sodium [Moles/volume] in Serum or Plasma,141.8,mmol/L,numeric
2025-05-17T19:18:57Z,c86c400e-ff88-a1e3-2e23-caa4d8311f47,c86c400e-ff88-a1e3-a273-ac32c2d1828a,laboratory,2823-3,Potassium [Moles/volume] in Serum or Plasma,5.1,mmol/L,numeric
2025-05-17T19:18:57Z,c86c400e-ff88-a1e3-2e23-caa4d8311f47,c86c400e-ff88-a1e3-a273-ac32c2d1828a,laboratory,2075-0,Chloride [Moles/volume] in Serum or Plasma,105.5,mmol/L,numeric
2025-05-17T19:18:57Z,c86c400e-ff88-a1e3-2e23-caa4d8311f47,c86c400e-ff88-a1e3-a273-ac32c2d1828a,laboratory,2028-9,Carbon dioxide  total [Moles/volume] in Serum or Plasma,25.1,mmol/L,numeric
2025-05-17T19:18:57Z,c86c400e-ff88-a1e3-2e23-caa4d8311f47,c86c400e-ff88-a1e3-a273-ac32c2d1828a,laboratory,33914-3,Glomerular filtration rate [Volume Rate/Area] in Serum or Plasma by Creatinine-based formula (MDRD)/1.73 sq M,83.1,mL/min/{1.73_m2},numeric
2025-05-17T19:18:57Z,c86c400e-ff88-a1e3-2e23-caa4d8311f47,c86c400e-ff88-a1e3-a273-ac32c2d1828a,laboratory,5767-9,Appearance of Urine,Cloudy urine (finding),{nominal},text
2025-05-17T19:18:57Z,c86c400e-ff88-a1e3-2e23-caa4d8311f47,c86c400e-ff88-a1e3-a273-ac32c2d1828a,laboratory,34533-0,Odor of Urine,Urine smell ammoniacal (finding),{nominal},text
2025-05-17T19:18:57Z,c86c400e-ff88-a1e3-2e23-caa4d8311f47,c86c400e-ff88-a1e3-a273-ac32c2d1828a,laboratory,32167-9,Clarity of Urine,Translucent (qualifier value),{nominal},text
2025-05-17T19:18:57Z,c86c400e-ff88-a1e3-2e23-caa4d8311f47,c86c400e-ff88-a1e3-a273-ac32c2d1828a,laboratory,5778-6,Color of Urine,Brown color (qualifier value),{nominal},text
2025-05-17T19:18:57Z,c86c400e-ff88-a1e3-2e23-caa4d8311f47,c86c400e-ff88-a1e3-a273-ac32c2d1828a,laboratory,5792-7,Glucose [Mass/volume] in Urine by Test strip,2.4,mg/dL,numeric
2025-05-17T19:18:57Z,c86c400e-ff88-a1e3-2e23-caa4d8311f47,c86c400e-ff88-a1e3-a273-ac32c2d1828a,laboratory,25428-4,Glucose [Presence] in Urine by Test strip,Urine glucose test = ++ (finding),{nominal},text
2025-05-17T19:18:57Z,c86c400e-ff88-a1e3-2e23-caa4d8311f47,c86c400e-ff88-a1e3-a273-ac32c2d1828a,laboratory,20505-4,Bilirubin.total [Mass/volume] in Urine by Test strip,0.7,mg/dL,numeric
2025-05-17T19:18:57Z,c86c400e-ff88-a1e3-2e23-caa4d8311f47,c86c400e-ff88-a1e3-a273-ac32c2d1828a,laboratory,5770-3,Bilirubin.total [Presence] in Urine by Test strip,Finding of bilirubin in urine (finding),{nominal},text
2025-05-17T19:18:57Z,c86c400e-ff88-a1e3-2e23-caa4d8311f47,c86c400e-ff88-a1e3-a273-ac32c2d1828a,laboratory,5797-6,Ketones [Mass/volume] in Urine by Test strip,7.2,mg/dL,numeric
2025-05-17T19:18:57Z,c86c400e-ff88-a1e3-2e23-caa4d8311f47,c86c400e-ff88-a1e3-a273-ac32c2d1828a,laboratory,2514-8,Ketones [Presence] in Urine by Test strip,Urine ketone test = + (finding),{nominal},text
2025-05-17T19:18:57Z,c86c400e-ff88-a1e3-2e23-caa4d8311f47,c86c400e-ff88-a1e3-a273-ac32c2d1828a,laboratory,5811-5,Specific gravity of Urine by Test strip,1.0,{nominal},numeric
2025-05-17T19:18:57Z,c86c400e-ff88-a1e3-2e23-caa4d8311f47,c86c400e-ff88-a1e3-a273-ac32c2d1828a,laboratory,5803-2,pH of Urine by Test strip,6.0,pH,numeric
2025-05-17T19:18:57Z,c86c400e-ff88-a1e3-2e23-caa4d8311f47,c86c400e-ff88-a1e3-a273-ac32c2d1828a,laboratory,5804-0,Protein [Mass/volume] in Urine by Test strip,320.3,mg/dL,numeric
2025-05-17T19:18:57Z,c86c400e-ff88-a1e3-2e23-caa4d8311f47,c86c400e-ff88-a1e3-a273-ac32c2d1828a,laboratory,20454-5,Protein [Presence] in Urine by Test strip,Urine protein test = ++ (finding),{nominal},text
2025-05-17T19:18:57Z,c86c400e-ff88-a1e3-2e23-caa4d8311f47,c86c400e-ff88-a1e3-a273-ac32c2d1828a,laboratory,5802-4,Nitrite [Presence] in Urine by Test strip,Nitrite not detected in urine (finding),{nominal},text
2025-05-17T19:18:57Z,c86c400e-ff88-a1e3-2e23-caa4d8311f47,c86c400e-ff88-a1e3-a273-ac32c2d1828a,laboratory,5794-3,Hemoglobin [Presence] in Urine by Test strip,Blood not detected in urine (finding),{nominal},text
2025-05-17T19:18:57Z,c86c400e-ff88-a1e3-2e23-caa4d8311f47,c86c400e-ff88-a1e3-a273-ac32c2d1828a,laboratory,5799-2,Leukocyte esterase [Presence] in Urine by Test strip,Urine leukocytes not detected (finding),{nominal},text
2025-05-17T19:18:57Z,c86c400e-ff88-a1e3-2e23-caa4d8311f47,c86c400e-ff88-a1e3-a273-ac32c2d1828a,vital-signs,8302-2,Body Height,161.4,cm,numeric
2025-05-17T19:18:57Z,c86c400e-ff88-a1e3-2e23-caa4d8311f47,c86c400e-ff88-a1e3-a273-ac32c2d1828a,vital-signs,72514-3,Pain severity - 0-10 verbal numeric rating [Score] - Reported,3.0,{score},numeric
2025-05-17T19:18:57Z,c86c400e-ff88-a1e3-2e23-caa4d8311f47,c86c400e-ff88-a1e3-a273-ac32c2d1828a,vital-signs,29463-7,Body Weight,78.9,kg,numeric
2025-05-17T19:18:57Z,c86c400e-ff88-a1e3-2e23-caa4d8311f47,c86c400e-ff88-a1e3-a273-ac32c2d1828a,vital-signs,39156-5,Body mass index (BMI) [Ratio],30.3,kg/m2,numeric
2025-05-17T19:18:57Z,c86c400e-ff88-a1e3-2e23-caa4d8311f47,c86c400e-ff88-a1e3-a273-ac32c2d1828a,vital-signs,8462-4,Diastolic Blood Pressure,83.0,mm[Hg],numeric
2025-05-17T19:18:57Z,c86c400e-ff88-a1e3-2e23-caa4d8311f47,c86c400e-ff88-a1e3-a273-ac32c2d1828a,vital-signs,8480-6,Systolic Blood Pressure,131.0,mm[Hg],numeric
2025-05-17T19:18:57Z,c86c400e-ff88-a1e3-2e23-caa4d8311f47,c86c400e-ff88-a1e3-a273-ac32c2d1828a,vital-signs,8867-4,Heart rate,90.0,/min,numeric
2025-05-17T19:18:57Z,c86c400e-ff88-a1e3-2e23-caa4d8311f47,c86c400e-ff88-a1e3-a273-ac32c2d1828a,vital-signs,9279-1,Respiratory rate,13.0,/min,numeric
2025-05-17T19:18:57Z,c86c400e-ff88-a1e3-2e23-caa4d8311f47,c86c400e-ff88-a1e3-a273-ac32c2d1828a,laboratory,2093-3,Cholesterol [Mass/volume] in Serum or Plasma,190.7,mg/dL,numeric
2025-05-17T19:18:57Z,c86c400e-ff88-a1e3-2e23-caa4d8311f47,c86c400e-ff88-a1e3-a273-ac32c2d1828a,laboratory,2571-8,Triglyceride [Mass/volume] in Serum or Plasma,148.3,mg/dL,numeric
2025-05-17T19:18:57Z,c86c400e-ff88-a1e3-2e23-caa4d8311f47,c86c400e-ff88-a1e3-a273-ac32c2d1828a,laboratory,18262-6,Cholesterol in LDL [Mass/volume] in Serum or Plasma by Direct assay,107.0,mg/dL,numeric
2025-05-17T19:18:57Z,c86c400e-ff88-a1e3-2e23-caa4d8311f47,c86c400e-ff88-a1e3-a273-ac32c2d1828a,laboratory,2085-9,Cholesterol in HDL [Mass/volume] in Serum or Plasma,54.1,mg/dL,numeric
2025-05-17T19:18:57Z,c86c400e-ff88-a1e3-2e23-caa4d8311f47,c86c400e-ff88-a1e3-a273-ac32c2d1828a,social-history,72166-2,Tobacco smoking status,Never smoked tobacco (finding),,text
2025-05-17T19:55:55Z,c86c400e-ff88-a1e3-2e23-caa4d8311f47,c86c400e-ff88-a1e3-a273-ac32c2d1828a,survey,76501-6,Within the last year  have you been afraid of your partner or ex-partner,No,,text
2025-05-17T19:55:55Z,c86c400e-ff88-a1e3-2e23-caa4d8311f47,c86c400e-ff88-a1e3-a273-ac32c2d1828a,survey,93026-3,Do you feel physically and emotionally safe where you currently live [PRAPARE],Yes,,text
2025-05-17T19:55:55Z,c86c400e-ff88-a1e3-2e23-caa4d8311f47,c86c400e-ff88-a1e3-a273-ac32c2d1828a,survey,93027-1,Are you a refugee,No,,text
2025-05-17T19:55:55Z,c86c400e-ff88-a1e3-2e23-caa4d8311f47,c86c400e-ff88-a1e3-a273-ac32c2d1828a,survey,93028-9,Have you spent more than 2 nights in a row in a jail  prison  detention center  or juvenile correctional facility in past 1 year [PRAPARE],No,,text
2025-05-17T19:55:55Z,c86c400e-ff88-a1e3-2e23-caa4d8311f47,c86c400e-ff88-a1e3-a273-ac32c2d1828a,survey,93038-8,Stress level,Somewhat,,text
2025-05-17T19:55:55Z,c86c400e-ff88-a1e3-2e23-caa4d8311f47,c86c400e-ff88-a1e3-a273-ac32c2d1828a,survey,93029-7,How often do you see or talk to people that you care about and feel close to [PRAPARE],3 to 5 times a week,,text
2025-05-17T19:55:55Z,c86c400e-ff88-a1e3-2e23-caa4d8311f47,c86c400e-ff88-a1e3-a273-ac32c2d1828a,survey,93030-5,Has lack of transportation kept you from medical appointments  meetings  work  or from getting things needed for daily living,Yes  it has kept me from medical appointments or from getting my medications,,text
2025-05-17T19:55:55Z,c86c400e-ff88-a1e3-2e23-caa4d8311f47,c86c400e-ff88-a1e3-a273-ac32c2d1828a,survey,93031-3,Have you or any family members you live with been unable to get any of the following when it was really needed in past 1 year [PRAPARE],I choose not to answer this question,,text
2025-05-17T19:55:55Z,c86c400e-ff88-a1e3-2e23-caa4d8311f47,c86c400e-ff88-a1e3-a273-ac32c2d1828a,survey,63586-2,What was your best estimate of the total income of all family members from all sources  before taxes  in last year [PhenX],54396,/a,text
2025-05-17T19:55:55Z,c86c400e-ff88-a1e3-2e23-caa4d8311f47,c86c400e-ff88-a1e3-a273-ac32c2d1828a,survey,76437-3,Primary insurance,Private insurance,,text
2025-05-17T19:55:55Z,c86c400e-ff88-a1e3-2e23-caa4d8311f47,c86c400e-ff88-a1e3-a273-ac32c2d1828a,survey,67875-5,Employment status - current,Full-time work,,text
2025-05-17T19:55:55Z,c86c400e-ff88-a1e3-2e23-caa4d8311f47,c86c400e-ff88-a1e3-a273-ac32c2d1828a,survey,82589-3,Highest level of education,More than high school,,text
2025-05-17T19:55:55Z,c86c400e-ff88-a1e3-2e23-caa4d8311f47,c86c400e-ff88-a1e3-a273-ac32c2d1828a,survey,56799-0,Address,479 Haag Camp,,text
2025-05-17T19:55:55Z,c86c400e-ff88-a1e3-2e23-caa4d8311f47,c86c400e-ff88-a1e3-a273-ac32c2d1828a,survey,93033-9,Are you worried about losing your housing [PRAPARE],No,,text
2025-05-17T19:55:55Z,c86c400e-ff88-a1e3-2e23-caa4d8311f47,c86c400e-ff88-a1e3-a273-ac32c2d1828a,survey,71802-3,Housing status,I have housing,,text
2025-05-17T19:55:55Z,c86c400e-ff88-a1e3-2e23-caa4d8311f47,c86c400e-ff88-a1e3-a273-ac32c2d1828a,survey,63512-8,How many people are living or staying at this address [#],7.0,{#},numeric
2025-05-17T19:55:55Z,c86c400e-ff88-a1e3-2e23-caa4d8311f47,c86c400e-ff88-a1e3-a273-ac32c2d1828a,survey,54899-0,Preferred language,English,,text
2025-05-17T19:55:55Z,c86c400e-ff88-a1e3-2e23-caa4d8311f47,c86c400e-ff88-a1e3-a273-ac32c2d1828a,survey,93034-7,Discharged from the U.S. Armed Forces,No,,text
2025-05-17T19:55:55Z,c86c400e-ff88-a1e3-2e23-caa4d8311f47,c86c400e-ff88-a1e3-a273-ac32c2d1828a,survey,93035-4,Has season or migrant farm work been your or your family's main source of income at any point in past 2 years [PRAPARE],No,,text
2025-05-17T19:55:55Z,c86c400e-ff88-a1e3-2e23-caa4d8311f47,c86c400e-ff88-a1e3-a273-ac32c2d1828a,survey,32624-9,Race,White,,text
2025-05-17T19:55:55Z,c86c400e-ff88-a1e3-2e23-caa4d8311f47,c86c400e-ff88-a1e3-a273-ac32c2d1828a,survey,56051-6,Hispanic or Latino,No,,text
2025-05-17T20:13:12Z,c86c400e-ff88-a1e3-2e23-caa4d8311f47,c86c400e-ff88-a1e3-a273-ac32c2d1828a,survey,70274-6,Generalized anxiety disorder 7 item (GAD-7) total score [Reported.PHQ],12.0,{score},numeric
2025-05-17T20:47:52Z,c86c400e-ff88-a1e3-2e23-caa4d8311f47,c86c400e-ff88-a1e3-a273-ac32c2d1828a,survey,55758-7,Patient Health Questionnaire 2 item (PHQ-2) total score [Reported],1.0,{score},numeric
2025-05-17T21:19:27Z,c86c400e-ff88-a1e3-2e23-caa4d8311f47,c86c400e-ff88-a1e3-a273-ac32c2d1828a,survey,82667-7,Total score [DAST-10],0.0,{score},numeric
2025-12-06T19:18:57Z,c86c400e-ff88-a1e3-2e23-caa4d8311f47,c86c400e-ff88-a1e3-25c1-b89c10261cc8,laboratory,2345-7,Glucose [Mass/volume] in Serum or Plasma,98.4,mg/dL,numeric
2025-12-06T19:18:57Z,c86c400e-ff88-a1e3-2e23-caa4d8311f47,c86c400e-ff88-a1e3-25c1-b89c10261cc8,laboratory,3094-0,Urea nitrogen [Mass/volume] in Serum or Plasma,17.7,mg/dL,numeric
2025-12-06T19:18:57Z,c86c400e-ff88-a1e3-2e23-caa4d8311f47,c86c400e-ff88-a1e3-25c1-b89c10261cc8,laboratory,2160-0,Creatinine [Mass/volume] in Serum or Plasma,2.0,mg/dL,numeric
2025-12-06T19:18:57Z,c86c400e-ff88-a1e3-2e23-caa4d8311f47,c86c400e-ff88-a1e3-25c1-b89c10261cc8,laboratory,17861-6,Calcium [Mass/volume] in Serum or Plasma,8.7,mg/dL,numeric
2025-12-06T19:18:57Z,c86c400e-ff88-a1e3-2e23-caa4d8311f47,c86c400e-ff88-a1e3-25c1-b89c10261cc8,laboratory,2951-2,Sodium [Moles/volume] in Serum or Plasma,137.6,mmol/L,numeric
2025-12-06T19:18:57Z,c86c400e-ff88-a1e3-2e23-caa4d8311f47,c86c400e-ff88-a1e3-25c1-b89c10261cc8,laboratory,2823-3,Potassium [Moles/volume] in Serum or Plasma,3.8,mmol/L,numeric
2025-12-06T19:18:57Z,c86c400e-ff88-a1e3-2e23-caa4d8311f47,c86c400e-ff88-a1e3-25c1-b89c10261cc8,laboratory,2075-0,Chloride [Moles/volume] in Serum or Plasma,102.6,mmol/L,numeric
2025-12-06T19:18:57Z,c86c400e-ff88-a1e3-2e23-caa4d8311f47,c86c400e-ff88-a1e3-25c1-b89c10261cc8,laboratory,2028-9,Carbon dioxide  total [Moles/volume] in Serum or Plasma,24.5,mmol/L,numeric
2025-12-06T19:18:57Z,c86c400e-ff88-a1e3-2e23-caa4d8311f47,c86c400e-ff88-a1e3-25c1-b89c10261cc8,laboratory,33914-3,Glomerular filtration rate [Volume Rate/Area] in Serum or Plasma by Creatinine-based formula (MDRD)/1.73 sq M,70.2,mL/min/{1.73_m2},numeric
2025-12-06T19:18:57Z,c86c400e-ff88-a1e3-2e23-caa4d8311f47,c86c400e-ff88-a1e3-25c1-b89c10261cc8,laboratory,5767-9,Appearance of Urine,Cloudy urine (finding),{nominal},text
2025-12-06T19:18:57Z,c86c400e-ff88-a1e3-2e23-caa4d8311f47,c86c400e-ff88-a1e3-25c1-b89c10261cc8,laboratory,34533-0,Odor of Urine,Urine smell ammoniacal (finding),{nominal},text
2025-12-06T19:18:57Z,c86c400e-ff88-a1e3-2e23-caa4d8311f47,c86c400e-ff88-a1e3-25c1-b89c10261cc8,laboratory,32167-9,Clarity of Urine,Translucent (qualifier value),{nominal},text
2025-12-06T19:18:57Z,c86c400e-ff88-a1e3-2e23-caa4d8311f47,c86c400e-ff88-a1e3-25c1-b89c10261cc8,laboratory,5778-6,Color of Urine,Brown color (qualifier value),{nominal},text
2025-12-06T19:18:57Z,c86c400e-ff88-a1e3-2e23-caa4d8311f47,c86c400e-ff88-a1e3-25c1-b89c10261cc8,laboratory,5792-7,Glucose [Mass/volume] in Urine by Test strip,1.6,mg/dL,numeric
2025-12-06T19:18:57Z,c86c400e-ff88-a1e3-2e23-caa4d8311f47,c86c400e-ff88-a1e3-25c1-b89c10261cc8,laboratory,25428-4,Glucose [Presence] in Urine by Test strip,Urine glucose test = ++ (finding),{nominal},text
2025-12-06T19:18:57Z,c86c400e-ff88-a1e3-2e23-caa4d8311f47,c86c400e-ff88-a1e3-25c1-b89c10261cc8,laboratory,20505-4,Bilirubin.total [Mass/volume] in Urine by Test strip,0.8,mg/dL,numeric
2025-12-06T19:18:57Z,c86c400e-ff88-a1e3-2e23-caa4d8311f47,c86c400e-ff88-a1e3-25c1-b89c10261cc8,laboratory,5770-3,Bilirubin.total [Presence] in Urine by Test strip,Finding of bilirubin in urine (finding),{nominal},text
2025-12-06T19:18:57Z,c86c400e-ff88-a1e3-2e23-caa4d8311f47,c86c400e-ff88-a1e3-25c1-b89c10261cc8,laboratory,5797-6,Ketones [Mass/volume] in Urine by Test strip,11.5,mg/dL,numeric
2025-12-06T19:18:57Z,c86c400e-ff88-a1e3-2e23-caa4d8311f47,c86c400e-ff88-a1e3-25c1-b89c10261cc8,laboratory,2514-8,Ketones [Presence] in Urine by Test strip,Urine ketone test = + (finding),{nominal},text
2025-12-06T19:18:57Z,c86c400e-ff88-a1e3-2e23-caa4d8311f47,c86c400e-ff88-a1e3-25c1-b89c10261cc8,laboratory,5811-5,Specific gravity of Urine by Test strip,1.0,{nominal},numeric
2025-12-06T19:18:57Z,c86c400e-ff88-a1e3-2e23-caa4d8311f47,c86c400e-ff88-a1e3-25c1-b89c10261cc8,laboratory,5803-2,pH of Urine by Test strip,6.6,pH,numeric
2025-12-06T19:18:57Z,c86c400e-ff88-a1e3-2e23-caa4d8311f47,c86c400e-ff88-a1e3-25c1-b89c10261cc8,laboratory,5804-0,Protein [Mass/volume] in Urine by Test strip,279.1,mg/dL,numeric
2025-12-06T19:18:57Z,c86c400e-ff88-a1e3-2e23-caa4d8311f47,c86c400e-ff88-a1e3-25c1-b89c10261cc8,laboratory,20454-5,Protein [Presence] in Urine by Test strip,Urine protein test = ++ (finding),{nominal},text
2025-12-06T19:18:57Z,c86c400e-ff88-a1e3-2e23-caa4d8311f47,c86c400e-ff88-a1e3-25c1-b89c10261cc8,laboratory,5802-4,Nitrite [Presence] in Urine by Test strip,Nitrite not detected in urine (finding),{nominal},text
2025-12-06T19:18:57Z,c86c400e-ff88-a1e3-2e23-caa4d8311f47,c86c400e-ff88-a1e3-25c1-b89c10261cc8,laboratory,5794-3,Hemoglobin [Presence] in Urine by Test strip,Blood not detected in urine (finding),{nominal},text
2025-12-06T19:18:57Z,c86c400e-ff88-a1e3-2e23-caa4d8311f47,c86c400e-ff88-a1e3-25c1-b89c10261cc8,laboratory,5799-2,Leukocyte esterase [Presence] in Urine by Test strip,Urine leukocytes not detected (finding),{nominal},text
2025-12-06T19:18:57Z,c86c400e-ff88-a1e3-2e23-caa4d8311f47,c86c400e-ff88-a1e3-25c1-b89c10261cc8,vital-signs,8302-2,Body Height,161.4,cm,numeric
2025-12-06T19:18:57Z,c86c400e-ff88-a1e3-2e23-caa4d8311f47,c86c400e-ff88-a1e3-25c1-b89c10261cc8,vital-signs,72514-3,Pain severity - 0-10 verbal numeric rating [Score] - Reported,1.0,{score},numeric
2025-12-06T19:18:57Z,c86c400e-ff88-a1e3-2e23-caa4d8311f47,c86c400e-ff88-a1e3-25c1-b89c10261cc8,vital-signs,29463-7,Body Weight,78.9,kg,numeric
2025-12-06T19:18:57Z,c86c400e-ff88-a1e3-2e23-caa4d8311f47,c86c400e-ff88-a1e3-25c1-b89c10261cc8,vital-signs,39156-5,Body mass index (BMI) [Ratio],30.3,kg/m2,numeric
2025-12-06T19:18:57Z,c86c400e-ff88-a1e3-2e23-caa4d8311f47,c86c400e-ff88-a1e3-25c1-b89c10261cc8,vital-signs,8462-4,Diastolic Blood Pressure,80.0,mm[Hg],numeric
2025-12-06T19:18:57Z,c86c400e-ff88-a1e3-2e23-caa4d8311f47,c86c400e-ff88-a1e3-25c1-b89c10261cc8,vital-signs,8480-6,Systolic Blood Pressure,130.0,mm[Hg],numeric
2025-12-06T19:18:57Z,c86c400e-ff88-a1e3-2e23-caa4d8311f47,c86c400e-ff88-a1e3-25c1-b89c10261cc8,vital-signs,8867-4,Heart rate,90.0,/min,numeric
2025-12-06T19:18:57Z,c86c400e-ff88-a1e3-2e23-caa4d8311f47,c86c400e-ff88-a1e3-25c1-b89c10261cc8,vital-signs,9279-1,Respiratory rate,13.0,/min,numeric
2025-12-06T19:18:57Z,c86c400e-ff88-a1e3-2e23-caa4d8311f47,c86c400e-ff88-a1e3-25c1-b89c10261cc8,social-history,72166-2,Tobacco smoking status,Never smoked tobacco (finding),,text
2025-12-06T19:55:17Z,c86c400e-ff88-a1e3-2e23-caa4d8311f47,c86c400e-ff88-a1e3-25c1-b89c10261cc8,survey,76501-6,Within the last year  have you been afraid of your partner or ex-partner,No,,text
2025-12-06T19:55:17Z,c86c400e-ff88-a1e3-2e23-caa4d8311f47,c86c400e-ff88-a1e3-25c1-b89c10261cc8,survey,93026-3,Do you feel physically and emotionally safe where you currently live [PRAPARE],Yes,,text
2025-12-06T19:55:17Z,c86c400e-ff88-a1e3-2e23-caa4d8311f47,c86c400e-ff88-a1e3-25c1-b89c10261cc8,survey,93027-1,Are you a refugee,No,,text
2025-12-06T19:55:17Z,c86c400e-ff88-a1e3-2e23-caa4d8311f47,c86c400e-ff88-a1e3-25c1-b89c10261cc8,survey,93028-9,Have you spent more than 2 nights in a row in a jail  prison  detention center  or juvenile correctional facility in past 1 year [PRAPARE],No,,text
2025-12-06T19:55:17Z,c86c400e-ff88-a1e3-2e23-caa4d8311f47,c86c400e-ff88-a1e3-25c1-b89c10261cc8,survey,93038-8,Stress level,Not at all,,text
2025-12-06T19:55:17Z,c86c400e-ff88-a1e3-2e23-caa4d8311f47,c86c400e-ff88-a1e3-25c1-b89c10261cc8,survey,93029-7,How often do you see or talk to people that you care about and feel close to [PRAPARE],5 or more times a week,,text
2025-12-06T19:55:17Z,c86c400e-ff88-a1e3-2e23-caa4d8311f47,c86c400e-ff88-a1e3-25c1-b89c10261cc8,survey,93030-5,Has lack of transportation kept you from medical appointments  meetings  work  or from getting things needed for daily living,Yes  it has kept me from non-medical meetings  appointments  work  or from getting things that I need,,text
2025-12-06T19:55:17Z,c86c400e-ff88-a1e3-2e23-caa4d8311f47,c86c400e-ff88-a1e3-25c1-b89c10261cc8,survey,93031-3,Have you or any family members you live with been unable to get any of the following when it was really needed in past 1 year [PRAPARE],I choose not to answer this question,,text
2025-12-06T19:55:17Z,c86c400e-ff88-a1e3-2e23-caa4d8311f47,c86c400e-ff88-a1e3-25c1-b89c10261cc8,survey,63586-2,What was your best estimate of the total income of all family members from all sources  before taxes  in last year [PhenX],54396,/a,text
2025-12-06T19:55:17Z,c86c400e-ff88-a1e3-2e23-caa4d8311f47,c86c400e-ff88-a1e3-25c1-b89c10261cc8,survey,76437-3,Primary insurance,Private insurance,,text
2025-12-06T19:55:17Z,c86c400e-ff88-a1e3-2e23-caa4d8311f47,c86c400e-ff88-a1e3-25c1-b89c10261cc8,survey,67875-5,Employment status - current,Full-time work,,text
2025-12-06T19:55:17Z,c86c400e-ff88-a1e3-2e23-caa4d8311f47,c86c400e-ff88-a1e3-25c1-b89c10261cc8,survey,82589-3,Highest level of education,More than high school,,text
2025-12-06T19:55:17Z,c86c400e-ff88-a1e3-2e23-caa4d8311f47,c86c400e-ff88-a1e3-25c1-b89c10261cc8,survey,56799-0,Address,479 Haag Camp,,text
2025-12-06T19:55:17Z,c86c400e-ff88-a1e3-2e23-caa4d8311f47,c86c400e-ff88-a1e3-25c1-b89c10261cc8,survey,93033-9,Are you worried about losing your housing [PRAPARE],No,,text
2025-12-06T19:55:17Z,c86c400e-ff88-a1e3-2e23-caa4d8311f47,c86c400e-ff88-a1e3-25c1-b89c10261cc8,survey,71802-3,Housing status,I have housing,,text
2025-12-06T19:55:17Z,c86c400e-ff88-a1e3-2e23-caa4d8311f47,c86c400e-ff88-a1e3-25c1-b89c10261cc8,survey,63512-8,How many people are living or staying at this address [#],7.0,{#},numeric
2025-12-06T19:55:17Z,c86c400e-ff88-a1e3-2e23-caa4d8311f47,c86c400e-ff88-a1e3-25c1-b89c10261cc8,survey,54899-0,Preferred language,English,,text
2025-12-06T19:55:17Z,c86c400e-ff88-a1e3-2e23-caa4d8311f47,c86c400e-ff88-a1e3-25c1-b89c10261cc8,survey,93034-7,Discharged from the U.S. Armed Forces,No,,text
2025-12-06T19:55:17Z,c86c400e-ff88-a1e3-2e23-caa4d8311f47,c86c400e-ff88-a1e3-25c1-b89c10261cc8,survey,93035-4,Has season or migrant farm work been your or your family's main source of income at any point in past 2 years [PRAPARE],No,,text
2025-12-06T19:55:17Z,c86c400e-ff88-a1e3-2e23-caa4d8311f47,c86c400e-ff88-a1e3-25c1-b89c10261cc8,survey,32624-9,Race,White,,text
2025-12-06T19:55:17Z,c86c400e-ff88-a1e3-2e23-caa4d8311f47,c86c400e-ff88-a1e3-25c1-b89c10261cc8,survey,56051-6,Hispanic or Latino,No,,text
2025-12-06T20:13:40Z,c86c400e-ff88-a1e3-2e23-caa4d8311f47,c86c400e-ff88-a1e3-25c1-b89c10261cc8,survey,70274-6,Generalized anxiety disorder 7 item (GAD-7) total score [Reported.PHQ],16.0,{score},numeric
2025-12-06T20:57:34Z,c86c400e-ff88-a1e3-2e23-caa4d8311f47,c86c400e-ff88-a1e3-25c1-b89c10261cc8,survey,76504-0,Total score [HARK],0.0,{score},numeric
2025-12-06T21:34:09Z,c86c400e-ff88-a1e3-2e23-caa4d8311f47,c86c400e-ff88-a1e3-25c1-b89c10261cc8,survey,82667-7,Total score [DAST-10],2.0,{score},numeric
2026-04-04T19:18:57Z,c86c400e-ff88-a1e3-2e23-caa4d8311f47,c86c400e-ff88-a1e3-2565-ac03c9dbc83a,laboratory,2345-7,Glucose [Mass/volume] in Serum or Plasma,74.3,mg/dL,numeric
2026-04-04T19:18:57Z,c86c400e-ff88-a1e3-2e23-caa4d8311f47,c86c400e-ff88-a1e3-2565-ac03c9dbc83a,laboratory,3094-0,Urea nitrogen [Mass/volume] in Serum or Plasma,9.4,mg/dL,numeric
2026-04-04T19:18:57Z,c86c400e-ff88-a1e3-2e23-caa4d8311f47,c86c400e-ff88-a1e3-2565-ac03c9dbc83a,laboratory,2160-0,Creatinine [Mass/volume] in Serum or Plasma,2.0,mg/dL,numeric
2026-04-04T19:18:57Z,c86c400e-ff88-a1e3-2e23-caa4d8311f47,c86c400e-ff88-a1e3-2565-ac03c9dbc83a,laboratory,17861-6,Calcium [Mass/volume] in Serum or Plasma,9.5,mg/dL,numeric
2026-04-04T19:18:57Z,c86c400e-ff88-a1e3-2e23-caa4d8311f47,c86c400e-ff88-a1e3-2565-ac03c9dbc83a,laboratory,2951-2,Sodium [Moles/volume] in Serum or Plasma,143.5,mmol/L,numeric
2026-04-04T19:18:57Z,c86c400e-ff88-a1e3-2e23-caa4d8311f47,c86c400e-ff88-a1e3-2565-ac03c9dbc83a,laboratory,2823-3,Potassium [Moles/volume] in Serum or Plasma,4.1,mmol/L,numeric
2026-04-04T19:18:57Z,c86c400e-ff88-a1e3-2e23-caa4d8311f47,c86c400e-ff88-a1e3-2565-ac03c9dbc83a,laboratory,2075-0,Chloride [Moles/volume] in Serum or Plasma,108.8,mmol/L,numeric
2026-04-04T19:18:57Z,c86c400e-ff88-a1e3-2e23-caa4d8311f47,c86c400e-ff88-a1e3-2565-ac03c9dbc83a,laboratory,2028-9,Carbon dioxide  total [Moles/volume] in Serum or Plasma,21.5,mmol/L,numeric
2026-04-04T19:18:57Z,c86c400e-ff88-a1e3-2e23-caa4d8311f47,c86c400e-ff88-a1e3-2565-ac03c9dbc83a,laboratory,33914-3,Glomerular filtration rate [Volume Rate/Area] in Serum or Plasma by Creatinine-based formula (MDRD)/1.73 sq M,53.2,mL/min/{1.73_m2},numeric
2026-04-04T19:18:57Z,c86c400e-ff88-a1e3-2e23-caa4d8311f47,c86c400e-ff88-a1e3-2565-ac03c9dbc83a,laboratory,5767-9,Appearance of Urine,Cloudy urine (finding),{nominal},text
2026-04-04T19:18:57Z,c86c400e-ff88-a1e3-2e23-caa4d8311f47,c86c400e-ff88-a1e3-2565-ac03c9dbc83a,laboratory,34533-0,Odor of Urine,Urine smell ammoniacal (finding),{nominal},text
2026-04-04T19:18:57Z,c86c400e-ff88-a1e3-2e23-caa4d8311f47,c86c400e-ff88-a1e3-2565-ac03c9dbc83a,laboratory,32167-9,Clarity of Urine,Translucent (qualifier value),{nominal},text
2026-04-04T19:18:57Z,c86c400e-ff88-a1e3-2e23-caa4d8311f47,c86c400e-ff88-a1e3-2565-ac03c9dbc83a,laboratory,5778-6,Color of Urine,Brown color (qualifier value),{nominal},text
2026-04-04T19:18:57Z,c86c400e-ff88-a1e3-2e23-caa4d8311f47,c86c400e-ff88-a1e3-2565-ac03c9dbc83a,laboratory,5792-7,Glucose [Mass/volume] in Urine by Test strip,0.6,mg/dL,numeric
2026-04-04T19:18:57Z,c86c400e-ff88-a1e3-2e23-caa4d8311f47,c86c400e-ff88-a1e3-2565-ac03c9dbc83a,laboratory,25428-4,Glucose [Presence] in Urine by Test strip,Urine glucose test = ++ (finding),{nominal},text
2026-04-04T19:18:57Z,c86c400e-ff88-a1e3-2e23-caa4d8311f47,c86c400e-ff88-a1e3-2565-ac03c9dbc83a,laboratory,20505-4,Bilirubin.total [Mass/volume] in Urine by Test strip,0.6,mg/dL,numeric
2026-04-04T19:18:57Z,c86c400e-ff88-a1e3-2e23-caa4d8311f47,c86c400e-ff88-a1e3-2565-ac03c9dbc83a,laboratory,5770-3,Bilirubin.total [Presence] in Urine by Test strip,Finding of bilirubin in urine (finding),{nominal},text
2026-04-04T19:18:57Z,c86c400e-ff88-a1e3-2e23-caa4d8311f47,c86c400e-ff88-a1e3-2565-ac03c9dbc83a,laboratory,5797-6,Ketones [Mass/volume] in Urine by Test strip,15.3,mg/dL,numeric
2026-04-04T19:18:57Z,c86c400e-ff88-a1e3-2e23-caa4d8311f47,c86c400e-ff88-a1e3-2565-ac03c9dbc83a,laboratory,2514-8,Ketones [Presence] in Urine by Test strip,Urine ketone test = ++ (finding),{nominal},text
2026-04-04T19:18:57Z,c86c400e-ff88-a1e3-2e23-caa4d8311f47,c86c400e-ff88-a1e3-2565-ac03c9dbc83a,laboratory,5811-5,Specific gravity of Urine by Test strip,1.0,{nominal},numeric
2026-04-04T19:18:57Z,c86c400e-ff88-a1e3-2e23-caa4d8311f47,c86c400e-ff88-a1e3-2565-ac03c9dbc83a,laboratory,5803-2,pH of Urine by Test strip,6.5,pH,numeric
2026-04-04T19:18:57Z,c86c400e-ff88-a1e3-2e23-caa4d8311f47,c86c400e-ff88-a1e3-2565-ac03c9dbc83a,laboratory,5804-0,Protein [Mass/volume] in Urine by Test strip,336.2,mg/dL,numeric
2026-04-04T19:18:57Z,c86c400e-ff88-a1e3-2e23-caa4d8311f47,c86c400e-ff88-a1e3-2565-ac03c9dbc83a,laboratory,20454-5,Protein [Presence] in Urine by Test strip,Urine protein test = ++ (finding),{nominal},text
2026-04-04T19:18:57Z,c86c400e-ff88-a1e3-2e23-caa4d8311f47,c86c400e-ff88-a1e3-2565-ac03c9dbc83a,laboratory,5802-4,Nitrite [Presence] in Urine by Test strip,Nitrite not detected in urine (finding),{nominal},text
2026-04-04T19:18:57Z,c86c400e-ff88-a1e3-2e23-caa4d8311f47,c86c400e-ff88-a1e3-2565-ac03c9dbc83a,laboratory,5794-3,Hemoglobin [Presence] in Urine by Test strip,Blood not detected in urine (finding),{nominal},text
2026-04-04T19:18:57Z,c86c400e-ff88-a1e3-2e23-caa4d8311f47,c86c400e-ff88-a1e3-2565-ac03c9dbc83a,laboratory,5799-2,Leukocyte esterase [Presence] in Urine by Test strip,Urine leukocytes not detected (finding),{nominal},text
2026-04-04T19:18:57Z,c86c400e-ff88-a1e3-2e23-caa4d8311f47,c86c400e-ff88-a1e3-2565-ac03c9dbc83a,vital-signs,8302-2,Body Height,161.4,cm,numeric
2026-04-04T19:18:57Z,c86c400e-ff88-a1e3-2e23-caa4d8311f47,c86c400e-ff88-a1e3-2565-ac03c9dbc83a,vital-signs,72514-3,Pain severity - 0-10 verbal numeric rating [Score] - Reported,1.0,{score},numeric
2026-04-04T19:18:57Z,c86c400e-ff88-a1e3-2e23-caa4d8311f47,c86c400e-ff88-a1e3-2565-ac03c9dbc83a,vital-signs,29463-7,Body Weight,78.9,kg,numeric
2026-04-04T19:18:57Z,c86c400e-ff88-a1e3-2e23-caa4d8311f47,c86c400e-ff88-a1e3-2565-ac03c9dbc83a,vital-signs,39156-5,Body mass index (BMI) [Ratio],30.3,kg/m2,numeric
2026-04-04T19:18:57Z,c86c400e-ff88-a1e3-2e23-caa4d8311f47,c86c400e-ff88-a1e3-2565-ac03c9dbc83a,vital-signs,8462-4,Diastolic Blood Pressure,82.0,mm[Hg],numeric
2026-04-04T19:18:57Z,c86c400e-ff88-a1e3-2e23-caa4d8311f47,c86c400e-ff88-a1e3-2565-ac03c9dbc83a,vital-signs,8480-6,Systolic Blood Pressure,128.0,mm[Hg],numeric
2026-04-04T19:18:57Z,c86c400e-ff88-a1e3-2e23-caa4d8311f47,c86c400e-ff88-a1e3-2565-ac03c9dbc83a,vital-signs,8867-4,Heart rate,87.0,/min,numeric
2026-04-04T19:18:57Z,c86c400e-ff88-a1e3-2e23-caa4d8311f47,c86c400e-ff88-a1e3-2565-ac03c9dbc83a,vital-signs,9279-1,Respiratory rate,13.0,/min,numeric
2026-04-04T19:18:57Z,c86c400e-ff88-a1e3-2e23-caa4d8311f47,c86c400e-ff88-a1e3-2565-ac03c9dbc83a,social-history,72166-2,Tobacco smoking status,Never smoked tobacco (finding),,text
2026-04-04T20:17:44Z,c86c400e-ff88-a1e3-2e23-caa4d8311f47,c86c400e-ff88-a1e3-2565-ac03c9dbc83a,survey,76501-6,Within the last year  have you been afraid of your partner or ex-partner,No,,text
2026-04-04T20:17:44Z,c86c400e-ff88-a1e3-2e23-caa4d8311f47,c86c400e-ff88-a1e3-2565-ac03c9dbc83a,survey,93026-3,Do you feel physically and emotionally safe where you currently live [PRAPARE],Yes,,text
2026-04-04T20:17:44Z,c86c400e-ff88-a1e3-2e23-caa4d8311f47,c86c400e-ff88-a1e3-2565-ac03c9dbc83a,survey,93027-1,Are you a refugee,No,,text
2026-04-04T20:17:44Z,c86c400e-ff88-a1e3-2e23-caa4d8311f47,c86c400e-ff88-a1e3-2565-ac03c9dbc83a,survey,93028-9,Have you spent more than 2 nights in a row in a jail  prison  detention center  or juvenile correctional facility in past 1 year [PRAPARE],No,,text
2026-04-04T20:17:44Z,c86c400e-ff88-a1e3-2e23-caa4d8311f47,c86c400e-ff88-a1e3-2565-ac03c9dbc83a,survey,93038-8,Stress level,Not at all,,text
2026-04-04T20:17:44Z,c86c400e-ff88-a1e3-2e23-caa4d8311f47,c86c400e-ff88-a1e3-2565-ac03c9dbc83a,survey,93029-7,How often do you see or talk to people that you care about and feel close to [PRAPARE],5 or more times a week,,text
2026-04-04T20:17:44Z,c86c400e-ff88-a1e3-2e23-caa4d8311f47,c86c400e-ff88-a1e3-2565-ac03c9dbc83a,survey,93030-5,Has lack of transportation kept you from medical appointments  meetings  work  or from getting things needed for daily living,Yes  it has kept me from non-medical meetings  appointments  work  or from getting things that I need,,text
2026-04-04T20:17:44Z,c86c400e-ff88-a1e3-2e23-caa4d8311f47,c86c400e-ff88-a1e3-2565-ac03c9dbc83a,survey,93031-3,Have you or any family members you live with been unable to get any of the following when it was really needed in past 1 year [PRAPARE],I choose not to answer this question,,text
2026-04-04T20:17:44Z,c86c400e-ff88-a1e3-2e23-caa4d8311f47,c86c400e-ff88-a1e3-2565-ac03c9dbc83a,survey,63586-2,What was your best estimate of the total income of all family members from all sources  before taxes  in last year [PhenX],54396,/a,text
2026-04-04T20:17:44Z,c86c400e-ff88-a1e3-2e23-caa4d8311f47,c86c400e-ff88-a1e3-2565-ac03c9dbc83a,survey,76437-3,Primary insurance,Private insurance,,text
2026-04-04T20:17:44Z,c86c400e-ff88-a1e3-2e23-caa4d8311f47,c86c400e-ff88-a1e3-2565-ac03c9dbc83a,survey,67875-5,Employment status - current,Full-time work,,text
2026-04-04T20:17:44Z,c86c400e-ff88-a1e3-2e23-caa4d8311f47,c86c400e-ff88-a1e3-2565-ac03c9dbc83a,survey,82589-3,Highest level of education,More than high school,,text
2026-04-04T20:17:44Z,c86c400e-ff88-a1e3-2e23-caa4d8311f47,c86c400e-ff88-a1e3-2565-ac03c9dbc83a,survey,56799-0,Address,479 Haag Camp,,text
2026-04-04T20:17:44Z,c86c400e-ff88-a1e3-2e23-caa4d8311f47,c86c400e-ff88-a1e3-2565-ac03c9dbc83a,survey,93033-9,Are you worried about losing your housing [PRAPARE],No,,text
2026-04-04T20:17:44Z,c86c400e-ff88-a1e3-2e23-caa4d8311f47,c86c400e-ff88-a1e3-2565-ac03c9dbc83a,survey,71802-3,Housing status,I have housing,,text
2026-04-04T20:17:44Z,c86c400e-ff88-a1e3-2e23-caa4d8311f47,c86c400e-ff88-a1e3-2565-ac03c9dbc83a,survey,63512-8,How many people are living or staying at this address [#],7.0,{#},numeric
2026-04-04T20:17:44Z,c86c400e-ff88-a1e3-2e23-caa4d8311f47,c86c400e-ff88-a1e3-2565-ac03c9dbc83a,survey,54899-0,Preferred language,English,,text
2026-04-04T20:17:44Z,c86c400e-ff88-a1e3-2e23-caa4d8311f47,c86c400e-ff88-a1e3-2565-ac03c9dbc83a,survey,93034-7,Discharged from the U.S. Armed Forces,No,,text
2026-04-04T20:17:44Z,c86c400e-ff88-a1e3-2e23-caa4d8311f47,c86c400e-ff88-a1e3-2565-ac03c9dbc83a,survey,93035-4,Has season or migrant farm work been your or your family's main source of income at any point in past 2 years [PRAPARE],No,,text
2026-04-04T20:17:44Z,c86c400e-ff88-a1e3-2e23-caa4d8311f47,c86c400e-ff88-a1e3-2565-ac03c9dbc83a,survey,32624-9,Race,White,,text
2026-04-04T20:17:44Z,c86c400e-ff88-a1e3-2e23-caa4d8311f47,c86c400e-ff88-a1e3-2565-ac03c9dbc83a,survey,56051-6,Hispanic or Latino,No,,text
2026-04-04T20:59:04Z,c86c400e-ff88-a1e3-2e23-caa4d8311f47,c86c400e-ff88-a1e3-2565-ac03c9dbc83a,survey,55758-7,Patient Health Questionnaire 2 item (PHQ-2) total score [Reported],2.0,{score},numeric
2026-04-04T21:30:08Z,c86c400e-ff88-a1e3-2e23-caa4d8311f47,c86c400e-ff88-a1e3-2565-ac03c9dbc83a,survey,75626-2,Total score [AUDIT-C],0.0,{score},numeric
2026-05-23T19:18:57Z,c86c400e-ff88-a1e3-2e23-caa4d8311f47,c86c400e-ff88-a1e3-0329-f7202b7fc8b2,laboratory,2345-7,Glucose [Mass/volume] in Serum or Plasma,85.3,mg/dL,numeric
2026-05-23T19:18:57Z,c86c400e-ff88-a1e3-2e23-caa4d8311f47,c86c400e-ff88-a1e3-0329-f7202b7fc8b2,laboratory,3094-0,Urea nitrogen [Mass/volume] in Serum or Plasma,19.1,mg/dL,numeric
2026-05-23T19:18:57Z,c86c400e-ff88-a1e3-2e23-caa4d8311f47,c86c400e-ff88-a1e3-0329-f7202b7fc8b2,laboratory,2160-0,Creatinine [Mass/volume] in Serum or Plasma,2.0,mg/dL,numeric
2026-05-23T19:18:57Z,c86c400e-ff88-a1e3-2e23-caa4d8311f47,c86c400e-ff88-a1e3-0329-f7202b7fc8b2,laboratory,17861-6,Calcium [Mass/volume] in Serum or Plasma,9.2,mg/dL,numeric
2026-05-23T19:18:57Z,c86c400e-ff88-a1e3-2e23-caa4d8311f47,c86c400e-ff88-a1e3-0329-f7202b7fc8b2,laboratory,2951-2,Sodium [Moles/volume] in Serum or Plasma,137.8,mmol/L,numeric
2026-05-23T19:18:57Z,c86c400e-ff88-a1e3-2e23-caa4d8311f47,c86c400e-ff88-a1e3-0329-f7202b7fc8b2,laboratory,2823-3,Potassium [Moles/volume] in Serum or Plasma,4.5,mmol/L,numeric
2026-05-23T19:18:57Z,c86c400e-ff88-a1e3-2e23-caa4d8311f47,c86c400e-ff88-a1e3-0329-f7202b7fc8b2,laboratory,2075-0,Chloride [Moles/volume] in Serum or Plasma,106.8,mmol/L,numeric
2026-05-23T19:18:57Z,c86c400e-ff88-a1e3-2e23-caa4d8311f47,c86c400e-ff88-a1e3-0329-f7202b7fc8b2,laboratory,2028-9,Carbon dioxide  total [Moles/volume] in Serum or Plasma,26.1,mmol/L,numeric
2026-05-23T19:18:57Z,c86c400e-ff88-a1e3-2e23-caa4d8311f47,c86c400e-ff88-a1e3-0329-f7202b7fc8b2,laboratory,33914-3,Glomerular filtration rate [Volume Rate/Area] in Serum or Plasma by Creatinine-based formula (MDRD)/1.73 sq M,45.0,mL/min/{1.73_m2},numeric
2026-05-23T19:18:57Z,c86c400e-ff88-a1e3-2e23-caa4d8311f47,c86c400e-ff88-a1e3-0329-f7202b7fc8b2,laboratory,5767-9,Appearance of Urine,Cloudy urine (finding),{nominal},text
2026-05-23T19:18:57Z,c86c400e-ff88-a1e3-2e23-caa4d8311f47,c86c400e-ff88-a1e3-0329-f7202b7fc8b2,laboratory,34533-0,Odor of Urine,Urine smell ammoniacal (finding),{nominal},text
2026-05-23T19:18:57Z,c86c400e-ff88-a1e3-2e23-caa4d8311f47,c86c400e-ff88-a1e3-0329-f7202b7fc8b2,laboratory,32167-9,Clarity of Urine,Translucent (qualifier value),{nominal},text
2026-05-23T19:18:57Z,c86c400e-ff88-a1e3-2e23-caa4d8311f47,c86c400e-ff88-a1e3-0329-f7202b7fc8b2,laboratory,5778-6,Color of Urine,Brown color (qualifier value),{nominal},text
2026-05-23T19:18:57Z,c86c400e-ff88-a1e3-2e23-caa4d8311f47,c86c400e-ff88-a1e3-0329-f7202b7fc8b2,laboratory,5792-7,Glucose [Mass/volume] in Urine by Test strip,1.9,mg/dL,numeric
2026-05-23T19:18:57Z,c86c400e-ff88-a1e3-2e23-caa4d8311f47,c86c400e-ff88-a1e3-0329-f7202b7fc8b2,laboratory,25428-4,Glucose [Presence] in Urine by Test strip,Urine glucose test = ++ (finding),{nominal},text
2026-05-23T19:18:57Z,c86c400e-ff88-a1e3-2e23-caa4d8311f47,c86c400e-ff88-a1e3-0329-f7202b7fc8b2,laboratory,20505-4,Bilirubin.total [Mass/volume] in Urine by Test strip,1.1,mg/dL,numeric
2026-05-23T19:18:57Z,c86c400e-ff88-a1e3-2e23-caa4d8311f47,c86c400e-ff88-a1e3-0329-f7202b7fc8b2,laboratory,5770-3,Bilirubin.total [Presence] in Urine by Test strip,Finding of bilirubin in urine (finding),{nominal},text
2026-05-23T19:18:57Z,c86c400e-ff88-a1e3-2e23-caa4d8311f47,c86c400e-ff88-a1e3-0329-f7202b7fc8b2,laboratory,5797-6,Ketones [Mass/volume] in Urine by Test strip,18.0,mg/dL,numeric
2026-05-23T19:18:57Z,c86c400e-ff88-a1e3-2e23-caa4d8311f47,c86c400e-ff88-a1e3-0329-f7202b7fc8b2,laboratory,2514-8,Ketones [Presence] in Urine by Test strip,Urine ketone test = ++ (finding),{nominal},text
2026-05-23T19:18:57Z,c86c400e-ff88-a1e3-2e23-caa4d8311f47,c86c400e-ff88-a1e3-0329-f7202b7fc8b2,laboratory,5811-5,Specific gravity of Urine by Test strip,1.0,{nominal},numeric
2026-05-23T19:18:57Z,c86c400e-ff88-a1e3-2e23-caa4d8311f47,c86c400e-ff88-a1e3-0329-f7202b7fc8b2,laboratory,5803-2,pH of Urine by Test strip,5.3,pH,numeric
2026-05-23T19:18:57Z,c86c400e-ff88-a1e3-2e23-caa4d8311f47,c86c400e-ff88-a1e3-0329-f7202b7fc8b2,laboratory,5804-0,Protein [Mass/volume] in Urine by Test strip,224.5,mg/dL,numeric
2026-05-23T19:18:57Z,c86c400e-ff88-a1e3-2e23-caa4d8311f47,c86c400e-ff88-a1e3-0329-f7202b7fc8b2,laboratory,20454-5,Protein [Presence] in Urine by Test strip,Urine protein test = ++ (finding),{nominal},text
2026-05-23T19:18:57Z,c86c400e-ff88-a1e3-2e23-caa4d8311f47,c86c400e-ff88-a1e3-0329-f7202b7fc8b2,laboratory,5802-4,Nitrite [Presence] in Urine by Test strip,Nitrite not detected in urine (finding),{nominal},text
2026-05-23T19:18:57Z,c86c400e-ff88-a1e3-2e23-caa4d8311f47,c86c400e-ff88-a1e3-0329-f7202b7fc8b2,laboratory,5794-3,Hemoglobin [Presence] in Urine by Test strip,Blood not detected in urine (finding),{nominal},text
2026-05-23T19:18:57Z,c86c400e-ff88-a1e3-2e23-caa4d8311f47,c86c400e-ff88-a1e3-0329-f7202b7fc8b2,laboratory,5799-2,Leukocyte esterase [Presence] in Urine by Test strip,Urine leukocytes not detected (finding),{nominal},text
2026-05-23T19:18:57Z,c86c400e-ff88-a1e3-2e23-caa4d8311f47,c86c400e-ff88-a1e3-0329-f7202b7fc8b2,vital-signs,8302-2,Body Height,161.4,cm,numeric
2026-05-23T19:18:57Z,c86c400e-ff88-a1e3-2e23-caa4d8311f47,c86c400e-ff88-a1e3-0329-f7202b7fc8b2,vital-signs,72514-3,Pain severity - 0-10 verbal numeric rating [Score] - Reported,4.0,{score},numeric
2026-05-23T19:18:57Z,c86c400e-ff88-a1e3-2e23-caa4d8311f47,c86c400e-ff88-a1e3-0329-f7202b7fc8b2,vital-signs,29463-7,Body Weight,78.9,kg,numeric
2026-05-23T19:18:57Z,c86c400e-ff88-a1e3-2e23-caa4d8311f47,c86c400e-ff88-a1e3-0329-f7202b7fc8b2,vital-signs,39156-5,Body mass index (BMI) [Ratio],30.3,kg/m2,numeric
2026-05-23T19:18:57Z,c86c400e-ff88-a1e3-2e23-caa4d8311f47,c86c400e-ff88-a1e3-0329-f7202b7fc8b2,vital-signs,8462-4,Diastolic Blood Pressure,81.0,mm[Hg],numeric
2026-05-23T19:18:57Z,c86c400e-ff88-a1e3-2e23-caa4d8311f47,c86c400e-ff88-a1e3-0329-f7202b7fc8b2,vital-signs,8480-6,Systolic Blood Pressure,128.0,mm[Hg],numeric
2026-05-23T19:18:57Z,c86c400e-ff88-a1e3-2e23-caa4d8311f47,c86c400e-ff88-a1e3-0329-f7202b7fc8b2,vital-signs,8867-4,Heart rate,66.0,/min,numeric
2026-05-23T19:18:57Z,c86c400e-ff88-a1e3-2e23-caa4d8311f47,c86c400e-ff88-a1e3-0329-f7202b7fc8b2,vital-signs,9279-1,Respiratory rate,14.0,/min,numeric
2026-05-23T19:18:57Z,c86c400e-ff88-a1e3-2e23-caa4d8311f47,c86c400e-ff88-a1e3-0329-f7202b7fc8b2,social-history,72166-2,Tobacco smoking status,Never smoked tobacco (finding),,text
2026-05-23T19:52:59Z,c86c400e-ff88-a1e3-2e23-caa4d8311f47,c86c400e-ff88-a1e3-0329-f7202b7fc8b2,survey,76501-6,Within the last year  have you been afraid of your partner or ex-partner,Yes,,text
2026-05-23T19:52:59Z,c86c400e-ff88-a1e3-2e23-caa4d8311f47,c86c400e-ff88-a1e3-0329-f7202b7fc8b2,survey,93026-3,Do you feel physically and emotionally safe where you currently live [PRAPARE],Yes,,text
2026-05-23T19:52:59Z,c86c400e-ff88-a1e3-2e23-caa4d8311f47,c86c400e-ff88-a1e3-0329-f7202b7fc8b2,survey,93027-1,Are you a refugee,No,,text
2026-05-23T19:52:59Z,c86c400e-ff88-a1e3-2e23-caa4d8311f47,c86c400e-ff88-a1e3-0329-f7202b7fc8b2,survey,93028-9,Have you spent more than 2 nights in a row in a jail  prison  detention center  or juvenile correctional facility in past 1 year [PRAPARE],No,,text
2026-05-23T19:52:59Z,c86c400e-ff88-a1e3-2e23-caa4d8311f47,c86c400e-ff88-a1e3-0329-f7202b7fc8b2,survey,93038-8,Stress level,A little bit,,text
2026-05-23T19:52:59Z,c86c400e-ff88-a1e3-2e23-caa4d8311f47,c86c400e-ff88-a1e3-0329-f7202b7fc8b2,survey,93029-7,How often do you see or talk to people that you care about and feel close to [PRAPARE],I choose not to answer this question,,text
2026-05-23T19:52:59Z,c86c400e-ff88-a1e3-2e23-caa4d8311f47,c86c400e-ff88-a1e3-0329-f7202b7fc8b2,survey,93030-5,Has lack of transportation kept you from medical appointments  meetings  work  or from getting things needed for daily living,Yes  it has kept me from medical appointments or from getting my medications,,text
2026-05-23T19:52:59Z,c86c400e-ff88-a1e3-2e23-caa4d8311f47,c86c400e-ff88-a1e3-0329-f7202b7fc8b2,survey,93031-3,Have you or any family members you live with been unable to get any of the following when it was really needed in past 1 year [PRAPARE],I choose not to answer this question,,text
2026-05-23T19:52:59Z,c86c400e-ff88-a1e3-2e23-caa4d8311f47,c86c400e-ff88-a1e3-0329-f7202b7fc8b2,survey,63586-2,What was your best estimate of the total income of all family members from all sources  before taxes  in last year [PhenX],54396,/a,text
2026-05-23T19:52:59Z,c86c400e-ff88-a1e3-2e23-caa4d8311f47,c86c400e-ff88-a1e3-0329-f7202b7fc8b2,survey,76437-3,Primary insurance,Private insurance,,text
2026-05-23T19:52:59Z,c86c400e-ff88-a1e3-2e23-caa4d8311f47,c86c400e-ff88-a1e3-0329-f7202b7fc8b2,survey,67875-5,Employment status - current,Unemployed,,text
2026-05-23T19:52:59Z,c86c400e-ff88-a1e3-2e23-caa4d8311f47,c86c400e-ff88-a1e3-0329-f7202b7fc8b2,survey,82589-3,Highest level of education,More than high school,,text
2026-05-23T19:52:59Z,c86c400e-ff88-a1e3-2e23-caa4d8311f47,c86c400e-ff88-a1e3-0329-f7202b7fc8b2,survey,56799-0,Address,479 Haag Camp,,text
2026-05-23T19:52:59Z,c86c400e-ff88-a1e3-2e23-caa4d8311f47,c86c400e-ff88-a1e3-0329-f7202b7fc8b2,survey,93033-9,Are you worried about losing your housing [PRAPARE],No,,text
2026-05-23T19:52:59Z,c86c400e-ff88-a1e3-2e23-caa4d8311f47,c86c400e-ff88-a1e3-0329-f7202b7fc8b2,survey,71802-3,Housing status,I have housing,,text
2026-05-23T19:52:59Z,c86c400e-ff88-a1e3-2e23-caa4d8311f47,c86c400e-ff88-a1e3-0329-f7202b7fc8b2,survey,63512-8,How many people are living or staying at this address [#],7.0,{#},numeric
2026-05-23T19:52:59Z,c86c400e-ff88-a1e3-2e23-caa4d8311f47,c86c400e-ff88-a1e3-0329-f7202b7fc8b2,survey,54899-0,Preferred language,English,,text
2026-05-23T19:52:59Z,c86c400e-ff88-a1e3-2e23-caa4d8311f47,c86c400e-ff88-a1e3-0329-f7202b7fc8b2,survey,93034-7,Discharged from the U.S. Armed Forces,No,,text
2026-05-23T19:52:59Z,c86c400e-ff88-a1e3-2e23-caa4d8311f47,c86c400e-ff88-a1e3-0329-f7202b7fc8b2,survey,93035-4,Has season or migrant farm work been your or your family's main source of income at any point in past 2 years [PRAPARE],No,,text
2026-05-23T19:52:59Z,c86c400e-ff88-a1e3-2e23-caa4d8311f47,c86c400e-ff88-a1e3-0329-f7202b7fc8b2,survey,32624-9,Race,White,,text
2026-05-23T19:52:59Z,c86c400e-ff88-a1e3-2e23-caa4d8311f47,c86c400e-ff88-a1e3-0329-f7202b7fc8b2,survey,56051-6,Hispanic or Latino,No,,text
2026-05-23T20:34:06Z,c86c400e-ff88-a1e3-2e23-caa4d8311f47,c86c400e-ff88-a1e3-0329-f7202b7fc8b2,survey,55758-7,Patient Health Questionnaire 2 item (PHQ-2) total score [Reported],1.0,{score},numeric
2026-07-04T19:18:57Z,c86c400e-ff88-a1e3-2e23-caa4d8311f47,c86c400e-ff88-a1e3-5264-ed63345b98c3,laboratory,2345-7,Glucose [Mass/volume] in Serum or Plasma,98.7,mg/dL,numeric
2026-07-04T19:18:57Z,c86c400e-ff88-a1e3-2e23-caa4d8311f47,c86c400e-ff88-a1e3-5264-ed63345b98c3,laboratory,3094-0,Urea nitrogen [Mass/volume] in Serum or Plasma,18.5,mg/dL,numeric
2026-07-04T19:18:57Z,c86c400e-ff88-a1e3-2e23-caa4d8311f47,c86c400e-ff88-a1e3-5264-ed63345b98c3,laboratory,2160-0,Creatinine [Mass/volume] in Serum or Plasma,2.1,mg/dL,numeric
2026-07-04T19:18:57Z,c86c400e-ff88-a1e3-2e23-caa4d8311f47,c86c400e-ff88-a1e3-5264-ed63345b98c3,laboratory,17861-6,Calcium [Mass/volume] in Serum or Plasma,9.3,mg/dL,numeric
2026-07-04T19:18:57Z,c86c400e-ff88-a1e3-2e23-caa4d8311f47,c86c400e-ff88-a1e3-5264-ed63345b98c3,laboratory,2951-2,Sodium [Moles/volume] in Serum or Plasma,139.7,mmol/L,numeric
2026-07-04T19:18:57Z,c86c400e-ff88-a1e3-2e23-caa4d8311f47,c86c400e-ff88-a1e3-5264-ed63345b98c3,laboratory,2823-3,Potassium [Moles/volume] in Serum or Plasma,4.2,mmol/L,numeric
2026-07-04T19:18:57Z,c86c400e-ff88-a1e3-2e23-caa4d8311f47,c86c400e-ff88-a1e3-5264-ed63345b98c3,laboratory,2075-0,Chloride [Moles/volume] in Serum or Plasma,106.9,mmol/L,numeric
2026-07-04T19:18:57Z,c86c400e-ff88-a1e3-2e23-caa4d8311f47,c86c400e-ff88-a1e3-5264-ed63345b98c3,laboratory,2028-9,Carbon dioxide  total [Moles/volume] in Serum or Plasma,23.3,mmol/L,numeric
2026-07-04T19:18:57Z,c86c400e-ff88-a1e3-2e23-caa4d8311f47,c86c400e-ff88-a1e3-5264-ed63345b98c3,laboratory,33914-3,Glomerular filtration rate [Volume Rate/Area] in Serum or Plasma by Creatinine-based formula (MDRD)/1.73 sq M,53.0,mL/min/{1.73_m2},numeric
2026-07-04T19:18:57Z,c86c400e-ff88-a1e3-2e23-caa4d8311f47,c86c400e-ff88-a1e3-5264-ed63345b98c3,laboratory,5767-9,Appearance of Urine,Cloudy urine (finding),{nominal},text
2026-07-04T19:18:57Z,c86c400e-ff88-a1e3-2e23-caa4d8311f47,c86c400e-ff88-a1e3-5264-ed63345b98c3,laboratory,34533-0,Odor of Urine,Urine smell ammoniacal (finding),{nominal},text
2026-07-04T19:18:57Z,c86c400e-ff88-a1e3-2e23-caa4d8311f47,c86c400e-ff88-a1e3-5264-ed63345b98c3,laboratory,32167-9,Clarity of Urine,Translucent (qualifier value),{nominal},text
2026-07-04T19:18:57Z,c86c400e-ff88-a1e3-2e23-caa4d8311f47,c86c400e-ff88-a1e3-5264-ed63345b98c3,laboratory,5778-6,Color of Urine,Brown color (qualifier value),{nominal},text
2026-07-04T19:18:57Z,c86c400e-ff88-a1e3-2e23-caa4d8311f47,c86c400e-ff88-a1e3-5264-ed63345b98c3,laboratory,5792-7,Glucose [Mass/volume] in Urine by Test strip,1.0,mg/dL,numeric
2026-07-04T19:18:57Z,c86c400e-ff88-a1e3-2e23-caa4d8311f47,c86c400e-ff88-a1e3-5264-ed63345b98c3,laboratory,25428-4,Glucose [Presence] in Urine by Test strip,Urine glucose test = ++ (finding),{nominal},text
2026-07-04T19:18:57Z,c86c400e-ff88-a1e3-2e23-caa4d8311f47,c86c400e-ff88-a1e3-5264-ed63345b98c3,laboratory,20505-4,Bilirubin.total [Mass/volume] in Urine by Test strip,0.8,mg/dL,numeric
2026-07-04T19:18:57Z,c86c400e-ff88-a1e3-2e23-caa4d8311f47,c86c400e-ff88-a1e3-5264-ed63345b98c3,laboratory,5770-3,Bilirubin.total [Presence] in Urine by Test strip,Finding of bilirubin in urine (finding),{nominal},text
2026-07-04T19:18:57Z,c86c400e-ff88-a1e3-2e23-caa4d8311f47,c86c400e-ff88-a1e3-5264-ed63345b98c3,laboratory,5797-6,Ketones [Mass/volume] in Urine by Test strip,8.7,mg/dL,numeric
2026-07-04T19:18:57Z,c86c400e-ff88-a1e3-2e23-caa4d8311f47,c86c400e-ff88-a1e3-5264-ed63345b98c3,laboratory,2514-8,Ketones [Presence] in Urine by Test strip,Urine ketone test = ++ (finding),{nominal},text
2026-07-04T19:18:57Z,c86c400e-ff88-a1e3-2e23-caa4d8311f47,c86c400e-ff88-a1e3-5264-ed63345b98c3,laboratory,5811-5,Specific gravity of Urine by Test strip,1.0,{nominal},numeric
2026-07-04T19:18:57Z,c86c400e-ff88-a1e3-2e23-caa4d8311f47,c86c400e-ff88-a1e3-5264-ed63345b98c3,laboratory,5803-2,pH of Urine by Test strip,6.1,pH,numeric
2026-07-04T19:18:57Z,c86c400e-ff88-a1e3-2e23-caa4d8311f47,c86c400e-ff88-a1e3-5264-ed63345b98c3,laboratory,5804-0,Protein [Mass/volume] in Urine by Test strip,239.8,mg/dL,numeric
2026-07-04T19:18:57Z,c86c400e-ff88-a1e3-2e23-caa4d8311f47,c86c400e-ff88-a1e3-5264-ed63345b98c3,laboratory,20454-5,Protein [Presence] in Urine by Test strip,Urine protein test = ++ (finding),{nominal},text
2026-07-04T19:18:57Z,c86c400e-ff88-a1e3-2e23-caa4d8311f47,c86c400e-ff88-a1e3-5264-ed63345b98c3,laboratory,5802-4,Nitrite [Presence] in Urine by Test strip,Nitrite not detected in urine (finding),{nominal},text
2026-07-04T19:18:57Z,c86c400e-ff88-a1e3-2e23-caa4d8311f47,c86c400e-ff88-a1e3-5264-ed63345b98c3,laboratory,5794-3,Hemoglobin [Presence] in Urine by Test strip,Blood not detected in urine (finding),{nominal},text
2026-07-04T19:18:57Z,c86c400e-ff88-a1e3-2e23-caa4d8311f47,c86c400e-ff88-a1e3-5264-ed63345b98c3,laboratory,5799-2,Leukocyte esterase [Presence] in Urine by Test strip,Urine leukocytes not detected (finding),{nominal},text
2026-07-04T19:18:57Z,c86c400e-ff88-a1e3-2e23-caa4d8311f47,c86c400e-ff88-a1e3-5264-ed63345b98c3,vital-signs,8302-2,Body Height,161.4,cm,numeric
2026-07-04T19:18:57Z,c86c400e-ff88-a1e3-2e23-caa4d8311f47,c86c400e-ff88-a1e3-5264-ed63345b98c3,vital-signs,72514-3,Pain severity - 0-10 verbal numeric rating [Score] - Reported,4.0,{score},numeric
2026-07-04T19:18:57Z,c86c400e-ff88-a1e3-2e23-caa4d8311f47,c86c400e-ff88-a1e3-5264-ed63345b98c3,vital-signs,29463-7,Body Weight,78.9,kg,numeric
2026-07-04T19:18:57Z,c86c400e-ff88-a1e3-2e23-caa4d8311f47,c86c400e-ff88-a1e3-5264-ed63345b98c3,vital-signs,39156-5,Body mass index (BMI) [Ratio],30.3,kg/m2,numeric
2026-07-04T19:18:57Z,c86c400e-ff88-a1e3-2e23-caa4d8311f47,c86c400e-ff88-a1e3-5264-ed63345b98c3,vital-signs,8462-4,Diastolic Blood Pressure,81.0,mm[Hg],numeric
2026-07-04T19:18:57Z,c86c400e-ff88-a1e3-2e23-caa4d8311f47,c86c400e-ff88-a1e3-5264-ed63345b98c3,vital-signs,8480-6,Systolic Blood Pressure,131.0,mm[Hg],numeric
2026-07-04T19:18:57Z,c86c400e-ff88-a1e3-2e23-caa4d8311f47,c86c400e-ff88-a1e3-5264-ed63345b98c3,vital-signs,8867-4,Heart rate,61.0,/min,numeric
2026-07-04T19:18:57Z,c86c400e-ff88-a1e3-2e23-caa4d8311f47,c86c400e-ff88-a1e3-5264-ed63345b98c3,vital-signs,9279-1,Respiratory rate,13.0,/min,numeric
2026-07-04T19:18:57Z,c86c400e-ff88-a1e3-2e23-caa4d8311f47,c86c400e-ff88-a1e3-5264-ed63345b98c3,social-history,72166-2,Tobacco smoking status,Never smoked tobacco (finding),,text
2026-07-04T19:53:15Z,c86c400e-ff88-a1e3-2e23-caa4d8311f47,c86c400e-ff88-a1e3-5264-ed63345b98c3,survey,76501-6,Within the last year  have you been afraid of your partner or ex-partner,No,,text
2026-07-04T19:53:15Z,c86c400e-ff88-a1e3-2e23-caa4d8311f47,c86c400e-ff88-a1e3-5264-ed63345b98c3,survey,93026-3,Do you feel physically and emotionally safe where you currently live [PRAPARE],Yes,,text
2026-07-04T19:53:15Z,c86c400e-ff88-a1e3-2e23-caa4d8311f47,c86c400e-ff88-a1e3-5264-ed63345b98c3,survey,93027-1,Are you a refugee,No,,text
2026-07-04T19:53:15Z,c86c400e-ff88-a1e3-2e23-caa4d8311f47,c86c400e-ff88-a1e3-5264-ed63345b98c3,survey,93028-9,Have you spent more than 2 nights in a row in a jail  prison  detention center  or juvenile correctional facility in past 1 year [PRAPARE],No,,text
2026-07-04T19:53:15Z,c86c400e-ff88-a1e3-2e23-caa4d8311f47,c86c400e-ff88-a1e3-5264-ed63345b98c3,survey,93038-8,Stress level,A little bit,,text
2026-07-04T19:53:15Z,c86c400e-ff88-a1e3-2e23-caa4d8311f47,c86c400e-ff88-a1e3-5264-ed63345b98c3,survey,93029-7,How often do you see or talk to people that you care about and feel close to [PRAPARE],3 to 5 times a week,,text
2026-07-04T19:53:15Z,c86c400e-ff88-a1e3-2e23-caa4d8311f47,c86c400e-ff88-a1e3-5264-ed63345b98c3,survey,93030-5,Has lack of transportation kept you from medical appointments  meetings  work  or from getting things needed for daily living,Yes  it has kept me from non-medical meetings  appointments  work  or from getting things that I need,,text
2026-07-04T19:53:15Z,c86c400e-ff88-a1e3-2e23-caa4d8311f47,c86c400e-ff88-a1e3-5264-ed63345b98c3,survey,93031-3,Have you or any family members you live with been unable to get any of the following when it was really needed in past 1 year [PRAPARE],I choose not to answer this question,,text
2026-07-04T19:53:15Z,c86c400e-ff88-a1e3-2e23-caa4d8311f47,c86c400e-ff88-a1e3-5264-ed63345b98c3,survey,63586-2,What was your best estimate of the total income of all family members from all sources  before taxes  in last year [PhenX],54396,/a,text
2026-07-04T19:53:15Z,c86c400e-ff88-a1e3-2e23-caa4d8311f47,c86c400e-ff88-a1e3-5264-ed63345b98c3,survey,76437-3,Primary insurance,Private insurance,,text
2026-07-04T19:53:15Z,c86c400e-ff88-a1e3-2e23-caa4d8311f47,c86c400e-ff88-a1e3-5264-ed63345b98c3,survey,67875-5,Employment status - current,Unemployed,,text
2026-07-04T19:53:15Z,c86c400e-ff88-a1e3-2e23-caa4d8311f47,c86c400e-ff88-a1e3-5264-ed63345b98c3,survey,82589-3,Highest level of education,More than high school,,text
2026-07-04T19:53:15Z,c86c400e-ff88-a1e3-2e23-caa4d8311f47,c86c400e-ff88-a1e3-5264-ed63345b98c3,survey,56799-0,Address,479 Haag Camp,,text
2026-07-04T19:53:15Z,c86c400e-ff88-a1e3-2e23-caa4d8311f47,c86c400e-ff88-a1e3-5264-ed63345b98c3,survey,93033-9,Are you worried about losing your housing [PRAPARE],No,,text
2026-07-04T19:53:15Z,c86c400e-ff88-a1e3-2e23-caa4d8311f47,c86c400e-ff88-a1e3-5264-ed63345b98c3,survey,71802-3,Housing status,I have housing,,text
2026-07-04T19:53:15Z,c86c400e-ff88-a1e3-2e23-caa4d8311f47,c86c400e-ff88-a1e3-5264-ed63345b98c3,survey,63512-8,How many people are living or staying at this address [#],7.0,{#},numeric
2026-07-04T19:53:15Z,c86c400e-ff88-a1e3-2e23-caa4d8311f47,c86c400e-ff88-a1e3-5264-ed63345b98c3,survey,54899-0,Preferred language,English,,text
2026-07-04T19:53:15Z,c86c400e-ff88-a1e3-2e23-caa4d8311f47,c86c400e-ff88-a1e3-5264-ed63345b98c3,survey,93034-7,Discharged from the U.S. Armed Forces,No,,text
2026-07-04T19:53:15Z,c86c400e-ff88-a1e3-2e23-caa4d8311f47,c86c400e-ff88-a1e3-5264-ed63345b98c3,survey,93035-4,Has season or migrant farm work been your or your family's main source of income at any point in past 2 years [PRAPARE],No,,text
2026-07-04T19:53:15Z,c86c400e-ff88-a1e3-2e23-caa4d8311f47,c86c400e-ff88-a1e3-5264-ed63345b98c3,survey,32624-9,Race,White,,text
2026-07-04T19:53:15Z,c86c400e-ff88-a1e3-2e23-caa4d8311f47,c86c400e-ff88-a1e3-5264-ed63345b98c3,survey,56051-6,Hispanic or Latino,No,,text
2026-07-04T20:15:53Z,c86c400e-ff88-a1e3-2e23-caa4d8311f47,c86c400e-ff88-a1e3-5264-ed63345b98c3,survey,70274-6,Generalized anxiety disorder 7 item (GAD-7) total score [Reported.PHQ],1.0,{score},numeric
2026-07-04T20:52:41Z,c86c400e-ff88-a1e3-2e23-caa4d8311f47,c86c400e-ff88-a1e3-5264-ed63345b98c3,survey,55758-7,Patient Health Questionnaire 2 item (PHQ-2) total score [Reported],0.0,{score},numeric
2026-07-04T21:27:05Z,c86c400e-ff88-a1e3-2e23-caa4d8311f47,c86c400e-ff88-a1e3-5264-ed63345b98c3,survey,75626-2,Total score [AUDIT-C],0.0,{score},numeric
2026-09-05T19:18:57Z,c86c400e-ff88-a1e3-2e23-caa4d8311f47,c86c400e-ff88-a1e3-270c-9b3f94573466,laboratory,2345-7,Glucose [Mass/volume] in Serum or Plasma,66.5,mg/dL,numeric
2026-09-05T19:18:57Z,c86c400e-ff88-a1e3-2e23-caa4d8311f47,c86c400e-ff88-a1e3-270c-9b3f94573466,laboratory,3094-0,Urea nitrogen [Mass/volume] in Serum or Plasma,18.9,mg/dL,numeric
2026-09-05T19:18:57Z,c86c400e-ff88-a1e3-2e23-caa4d8311f47,c86c400e-ff88-a1e3-270c-9b3f94573466,laboratory,2160-0,Creatinine [Mass/volume] in Serum or Plasma,1.9,mg/dL,numeric
2026-09-05T19:18:57Z,c86c400e-ff88-a1e3-2e23-caa4d8311f47,c86c400e-ff88-a1e3-270c-9b3f94573466,laboratory,17861-6,Calcium [Mass/volume] in Serum or Plasma,9.0,mg/dL,numeric
2026-09-05T19:18:57Z,c86c400e-ff88-a1e3-2e23-caa4d8311f47,c86c400e-ff88-a1e3-270c-9b3f94573466,laboratory,2951-2,Sodium [Moles/volume] in Serum or Plasma,142.1,mmol/L,numeric
2026-09-05T19:18:57Z,c86c400e-ff88-a1e3-2e23-caa4d8311f47,c86c400e-ff88-a1e3-270c-9b3f94573466,laboratory,2823-3,Potassium [Moles/volume] in Serum or Plasma,4.4,mmol/L,numeric
2026-09-05T19:18:57Z,c86c400e-ff88-a1e3-2e23-caa4d8311f47,c86c400e-ff88-a1e3-270c-9b3f94573466,laboratory,2075-0,Chloride [Moles/volume] in Serum or Plasma,101.9,mmol/L,numeric
2026-09-05T19:18:57Z,c86c400e-ff88-a1e3-2e23-caa4d8311f47,c86c400e-ff88-a1e3-270c-9b3f94573466,laboratory,2028-9,Carbon dioxide  total [Moles/volume] in Serum or Plasma,24.1,mmol/L,numeric
2026-09-05T19:18:57Z,c86c400e-ff88-a1e3-2e23-caa4d8311f47,c86c400e-ff88-a1e3-270c-9b3f94573466,laboratory,33914-3,Glomerular filtration rate [Volume Rate/Area] in Serum or Plasma by Creatinine-based formula (MDRD)/1.73 sq M,45.4,mL/min/{1.73_m2},numeric
2026-09-05T19:18:57Z,c86c400e-ff88-a1e3-2e23-caa4d8311f47,c86c400e-ff88-a1e3-270c-9b3f94573466,laboratory,5767-9,Appearance of Urine,Cloudy urine (finding),{nominal},text
2026-09-05T19:18:57Z,c86c400e-ff88-a1e3-2e23-caa4d8311f47,c86c400e-ff88-a1e3-270c-9b3f94573466,laboratory,34533-0,Odor of Urine,Urine smell ammoniacal (finding),{nominal},text
2026-09-05T19:18:57Z,c86c400e-ff88-a1e3-2e23-caa4d8311f47,c86c400e-ff88-a1e3-270c-9b3f94573466,laboratory,32167-9,Clarity of Urine,Translucent (qualifier value),{nominal},text
2026-09-05T19:18:57Z,c86c400e-ff88-a1e3-2e23-caa4d8311f47,c86c400e-ff88-a1e3-270c-9b3f94573466,laboratory,5778-6,Color of Urine,Brown color (qualifier value),{nominal},text
2026-09-05T19:18:57Z,c86c400e-ff88-a1e3-2e23-caa4d8311f47,c86c400e-ff88-a1e3-270c-9b3f94573466,laboratory,5792-7,Glucose [Mass/volume] in Urine by Test strip,1.2,mg/dL,numeric
2026-09-05T19:18:57Z,c86c400e-ff88-a1e3-2e23-caa4d8311f47,c86c400e-ff88-a1e3-270c-9b3f94573466,laboratory,25428-4,Glucose [Presence] in Urine by Test strip,Urine glucose test = ++ (finding),{nominal},text
2026-09-05T19:18:57Z,c86c400e-ff88-a1e3-2e23-caa4d8311f47,c86c400e-ff88-a1e3-270c-9b3f94573466,laboratory,20505-4,Bilirubin.total [Mass/volume] in Urine by Test strip,1.4,mg/dL,numeric
2026-09-05T19:18:57Z,c86c400e-ff88-a1e3-2e23-caa4d8311f47,c86c400e-ff88-a1e3-270c-9b3f94573466,laboratory,5770-3,Bilirubin.total [Presence] in Urine by Test strip,Finding of bilirubin in urine (finding),{nominal},text
2026-09-05T19:18:57Z,c86c400e-ff88-a1e3-2e23-caa4d8311f47,c86c400e-ff88-a1e3-270c-9b3f94573466,laboratory,5797-6,Ketones [Mass/volume] in Urine by Test strip,2.2,mg/dL,numeric
2026-09-05T19:18:57Z,c86c400e-ff88-a1e3-2e23-caa4d8311f47,c86c400e-ff88-a1e3-270c-9b3f94573466,laboratory,2514-8,Ketones [Presence] in Urine by Test strip,Urine ketone test = ++ (finding),{nominal},text
2026-09-05T19:18:57Z,c86c400e-ff88-a1e3-2e23-caa4d8311f47,c86c400e-ff88-a1e3-270c-9b3f94573466,laboratory,5811-5,Specific gravity of Urine by Test strip,1.0,{nominal},numeric
2026-09-05T19:18:57Z,c86c400e-ff88-a1e3-2e23-caa4d8311f47,c86c400e-ff88-a1e3-270c-9b3f94573466,laboratory,5803-2,pH of Urine by Test strip,6.0,pH,numeric
2026-09-05T19:18:57Z,c86c400e-ff88-a1e3-2e23-caa4d8311f47,c86c400e-ff88-a1e3-270c-9b3f94573466,laboratory,5804-0,Protein [Mass/volume] in Urine by Test strip,292.9,mg/dL,numeric
2026-09-05T19:18:57Z,c86c400e-ff88-a1e3-2e23-caa4d8311f47,c86c400e-ff88-a1e3-270c-9b3f94573466,laboratory,20454-5,Protein [Presence] in Urine by Test strip,Urine protein test = ++ (finding),{nominal},text
2026-09-05T19:18:57Z,c86c400e-ff88-a1e3-2e23-caa4d8311f47,c86c400e-ff88-a1e3-270c-9b3f94573466,laboratory,5802-4,Nitrite [Presence] in Urine by Test strip,Nitrite not detected in urine (finding),{nominal},text
2026-09-05T19:18:57Z,c86c400e-ff88-a1e3-2e23-caa4d8311f47,c86c400e-ff88-a1e3-270c-9b3f94573466,laboratory,5794-3,Hemoglobin [Presence] in Urine by Test strip,Blood not detected in urine (finding),{nominal},text
2026-09-05T19:18:57Z,c86c400e-ff88-a1e3-2e23-caa4d8311f47,c86c400e-ff88-a1e3-270c-9b3f94573466,laboratory,5799-2,Leukocyte esterase [Presence] in Urine by Test strip,Urine leukocytes not detected (finding),{nominal},text
2026-09-05T19:18:57Z,c86c400e-ff88-a1e3-2e23-caa4d8311f47,c86c400e-ff88-a1e3-270c-9b3f94573466,vital-signs,8302-2,Body Height,161.4,cm,numeric
2026-09-05T19:18:57Z,c86c400e-ff88-a1e3-2e23-caa4d8311f47,c86c400e-ff88-a1e3-270c-9b3f94573466,vital-signs,72514-3,Pain severity - 0-10 verbal numeric rating [Score] - Reported,3.0,{score},numeric
2026-09-05T19:18:57Z,c86c400e-ff88-a1e3-2e23-caa4d8311f47,c86c400e-ff88-a1e3-270c-9b3f94573466,vital-signs,29463-7,Body Weight,78.9,kg,numeric
2026-09-05T19:18:57Z,c86c400e-ff88-a1e3-2e23-caa4d8311f47,c86c400e-ff88-a1e3-270c-9b3f94573466,vital-signs,39156-5,Body mass index (BMI) [Ratio],30.3,kg/m2,numeric
2026-09-05T19:18:57Z,c86c400e-ff88-a1e3-2e23-caa4d8311f47,c86c400e-ff88-a1e3-270c-9b3f94573466,vital-signs,8462-4,Diastolic Blood Pressure,80.0,mm[Hg],numeric
2026-09-05T19:18:57Z,c86c400e-ff88-a1e3-2e23-caa4d8311f47,c86c400e-ff88-a1e3-270c-9b3f94573466,vital-signs,8480-6,Systolic Blood Pressure,118.0,mm[Hg],numeric
2026-09-05T19:18:57Z,c86c400e-ff88-a1e3-2e23-caa4d8311f47,c86c400e-ff88-a1e3-270c-9b3f94573466,vital-signs,8867-4,Heart rate,98.0,/min,numeric
2026-09-05T19:18:57Z,c86c400e-ff88-a1e3-2e23-caa4d8311f47,c86c400e-ff88-a1e3-270c-9b3f94573466,vital-signs,9279-1,Respiratory rate,13.0,/min,numeric
2026-09-05T19:18:57Z,c86c400e-ff88-a1e3-2e23-caa4d8311f47,c86c400e-ff88-a1e3-270c-9b3f94573466,social-history,72166-2,Tobacco smoking status,Never smoked tobacco (finding),,text
2026-09-05T19:53:18Z,c86c400e-ff88-a1e3-2e23-caa4d8311f47,c86c400e-ff88-a1e3-270c-9b3f94573466,survey,76501-6,Within the last year  have you been afraid of your partner or ex-partner,No,,text
2026-09-05T19:53:18Z,c86c400e-ff88-a1e3-2e23-caa4d8311f47,c86c400e-ff88-a1e3-270c-9b3f94573466,survey,93026-3,Do you feel physically and emotionally safe where you currently live [PRAPARE],Yes,,text
2026-09-05T19:53:18Z,c86c400e-ff88-a1e3-2e23-caa4d8311f47,c86c400e-ff88-a1e3-270c-9b3f94573466,survey,93027-1,Are you a refugee,No,,text
2026-09-05T19:53:18Z,c86c400e-ff88-a1e3-2e23-caa4d8311f47,c86c400e-ff88-a1e3-270c-9b3f94573466,survey,93028-9,Have you spent more than 2 nights in a row in a jail  prison  detention center  or juvenile correctional facility in past 1 year [PRAPARE],No,,text
2026-09-05T19:53:18Z,c86c400e-ff88-a1e3-2e23-caa4d8311f47,c86c400e-ff88-a1e3-270c-9b3f94573466,survey,93038-8,Stress level,Somewhat,,text
2026-09-05T19:53:18Z,c86c400e-ff88-a1e3-2e23-caa4d8311f47,c86c400e-ff88-a1e3-270c-9b3f94573466,survey,93029-7,How often do you see or talk to people that you care about and feel close to [PRAPARE],1 or 2 times a week,,text
2026-09-05T19:53:18Z,c86c400e-ff88-a1e3-2e23-caa4d8311f47,c86c400e-ff88-a1e3-270c-9b3f94573466,survey,93030-5,Has lack of transportation kept you from medical appointments  meetings  work  or from getting things needed for daily living,Yes  it has kept me from non-medical meetings  appointments  work  or from getting things that I need,,text
2026-09-05T19:53:18Z,c86c400e-ff88-a1e3-2e23-caa4d8311f47,c86c400e-ff88-a1e3-270c-9b3f94573466,survey,93031-3,Have you or any family members you live with been unable to get any of the following when it was really needed in past 1 year [PRAPARE],Utilities,,text
2026-09-05T19:53:18Z,c86c400e-ff88-a1e3-2e23-caa4d8311f47,c86c400e-ff88-a1e3-270c-9b3f94573466,survey,63586-2,What was your best estimate of the total income of all family members from all sources  before taxes  in last year [PhenX],54396,/a,text
2026-09-05T19:53:18Z,c86c400e-ff88-a1e3-2e23-caa4d8311f47,c86c400e-ff88-a1e3-270c-9b3f94573466,survey,76437-3,Primary insurance,Private insurance,,text
2026-09-05T19:53:18Z,c86c400e-ff88-a1e3-2e23-caa4d8311f47,c86c400e-ff88-a1e3-270c-9b3f94573466,survey,67875-5,Employment status - current,Unemployed,,text
2026-09-05T19:53:18Z,c86c400e-ff88-a1e3-2e23-caa4d8311f47,c86c400e-ff88-a1e3-270c-9b3f94573466,survey,82589-3,Highest level of education,More than high school,,text
2026-09-05T19:53:18Z,c86c400e-ff88-a1e3-2e23-caa4d8311f47,c86c400e-ff88-a1e3-270c-9b3f94573466,survey,56799-0,Address,479 Haag Camp,,text
2026-09-05T19:53:18Z,c86c400e-ff88-a1e3-2e23-caa4d8311f47,c86c400e-ff88-a1e3-270c-9b3f94573466,survey,93033-9,Are you worried about losing your housing [PRAPARE],No,,text
2026-09-05T19:53:18Z,c86c400e-ff88-a1e3-2e23-caa4d8311f47,c86c400e-ff88-a1e3-270c-9b3f94573466,survey,71802-3,Housing status,I have housing,,text
2026-09-05T19:53:18Z,c86c400e-ff88-a1e3-2e23-caa4d8311f47,c86c400e-ff88-a1e3-270c-9b3f94573466,survey,63512-8,How many people are living or staying at this address [#],7.0,{#},numeric
2026-09-05T19:53:18Z,c86c400e-ff88-a1e3-2e23-caa4d8311f47,c86c400e-ff88-a1e3-270c-9b3f94573466,survey,54899-0,Preferred language,English,,text
2026-09-05T19:53:18Z,c86c400e-ff88-a1e3-2e23-caa4d8311f47,c86c400e-ff88-a1e3-270c-9b3f94573466,survey,93034-7,Discharged from the U.S. Armed Forces,No,,text
2026-09-05T19:53:18Z,c86c400e-ff88-a1e3-2e23-caa4d8311f47,c86c400e-ff88-a1e3-270c-9b3f94573466,survey,93035-4,Has season or migrant farm work been your or your family's main source of income at any point in past 2 years [PRAPARE],No,,text
2026-09-05T19:53:18Z,c86c400e-ff88-a1e3-2e23-caa4d8311f47,c86c400e-ff88-a1e3-270c-9b3f94573466,survey,32624-9,Race,White,,text
2026-09-05T19:53:18Z,c86c400e-ff88-a1e3-2e23-caa4d8311f47,c86c400e-ff88-a1e3-270c-9b3f94573466,survey,56051-6,Hispanic or Latino,No,,text
2026-09-05T20:19:24Z,c86c400e-ff88-a1e3-2e23-caa4d8311f47,c86c400e-ff88-a1e3-270c-9b3f94573466,survey,70274-6,Generalized anxiety disorder 7 item (GAD-7) total score [Reported.PHQ],3.0,{score},numeric
2026-09-05T20:57:53Z,c86c400e-ff88-a1e3-2e23-caa4d8311f47,c86c400e-ff88-a1e3-270c-9b3f94573466,survey,82667-7,Total score [DAST-10],2.0,{score},numeric
2021-12-21T19:18:57Z,c86c400e-ff88-a1e3-2e23-caa4d8311f47,,,QALY,QALY,34.1,a,numeric
2022-12-21T19:18:57Z,c86c400e-ff88-a1e3-2e23-caa4d8311f47,,,QALY,QALY,34.4,a,numeric
2023-12-21T19:18:57Z,c86c400e-ff88-a1e3-2e23-caa4d8311f47,,,QALY,QALY,34.8,a,numeric
2024-12-21T19:18:57Z,c86c400e-ff88-a1e3-2e23-caa4d8311f47,,,QALY,QALY,35.1,a,numeric
2025-12-21T19:18:57Z,c86c400e-ff88-a1e3-2e23-caa4d8311f47,,,QALY,QALY,35.5,a,numeric
2021-12-21T19:18:57Z,c86c400e-ff88-a1e3-2e23-caa4d8311f47,,,DALY,DALY,0.9,a,numeric
2022-12-21T19:18:57Z,c86c400e-ff88-a1e3-2e23-caa4d8311f47,,,DALY,DALY,1.6,a,numeric
2023-12-21T19:18:57Z,c86c400e-ff88-a1e3-2e23-caa4d8311f47,,,DALY,DALY,2.2,a,numeric
2024-12-21T19:18:57Z,c86c400e-ff88-a1e3-2e23-caa4d8311f47,,,DALY,DALY,2.9,a,numeric
2025-12-21T19:18:57Z,c86c400e-ff88-a1e3-2e23-caa4d8311f47,,,DALY,DALY,3.5,a,numeric
2021-12-21T19:18:57Z,c86c400e-ff88-a1e3-2e23-caa4d8311f47,,,QOLS,QOLS,0.3,{score},numeric
2022-12-21T19:18:57Z,c86c400e-ff88-a1e3-2e23-caa4d8311f47,,,QOLS,QOLS,0.3,{score},numeric
2023-12-21T19:18:57Z,c86c400e-ff88-a1e3-2e23-caa4d8311f47,,,QOLS,QOLS,0.3,{score},numeric
2024-12-21T19:18:57Z,c86c400e-ff88-a1e3-2e23-caa4d8311f47,,,QOLS,QOLS,0.3,{score},numeric
2025-12-21T19:18:57Z,c86c400e-ff88-a1e3-2e23-caa4d8311f47,,,QOLS,QOLS,0.4,{score},numeric
