START,STOP,PATIENT,ENCOUNTER,SYSTEM,CODE,DESCRIPTION,BASE_COST,REASONCODE,REASONDESCRIPTION
2021-12-04T20:03:25Z,2021-12-04T20:18:25Z,ba419d35-0dfe-8af7-347c-eebf02485a56,ba419d35-0dfe-8af7-b9a8-0965ff7f4d47,SNOMED-CT,252160004,Standard pregnancy test (procedure),6341.58,72892002,Normal pregnancy (finding)
2021-12-04T20:03:25Z,2021-12-04T20:18:25Z,ba419d35-0dfe-8af7-347c-eebf02485a56,ba419d35-0dfe-8af7-b9a8-0965ff7f4d47,SNOMED-CT,169230002,Ultrasound scan for fetal viability (procedure),7111.98,72892002,Normal pregnancy (finding)
2021-12-04T20:03:25Z,2021-12-04T20:18:25Z,ba419d35-0dfe-8af7-347c-eebf02485a56,ba419d35-0dfe-8af7-b9a8-0965ff7f4d47,SNOMED-CT,274804006,Evaluation of uterine fundal height (procedure),4880.06,72892002,Normal pregnancy (finding)
2021-12-04T20:03:25Z,2021-12-04T20:18:25Z,ba419d35-0dfe-8af7-347c-eebf02485a56,ba419d35-0dfe-8af7-b9a8-0965ff7f4d47,SNOMED-CT,225158009,Auscultation of the fetal heart (procedure),2726.71,72892002,Normal pregnancy (finding)
2021-12-04T20:03:25Z,2021-12-04T20:18:25Z,ba419d35-0dfe-8af7-347c-eebf02485a56,ba419d35-0dfe-8af7-b9a8-0965ff7f4d47,SNOMED-CT,44608003,Blood group typing (procedure),1798.96,72892002,Normal pregnancy (finding)
2021-12-04T20:03:25Z,2021-12-04T20:18:25Z,ba419d35-0dfe-8af7-347c-eebf02485a56,ba419d35-0dfe-8af7-b9a8-0965ff7f4d47,SNOMED-CT,104091002,Hemogram  automated  with red blood cells  white blood cells  hemoglobin  hematocrit  indices  platelet count  and manual white blood cell differential (procedure),2763.40,72892002,Normal pregnancy (finding)
2021-12-04T20:03:25Z,2021-12-04T20:18:25Z,ba419d35-0dfe-8af7-347c-eebf02485a56,ba419d35-0dfe-8af7-b9a8-0965ff7f4d47,SNOMED-CT,47758006,Hepatitis B surface antigen measurement (procedure),862.80,72892002,Normal pregnancy (finding)
2021-12-04T20:03:25Z,2021-12-04T20:18:25Z,ba419d35-0dfe-8af7-347c-eebf02485a56,ba419d35-0dfe-8af7-b9a8-0965ff7f4d47,SNOMED-CT,31676001,Human immunodeficiency virus antigen test (procedure),862.80,72892002,Normal pregnancy (finding)
2021-12-04T20:03:25Z,2021-12-04T20:18:25Z,ba419d35-0dfe-8af7-347c-eebf02485a56,ba419d35-0dfe-8af7-b9a8-0965ff7f4d47,SNOMED-CT,310861008,Chlamydia antigen test (procedure),2093.61,72892002,Normal pregnancy (finding)
2021-12-04T20:03:25Z,2021-12-04T20:18:25Z,ba419d35-0dfe-8af7-347c-eebf02485a56,ba419d35-0dfe-8af7-b9a8-0965ff7f4d47,SNOMED-CT,165829005,Gonorrhea infection titer test (procedure),862.80,72892002,Normal pregnancy (finding)
2021-12-04T20:03:25Z,2021-12-04T20:18:25Z,ba419d35-0dfe-8af7-347c-eebf02485a56,ba419d35-0dfe-8af7-b9a8-0965ff7f4d47,SNOMED-CT,269828009,Syphilis infectious titer test (procedure),2109.60,72892002,Normal pregnancy (finding)
2021-12-04T20:03:25Z,2021-12-04T20:18:25Z,ba419d35-0dfe-8af7-347c-eebf02485a56,ba419d35-0dfe-8af7-b9a8-0965ff7f4d47,SNOMED-CT,117010004,Urine culture (procedure),3451.20,72892002,Normal pregnancy (finding)
2021-12-04T20:03:25Z,2021-12-04T20:18:25Z,ba419d35-0dfe-8af7-347c-eebf02485a56,ba419d35-0dfe-8af7-b9a8-0965ff7f4d47,SNOMED-CT,90226004,Cytopathology procedure  preparation of smear  genital source (procedure),862.80,72892002,Normal pregnancy (finding)
2021-12-04T20:03:25Z,2021-12-04T20:18:25Z,ba419d35-0dfe-8af7-347c-eebf02485a56,ba419d35-0dfe-8af7-b9a8-0965ff7f4d47,SNOMED-CT,395123002,Urine screening test for diabetes (procedure),3451.20,72892002,Normal pregnancy (finding)
2021-12-04T20:03:25Z,2021-12-04T20:18:25Z,ba419d35-0dfe-8af7-347c-eebf02485a56,ba419d35-0dfe-8af7-b9a8-0965ff7f4d47,SNOMED-CT,104375008,Hepatitis C antibody  confirmatory test (procedure),3451.20,72892002,Normal pregnancy (finding)
2021-12-04T20:03:25Z,2021-12-04T20:18:25Z,ba419d35-0dfe-8af7-347c-eebf02485a56,ba419d35-0dfe-8af7-b9a8-0965ff7f4d47,SNOMED-CT,314098000,Rubella screening test (procedure),431.40,72892002,Normal pregnancy (finding)
2021-12-04T20:03:25Z,2021-12-04T20:18:25Z,ba419d35-0dfe-8af7-347c-eebf02485a56,ba419d35-0dfe-8af7-b9a8-0965ff7f4d47,SNOMED-CT,104326007,Measurement of Varicella-zoster virus antibody (procedure),2081.07,72892002,Normal pregnancy (finding)
2021-12-04T20:03:25Z,2021-12-04T20:18:25Z,ba419d35-0dfe-8af7-347c-eebf02485a56,ba419d35-0dfe-8af7-b9a8-0965ff7f4d47,SNOMED-CT,28163009,Skin test for tuberculosis  Tine test (procedure),862.80,72892002,Normal pregnancy (finding)
2021-12-04T20:03:25Z,2021-12-04T20:18:25Z,ba419d35-0dfe-8af7-347c-eebf02485a56,ba419d35-0dfe-8af7-b9a8-0965ff7f4d47,SNOMED-CT,60218003,Urinalysis  protein  qualitative (procedure),431.40,72892002,Normal pregnancy (finding)
2021-12-04T20:03:25Z,2021-12-04T20:18:25Z,ba419d35-0dfe-8af7-347c-eebf02485a56,ba419d35-0dfe-8af7-b9a8-0965ff7f4d47,SNOMED-CT,5880005,Physical examination procedure (procedure),431.40,72892002,Normal pregnancy (finding)
2022-01-01T20:03:25Z,2022-01-01T20:18:25Z,ba419d35-0dfe-8af7-347c-eebf02485a56,ba419d35-0dfe-8af7-f20c-10c28a10d9a9,SNOMED-CT,274804006,Evaluation of uterine fundal height (procedure),9046.75,72892002,Normal pregnancy (finding)
2022-01-01T20:03:25Z,2022-01-01T20:18:25Z,ba419d35-0dfe-8af7-347c-eebf02485a56,ba419d35-0dfe-8af7-f20c-10c28a10d9a9,SNOMED-CT,225158009,Auscultation of the fetal heart (procedure),8143.30,72892002,Normal pregnancy (finding)
2022-01-01T20:03:25Z,2022-01-01T20:18:25Z,ba419d35-0dfe-8af7-347c-eebf02485a56,ba419d35-0dfe-8af7-f20c-10c28a10d9a9,SNOMED-CT,443529005,Detection of chromosomal aneuploidy in prenatal amniotic fluid specimen using fluorescence in situ hybridization screening technique (procedure),3451.20,72892002,Normal pregnancy (finding)
2022-01-29T20:03:25Z,2022-01-29T20:18:25Z,ba419d35-0dfe-8af7-347c-eebf02485a56,ba419d35-0dfe-8af7-c5a7-15e106d56657,SNOMED-CT,271442007,Fetal anatomy study (procedure),431.40,72892002,Normal pregnancy (finding)
2022-01-29T20:03:25Z,2022-01-29T20:18:25Z,ba419d35-0dfe-8af7-347c-eebf02485a56,ba419d35-0dfe-8af7-c5a7-15e106d56657,SNOMED-CT,275833003,Alpha-fetoprotein test - antenatal (procedure),3451.20,72892002,Normal pregnancy (finding)
2022-01-29T20:03:25Z,2022-01-29T20:18:25Z,ba419d35-0dfe-8af7-347c-eebf02485a56,ba419d35-0dfe-8af7-c5a7-15e106d56657,SNOMED-CT,274804006,Evaluation of uterine fundal height (procedure),2423.90,72892002,Normal pregnancy (finding)
2022-01-29T20:03:25Z,2022-01-29T20:18:25Z,ba419d35-0dfe-8af7-347c-eebf02485a56,ba419d35-0dfe-8af7-c5a7-15e106d56657,SNOMED-CT,225158009,Auscultation of the fetal heart (procedure),3902.76,72892002,Normal pregnancy (finding)
2022-02-26T20:03:25Z,2022-02-26T20:18:25Z,ba419d35-0dfe-8af7-347c-eebf02485a56,ba419d35-0dfe-8af7-cafa-472895fe4414,SNOMED-CT,274804006,Evaluation of uterine fundal height (procedure),2261.69,72892002,Normal pregnancy (finding)
2022-02-26T20:03:25Z,2022-02-26T20:18:25Z,ba419d35-0dfe-8af7-347c-eebf02485a56,ba419d35-0dfe-8af7-cafa-472895fe4414,SNOMED-CT,225158009,Auscultation of the fetal heart (procedure),9046.75,72892002,Normal pregnancy (finding)
2022-03-26T20:03:25Z,2022-03-26T20:18:25Z,ba419d35-0dfe-8af7-347c-eebf02485a56,ba419d35-0dfe-8af7-30b1-d67f7c68e18e,SNOMED-CT,274804006,Evaluation of uterine fundal height (procedure),3697.81,72892002,Normal pregnancy (finding)
2022-03-26T20:03:25Z,2022-03-26T20:18:25Z,ba419d35-0dfe-8af7-347c-eebf02485a56,ba419d35-0dfe-8af7-30b1-d67f7c68e18e,SNOMED-CT,225158009,Auscultation of the fetal heart (procedure),2342.91,72892002,Normal pregnancy (finding)
2022-04-23T20:03:25Z,2022-04-23T20:18:25Z,ba419d35-0dfe-8af7-347c-eebf02485a56,ba419d35-0dfe-8af7-7fd0-068143aa0bd1,SNOMED-CT,104091002,Hemogram  automated  with red blood cells  white blood cells  hemoglobin  hematocrit  indices  platelet count  and manual white blood cell differential (procedure),1024.66,72892002,Normal pregnancy (finding)
2022-04-23T20:03:25Z,2022-04-23T20:18:25Z,ba419d35-0dfe-8af7-347c-eebf02485a56,ba419d35-0dfe-8af7-7fd0-068143aa0bd1,SNOMED-CT,399014008,Administration of vaccine product containing only Bordetella pertussis and Clostridium tetani and Corynebacterium diphtheriae antigens (procedure),4051.67,72892002,Normal pregnancy (finding)
2022-04-23T20:03:25Z,2022-04-23T20:18:25Z,ba419d35-0dfe-8af7-347c-eebf02485a56,ba419d35-0dfe-8af7-7fd0-068143aa0bd1,SNOMED-CT,268556000,Urine screening for glucose (procedure),3451.20,72892002,Normal pregnancy (finding)
2022-04-23T20:03:25Z,2022-04-23T20:18:25Z,ba419d35-0dfe-8af7-347c-eebf02485a56,ba419d35-0dfe-8af7-7fd0-068143aa0bd1,SNOMED-CT,274804006,Evaluation of uterine fundal height (procedure),2261.69,72892002,Normal pregnancy (finding)
2022-04-23T20:03:25Z,2022-04-23T20:18:25Z,ba419d35-0dfe-8af7-347c-eebf02485a56,ba419d35-0dfe-8af7-7fd0-068143aa0bd1,SNOMED-CT,225158009,Auscultation of the fetal heart (procedure),2261.69,72892002,Normal pregnancy (finding)
2022-05-21T20:03:25Z,2022-05-21T20:18:25Z,ba419d35-0dfe-8af7-347c-eebf02485a56,ba419d35-0dfe-8af7-de84-7122e2736d20,SNOMED-CT,274804006,Evaluation of uterine fundal height (procedure),2261.69,72892002,Normal pregnancy (finding)
2022-05-21T20:03:25Z,2022-05-21T20:18:25Z,ba419d35-0dfe-8af7-347c-eebf02485a56,ba419d35-0dfe-8af7-de84-7122e2736d20,SNOMED-CT,225158009,Auscultation of the fetal heart (procedure),5805.85,72892002,Normal pregnancy (finding)
2022-06-18T20:03:25Z,2022-06-18T20:18:25Z,ba419d35-0dfe-8af7-347c-eebf02485a56,ba419d35-0dfe-8af7-f9b2-2ceb9a6bead2,SNOMED-CT,118001005,Streptococcus pneumoniae group B antigen assay (procedure),862.80,72892002,Normal pregnancy (finding)
2022-06-18T20:03:25Z,2022-06-18T20:18:25Z,ba419d35-0dfe-8af7-347c-eebf02485a56,ba419d35-0dfe-8af7-f9b2-2ceb9a6bead2,SNOMED-CT,274804006,Evaluation of uterine fundal height (procedure),2261.69,72892002,Normal pregnancy (finding)
2022-06-18T20:03:25Z,2022-06-18T20:18:25Z,ba419d35-0dfe-8af7-347c-eebf02485a56,ba419d35-0dfe-8af7-f9b2-2ceb9a6bead2,SNOMED-CT,225158009,Auscultation of the fetal heart (procedure),3219.74,72892002,Normal pregnancy (finding)
2022-07-02T20:03:25Z,2022-07-02T20:18:25Z,ba419d35-0dfe-8af7-347c-eebf02485a56,ba419d35-0dfe-8af7-6f1e-3851896f560c,SNOMED-CT,236974004,Instrumental delivery (procedure),5794.11,72892002,Normal pregnancy (finding)
2022-07-02T20:03:25Z,2022-07-02T20:18:25Z,ba419d35-0dfe-8af7-347c-eebf02485a56,ba419d35-0dfe-8af7-6f1e-3851896f560c,SNOMED-CT,386216000,Human parturition  function (observable entity),431.40,72892002,Normal pregnancy (finding)
2022-08-13T20:03:25Z,2022-08-13T20:18:25Z,ba419d35-0dfe-8af7-347c-eebf02485a56,ba419d35-0dfe-8af7-afa9-5f6f43826fb3,SNOMED-CT,5880005,Physical examination procedure (procedure),431.40,,
2022-08-13T20:03:25Z,2022-08-13T20:18:25Z,ba419d35-0dfe-8af7-347c-eebf02485a56,ba419d35-0dfe-8af7-afa9-5f6f43826fb3,SNOMED-CT,171207006,Depression screening (procedure),431.40,,
2023-08-12T20:03:25Z,2023-08-12T20:49:47Z,ba419d35-0dfe-8af7-347c-eebf02485a56,ba419d35-0dfe-8af7-e129-b4779d5cf14b,SNOMED-CT,710824005,Assessment of health and social care needs (procedure),431.40,,
2023-08-12T20:49:47Z,2023-08-12T21:14:58Z,ba419d35-0dfe-8af7-347c-eebf02485a56,ba419d35-0dfe-8af7-e129-b4779d5cf14b,SNOMED-CT,710841007,Assessment of anxiety (procedure),431.40,,
2023-08-12T21:14:58Z,2023-08-12T21:48:05Z,ba419d35-0dfe-8af7-347c-eebf02485a56,ba419d35-0dfe-8af7-e129-b4779d5cf14b,SNOMED-CT,866148006,Screening for domestic abuse (procedure),431.40,,
2023-08-12T21:48:05Z,2023-08-12T21:59:49Z,ba419d35-0dfe-8af7-347c-eebf02485a56,ba419d35-0dfe-8af7-e129-b4779d5cf14b,SNOMED-CT,171207006,Depression screening (procedure),431.40,,
2023-08-12T21:59:49Z,2023-08-12T22:21:26Z,ba419d35-0dfe-8af7-347c-eebf02485a56,ba419d35-0dfe-8af7-e129-b4779d5cf14b,SNOMED-CT,171207006,Depression screening (procedure),431.40,,
2023-08-12T22:21:26Z,2023-08-12T22:35:22Z,ba419d35-0dfe-8af7-347c-eebf02485a56,ba419d35-0dfe-8af7-e129-b4779d5cf14b,SNOMED-CT,428211000124100,Assessment of substance use (procedure),431.40,,
2023-08-12T22:35:22Z,2023-08-12T22:58:31Z,ba419d35-0dfe-8af7-347c-eebf02485a56,ba419d35-0dfe-8af7-e129-b4779d5cf14b,SNOMED-CT,713106006,Screening for drug abuse (procedure),431.40,,
2024-08-09T20:03:25Z,2024-08-09T20:28:29Z,ba419d35-0dfe-8af7-347c-eebf02485a56,ba419d35-0dfe-8af7-2985-696163552a26,SNOMED-CT,169553002,Implantation of subcutaneous contraceptive (procedure),5527.93,,
2025-08-04T20:28:29Z,2025-08-04T20:52:58Z,ba419d35-0dfe-8af7-347c-eebf02485a56,ba419d35-0dfe-8af7-0479-5d33d41d3516,SNOMED-CT,169553002,Implantation of subcutaneous contraceptive (procedure),3910.33,,
2026-05-30T20:03:25Z,2026-05-30T20:36:25Z,ba419d35-0dfe-8af7-347c-eebf02485a56,ba419d35-0dfe-8af7-73d2-ce2e98dbc9fe,SNOMED-CT,710824005,Assessment of health and social care needs (procedure),431.40,,
2026-05-30T20:36:25Z,2026-05-30T21:05:28Z,ba419d35-0dfe-8af7-347c-eebf02485a56,ba419d35-0dfe-8af7-73d2-ce2e98dbc9fe,SNOMED-CT,710841007,Assessment of anxiety (procedure),431.40,,
2026-05-30T21:05:28Z,2026-05-30T21:17:43Z,ba419d35-0dfe-8af7-347c-eebf02485a56,ba419d35-0dfe-8af7-73d2-ce2e98dbc9fe,SNOMED-CT,171207006,Depression screening (procedure),431.40,,
2026-05-30T21:17:43Z,2026-05-30T21:40:12Z,ba419d35-0dfe-8af7-347c-eebf02485a56,ba419d35-0dfe-8af7-73d2-ce2e98dbc9fe,SNOMED-CT,171207006,Depression screening (procedure),431.40,,
2026-06-13T20:03:25Z,2026-06-13T20:08:25Z,ba419d35-0dfe-8af7-347c-eebf02485a56,ba419d35-0dfe-8af7-ddda-afd2a715c199,SNOMED-CT,84100007,History taking (procedure),431.40,44054006,Diabetes mellitus type 2 (disorder)
2026-06-13T20:08:25Z,2026-06-13T20:09:25Z,ba419d35-0dfe-8af7-347c-eebf02485a56,ba419d35-0dfe-8af7-ddda-afd2a715c199,SNOMED-CT,16830007,Visual acuity testing (procedure),431.40,,
2026-06-13T20:09:25Z,2026-06-13T20:10:25Z,ba419d35-0dfe-8af7-347c-eebf02485a56,ba419d35-0dfe-8af7-ddda-afd2a715c199,SNOMED-CT,252832004,Intraocular pressure test (procedure),431.40,,
2026-06-13T20:10:25Z,2026-06-13T20:12:25Z,ba419d35-0dfe-8af7-347c-eebf02485a56,ba419d35-0dfe-8af7-ddda-afd2a715c199,SNOMED-CT,55468007,Ocular slit lamp examination (procedure),431.40,44054006,Diabetes mellitus type 2 (disorder)
2026-06-13T20:12:25Z,2026-06-13T20:22:25Z,ba419d35-0dfe-8af7-347c-eebf02485a56,ba419d35-0dfe-8af7-ddda-afd2a715c199,SNOMED-CT,389153003,Indirect gonioscopy (procedure),431.40,44054006,Diabetes mellitus type 2 (disorder)
2026-06-13T20:22:25Z,2026-06-13T20:52:25Z,ba419d35-0dfe-8af7-347c-eebf02485a56,ba419d35-0dfe-8af7-ddda-afd2a715c199,SNOMED-CT,314971001,Camera fundoscopy (procedure),431.40,,
2026-06-13T20:22:25Z,2026-06-13T20:25:39Z,ba419d35-0dfe-8af7-347c-eebf02485a56,ba419d35-0dfe-8af7-ddda-afd2a715c199,SNOMED-CT,722161008,Diabetic retinal eye exam (procedure),431.40,44054006,Diabetes mellitus type 2 (disorder)
2022-08-23T06:15:37Z,2022-08-23T07:01:25Z,aee7bbe1-0c45-c028-1e62-1f4cdb30c273,aee7bbe1-0c45-c028-4e4d-e09d21c00869,SNOMED-CT,710824005,Assessment of health and social care needs (procedure),431.40,,
2022-08-23T07:01:25Z,2022-08-23T07:12:31Z,aee7bbe1-0c45-c028-1e62-1f4cdb30c273,aee7bbe1-0c45-c028-4e4d-e09d21c00869,SNOMED-CT,171207006,Depression screening (procedure),431.40,,
2022-08-23T07:12:31Z,2022-08-23T07:37:06Z,aee7bbe1-0c45-c028-1e62-1f4cdb30c273,aee7bbe1-0c45-c028-4e4d-e09d21c00869,SNOMED-CT,171207006,Depression screening (procedure),431.40,,
2022-08-23T07:37:06Z,2022-08-23T07:51:42Z,aee7bbe1-0c45-c028-1e62-1f4cdb30c273,aee7bbe1-0c45-c028-4e4d-e09d21c00869,SNOMED-CT,428211000124100,Assessment of substance use (procedure),431.40,,
2022-08-23T07:51:42Z,2022-08-23T08:14:00Z,aee7bbe1-0c45-c028-1e62-1f4cdb30c273,aee7bbe1-0c45-c028-4e4d-e09d21c00869,SNOMED-CT,713106006,Screening for drug abuse (procedure),431.40,,
2025-06-10T06:15:37Z,2025-06-10T07:11:11Z,aee7bbe1-0c45-c028-1e62-1f4cdb30c273,aee7bbe1-0c45-c028-0d81-14d3de0bfb05,SNOMED-CT,710824005,Assessment of health and social care needs (procedure),431.40,,
2025-06-10T07:11:11Z,2025-06-10T07:24:24Z,aee7bbe1-0c45-c028-1e62-1f4cdb30c273,aee7bbe1-0c45-c028-0d81-14d3de0bfb05,SNOMED-CT,171207006,Depression screening (procedure),431.40,,
2025-06-10T07:24:24Z,2025-06-10T07:45:14Z,aee7bbe1-0c45-c028-1e62-1f4cdb30c273,aee7bbe1-0c45-c028-0d81-14d3de0bfb05,SNOMED-CT,171207006,Depression screening (procedure),431.40,,
2025-06-10T07:45:14Z,2025-06-10T07:56:38Z,aee7bbe1-0c45-c028-1e62-1f4cdb30c273,aee7bbe1-0c45-c028-0d81-14d3de0bfb05,SNOMED-CT,428211000124100,Assessment of substance use (procedure),431.40,,
2025-06-10T07:56:38Z,2025-06-10T08:22:37Z,aee7bbe1-0c45-c028-1e62-1f4cdb30c273,aee7bbe1-0c45-c028-0d81-14d3de0bfb05,SNOMED-CT,713106006,Screening for drug abuse (procedure),431.40,,
2022-09-17T18:13:58Z,2022-09-17T19:07:41Z,4f083ce3-f12b-bb4b-7353-e17f0cd55b0a,4f083ce3-f12b-bb4b-649a-8c42e2ed9e63,SNOMED-CT,46706006,Replacement of contraceptive intrauterine device (procedure),15641.36,,
2023-12-23T18:13:58Z,2023-12-23T18:47:40Z,4f083ce3-f12b-bb4b-7353-e17f0cd55b0a,4f083ce3-f12b-bb4b-6a2d-524a5d952220,SNOMED-CT,710824005,Assessment of health and social care needs (procedure),431.40,,
2023-12-23T18:47:40Z,2023-12-23T18:57:49Z,4f083ce3-f12b-bb4b-7353-e17f0cd55b0a,4f083ce3-f12b-bb4b-6a2d-524a5d952220,SNOMED-CT,171207006,Depression screening (procedure),431.40,,
2023-12-23T18:57:49Z,2023-12-23T19:26:03Z,4f083ce3-f12b-bb4b-7353-e17f0cd55b0a,4f083ce3-f12b-bb4b-6a2d-524a5d952220,SNOMED-CT,171207006,Depression screening (procedure),431.40,,
2023-12-23T19:26:03Z,2023-12-23T19:40:56Z,4f083ce3-f12b-bb4b-7353-e17f0cd55b0a,4f083ce3-f12b-bb4b-6a2d-524a5d952220,SNOMED-CT,428211000124100,Assessment of substance use (procedure),431.40,,
2023-12-23T19:40:56Z,2023-12-23T20:06:37Z,4f083ce3-f12b-bb4b-7353-e17f0cd55b0a,4f083ce3-f12b-bb4b-6a2d-524a5d952220,SNOMED-CT,713106006,Screening for drug abuse (procedure),431.40,,
2023-12-23T20:06:37Z,2023-12-23T20:15:44Z,4f083ce3-f12b-bb4b-7353-e17f0cd55b0a,4f083ce3-f12b-bb4b-6a2d-524a5d952220,SNOMED-CT,103697008,Patient referral for dental care (procedure),431.40,66383009,Gingivitis (disorder)
2024-01-06T18:13:58Z,2024-01-06T18:37:12Z,4f083ce3-f12b-bb4b-7353-e17f0cd55b0a,4f083ce3-f12b-bb4b-dfc7-fd1e2dc7eee2,CDT,D1203,D1203,1.18,,
2024-02-25T18:13:58Z,2024-02-25T18:43:58Z,4f083ce3-f12b-bb4b-7353-e17f0cd55b0a,4f083ce3-f12b-bb4b-89be-ed7252565ba0,SNOMED-CT,713024005,Plain X-ray of wrist region (procedure),431.40,,
2024-02-25T18:13:58Z,2024-02-25T18:42:45Z,4f083ce3-f12b-bb4b-7353-e17f0cd55b0a,4f083ce3-f12b-bb4b-89be-ed7252565ba0,SNOMED-CT,274474001,Bone immobilization (procedure),431.40,263102004,Fracture subluxation of wrist (disorder)
2024-08-07T15:59:03Z,2024-08-07T16:09:11Z,4f083ce3-f12b-bb4b-7353-e17f0cd55b0a,4f083ce3-f12b-bb4b-5c63-4a1ea3b3833f,SNOMED-CT,76601001,Intramuscular injection (procedure),1108.27,,
2024-10-26T01:13:58Z,2024-10-26T01:43:59Z,4f083ce3-f12b-bb4b-7353-e17f0cd55b0a,4f083ce3-f12b-bb4b-d64b-564e0ae2a445,SNOMED-CT,395142003,Allergy screening test (procedure),431.40,,
2022-02-17T19:53:59Z,2022-02-17T20:08:59Z,46ee9d82-b52c-856d-069b-5064ff052225,46ee9d82-b52c-856d-8097-ee5bf9287fe1,SNOMED-CT,430193006,Medication reconciliation (procedure),215.70,,
2022-02-17T19:53:59Z,2022-02-17T20:27:03Z,46ee9d82-b52c-856d-069b-5064ff052225,46ee9d82-b52c-856d-8097-ee5bf9287fe1,SNOMED-CT,710824005,Assessment of health and social care needs (procedure),431.40,,
2022-02-17T20:27:03Z,2022-02-17T20:38:11Z,46ee9d82-b52c-856d-069b-5064ff052225,46ee9d82-b52c-856d-8097-ee5bf9287fe1,SNOMED-CT,171207006,Depression screening (procedure),431.40,,
2022-02-17T20:38:11Z,2022-02-17T21:01:44Z,46ee9d82-b52c-856d-069b-5064ff052225,46ee9d82-b52c-856d-8097-ee5bf9287fe1,SNOMED-CT,171207006,Depression screening (procedure),431.40,,
2022-02-17T21:01:44Z,2022-02-17T21:13:55Z,46ee9d82-b52c-856d-069b-5064ff052225,46ee9d82-b52c-856d-8097-ee5bf9287fe1,SNOMED-CT,428211000124100,Assessment of substance use (procedure),431.40,,
2022-02-17T21:13:55Z,2022-02-17T21:38:36Z,46ee9d82-b52c-856d-069b-5064ff052225,46ee9d82-b52c-856d-8097-ee5bf9287fe1,SNOMED-CT,713106006,Screening for drug abuse (procedure),431.40,,
2023-05-04T19:53:59Z,2023-05-04T20:50:14Z,46ee9d82-b52c-856d-069b-5064ff052225,46ee9d82-b52c-856d-c791-7f2f560764af,SNOMED-CT,710824005,Assessment of health and social care needs (procedure),431.40,,
2023-05-04T20:50:14Z,2023-05-04T21:11:42Z,46ee9d82-b52c-856d-069b-5064ff052225,46ee9d82-b52c-856d-c791-7f2f560764af,SNOMED-CT,710841007,Assessment of anxiety (procedure),431.40,,
2023-05-04T21:11:42Z,2023-05-04T21:23:16Z,46ee9d82-b52c-856d-069b-5064ff052225,46ee9d82-b52c-856d-c791-7f2f560764af,SNOMED-CT,171207006,Depression screening (procedure),431.40,,
2023-05-04T21:23:16Z,2023-05-04T21:46:56Z,46ee9d82-b52c-856d-069b-5064ff052225,46ee9d82-b52c-856d-c791-7f2f560764af,SNOMED-CT,171207006,Depression screening (procedure),431.40,,
2023-05-04T21:46:56Z,2023-05-04T22:01:07Z,46ee9d82-b52c-856d-069b-5064ff052225,46ee9d82-b52c-856d-c791-7f2f560764af,SNOMED-CT,428211000124100,Assessment of substance use (procedure),431.40,,
2023-05-04T22:01:07Z,2023-05-04T22:28:23Z,46ee9d82-b52c-856d-069b-5064ff052225,46ee9d82-b52c-856d-c791-7f2f560764af,SNOMED-CT,763302001,Assessment using Alcohol Use Disorders Identification Test - Consumption (procedure),431.40,,
2024-03-28T09:53:59Z,2024-03-28T10:52:11Z,46ee9d82-b52c-856d-069b-5064ff052225,46ee9d82-b52c-856d-17d4-88ec9c853912,SNOMED-CT,65200003,Insertion of intrauterine contraceptive device (procedure),5609.31,,
2025-02-20T19:53:59Z,2025-02-20T20:08:59Z,46ee9d82-b52c-856d-069b-5064ff052225,46ee9d82-b52c-856d-67b6-5e9bae39137c,SNOMED-CT,430193006,Medication reconciliation (procedure),862.80,,
2025-02-20T19:53:59Z,2025-02-20T20:49:54Z,46ee9d82-b52c-856d-069b-5064ff052225,46ee9d82-b52c-856d-67b6-5e9bae39137c,SNOMED-CT,710824005,Assessment of health and social care needs (procedure),431.40,,
2025-02-20T20:49:54Z,2025-02-20T21:00:34Z,46ee9d82-b52c-856d-069b-5064ff052225,46ee9d82-b52c-856d-67b6-5e9bae39137c,SNOMED-CT,103697008,Patient referral for dental care (procedure),431.40,66383009,Gingivitis (disorder)
2025-03-06T19:53:59Z,2025-03-06T20:14:03Z,46ee9d82-b52c-856d-069b-5064ff052225,46ee9d82-b52c-856d-9513-140a461e258d,CDT,D1120,prophylaxis  child,90.00,,
2025-03-06T20:14:03Z,2025-03-06T20:49:55Z,46ee9d82-b52c-856d-069b-5064ff052225,46ee9d82-b52c-856d-9513-140a461e258d,CDT,D1206,topical application of fluoride varnish,31.70,,
2025-03-06T20:49:55Z,2025-03-06T21:14:48Z,46ee9d82-b52c-856d-069b-5064ff052225,46ee9d82-b52c-856d-9513-140a461e258d,CDT,D1330,oral hygiene instructions,4.84,,
2025-03-06T21:14:48Z,2025-03-06T21:48:53Z,46ee9d82-b52c-856d-069b-5064ff052225,46ee9d82-b52c-856d-9513-140a461e258d,CDT,D0145,oral evaluation for a patient under three years of age and counseling with primary caregiver,6.58,,
2025-04-03T19:53:59Z,2025-04-03T20:51:41Z,46ee9d82-b52c-856d-069b-5064ff052225,46ee9d82-b52c-856d-8a1b-e211338f0206,SNOMED-CT,1263416007,Removal of intrauterine contraceptive device (procedure),431.40,,
2025-05-22T19:53:59Z,2025-05-22T20:08:59Z,46ee9d82-b52c-856d-069b-5064ff052225,46ee9d82-b52c-856d-43ca-65a0b86a26b8,SNOMED-CT,252160004,Standard pregnancy test (procedure),5988.40,72892002,Normal pregnancy (finding)
2025-05-22T19:53:59Z,2025-05-22T20:08:59Z,46ee9d82-b52c-856d-069b-5064ff052225,46ee9d82-b52c-856d-43ca-65a0b86a26b8,SNOMED-CT,169230002,Ultrasound scan for fetal viability (procedure),4049.70,72892002,Normal pregnancy (finding)
2025-05-22T19:53:59Z,2025-05-22T20:08:59Z,46ee9d82-b52c-856d-069b-5064ff052225,46ee9d82-b52c-856d-43ca-65a0b86a26b8,SNOMED-CT,274804006,Evaluation of uterine fundal height (procedure),7442.69,72892002,Normal pregnancy (finding)
2025-05-22T19:53:59Z,2025-05-22T20:08:59Z,46ee9d82-b52c-856d-069b-5064ff052225,46ee9d82-b52c-856d-43ca-65a0b86a26b8,SNOMED-CT,225158009,Auscultation of the fetal heart (procedure),2261.69,72892002,Normal pregnancy (finding)
2025-05-22T19:53:59Z,2025-05-22T20:08:59Z,46ee9d82-b52c-856d-069b-5064ff052225,46ee9d82-b52c-856d-43ca-65a0b86a26b8,SNOMED-CT,44608003,Blood group typing (procedure),3391.14,72892002,Normal pregnancy (finding)
2025-05-22T19:53:59Z,2025-05-22T20:08:59Z,46ee9d82-b52c-856d-069b-5064ff052225,46ee9d82-b52c-856d-43ca-65a0b86a26b8,SNOMED-CT,104091002,Hemogram  automated  with red blood cells  white blood cells  hemoglobin  hematocrit  indices  platelet count  and manual white blood cell differential (procedure),2957.53,72892002,Normal pregnancy (finding)
2025-05-22T19:53:59Z,2025-05-22T20:08:59Z,46ee9d82-b52c-856d-069b-5064ff052225,46ee9d82-b52c-856d-43ca-65a0b86a26b8,SNOMED-CT,47758006,Hepatitis B surface antigen measurement (procedure),862.80,72892002,Normal pregnancy (finding)
2025-05-22T19:53:59Z,2025-05-22T20:08:59Z,46ee9d82-b52c-856d-069b-5064ff052225,46ee9d82-b52c-856d-43ca-65a0b86a26b8,SNOMED-CT,31676001,Human immunodeficiency virus antigen test (procedure),1275.93,72892002,Normal pregnancy (finding)
2025-05-22T19:53:59Z,2025-05-22T20:08:59Z,46ee9d82-b52c-856d-069b-5064ff052225,46ee9d82-b52c-856d-43ca-65a0b86a26b8,SNOMED-CT,310861008,Chlamydia antigen test (procedure),2499.94,72892002,Normal pregnancy (finding)
2025-05-22T19:53:59Z,2025-05-22T20:08:59Z,46ee9d82-b52c-856d-069b-5064ff052225,46ee9d82-b52c-856d-43ca-65a0b86a26b8,SNOMED-CT,165829005,Gonorrhea infection titer test (procedure),862.80,72892002,Normal pregnancy (finding)
2025-05-22T19:53:59Z,2025-05-22T20:08:59Z,46ee9d82-b52c-856d-069b-5064ff052225,46ee9d82-b52c-856d-43ca-65a0b86a26b8,SNOMED-CT,269828009,Syphilis infectious titer test (procedure),3024.81,72892002,Normal pregnancy (finding)
2025-05-22T19:53:59Z,2025-05-22T20:08:59Z,46ee9d82-b52c-856d-069b-5064ff052225,46ee9d82-b52c-856d-43ca-65a0b86a26b8,SNOMED-CT,117010004,Urine culture (procedure),2644.53,72892002,Normal pregnancy (finding)
2025-05-22T19:53:59Z,2025-05-22T20:08:59Z,46ee9d82-b52c-856d-069b-5064ff052225,46ee9d82-b52c-856d-43ca-65a0b86a26b8,SNOMED-CT,90226004,Cytopathology procedure  preparation of smear  genital source (procedure),1795.05,72892002,Normal pregnancy (finding)
2025-05-22T19:53:59Z,2025-05-22T20:08:59Z,46ee9d82-b52c-856d-069b-5064ff052225,46ee9d82-b52c-856d-43ca-65a0b86a26b8,SNOMED-CT,395123002,Urine screening test for diabetes (procedure),862.80,72892002,Normal pregnancy (finding)
2025-05-22T19:53:59Z,2025-05-22T20:08:59Z,46ee9d82-b52c-856d-069b-5064ff052225,46ee9d82-b52c-856d-43ca-65a0b86a26b8,SNOMED-CT,104375008,Hepatitis C antibody  confirmatory test (procedure),3451.20,72892002,Normal pregnancy (finding)
2025-05-22T19:53:59Z,2025-05-22T20:08:59Z,46ee9d82-b52c-856d-069b-5064ff052225,46ee9d82-b52c-856d-43ca-65a0b86a26b8,SNOMED-CT,314098000,Rubella screening test (procedure),431.40,72892002,Normal pregnancy (finding)
2025-05-22T19:53:59Z,2025-05-22T20:08:59Z,46ee9d82-b52c-856d-069b-5064ff052225,46ee9d82-b52c-856d-43ca-65a0b86a26b8,SNOMED-CT,104326007,Measurement of Varicella-zoster virus antibody (procedure),1997.77,72892002,Normal pregnancy (finding)
2025-05-22T19:53:59Z,2025-05-22T20:08:59Z,46ee9d82-b52c-856d-069b-5064ff052225,46ee9d82-b52c-856d-43ca-65a0b86a26b8,SNOMED-CT,28163009,Skin test for tuberculosis  Tine test (procedure),3451.20,72892002,Normal pregnancy (finding)
2025-05-22T19:53:59Z,2025-05-22T20:08:59Z,46ee9d82-b52c-856d-069b-5064ff052225,46ee9d82-b52c-856d-43ca-65a0b86a26b8,SNOMED-CT,60218003,Urinalysis  protein  qualitative (procedure),431.40,72892002,Normal pregnancy (finding)
2025-05-22T19:53:59Z,2025-05-22T20:08:59Z,46ee9d82-b52c-856d-069b-5064ff052225,46ee9d82-b52c-856d-43ca-65a0b86a26b8,SNOMED-CT,5880005,Physical examination procedure (procedure),431.40,72892002,Normal pregnancy (finding)
2025-06-19T19:53:59Z,2025-06-19T20:08:59Z,46ee9d82-b52c-856d-069b-5064ff052225,46ee9d82-b52c-856d-ebb1-9a1c5361e2e8,SNOMED-CT,274804006,Evaluation of uterine fundal height (procedure),2261.69,72892002,Normal pregnancy (finding)
2025-06-19T19:53:59Z,2025-06-19T20:08:59Z,46ee9d82-b52c-856d-069b-5064ff052225,46ee9d82-b52c-856d-ebb1-9a1c5361e2e8,SNOMED-CT,225158009,Auscultation of the fetal heart (procedure),3244.76,72892002,Normal pregnancy (finding)
2025-06-19T19:53:59Z,2025-06-19T20:08:59Z,46ee9d82-b52c-856d-069b-5064ff052225,46ee9d82-b52c-856d-ebb1-9a1c5361e2e8,SNOMED-CT,443529005,Detection of chromosomal aneuploidy in prenatal amniotic fluid specimen using fluorescence in situ hybridization screening technique (procedure),862.80,72892002,Normal pregnancy (finding)
2025-07-17T19:53:59Z,2025-07-17T20:08:59Z,46ee9d82-b52c-856d-069b-5064ff052225,46ee9d82-b52c-856d-6cc1-f7d0caf5bfaa,SNOMED-CT,271442007,Fetal anatomy study (procedure),431.40,72892002,Normal pregnancy (finding)
2025-07-17T19:53:59Z,2025-07-17T20:08:59Z,46ee9d82-b52c-856d-069b-5064ff052225,46ee9d82-b52c-856d-6cc1-f7d0caf5bfaa,SNOMED-CT,275833003,Alpha-fetoprotein test - antenatal (procedure),2856.91,72892002,Normal pregnancy (finding)
2025-07-17T19:53:59Z,2025-07-17T20:08:59Z,46ee9d82-b52c-856d-069b-5064ff052225,46ee9d82-b52c-856d-6cc1-f7d0caf5bfaa,SNOMED-CT,274804006,Evaluation of uterine fundal height (procedure),2261.69,72892002,Normal pregnancy (finding)
2025-07-17T19:53:59Z,2025-07-17T20:08:59Z,46ee9d82-b52c-856d-069b-5064ff052225,46ee9d82-b52c-856d-6cc1-f7d0caf5bfaa,SNOMED-CT,225158009,Auscultation of the fetal heart (procedure),9046.75,72892002,Normal pregnancy (finding)
2025-08-14T19:53:59Z,2025-08-14T20:08:59Z,46ee9d82-b52c-856d-069b-5064ff052225,46ee9d82-b52c-856d-0243-83dbef9abdb3,SNOMED-CT,274804006,Evaluation of uterine fundal height (procedure),9046.75,72892002,Normal pregnancy (finding)
2025-08-14T19:53:59Z,2025-08-14T20:08:59Z,46ee9d82-b52c-856d-069b-5064ff052225,46ee9d82-b52c-856d-0243-83dbef9abdb3,SNOMED-CT,225158009,Auscultation of the fetal heart (procedure),2261.69,72892002,Normal pregnancy (finding)
2025-09-11T19:53:59Z,2025-09-11T20:08:59Z,46ee9d82-b52c-856d-069b-5064ff052225,46ee9d82-b52c-856d-f8ad-8404a9e1b245,SNOMED-CT,274804006,Evaluation of uterine fundal height (procedure),2261.69,72892002,Normal pregnancy (finding)
2025-09-11T19:53:59Z,2025-09-11T20:08:59Z,46ee9d82-b52c-856d-069b-5064ff052225,46ee9d82-b52c-856d-f8ad-8404a9e1b245,SNOMED-CT,225158009,Auscultation of the fetal heart (procedure),6987.13,72892002,Normal pregnancy (finding)
2025-10-09T19:53:59Z,2025-10-09T20:08:59Z,46ee9d82-b52c-856d-069b-5064ff052225,46ee9d82-b52c-856d-70e3-4d6b9971b945,SNOMED-CT,104091002,Hemogram  automated  with red blood cells  white blood cells  hemoglobin  hematocrit  indices  platelet count  and manual white blood cell differential (procedure),862.80,72892002,Normal pregnancy (finding)
2025-10-09T19:53:59Z,2025-10-09T20:08:59Z,46ee9d82-b52c-856d-069b-5064ff052225,46ee9d82-b52c-856d-70e3-4d6b9971b945,SNOMED-CT,399014008,Administration of vaccine product containing only Bordetella pertussis and Clostridium tetani and Corynebacterium diphtheriae antigens (procedure),4433.10,72892002,Normal pregnancy (finding)
2025-10-09T19:53:59Z,2025-10-09T20:08:59Z,46ee9d82-b52c-856d-069b-5064ff052225,46ee9d82-b52c-856d-70e3-4d6b9971b945,SNOMED-CT,268556000,Urine screening for glucose (procedure),862.80,72892002,Normal pregnancy (finding)
2025-10-09T19:53:59Z,2025-10-09T20:08:59Z,46ee9d82-b52c-856d-069b-5064ff052225,46ee9d82-b52c-856d-70e3-4d6b9971b945,SNOMED-CT,274804006,Evaluation of uterine fundal height (procedure),2261.69,72892002,Normal pregnancy (finding)
2025-10-09T19:53:59Z,2025-10-09T20:08:59Z,46ee9d82-b52c-856d-069b-5064ff052225,46ee9d82-b52c-856d-70e3-4d6b9971b945,SNOMED-CT,225158009,Auscultation of the fetal heart (procedure),4673.63,72892002,Normal pregnancy (finding)
2025-11-06T19:53:59Z,2025-11-06T20:08:59Z,46ee9d82-b52c-856d-069b-5064ff052225,46ee9d82-b52c-856d-4d2b-99782ccb4a68,SNOMED-CT,274804006,Evaluation of uterine fundal height (procedure),2261.69,72892002,Normal pregnancy (finding)
2025-11-06T19:53:59Z,2025-11-06T20:08:59Z,46ee9d82-b52c-856d-069b-5064ff052225,46ee9d82-b52c-856d-4d2b-99782ccb4a68,SNOMED-CT,225158009,Auscultation of the fetal heart (procedure),2261.69,72892002,Normal pregnancy (finding)
2025-12-04T19:53:59Z,2025-12-04T20:08:59Z,46ee9d82-b52c-856d-069b-5064ff052225,46ee9d82-b52c-856d-784a-e622303ec820,SNOMED-CT,118001005,Streptococcus pneumoniae group B antigen assay (procedure),897.72,72892002,Normal pregnancy (finding)
2025-12-04T19:53:59Z,2025-12-04T20:08:59Z,46ee9d82-b52c-856d-069b-5064ff052225,46ee9d82-b52c-856d-784a-e622303ec820,SNOMED-CT,274804006,Evaluation of uterine fundal height (procedure),9046.75,72892002,Normal pregnancy (finding)
2025-12-04T19:53:59Z,2025-12-04T20:08:59Z,46ee9d82-b52c-856d-069b-5064ff052225,46ee9d82-b52c-856d-784a-e622303ec820,SNOMED-CT,225158009,Auscultation of the fetal heart (procedure),9046.75,72892002,Normal pregnancy (finding)
2025-12-18T19:53:59Z,2025-12-18T20:08:59Z,46ee9d82-b52c-856d-069b-5064ff052225,46ee9d82-b52c-856d-8932-5c71a6538a08,SNOMED-CT,274804006,Evaluation of uterine fundal height (procedure),2261.69,72892002,Normal pregnancy (finding)
2025-12-18T19:53:59Z,2025-12-18T20:08:59Z,46ee9d82-b52c-856d-069b-5064ff052225,46ee9d82-b52c-856d-8932-5c71a6538a08,SNOMED-CT,225158009,Auscultation of the fetal heart (procedure),5454.06,72892002,Normal pregnancy (finding)
2025-12-25T19:53:59Z,2025-12-25T20:08:59Z,46ee9d82-b52c-856d-069b-5064ff052225,46ee9d82-b52c-856d-9af0-907d037d0de9,SNOMED-CT,274804006,Evaluation of uterine fundal height (procedure),4064.78,72892002,Normal pregnancy (finding)
2025-12-25T19:53:59Z,2025-12-25T20:08:59Z,46ee9d82-b52c-856d-069b-5064ff052225,46ee9d82-b52c-856d-9af0-907d037d0de9,SNOMED-CT,225158009,Auscultation of the fetal heart (procedure),4616.20,72892002,Normal pregnancy (finding)
2026-01-01T19:53:59Z,2026-01-01T20:08:59Z,46ee9d82-b52c-856d-069b-5064ff052225,46ee9d82-b52c-856d-75e0-70d0298e3084,SNOMED-CT,85548006,Episiotomy (procedure),6686.03,72892002,Normal pregnancy (finding)
2026-01-01T19:53:59Z,2026-01-01T20:08:59Z,46ee9d82-b52c-856d-069b-5064ff052225,46ee9d82-b52c-856d-75e0-70d0298e3084,SNOMED-CT,386216000,Human parturition  function (observable entity),431.40,72892002,Normal pregnancy (finding)
2026-02-12T19:53:59Z,2026-02-12T20:08:59Z,46ee9d82-b52c-856d-069b-5064ff052225,46ee9d82-b52c-856d-3ce9-9f00baa53e22,SNOMED-CT,5880005,Physical examination procedure (procedure),431.40,,
2026-02-12T19:53:59Z,2026-02-12T20:08:59Z,46ee9d82-b52c-856d-069b-5064ff052225,46ee9d82-b52c-856d-3ce9-9f00baa53e22,SNOMED-CT,171207006,Depression screening (procedure),431.40,,
2021-10-17T09:30:35Z,2021-10-17T10:28:35Z,aa616abe-1761-0c9a-7959-07544679dafd,aa616abe-1761-0c9a-2de5-9474cb7a7c4f,SNOMED-CT,1263416007,Removal of intrauterine contraceptive device (procedure),431.40,,
2021-11-08T09:30:35Z,2021-11-08T09:45:35Z,aa616abe-1761-0c9a-7959-07544679dafd,aa616abe-1761-0c9a-f76d-10b244942241,SNOMED-CT,65546002,Extraction of wisdom tooth (procedure),17500.06,,
2021-12-05T09:30:35Z,2021-12-05T09:45:35Z,aa616abe-1761-0c9a-7959-07544679dafd,aa616abe-1761-0c9a-5a17-6f698d0b47c6,SNOMED-CT,252160004,Standard pregnancy test (procedure),2261.69,72892002,Normal pregnancy (finding)
2021-12-05T09:30:35Z,2021-12-05T09:45:35Z,aa616abe-1761-0c9a-7959-07544679dafd,aa616abe-1761-0c9a-5a17-6f698d0b47c6,SNOMED-CT,169230002,Ultrasound scan for fetal viability (procedure),14097.77,72892002,Normal pregnancy (finding)
2021-12-05T09:30:35Z,2021-12-05T09:45:35Z,aa616abe-1761-0c9a-7959-07544679dafd,aa616abe-1761-0c9a-5a17-6f698d0b47c6,SNOMED-CT,274804006,Evaluation of uterine fundal height (procedure),4513.48,72892002,Normal pregnancy (finding)
2021-12-05T09:30:35Z,2021-12-05T09:45:35Z,aa616abe-1761-0c9a-7959-07544679dafd,aa616abe-1761-0c9a-5a17-6f698d0b47c6,SNOMED-CT,225158009,Auscultation of the fetal heart (procedure),2767.46,72892002,Normal pregnancy (finding)
2021-12-05T09:30:35Z,2021-12-05T09:45:35Z,aa616abe-1761-0c9a-7959-07544679dafd,aa616abe-1761-0c9a-5a17-6f698d0b47c6,SNOMED-CT,44608003,Blood group typing (procedure),3451.20,72892002,Normal pregnancy (finding)
2021-12-05T09:30:35Z,2021-12-05T09:45:35Z,aa616abe-1761-0c9a-7959-07544679dafd,aa616abe-1761-0c9a-5a17-6f698d0b47c6,SNOMED-CT,104091002,Hemogram  automated  with red blood cells  white blood cells  hemoglobin  hematocrit  indices  platelet count  and manual white blood cell differential (procedure),1118.41,72892002,Normal pregnancy (finding)
2021-12-05T09:30:35Z,2021-12-05T09:45:35Z,aa616abe-1761-0c9a-7959-07544679dafd,aa616abe-1761-0c9a-5a17-6f698d0b47c6,SNOMED-CT,47758006,Hepatitis B surface antigen measurement (procedure),2486.70,72892002,Normal pregnancy (finding)
2021-12-05T09:30:35Z,2021-12-05T09:45:35Z,aa616abe-1761-0c9a-7959-07544679dafd,aa616abe-1761-0c9a-5a17-6f698d0b47c6,SNOMED-CT,31676001,Human immunodeficiency virus antigen test (procedure),1384.84,72892002,Normal pregnancy (finding)
2021-12-05T09:30:35Z,2021-12-05T09:45:35Z,aa616abe-1761-0c9a-7959-07544679dafd,aa616abe-1761-0c9a-5a17-6f698d0b47c6,SNOMED-CT,310861008,Chlamydia antigen test (procedure),2550.49,72892002,Normal pregnancy (finding)
2021-12-05T09:30:35Z,2021-12-05T09:45:35Z,aa616abe-1761-0c9a-7959-07544679dafd,aa616abe-1761-0c9a-5a17-6f698d0b47c6,SNOMED-CT,165829005,Gonorrhea infection titer test (procedure),1205.23,72892002,Normal pregnancy (finding)
2021-12-05T09:30:35Z,2021-12-05T09:45:35Z,aa616abe-1761-0c9a-7959-07544679dafd,aa616abe-1761-0c9a-5a17-6f698d0b47c6,SNOMED-CT,269828009,Syphilis infectious titer test (procedure),3315.81,72892002,Normal pregnancy (finding)
2021-12-05T09:30:35Z,2021-12-05T09:45:35Z,aa616abe-1761-0c9a-7959-07544679dafd,aa616abe-1761-0c9a-5a17-6f698d0b47c6,SNOMED-CT,117010004,Urine culture (procedure),2033.44,72892002,Normal pregnancy (finding)
2021-12-05T09:30:35Z,2021-12-05T09:45:35Z,aa616abe-1761-0c9a-7959-07544679dafd,aa616abe-1761-0c9a-5a17-6f698d0b47c6,SNOMED-CT,90226004,Cytopathology procedure  preparation of smear  genital source (procedure),3451.20,72892002,Normal pregnancy (finding)
2021-12-05T09:30:35Z,2021-12-05T09:45:35Z,aa616abe-1761-0c9a-7959-07544679dafd,aa616abe-1761-0c9a-5a17-6f698d0b47c6,SNOMED-CT,395123002,Urine screening test for diabetes (procedure),895.21,72892002,Normal pregnancy (finding)
2021-12-05T09:30:35Z,2021-12-05T09:45:35Z,aa616abe-1761-0c9a-7959-07544679dafd,aa616abe-1761-0c9a-5a17-6f698d0b47c6,SNOMED-CT,104375008,Hepatitis C antibody  confirmatory test (procedure),3451.20,72892002,Normal pregnancy (finding)
2021-12-05T09:30:35Z,2021-12-05T09:45:35Z,aa616abe-1761-0c9a-7959-07544679dafd,aa616abe-1761-0c9a-5a17-6f698d0b47c6,SNOMED-CT,314098000,Rubella screening test (procedure),431.40,72892002,Normal pregnancy (finding)
2021-12-05T09:30:35Z,2021-12-05T09:45:35Z,aa616abe-1761-0c9a-7959-07544679dafd,aa616abe-1761-0c9a-5a17-6f698d0b47c6,SNOMED-CT,104326007,Measurement of Varicella-zoster virus antibody (procedure),862.80,72892002,Normal pregnancy (finding)
2021-12-05T09:30:35Z,2021-12-05T09:45:35Z,aa616abe-1761-0c9a-7959-07544679dafd,aa616abe-1761-0c9a-5a17-6f698d0b47c6,SNOMED-CT,28163009,Skin test for tuberculosis  Tine test (procedure),2246.15,72892002,Normal pregnancy (finding)
2021-12-05T09:30:35Z,2021-12-05T09:45:35Z,aa616abe-1761-0c9a-7959-07544679dafd,aa616abe-1761-0c9a-5a17-6f698d0b47c6,SNOMED-CT,60218003,Urinalysis  protein  qualitative (procedure),431.40,72892002,Normal pregnancy (finding)
2021-12-05T09:30:35Z,2021-12-05T09:45:35Z,aa616abe-1761-0c9a-7959-07544679dafd,aa616abe-1761-0c9a-5a17-6f698d0b47c6,SNOMED-CT,5880005,Physical examination procedure (procedure),431.40,72892002,Normal pregnancy (finding)
2022-01-02T09:30:35Z,2022-01-02T09:45:35Z,aa616abe-1761-0c9a-7959-07544679dafd,aa616abe-1761-0c9a-ac09-eef75b8cf71e,SNOMED-CT,274804006,Evaluation of uterine fundal height (procedure),9046.75,72892002,Normal pregnancy (finding)
2022-01-02T09:30:35Z,2022-01-02T09:45:35Z,aa616abe-1761-0c9a-7959-07544679dafd,aa616abe-1761-0c9a-ac09-eef75b8cf71e,SNOMED-CT,225158009,Auscultation of the fetal heart (procedure),2400.99,72892002,Normal pregnancy (finding)
2022-01-02T09:30:35Z,2022-01-02T09:45:35Z,aa616abe-1761-0c9a-7959-07544679dafd,aa616abe-1761-0c9a-ac09-eef75b8cf71e,SNOMED-CT,443529005,Detection of chromosomal aneuploidy in prenatal amniotic fluid specimen using fluorescence in situ hybridization screening technique (procedure),1850.28,72892002,Normal pregnancy (finding)
2022-01-30T09:30:35Z,2022-01-30T09:45:35Z,aa616abe-1761-0c9a-7959-07544679dafd,aa616abe-1761-0c9a-e2df-98e6a2169bf9,SNOMED-CT,271442007,Fetal anatomy study (procedure),431.40,72892002,Normal pregnancy (finding)
2022-01-30T09:30:35Z,2022-01-30T09:45:35Z,aa616abe-1761-0c9a-7959-07544679dafd,aa616abe-1761-0c9a-e2df-98e6a2169bf9,SNOMED-CT,275833003,Alpha-fetoprotein test - antenatal (procedure),1513.77,72892002,Normal pregnancy (finding)
2022-01-30T09:30:35Z,2022-01-30T09:45:35Z,aa616abe-1761-0c9a-7959-07544679dafd,aa616abe-1761-0c9a-e2df-98e6a2169bf9,SNOMED-CT,274804006,Evaluation of uterine fundal height (procedure),9046.75,72892002,Normal pregnancy (finding)
2022-01-30T09:30:35Z,2022-01-30T09:45:35Z,aa616abe-1761-0c9a-7959-07544679dafd,aa616abe-1761-0c9a-e2df-98e6a2169bf9,SNOMED-CT,225158009,Auscultation of the fetal heart (procedure),2261.69,72892002,Normal pregnancy (finding)
2022-02-27T09:30:35Z,2022-02-27T09:45:35Z,aa616abe-1761-0c9a-7959-07544679dafd,aa616abe-1761-0c9a-dacb-52652de9e8d1,SNOMED-CT,274804006,Evaluation of uterine fundal height (procedure),2261.69,72892002,Normal pregnancy (finding)
2022-02-27T09:30:35Z,2022-02-27T09:45:35Z,aa616abe-1761-0c9a-7959-07544679dafd,aa616abe-1761-0c9a-dacb-52652de9e8d1,SNOMED-CT,225158009,Auscultation of the fetal heart (procedure),9046.75,72892002,Normal pregnancy (finding)
2022-03-13T09:30:35Z,2022-03-13T09:45:35Z,aa616abe-1761-0c9a-7959-07544679dafd,aa616abe-1761-0c9a-5546-f58ea52a6298,SNOMED-CT,65546002,Extraction of wisdom tooth (procedure),6073.64,,
2022-03-27T09:30:35Z,2022-03-27T09:45:35Z,aa616abe-1761-0c9a-7959-07544679dafd,aa616abe-1761-0c9a-e944-5feeb1243613,SNOMED-CT,274804006,Evaluation of uterine fundal height (procedure),2961.60,72892002,Normal pregnancy (finding)
2022-03-27T09:30:35Z,2022-03-27T09:45:35Z,aa616abe-1761-0c9a-7959-07544679dafd,aa616abe-1761-0c9a-e944-5feeb1243613,SNOMED-CT,225158009,Auscultation of the fetal heart (procedure),2261.69,72892002,Normal pregnancy (finding)
2022-04-03T09:30:35Z,2022-04-03T10:15:54Z,aa616abe-1761-0c9a-7959-07544679dafd,aa616abe-1761-0c9a-0741-e88f019e41d0,SNOMED-CT,710824005,Assessment of health and social care needs (procedure),431.40,,
2022-04-03T10:15:54Z,2022-04-03T10:44:14Z,aa616abe-1761-0c9a-7959-07544679dafd,aa616abe-1761-0c9a-0741-e88f019e41d0,SNOMED-CT,710841007,Assessment of anxiety (procedure),431.40,,
2022-04-03T10:44:14Z,2022-04-03T11:23:57Z,aa616abe-1761-0c9a-7959-07544679dafd,aa616abe-1761-0c9a-0741-e88f019e41d0,SNOMED-CT,866148006,Screening for domestic abuse (procedure),431.40,,
2022-04-03T11:23:57Z,2022-04-03T11:36:32Z,aa616abe-1761-0c9a-7959-07544679dafd,aa616abe-1761-0c9a-0741-e88f019e41d0,SNOMED-CT,103697008,Patient referral for dental care (procedure),431.40,66383009,Gingivitis (disorder)
2022-04-17T09:30:35Z,2022-04-17T10:10:18Z,aa616abe-1761-0c9a-7959-07544679dafd,aa616abe-1761-0c9a-e49d-445aef7b331c,CDT,D7140,extraction erupted tooth or exposed root elevation and/or forceps removal,321.20,,
2022-04-24T09:30:35Z,2022-04-24T09:45:35Z,aa616abe-1761-0c9a-7959-07544679dafd,aa616abe-1761-0c9a-7a0f-a7ff5fbbbc44,SNOMED-CT,104091002,Hemogram  automated  with red blood cells  white blood cells  hemoglobin  hematocrit  indices  platelet count  and manual white blood cell differential (procedure),3451.20,72892002,Normal pregnancy (finding)
2022-04-24T09:30:35Z,2022-04-24T09:45:35Z,aa616abe-1761-0c9a-7959-07544679dafd,aa616abe-1761-0c9a-7a0f-a7ff5fbbbc44,SNOMED-CT,399014008,Administration of vaccine product containing only Bordetella pertussis and Clostridium tetani and Corynebacterium diphtheriae antigens (procedure),1108.27,72892002,Normal pregnancy (finding)
2022-04-24T09:30:35Z,2022-04-24T09:45:35Z,aa616abe-1761-0c9a-7959-07544679dafd,aa616abe-1761-0c9a-7a0f-a7ff5fbbbc44,SNOMED-CT,268556000,Urine screening for glucose (procedure),1046.60,72892002,Normal pregnancy (finding)
2022-04-24T09:30:35Z,2022-04-24T09:45:35Z,aa616abe-1761-0c9a-7959-07544679dafd,aa616abe-1761-0c9a-7a0f-a7ff5fbbbc44,SNOMED-CT,274804006,Evaluation of uterine fundal height (procedure),4245.40,72892002,Normal pregnancy (finding)
2022-04-24T09:30:35Z,2022-04-24T09:45:35Z,aa616abe-1761-0c9a-7959-07544679dafd,aa616abe-1761-0c9a-7a0f-a7ff5fbbbc44,SNOMED-CT,225158009,Auscultation of the fetal heart (procedure),2261.69,72892002,Normal pregnancy (finding)
2022-05-22T09:30:35Z,2022-05-22T09:45:35Z,aa616abe-1761-0c9a-7959-07544679dafd,aa616abe-1761-0c9a-28b8-6a24a3e40769,SNOMED-CT,274804006,Evaluation of uterine fundal height (procedure),9046.75,72892002,Normal pregnancy (finding)
2022-05-22T09:30:35Z,2022-05-22T09:45:35Z,aa616abe-1761-0c9a-7959-07544679dafd,aa616abe-1761-0c9a-28b8-6a24a3e40769,SNOMED-CT,225158009,Auscultation of the fetal heart (procedure),6569.23,72892002,Normal pregnancy (finding)
2022-06-19T09:30:35Z,2022-06-19T09:45:35Z,aa616abe-1761-0c9a-7959-07544679dafd,aa616abe-1761-0c9a-3655-4089d42318ef,SNOMED-CT,118001005,Streptococcus pneumoniae group B antigen assay (procedure),1862.32,72892002,Normal pregnancy (finding)
2022-06-19T09:30:35Z,2022-06-19T09:45:35Z,aa616abe-1761-0c9a-7959-07544679dafd,aa616abe-1761-0c9a-3655-4089d42318ef,SNOMED-CT,274804006,Evaluation of uterine fundal height (procedure),6080.27,72892002,Normal pregnancy (finding)
2022-06-19T09:30:35Z,2022-06-19T09:45:35Z,aa616abe-1761-0c9a-7959-07544679dafd,aa616abe-1761-0c9a-3655-4089d42318ef,SNOMED-CT,225158009,Auscultation of the fetal heart (procedure),6945.33,72892002,Normal pregnancy (finding)
2022-07-03T09:30:35Z,2022-07-03T09:45:35Z,aa616abe-1761-0c9a-7959-07544679dafd,aa616abe-1761-0c9a-44cf-5823fd4bbd5d,SNOMED-CT,274804006,Evaluation of uterine fundal height (procedure),2261.69,72892002,Normal pregnancy (finding)
2022-07-03T09:30:35Z,2022-07-03T09:45:35Z,aa616abe-1761-0c9a-7959-07544679dafd,aa616abe-1761-0c9a-44cf-5823fd4bbd5d,SNOMED-CT,225158009,Auscultation of the fetal heart (procedure),2261.69,72892002,Normal pregnancy (finding)
2022-07-10T09:30:35Z,2022-07-10T09:45:35Z,aa616abe-1761-0c9a-7959-07544679dafd,aa616abe-1761-0c9a-f248-a9608dc6acf3,SNOMED-CT,85548006,Episiotomy (procedure),2348.02,72892002,Normal pregnancy (finding)
2022-07-10T09:30:35Z,2022-07-10T09:45:35Z,aa616abe-1761-0c9a-7959-07544679dafd,aa616abe-1761-0c9a-f248-a9608dc6acf3,SNOMED-CT,386216000,Human parturition  function (observable entity),431.40,72892002,Normal pregnancy (finding)
2022-08-21T09:30:35Z,2022-08-21T09:45:35Z,aa616abe-1761-0c9a-7959-07544679dafd,aa616abe-1761-0c9a-7340-e5f0b23bea93,SNOMED-CT,5880005,Physical examination procedure (procedure),431.40,,
2022-08-21T09:30:35Z,2022-08-21T09:45:35Z,aa616abe-1761-0c9a-7959-07544679dafd,aa616abe-1761-0c9a-7340-e5f0b23bea93,SNOMED-CT,171207006,Depression screening (procedure),431.40,,
2022-11-20T09:30:35Z,2022-11-20T09:45:35Z,aa616abe-1761-0c9a-7959-07544679dafd,aa616abe-1761-0c9a-3928-08f08aef84ef,SNOMED-CT,252160004,Standard pregnancy test (procedure),2261.69,72892002,Normal pregnancy (finding)
2022-11-20T09:30:35Z,2022-11-20T09:45:35Z,aa616abe-1761-0c9a-7959-07544679dafd,aa616abe-1761-0c9a-3928-08f08aef84ef,SNOMED-CT,169230002,Ultrasound scan for fetal viability (procedure),6332.33,72892002,Normal pregnancy (finding)
2022-11-20T09:30:35Z,2022-11-20T09:45:35Z,aa616abe-1761-0c9a-7959-07544679dafd,aa616abe-1761-0c9a-3928-08f08aef84ef,SNOMED-CT,274804006,Evaluation of uterine fundal height (procedure),2518.94,72892002,Normal pregnancy (finding)
2022-11-20T09:30:35Z,2022-11-20T09:45:35Z,aa616abe-1761-0c9a-7959-07544679dafd,aa616abe-1761-0c9a-3928-08f08aef84ef,SNOMED-CT,225158009,Auscultation of the fetal heart (procedure),2261.69,72892002,Normal pregnancy (finding)
2022-11-20T09:30:35Z,2022-11-20T09:45:35Z,aa616abe-1761-0c9a-7959-07544679dafd,aa616abe-1761-0c9a-3928-08f08aef84ef,SNOMED-CT,44608003,Blood group typing (procedure),2870.89,72892002,Normal pregnancy (finding)
2022-11-20T09:30:35Z,2022-11-20T09:45:35Z,aa616abe-1761-0c9a-7959-07544679dafd,aa616abe-1761-0c9a-3928-08f08aef84ef,SNOMED-CT,104091002,Hemogram  automated  with red blood cells  white blood cells  hemoglobin  hematocrit  indices  platelet count  and manual white blood cell differential (procedure),862.80,72892002,Normal pregnancy (finding)
2022-11-20T09:30:35Z,2022-11-20T09:45:35Z,aa616abe-1761-0c9a-7959-07544679dafd,aa616abe-1761-0c9a-3928-08f08aef84ef,SNOMED-CT,47758006,Hepatitis B surface antigen measurement (procedure),1337.16,72892002,Normal pregnancy (finding)
2022-11-20T09:30:35Z,2022-11-20T09:45:35Z,aa616abe-1761-0c9a-7959-07544679dafd,aa616abe-1761-0c9a-3928-08f08aef84ef,SNOMED-CT,31676001,Human immunodeficiency virus antigen test (procedure),862.80,72892002,Normal pregnancy (finding)
2022-11-20T09:30:35Z,2022-11-20T09:45:35Z,aa616abe-1761-0c9a-7959-07544679dafd,aa616abe-1761-0c9a-3928-08f08aef84ef,SNOMED-CT,310861008,Chlamydia antigen test (procedure),901.33,72892002,Normal pregnancy (finding)
2022-11-20T09:30:35Z,2022-11-20T09:45:35Z,aa616abe-1761-0c9a-7959-07544679dafd,aa616abe-1761-0c9a-3928-08f08aef84ef,SNOMED-CT,165829005,Gonorrhea infection titer test (procedure),2114.68,72892002,Normal pregnancy (finding)
2022-11-20T09:30:35Z,2022-11-20T09:45:35Z,aa616abe-1761-0c9a-7959-07544679dafd,aa616abe-1761-0c9a-3928-08f08aef84ef,SNOMED-CT,269828009,Syphilis infectious titer test (procedure),862.80,72892002,Normal pregnancy (finding)
2022-11-20T09:30:35Z,2022-11-20T09:45:35Z,aa616abe-1761-0c9a-7959-07544679dafd,aa616abe-1761-0c9a-3928-08f08aef84ef,SNOMED-CT,117010004,Urine culture (procedure),862.80,72892002,Normal pregnancy (finding)
2022-11-20T09:30:35Z,2022-11-20T09:45:35Z,aa616abe-1761-0c9a-7959-07544679dafd,aa616abe-1761-0c9a-3928-08f08aef84ef,SNOMED-CT,90226004,Cytopathology procedure  preparation of smear  genital source (procedure),888.74,72892002,Normal pregnancy (finding)
2022-11-20T09:30:35Z,2022-11-20T09:45:35Z,aa616abe-1761-0c9a-7959-07544679dafd,aa616abe-1761-0c9a-3928-08f08aef84ef,SNOMED-CT,395123002,Urine screening test for diabetes (procedure),862.80,72892002,Normal pregnancy (finding)
2022-11-20T09:30:35Z,2022-11-20T09:45:35Z,aa616abe-1761-0c9a-7959-07544679dafd,aa616abe-1761-0c9a-3928-08f08aef84ef,SNOMED-CT,104375008,Hepatitis C antibody  confirmatory test (procedure),1915.77,72892002,Normal pregnancy (finding)
2022-11-20T09:30:35Z,2022-11-20T09:45:35Z,aa616abe-1761-0c9a-7959-07544679dafd,aa616abe-1761-0c9a-3928-08f08aef84ef,SNOMED-CT,314098000,Rubella screening test (procedure),431.40,72892002,Normal pregnancy (finding)
2022-11-20T09:30:35Z,2022-11-20T09:45:35Z,aa616abe-1761-0c9a-7959-07544679dafd,aa616abe-1761-0c9a-3928-08f08aef84ef,SNOMED-CT,104326007,Measurement of Varicella-zoster virus antibody (procedure),862.80,72892002,Normal pregnancy (finding)
2022-11-20T09:30:35Z,2022-11-20T09:45:35Z,aa616abe-1761-0c9a-7959-07544679dafd,aa616abe-1761-0c9a-3928-08f08aef84ef,SNOMED-CT,28163009,Skin test for tuberculosis  Tine test (procedure),1734.46,72892002,Normal pregnancy (finding)
2022-11-20T09:30:35Z,2022-11-20T09:45:35Z,aa616abe-1761-0c9a-7959-07544679dafd,aa616abe-1761-0c9a-3928-08f08aef84ef,SNOMED-CT,60218003,Urinalysis  protein  qualitative (procedure),431.40,72892002,Normal pregnancy (finding)
2022-11-20T09:30:35Z,2022-11-20T09:45:35Z,aa616abe-1761-0c9a-7959-07544679dafd,aa616abe-1761-0c9a-3928-08f08aef84ef,SNOMED-CT,5880005,Physical examination procedure (procedure),431.40,72892002,Normal pregnancy (finding)
2022-12-18T09:30:35Z,2022-12-18T09:45:35Z,aa616abe-1761-0c9a-7959-07544679dafd,aa616abe-1761-0c9a-8a98-297d99a5d11c,SNOMED-CT,274804006,Evaluation of uterine fundal height (procedure),2261.69,72892002,Normal pregnancy (finding)
2022-12-18T09:30:35Z,2022-12-18T09:45:35Z,aa616abe-1761-0c9a-7959-07544679dafd,aa616abe-1761-0c9a-8a98-297d99a5d11c,SNOMED-CT,225158009,Auscultation of the fetal heart (procedure),9046.75,72892002,Normal pregnancy (finding)
2022-12-18T09:30:35Z,2022-12-18T09:45:35Z,aa616abe-1761-0c9a-7959-07544679dafd,aa616abe-1761-0c9a-8a98-297d99a5d11c,SNOMED-CT,443529005,Detection of chromosomal aneuploidy in prenatal amniotic fluid specimen using fluorescence in situ hybridization screening technique (procedure),862.80,72892002,Normal pregnancy (finding)
2023-01-15T09:30:35Z,2023-01-15T09:45:35Z,aa616abe-1761-0c9a-7959-07544679dafd,aa616abe-1761-0c9a-5436-fbf559294cd4,SNOMED-CT,271442007,Fetal anatomy study (procedure),431.40,72892002,Normal pregnancy (finding)
2023-01-15T09:30:35Z,2023-01-15T09:45:35Z,aa616abe-1761-0c9a-7959-07544679dafd,aa616abe-1761-0c9a-5436-fbf559294cd4,SNOMED-CT,275833003,Alpha-fetoprotein test - antenatal (procedure),1319.00,72892002,Normal pregnancy (finding)
2023-01-15T09:30:35Z,2023-01-15T09:45:35Z,aa616abe-1761-0c9a-7959-07544679dafd,aa616abe-1761-0c9a-5436-fbf559294cd4,SNOMED-CT,274804006,Evaluation of uterine fundal height (procedure),8453.30,72892002,Normal pregnancy (finding)
2023-01-15T09:30:35Z,2023-01-15T09:45:35Z,aa616abe-1761-0c9a-7959-07544679dafd,aa616abe-1761-0c9a-5436-fbf559294cd4,SNOMED-CT,225158009,Auscultation of the fetal heart (procedure),9046.75,72892002,Normal pregnancy (finding)
2023-02-12T09:30:35Z,2023-02-12T09:45:35Z,aa616abe-1761-0c9a-7959-07544679dafd,aa616abe-1761-0c9a-f88f-1ec5992eeb8b,SNOMED-CT,274804006,Evaluation of uterine fundal height (procedure),5469.71,72892002,Normal pregnancy (finding)
2023-02-12T09:30:35Z,2023-02-12T09:45:35Z,aa616abe-1761-0c9a-7959-07544679dafd,aa616abe-1761-0c9a-f88f-1ec5992eeb8b,SNOMED-CT,225158009,Auscultation of the fetal heart (procedure),2261.69,72892002,Normal pregnancy (finding)
2023-03-12T09:30:35Z,2023-03-12T09:45:35Z,aa616abe-1761-0c9a-7959-07544679dafd,aa616abe-1761-0c9a-9024-78190f45f03b,SNOMED-CT,274804006,Evaluation of uterine fundal height (procedure),2503.58,72892002,Normal pregnancy (finding)
2023-03-12T09:30:35Z,2023-03-12T09:45:35Z,aa616abe-1761-0c9a-7959-07544679dafd,aa616abe-1761-0c9a-9024-78190f45f03b,SNOMED-CT,225158009,Auscultation of the fetal heart (procedure),2261.69,72892002,Normal pregnancy (finding)
2023-04-09T09:30:35Z,2023-04-09T10:24:13Z,aa616abe-1761-0c9a-7959-07544679dafd,aa616abe-1761-0c9a-86e3-9cba3596c2e1,SNOMED-CT,710824005,Assessment of health and social care needs (procedure),431.40,,
2023-04-16T09:30:35Z,2023-04-16T09:45:35Z,aa616abe-1761-0c9a-7959-07544679dafd,aa616abe-1761-0c9a-8ab6-2f3e7294cf87,SNOMED-CT,104091002,Hemogram  automated  with red blood cells  white blood cells  hemoglobin  hematocrit  indices  platelet count  and manual white blood cell differential (procedure),1728.55,72892002,Normal pregnancy (finding)
2023-04-16T09:30:35Z,2023-04-16T09:45:35Z,aa616abe-1761-0c9a-7959-07544679dafd,aa616abe-1761-0c9a-8ab6-2f3e7294cf87,SNOMED-CT,399014008,Administration of vaccine product containing only Bordetella pertussis and Clostridium tetani and Corynebacterium diphtheriae antigens (procedure),1108.27,72892002,Normal pregnancy (finding)
2023-04-16T09:30:35Z,2023-04-16T09:45:35Z,aa616abe-1761-0c9a-7959-07544679dafd,aa616abe-1761-0c9a-8ab6-2f3e7294cf87,SNOMED-CT,268556000,Urine screening for glucose (procedure),3451.20,72892002,Normal pregnancy (finding)
2023-04-16T09:30:35Z,2023-04-16T09:45:35Z,aa616abe-1761-0c9a-7959-07544679dafd,aa616abe-1761-0c9a-8ab6-2f3e7294cf87,SNOMED-CT,274804006,Evaluation of uterine fundal height (procedure),5838.03,72892002,Normal pregnancy (finding)
2023-04-16T09:30:35Z,2023-04-16T09:45:35Z,aa616abe-1761-0c9a-7959-07544679dafd,aa616abe-1761-0c9a-8ab6-2f3e7294cf87,SNOMED-CT,225158009,Auscultation of the fetal heart (procedure),3677.73,72892002,Normal pregnancy (finding)
2023-05-14T09:30:35Z,2023-05-14T09:45:35Z,aa616abe-1761-0c9a-7959-07544679dafd,aa616abe-1761-0c9a-e73b-93c811e5539a,SNOMED-CT,274804006,Evaluation of uterine fundal height (procedure),9046.75,72892002,Normal pregnancy (finding)
2023-05-14T09:30:35Z,2023-05-14T09:45:35Z,aa616abe-1761-0c9a-7959-07544679dafd,aa616abe-1761-0c9a-e73b-93c811e5539a,SNOMED-CT,225158009,Auscultation of the fetal heart (procedure),2261.69,72892002,Normal pregnancy (finding)
2023-06-11T09:30:35Z,2023-06-11T09:45:35Z,aa616abe-1761-0c9a-7959-07544679dafd,aa616abe-1761-0c9a-ff58-cafd0ad618be,SNOMED-CT,118001005,Streptococcus pneumoniae group B antigen assay (procedure),862.80,72892002,Normal pregnancy (finding)
2023-06-11T09:30:35Z,2023-06-11T09:45:35Z,aa616abe-1761-0c9a-7959-07544679dafd,aa616abe-1761-0c9a-ff58-cafd0ad618be,SNOMED-CT,274804006,Evaluation of uterine fundal height (procedure),2261.69,72892002,Normal pregnancy (finding)
2023-06-11T09:30:35Z,2023-06-11T09:45:35Z,aa616abe-1761-0c9a-7959-07544679dafd,aa616abe-1761-0c9a-ff58-cafd0ad618be,SNOMED-CT,225158009,Auscultation of the fetal heart (procedure),2261.69,72892002,Normal pregnancy (finding)
2023-06-25T09:30:35Z,2023-06-25T09:45:35Z,aa616abe-1761-0c9a-7959-07544679dafd,aa616abe-1761-0c9a-cb12-412721f0d790,SNOMED-CT,274804006,Evaluation of uterine fundal height (procedure),6462.50,72892002,Normal pregnancy (finding)
2023-06-25T09:30:35Z,2023-06-25T09:45:35Z,aa616abe-1761-0c9a-7959-07544679dafd,aa616abe-1761-0c9a-cb12-412721f0d790,SNOMED-CT,225158009,Auscultation of the fetal heart (procedure),2261.69,72892002,Normal pregnancy (finding)
2023-07-02T09:30:35Z,2023-07-02T09:45:35Z,aa616abe-1761-0c9a-7959-07544679dafd,aa616abe-1761-0c9a-442e-6467f074e6a0,SNOMED-CT,274804006,Evaluation of uterine fundal height (procedure),4214.88,72892002,Normal pregnancy (finding)
2023-07-02T09:30:35Z,2023-07-02T09:45:35Z,aa616abe-1761-0c9a-7959-07544679dafd,aa616abe-1761-0c9a-442e-6467f074e6a0,SNOMED-CT,225158009,Auscultation of the fetal heart (procedure),4566.22,72892002,Normal pregnancy (finding)
2023-07-09T09:30:35Z,2023-07-09T09:45:35Z,aa616abe-1761-0c9a-7959-07544679dafd,aa616abe-1761-0c9a-2d51-3ac04d12252d,SNOMED-CT,85548006,Episiotomy (procedure),9392.09,72892002,Normal pregnancy (finding)
2023-07-09T09:30:35Z,2023-07-09T09:45:35Z,aa616abe-1761-0c9a-7959-07544679dafd,aa616abe-1761-0c9a-2d51-3ac04d12252d,SNOMED-CT,11466000,Cesarean section (procedure),7360.16,72892002,Normal pregnancy (finding)
2023-08-20T09:30:35Z,2023-08-20T09:45:35Z,aa616abe-1761-0c9a-7959-07544679dafd,aa616abe-1761-0c9a-9bb3-511d640adf0b,SNOMED-CT,5880005,Physical examination procedure (procedure),431.40,,
2023-08-20T09:30:35Z,2023-08-20T09:45:35Z,aa616abe-1761-0c9a-7959-07544679dafd,aa616abe-1761-0c9a-9bb3-511d640adf0b,SNOMED-CT,171207006,Depression screening (procedure),431.40,,
2024-03-21T14:30:35Z,2024-03-21T15:56:35Z,aa616abe-1761-0c9a-7959-07544679dafd,aa616abe-1761-0c9a-001d-88f40f041121,SNOMED-CT,52052004,Rehabilitation therapy (regime/therapy),431.40,6525002,Dependent drug abuse (disorder)
2024-04-14T09:30:35Z,2024-04-14T10:05:31Z,aa616abe-1761-0c9a-7959-07544679dafd,aa616abe-1761-0c9a-67b1-b016671467cc,SNOMED-CT,710824005,Assessment of health and social care needs (procedure),431.40,,
2024-04-14T10:05:31Z,2024-04-14T10:21:08Z,aa616abe-1761-0c9a-7959-07544679dafd,aa616abe-1761-0c9a-67b1-b016671467cc,SNOMED-CT,710841007,Assessment of anxiety (procedure),431.40,,
2024-04-14T10:21:08Z,2024-04-14T10:32:42Z,aa616abe-1761-0c9a-7959-07544679dafd,aa616abe-1761-0c9a-67b1-b016671467cc,SNOMED-CT,171207006,Depression screening (procedure),431.40,,
2024-04-14T10:32:42Z,2024-04-14T10:59:00Z,aa616abe-1761-0c9a-7959-07544679dafd,aa616abe-1761-0c9a-67b1-b016671467cc,SNOMED-CT,171207006,Depression screening (procedure),431.40,,
2024-04-14T10:59:00Z,2024-04-14T11:04:00Z,aa616abe-1761-0c9a-7959-07544679dafd,aa616abe-1761-0c9a-67b1-b016671467cc,SNOMED-CT,103697008,Patient referral for dental care (procedure),431.40,66383009,Gingivitis (disorder)
2024-04-20T15:56:35Z,2024-04-20T16:59:14Z,aa616abe-1761-0c9a-7959-07544679dafd,aa616abe-1761-0c9a-341a-9f999e623780,SNOMED-CT,52052004,Rehabilitation therapy (regime/therapy),431.40,6525002,Dependent drug abuse (disorder)
2024-04-28T09:30:35Z,2024-04-28T10:02:02Z,aa616abe-1761-0c9a-7959-07544679dafd,aa616abe-1761-0c9a-3384-ad4ffd286ec8,CDT,D1203,D1203,0.29,,
2024-05-20T16:59:14Z,2024-05-20T18:24:46Z,aa616abe-1761-0c9a-7959-07544679dafd,aa616abe-1761-0c9a-0114-44abec1bcdc0,SNOMED-CT,52052004,Rehabilitation therapy (regime/therapy),431.40,6525002,Dependent drug abuse (disorder)
2024-08-07T18:24:46Z,2024-08-07T19:39:55Z,aa616abe-1761-0c9a-7959-07544679dafd,aa616abe-1761-0c9a-4a36-2108b7277765,SNOMED-CT,52052004,Rehabilitation therapy (regime/therapy),431.40,6525002,Dependent drug abuse (disorder)
2024-09-06T19:39:55Z,2024-09-06T20:40:58Z,aa616abe-1761-0c9a-7959-07544679dafd,aa616abe-1761-0c9a-0d59-02d6953ad4cf,SNOMED-CT,52052004,Rehabilitation therapy (regime/therapy),431.40,6525002,Dependent drug abuse (disorder)
2024-10-06T20:40:58Z,2024-10-06T22:04:50Z,aa616abe-1761-0c9a-7959-07544679dafd,aa616abe-1761-0c9a-cbb3-b72d4e547d33,SNOMED-CT,52052004,Rehabilitation therapy (regime/therapy),431.40,6525002,Dependent drug abuse (disorder)
2024-11-05T22:04:50Z,2024-11-05T23:26:35Z,aa616abe-1761-0c9a-7959-07544679dafd,aa616abe-1761-0c9a-8b74-e8ae063606f7,SNOMED-CT,52052004,Rehabilitation therapy (regime/therapy),431.40,6525002,Dependent drug abuse (disorder)
2025-04-20T09:30:35Z,2025-04-20T09:45:35Z,aa616abe-1761-0c9a-7959-07544679dafd,aa616abe-1761-0c9a-5959-7a6a20b510c5,SNOMED-CT,430193006,Medication reconciliation (procedure),215.70,,
2025-04-20T09:30:35Z,2025-04-20T10:15:28Z,aa616abe-1761-0c9a-7959-07544679dafd,aa616abe-1761-0c9a-5959-7a6a20b510c5,SNOMED-CT,710824005,Assessment of health and social care needs (procedure),431.40,,
2025-04-20T10:15:28Z,2025-04-20T10:40:48Z,aa616abe-1761-0c9a-7959-07544679dafd,aa616abe-1761-0c9a-5959-7a6a20b510c5,SNOMED-CT,710841007,Assessment of anxiety (procedure),431.40,,
2025-04-20T10:40:48Z,2025-04-20T11:05:52Z,aa616abe-1761-0c9a-7959-07544679dafd,aa616abe-1761-0c9a-5959-7a6a20b510c5,SNOMED-CT,866148006,Screening for domestic abuse (procedure),431.40,,
2025-04-20T11:05:52Z,2025-04-20T11:19:25Z,aa616abe-1761-0c9a-7959-07544679dafd,aa616abe-1761-0c9a-5959-7a6a20b510c5,SNOMED-CT,171207006,Depression screening (procedure),431.40,,
2025-04-20T11:19:25Z,2025-04-20T11:48:53Z,aa616abe-1761-0c9a-7959-07544679dafd,aa616abe-1761-0c9a-5959-7a6a20b510c5,SNOMED-CT,171207006,Depression screening (procedure),431.40,,
2025-11-27T23:26:35Z,2025-11-28T00:34:20Z,aa616abe-1761-0c9a-7959-07544679dafd,aa616abe-1761-0c9a-3a0a-d0e677947ad3,SNOMED-CT,52052004,Rehabilitation therapy (regime/therapy),431.40,6525002,Dependent drug abuse (disorder)
2026-03-29T00:34:20Z,2026-03-29T01:37:14Z,aa616abe-1761-0c9a-7959-07544679dafd,aa616abe-1761-0c9a-7dea-a6d5a192d8b4,SNOMED-CT,52052004,Rehabilitation therapy (regime/therapy),431.40,6525002,Dependent drug abuse (disorder)
2026-04-26T09:30:35Z,2026-04-26T09:45:35Z,aa616abe-1761-0c9a-7959-07544679dafd,aa616abe-1761-0c9a-fc1e-715174e6b6f9,SNOMED-CT,430193006,Medication reconciliation (procedure),215.70,,
2026-04-26T09:30:35Z,2026-04-26T10:02:49Z,aa616abe-1761-0c9a-7959-07544679dafd,aa616abe-1761-0c9a-fc1e-715174e6b6f9,SNOMED-CT,710824005,Assessment of health and social care needs (procedure),431.40,,
2026-04-26T10:02:49Z,2026-04-26T10:28:08Z,aa616abe-1761-0c9a-7959-07544679dafd,aa616abe-1761-0c9a-fc1e-715174e6b6f9,SNOMED-CT,866148006,Screening for domestic abuse (procedure),431.40,,
2026-04-26T10:28:08Z,2026-04-26T10:45:17Z,aa616abe-1761-0c9a-7959-07544679dafd,aa616abe-1761-0c9a-fc1e-715174e6b6f9,SNOMED-CT,103697008,Patient referral for dental care (procedure),431.40,66383009,Gingivitis (disorder)
2026-05-10T09:30:35Z,2026-05-10T10:06:58Z,aa616abe-1761-0c9a-7959-07544679dafd,aa616abe-1761-0c9a-24ef-b5805a4fce41,CDT,D7910,suture of recent small wounds up to 5 cm,30.47,,
2026-06-07T10:06:58Z,2026-06-07T10:36:05Z,aa616abe-1761-0c9a-7959-07544679dafd,aa616abe-1761-0c9a-c987-fbbd354cfd72,CDT,D0603,caries risk assessment and documentation with a finding of high risk,0.14,,
2026-08-07T09:30:35Z,2026-08-07T10:00:19Z,aa616abe-1761-0c9a-7959-07544679dafd,aa616abe-1761-0c9a-f051-e567a0e21c2e,SNOMED-CT,169553002,Implantation of subcutaneous contraceptive (procedure),5621.86,,
2024-02-24T06:32:37Z,2024-02-24T07:28:40Z,e74367bd-7385-97dc-2c7f-251b4cd9fe29,e74367bd-7385-97dc-de6b-6ffd4c0fa454,SNOMED-CT,710824005,Assessment of health and social care needs (procedure),431.40,,
2024-02-24T07:28:40Z,2024-02-24T07:53:54Z,e74367bd-7385-97dc-2c7f-251b4cd9fe29,e74367bd-7385-97dc-de6b-6ffd4c0fa454,SNOMED-CT,710841007,Assessment of anxiety (procedure),431.40,,
2024-02-24T07:53:54Z,2024-02-24T08:06:07Z,e74367bd-7385-97dc-2c7f-251b4cd9fe29,e74367bd-7385-97dc-de6b-6ffd4c0fa454,SNOMED-CT,171207006,Depression screening (procedure),431.40,,
2024-02-24T08:06:07Z,2024-02-24T08:33:37Z,e74367bd-7385-97dc-2c7f-251b4cd9fe29,e74367bd-7385-97dc-de6b-6ffd4c0fa454,SNOMED-CT,171207006,Depression screening (procedure),431.40,,
2024-02-24T08:33:37Z,2024-02-24T08:46:57Z,e74367bd-7385-97dc-2c7f-251b4cd9fe29,e74367bd-7385-97dc-de6b-6ffd4c0fa454,SNOMED-CT,428211000124100,Assessment of substance use (procedure),431.40,,
2024-02-24T08:46:57Z,2024-02-24T09:09:24Z,e74367bd-7385-97dc-2c7f-251b4cd9fe29,e74367bd-7385-97dc-de6b-6ffd4c0fa454,SNOMED-CT,713106006,Screening for drug abuse (procedure),431.40,,
2024-02-24T09:09:24Z,2024-02-24T09:14:24Z,e74367bd-7385-97dc-2c7f-251b4cd9fe29,e74367bd-7385-97dc-de6b-6ffd4c0fa454,SNOMED-CT,103697008,Patient referral for dental care (procedure),431.40,66383009,Gingivitis (disorder)
2024-03-09T06:32:37Z,2024-03-09T06:41:30Z,e74367bd-7385-97dc-2c7f-251b4cd9fe29,e74367bd-7385-97dc-a0e6-7f13a09edf3f,CDT,D2392,resinbased composite  two surfaces posterior,445.38,,
2023-06-24T05:22:05Z,2023-06-24T06:07:46Z,5e688e99-61b3-5c88-3f60-21df8aaced27,5e688e99-61b3-5c88-3f6d-d6d317421b1c,SNOMED-CT,710824005,Assessment of health and social care needs (procedure),431.40,,
2023-06-24T06:07:46Z,2023-06-24T06:38:09Z,5e688e99-61b3-5c88-3f60-21df8aaced27,5e688e99-61b3-5c88-3f6d-d6d317421b1c,SNOMED-CT,866148006,Screening for domestic abuse (procedure),431.40,,
2023-06-24T06:38:09Z,2023-06-24T06:48:11Z,5e688e99-61b3-5c88-3f60-21df8aaced27,5e688e99-61b3-5c88-3f6d-d6d317421b1c,SNOMED-CT,428211000124100,Assessment of substance use (procedure),431.40,,
2023-06-24T06:48:11Z,2023-06-24T07:15:28Z,5e688e99-61b3-5c88-3f60-21df8aaced27,5e688e99-61b3-5c88-3f6d-d6d317421b1c,SNOMED-CT,763302001,Assessment using Alcohol Use Disorders Identification Test - Consumption (procedure),431.40,,
2023-06-24T07:15:28Z,2023-06-24T07:26:43Z,5e688e99-61b3-5c88-3f60-21df8aaced27,5e688e99-61b3-5c88-3f6d-d6d317421b1c,SNOMED-CT,103697008,Patient referral for dental care (procedure),431.40,66383009,Gingivitis (disorder)
2023-07-08T05:22:05Z,2023-07-08T05:55:35Z,5e688e99-61b3-5c88-3f60-21df8aaced27,5e688e99-61b3-5c88-9d11-4b5c133ed42f,CDT,D0150,comprehensive oral evaluation  new or established patient,22.75,,
2023-07-08T05:55:35Z,2023-07-08T06:22:56Z,5e688e99-61b3-5c88-3f60-21df8aaced27,5e688e99-61b3-5c88-9d11-4b5c133ed42f,CDT,D1110,prophylaxis  adult,28.86,,
2024-11-16T05:22:05Z,2024-11-16T05:53:43Z,5e688e99-61b3-5c88-3f60-21df8aaced27,5e688e99-61b3-5c88-f288-3e0f2fe9765e,SNOMED-CT,710824005,Assessment of health and social care needs (procedure),431.40,,
2024-11-16T05:53:43Z,2024-11-16T06:09:01Z,5e688e99-61b3-5c88-3f60-21df8aaced27,5e688e99-61b3-5c88-f288-3e0f2fe9765e,SNOMED-CT,710841007,Assessment of anxiety (procedure),431.40,,
2024-11-30T05:22:05Z,2024-11-30T05:37:05Z,5e688e99-61b3-5c88-3f60-21df8aaced27,5e688e99-61b3-5c88-0fab-dcb0a33824a6,SNOMED-CT,252160004,Standard pregnancy test (procedure),2261.69,72892002,Normal pregnancy (finding)
2024-11-30T05:22:05Z,2024-11-30T05:37:05Z,5e688e99-61b3-5c88-3f60-21df8aaced27,5e688e99-61b3-5c88-0fab-dcb0a33824a6,SNOMED-CT,169230002,Ultrasound scan for fetal viability (procedure),4049.70,72892002,Normal pregnancy (finding)
2024-11-30T05:22:05Z,2024-11-30T05:37:05Z,5e688e99-61b3-5c88-3f60-21df8aaced27,5e688e99-61b3-5c88-0fab-dcb0a33824a6,SNOMED-CT,274804006,Evaluation of uterine fundal height (procedure),2261.69,72892002,Normal pregnancy (finding)
2024-11-30T05:22:05Z,2024-11-30T05:37:05Z,5e688e99-61b3-5c88-3f60-21df8aaced27,5e688e99-61b3-5c88-0fab-dcb0a33824a6,SNOMED-CT,225158009,Auscultation of the fetal heart (procedure),9046.75,72892002,Normal pregnancy (finding)
2024-11-30T05:22:05Z,2024-11-30T05:37:05Z,5e688e99-61b3-5c88-3f60-21df8aaced27,5e688e99-61b3-5c88-0fab-dcb0a33824a6,SNOMED-CT,44608003,Blood group typing (procedure),3451.20,72892002,Normal pregnancy (finding)
2024-11-30T05:22:05Z,2024-11-30T05:37:05Z,5e688e99-61b3-5c88-3f60-21df8aaced27,5e688e99-61b3-5c88-0fab-dcb0a33824a6,SNOMED-CT,104091002,Hemogram  automated  with red blood cells  white blood cells  hemoglobin  hematocrit  indices  platelet count  and manual white blood cell differential (procedure),1447.69,72892002,Normal pregnancy (finding)
2024-11-30T05:22:05Z,2024-11-30T05:37:05Z,5e688e99-61b3-5c88-3f60-21df8aaced27,5e688e99-61b3-5c88-0fab-dcb0a33824a6,SNOMED-CT,47758006,Hepatitis B surface antigen measurement (procedure),2911.02,72892002,Normal pregnancy (finding)
2024-11-30T05:22:05Z,2024-11-30T05:37:05Z,5e688e99-61b3-5c88-3f60-21df8aaced27,5e688e99-61b3-5c88-0fab-dcb0a33824a6,SNOMED-CT,31676001,Human immunodeficiency virus antigen test (procedure),2852.16,72892002,Normal pregnancy (finding)
2024-11-30T05:22:05Z,2024-11-30T05:37:05Z,5e688e99-61b3-5c88-3f60-21df8aaced27,5e688e99-61b3-5c88-0fab-dcb0a33824a6,SNOMED-CT,310861008,Chlamydia antigen test (procedure),2051.30,72892002,Normal pregnancy (finding)
2024-11-30T05:22:05Z,2024-11-30T05:37:05Z,5e688e99-61b3-5c88-3f60-21df8aaced27,5e688e99-61b3-5c88-0fab-dcb0a33824a6,SNOMED-CT,165829005,Gonorrhea infection titer test (procedure),862.80,72892002,Normal pregnancy (finding)
2024-11-30T05:22:05Z,2024-11-30T05:37:05Z,5e688e99-61b3-5c88-3f60-21df8aaced27,5e688e99-61b3-5c88-0fab-dcb0a33824a6,SNOMED-CT,269828009,Syphilis infectious titer test (procedure),862.80,72892002,Normal pregnancy (finding)
2024-11-30T05:22:05Z,2024-11-30T05:37:05Z,5e688e99-61b3-5c88-3f60-21df8aaced27,5e688e99-61b3-5c88-0fab-dcb0a33824a6,SNOMED-CT,117010004,Urine culture (procedure),1286.45,72892002,Normal pregnancy (finding)
2024-11-30T05:22:05Z,2024-11-30T05:37:05Z,5e688e99-61b3-5c88-3f60-21df8aaced27,5e688e99-61b3-5c88-0fab-dcb0a33824a6,SNOMED-CT,90226004,Cytopathology procedure  preparation of smear  genital source (procedure),3451.20,72892002,Normal pregnancy (finding)
2024-11-30T05:22:05Z,2024-11-30T05:37:05Z,5e688e99-61b3-5c88-3f60-21df8aaced27,5e688e99-61b3-5c88-0fab-dcb0a33824a6,SNOMED-CT,395123002,Urine screening test for diabetes (procedure),862.80,72892002,Normal pregnancy (finding)
2024-11-30T05:22:05Z,2024-11-30T05:37:05Z,5e688e99-61b3-5c88-3f60-21df8aaced27,5e688e99-61b3-5c88-0fab-dcb0a33824a6,SNOMED-CT,104375008,Hepatitis C antibody  confirmatory test (procedure),1409.59,72892002,Normal pregnancy (finding)
2024-11-30T05:22:05Z,2024-11-30T05:37:05Z,5e688e99-61b3-5c88-3f60-21df8aaced27,5e688e99-61b3-5c88-0fab-dcb0a33824a6,SNOMED-CT,314098000,Rubella screening test (procedure),431.40,72892002,Normal pregnancy (finding)
2024-11-30T05:22:05Z,2024-11-30T05:37:05Z,5e688e99-61b3-5c88-3f60-21df8aaced27,5e688e99-61b3-5c88-0fab-dcb0a33824a6,SNOMED-CT,104326007,Measurement of Varicella-zoster virus antibody (procedure),862.80,72892002,Normal pregnancy (finding)
2024-11-30T05:22:05Z,2024-11-30T05:37:05Z,5e688e99-61b3-5c88-3f60-21df8aaced27,5e688e99-61b3-5c88-0fab-dcb0a33824a6,SNOMED-CT,28163009,Skin test for tuberculosis  Tine test (procedure),862.80,72892002,Normal pregnancy (finding)
2024-11-30T05:22:05Z,2024-11-30T05:37:05Z,5e688e99-61b3-5c88-3f60-21df8aaced27,5e688e99-61b3-5c88-0fab-dcb0a33824a6,SNOMED-CT,60218003,Urinalysis  protein  qualitative (procedure),431.40,72892002,Normal pregnancy (finding)
2024-11-30T05:22:05Z,2024-11-30T05:37:05Z,5e688e99-61b3-5c88-3f60-21df8aaced27,5e688e99-61b3-5c88-0fab-dcb0a33824a6,SNOMED-CT,5880005,Physical examination procedure (procedure),431.40,72892002,Normal pregnancy (finding)
2024-11-30T05:22:05Z,2024-11-30T05:52:05Z,5e688e99-61b3-5c88-3f60-21df8aaced27,5e688e99-61b3-5c88-2c9d-b35c8aea421a,SNOMED-CT,14768001,Peripheral blood smear interpretation (procedure),431.40,,
2024-11-30T05:52:05Z,2024-11-30T06:02:41Z,5e688e99-61b3-5c88-3f60-21df8aaced27,5e688e99-61b3-5c88-2c9d-b35c8aea421a,SNOMED-CT,415300000,Review of systems (procedure),60.39,,
2024-11-30T06:02:41Z,2024-11-30T06:16:51Z,5e688e99-61b3-5c88-3f60-21df8aaced27,5e688e99-61b3-5c88-2c9d-b35c8aea421a,SNOMED-CT,430193006,Medication reconciliation (procedure),215.70,,
2024-11-30T06:16:51Z,2024-11-30T06:31:14Z,5e688e99-61b3-5c88-3f60-21df8aaced27,5e688e99-61b3-5c88-2c9d-b35c8aea421a,SNOMED-CT,162676008,Brief general examination (procedure),124.04,,
2024-12-28T06:31:14Z,2024-12-28T06:46:14Z,5e688e99-61b3-5c88-3f60-21df8aaced27,5e688e99-61b3-5c88-4161-6bd9f7f67100,SNOMED-CT,274804006,Evaluation of uterine fundal height (procedure),6724.95,72892002,Normal pregnancy (finding)
2024-12-28T06:31:14Z,2024-12-28T06:46:14Z,5e688e99-61b3-5c88-3f60-21df8aaced27,5e688e99-61b3-5c88-4161-6bd9f7f67100,SNOMED-CT,225158009,Auscultation of the fetal heart (procedure),6415.37,72892002,Normal pregnancy (finding)
2024-12-28T06:31:14Z,2024-12-28T06:46:14Z,5e688e99-61b3-5c88-3f60-21df8aaced27,5e688e99-61b3-5c88-4161-6bd9f7f67100,SNOMED-CT,443529005,Detection of chromosomal aneuploidy in prenatal amniotic fluid specimen using fluorescence in situ hybridization screening technique (procedure),1148.57,72892002,Normal pregnancy (finding)
2025-01-25T06:31:14Z,2025-01-25T06:46:14Z,5e688e99-61b3-5c88-3f60-21df8aaced27,5e688e99-61b3-5c88-4b78-97f5b42a4ae3,SNOMED-CT,271442007,Fetal anatomy study (procedure),431.40,72892002,Normal pregnancy (finding)
2025-01-25T06:31:14Z,2025-01-25T06:46:14Z,5e688e99-61b3-5c88-3f60-21df8aaced27,5e688e99-61b3-5c88-4b78-97f5b42a4ae3,SNOMED-CT,275833003,Alpha-fetoprotein test - antenatal (procedure),2923.48,72892002,Normal pregnancy (finding)
2025-01-25T06:31:14Z,2025-01-25T06:46:14Z,5e688e99-61b3-5c88-3f60-21df8aaced27,5e688e99-61b3-5c88-4b78-97f5b42a4ae3,SNOMED-CT,274804006,Evaluation of uterine fundal height (procedure),2661.48,72892002,Normal pregnancy (finding)
2025-01-25T06:31:14Z,2025-01-25T06:46:14Z,5e688e99-61b3-5c88-3f60-21df8aaced27,5e688e99-61b3-5c88-4b78-97f5b42a4ae3,SNOMED-CT,225158009,Auscultation of the fetal heart (procedure),2261.69,72892002,Normal pregnancy (finding)
2025-02-07T05:22:05Z,2025-02-07T05:37:05Z,5e688e99-61b3-5c88-3f60-21df8aaced27,5e688e99-61b3-5c88-fe1e-5f44f75f49ed,SNOMED-CT,117015009,Throat culture (procedure),862.80,195662009,Acute viral pharyngitis (disorder)
2025-02-22T06:31:14Z,2025-02-22T06:46:14Z,5e688e99-61b3-5c88-3f60-21df8aaced27,5e688e99-61b3-5c88-e6e8-c10d2ecef83d,SNOMED-CT,274804006,Evaluation of uterine fundal height (procedure),9046.75,72892002,Normal pregnancy (finding)
2025-02-22T06:31:14Z,2025-02-22T06:46:14Z,5e688e99-61b3-5c88-3f60-21df8aaced27,5e688e99-61b3-5c88-e6e8-c10d2ecef83d,SNOMED-CT,225158009,Auscultation of the fetal heart (procedure),2266.57,72892002,Normal pregnancy (finding)
2025-03-22T06:31:14Z,2025-03-22T06:46:14Z,5e688e99-61b3-5c88-3f60-21df8aaced27,5e688e99-61b3-5c88-8048-01c514e299f7,SNOMED-CT,274804006,Evaluation of uterine fundal height (procedure),2261.69,72892002,Normal pregnancy (finding)
2025-03-22T06:31:14Z,2025-03-22T06:46:14Z,5e688e99-61b3-5c88-3f60-21df8aaced27,5e688e99-61b3-5c88-8048-01c514e299f7,SNOMED-CT,225158009,Auscultation of the fetal heart (procedure),2624.56,72892002,Normal pregnancy (finding)
2025-04-19T06:31:14Z,2025-04-19T06:46:14Z,5e688e99-61b3-5c88-3f60-21df8aaced27,5e688e99-61b3-5c88-07f7-925259c651db,SNOMED-CT,104091002,Hemogram  automated  with red blood cells  white blood cells  hemoglobin  hematocrit  indices  platelet count  and manual white blood cell differential (procedure),1058.37,72892002,Normal pregnancy (finding)
2025-04-19T06:31:14Z,2025-04-19T06:46:14Z,5e688e99-61b3-5c88-3f60-21df8aaced27,5e688e99-61b3-5c88-07f7-925259c651db,SNOMED-CT,399014008,Administration of vaccine product containing only Bordetella pertussis and Clostridium tetani and Corynebacterium diphtheriae antigens (procedure),1480.80,72892002,Normal pregnancy (finding)
2025-04-19T06:31:14Z,2025-04-19T06:46:14Z,5e688e99-61b3-5c88-3f60-21df8aaced27,5e688e99-61b3-5c88-07f7-925259c651db,SNOMED-CT,268556000,Urine screening for glucose (procedure),862.80,72892002,Normal pregnancy (finding)
2025-04-19T06:31:14Z,2025-04-19T06:46:14Z,5e688e99-61b3-5c88-3f60-21df8aaced27,5e688e99-61b3-5c88-07f7-925259c651db,SNOMED-CT,274804006,Evaluation of uterine fundal height (procedure),2806.53,72892002,Normal pregnancy (finding)
2025-04-19T06:31:14Z,2025-04-19T06:46:14Z,5e688e99-61b3-5c88-3f60-21df8aaced27,5e688e99-61b3-5c88-07f7-925259c651db,SNOMED-CT,225158009,Auscultation of the fetal heart (procedure),2261.69,72892002,Normal pregnancy (finding)
2025-05-17T06:31:14Z,2025-05-17T06:46:14Z,5e688e99-61b3-5c88-3f60-21df8aaced27,5e688e99-61b3-5c88-7c9d-381b8c607548,SNOMED-CT,274804006,Evaluation of uterine fundal height (procedure),3334.83,72892002,Normal pregnancy (finding)
2025-05-17T06:31:14Z,2025-05-17T06:46:14Z,5e688e99-61b3-5c88-3f60-21df8aaced27,5e688e99-61b3-5c88-7c9d-381b8c607548,SNOMED-CT,225158009,Auscultation of the fetal heart (procedure),2261.69,72892002,Normal pregnancy (finding)
2025-06-14T06:31:14Z,2025-06-14T06:46:14Z,5e688e99-61b3-5c88-3f60-21df8aaced27,5e688e99-61b3-5c88-fd8c-38bc1475be56,SNOMED-CT,118001005,Streptococcus pneumoniae group B antigen assay (procedure),989.64,72892002,Normal pregnancy (finding)
2025-06-14T06:31:14Z,2025-06-14T06:46:14Z,5e688e99-61b3-5c88-3f60-21df8aaced27,5e688e99-61b3-5c88-fd8c-38bc1475be56,SNOMED-CT,274804006,Evaluation of uterine fundal height (procedure),2261.69,72892002,Normal pregnancy (finding)
2025-06-14T06:31:14Z,2025-06-14T06:46:14Z,5e688e99-61b3-5c88-3f60-21df8aaced27,5e688e99-61b3-5c88-fd8c-38bc1475be56,SNOMED-CT,225158009,Auscultation of the fetal heart (procedure),2261.69,72892002,Normal pregnancy (finding)
2025-06-28T06:31:14Z,2025-06-28T06:46:14Z,5e688e99-61b3-5c88-3f60-21df8aaced27,5e688e99-61b3-5c88-1f10-da34aa246b19,SNOMED-CT,386216000,Human parturition  function (observable entity),431.40,72892002,Normal pregnancy (finding)
2025-08-12T05:43:09Z,2025-08-12T06:13:09Z,5e688e99-61b3-5c88-3f60-21df8aaced27,5e688e99-61b3-5c88-45ff-582735929a8c,SNOMED-CT,168594001,Plain X-ray of clavicle (procedure),431.40,,
2025-08-12T05:43:09Z,2025-08-12T06:57:09Z,5e688e99-61b3-5c88-3f60-21df8aaced27,5e688e99-61b3-5c88-45ff-582735929a8c,SNOMED-CT,305428000,Admission to orthopedic department (procedure),431.40,58150001,Fracture of clavicle (disorder)
2025-08-09T06:31:14Z,2025-08-09T06:46:14Z,5e688e99-61b3-5c88-3f60-21df8aaced27,5e688e99-61b3-5c88-6065-805c2c49b70e,SNOMED-CT,5880005,Physical examination procedure (procedure),431.40,,
2025-08-09T06:31:14Z,2025-08-09T06:46:14Z,5e688e99-61b3-5c88-3f60-21df8aaced27,5e688e99-61b3-5c88-6065-805c2c49b70e,SNOMED-CT,171207006,Depression screening (procedure),431.40,,
2026-04-11T05:22:05Z,2026-04-11T05:37:05Z,5e688e99-61b3-5c88-3f60-21df8aaced27,5e688e99-61b3-5c88-51ad-d96d2c72034a,SNOMED-CT,430193006,Medication reconciliation (procedure),496.13,,
2026-04-11T05:22:05Z,2026-04-11T06:18:40Z,5e688e99-61b3-5c88-3f60-21df8aaced27,5e688e99-61b3-5c88-51ad-d96d2c72034a,SNOMED-CT,710824005,Assessment of health and social care needs (procedure),431.40,,
2026-04-11T06:18:40Z,2026-04-11T06:45:20Z,5e688e99-61b3-5c88-3f60-21df8aaced27,5e688e99-61b3-5c88-51ad-d96d2c72034a,SNOMED-CT,710841007,Assessment of anxiety (procedure),431.40,,
2026-04-11T06:45:20Z,2026-04-11T06:58:02Z,5e688e99-61b3-5c88-3f60-21df8aaced27,5e688e99-61b3-5c88-51ad-d96d2c72034a,SNOMED-CT,171207006,Depression screening (procedure),431.40,,
2026-04-11T06:58:02Z,2026-04-11T07:23:04Z,5e688e99-61b3-5c88-3f60-21df8aaced27,5e688e99-61b3-5c88-51ad-d96d2c72034a,SNOMED-CT,171207006,Depression screening (procedure),431.40,,
2026-04-11T07:23:04Z,2026-04-11T07:35:05Z,5e688e99-61b3-5c88-3f60-21df8aaced27,5e688e99-61b3-5c88-51ad-d96d2c72034a,SNOMED-CT,428211000124100,Assessment of substance use (procedure),431.40,,
2026-04-11T07:35:05Z,2026-04-11T07:56:23Z,5e688e99-61b3-5c88-3f60-21df8aaced27,5e688e99-61b3-5c88-51ad-d96d2c72034a,SNOMED-CT,763302001,Assessment using Alcohol Use Disorders Identification Test - Consumption (procedure),431.40,,
2026-04-11T07:56:23Z,2026-04-11T08:03:18Z,5e688e99-61b3-5c88-3f60-21df8aaced27,5e688e99-61b3-5c88-51ad-d96d2c72034a,SNOMED-CT,103697008,Patient referral for dental care (procedure),431.40,66383009,Gingivitis (disorder)
2026-04-25T05:22:05Z,2026-04-25T05:43:27Z,5e688e99-61b3-5c88-3f60-21df8aaced27,5e688e99-61b3-5c88-01eb-1ff2b025f019,CDT,D1110,prophylaxis  adult,1.65,,
2026-06-13T02:22:05Z,2026-06-13T02:40:35Z,5e688e99-61b3-5c88-3f60-21df8aaced27,5e688e99-61b3-5c88-5744-899590ad2fe5,SNOMED-CT,23426006,Measurement of respiratory function (procedure),57.23,10509002,Acute bronchitis (disorder)
2026-06-20T05:22:05Z,2026-06-20T05:37:05Z,5e688e99-61b3-5c88-3f60-21df8aaced27,5e688e99-61b3-5c88-dda4-6d5d8aa391a9,SNOMED-CT,430193006,Medication reconciliation (procedure),215.70,,
2026-06-20T05:22:05Z,2026-06-20T06:07:49Z,5e688e99-61b3-5c88-3f60-21df8aaced27,5e688e99-61b3-5c88-dda4-6d5d8aa391a9,SNOMED-CT,710824005,Assessment of health and social care needs (procedure),431.40,,
2026-06-20T06:07:49Z,2026-06-20T06:18:27Z,5e688e99-61b3-5c88-3f60-21df8aaced27,5e688e99-61b3-5c88-dda4-6d5d8aa391a9,SNOMED-CT,171207006,Depression screening (procedure),431.40,,
2026-06-20T06:18:27Z,2026-06-20T06:47:23Z,5e688e99-61b3-5c88-3f60-21df8aaced27,5e688e99-61b3-5c88-dda4-6d5d8aa391a9,SNOMED-CT,171207006,Depression screening (procedure),431.40,,
2026-06-20T06:47:23Z,2026-06-20T07:01:21Z,5e688e99-61b3-5c88-3f60-21df8aaced27,5e688e99-61b3-5c88-dda4-6d5d8aa391a9,SNOMED-CT,428211000124100,Assessment of substance use (procedure),431.40,,
2026-06-20T07:01:21Z,2026-06-20T07:27:58Z,5e688e99-61b3-5c88-3f60-21df8aaced27,5e688e99-61b3-5c88-dda4-6d5d8aa391a9,SNOMED-CT,713106006,Screening for drug abuse (procedure),431.40,,
2026-06-20T07:27:58Z,2026-06-20T07:39:50Z,5e688e99-61b3-5c88-3f60-21df8aaced27,5e688e99-61b3-5c88-dda4-6d5d8aa391a9,SNOMED-CT,103697008,Patient referral for dental care (procedure),431.40,66383009,Gingivitis (disorder)
2026-06-27T05:22:05Z,2026-06-27T05:37:05Z,5e688e99-61b3-5c88-3f60-21df8aaced27,5e688e99-61b3-5c88-524e-462dfe63e806,SNOMED-CT,430193006,Medication reconciliation (procedure),862.80,,
2026-07-04T05:22:05Z,2026-07-04T05:52:27Z,5e688e99-61b3-5c88-3f60-21df8aaced27,5e688e99-61b3-5c88-da6e-7de81b212361,CDT,D1206,topical application of fluoride varnish,127.04,,
2026-07-04T05:52:27Z,2026-07-04T06:19:22Z,5e688e99-61b3-5c88-3f60-21df8aaced27,5e688e99-61b3-5c88-da6e-7de81b212361,CDT,D0603,caries risk assessment and documentation with a finding of high risk,0.10,,
2022-04-28T18:52:57Z,2022-04-28T19:32:11Z,46976cf7-b0bf-be20-39a5-9f425a52886d,46976cf7-b0bf-be20-a7f1-3fd066c8d0d9,SNOMED-CT,169553002,Implantation of subcutaneous contraceptive (procedure),9638.19,,
2022-07-24T03:11:04Z,2022-07-24T03:41:54Z,46976cf7-b0bf-be20-39a5-9f425a52886d,46976cf7-b0bf-be20-6164-6bcb6354bf92,SNOMED-CT,710824005,Assessment of health and social care needs (procedure),431.40,,
2022-07-24T03:41:54Z,2022-07-24T03:55:18Z,46976cf7-b0bf-be20-39a5-9f425a52886d,46976cf7-b0bf-be20-6164-6bcb6354bf92,SNOMED-CT,171207006,Depression screening (procedure),431.40,,
2022-07-24T03:55:18Z,2022-07-24T04:19:45Z,46976cf7-b0bf-be20-39a5-9f425a52886d,46976cf7-b0bf-be20-6164-6bcb6354bf92,SNOMED-CT,171207006,Depression screening (procedure),431.40,,
2022-07-24T04:19:45Z,2022-07-24T04:30:52Z,46976cf7-b0bf-be20-39a5-9f425a52886d,46976cf7-b0bf-be20-6164-6bcb6354bf92,SNOMED-CT,428211000124100,Assessment of substance use (procedure),431.40,,
2022-07-24T04:30:52Z,2022-07-24T04:55:39Z,46976cf7-b0bf-be20-39a5-9f425a52886d,46976cf7-b0bf-be20-6164-6bcb6354bf92,SNOMED-CT,763302001,Assessment using Alcohol Use Disorders Identification Test - Consumption (procedure),431.40,,
2022-07-24T04:55:39Z,2022-07-24T05:08:10Z,46976cf7-b0bf-be20-39a5-9f425a52886d,46976cf7-b0bf-be20-6164-6bcb6354bf92,SNOMED-CT,103697008,Patient referral for dental care (procedure),431.40,,
2022-08-07T03:11:04Z,2022-08-07T03:30:27Z,46976cf7-b0bf-be20-39a5-9f425a52886d,46976cf7-b0bf-be20-5d29-50b6a924dd9b,CDT,D2392,resinbased composite  two surfaces posterior,57.68,,
2023-05-28T03:11:04Z,2023-05-28T04:03:46Z,46976cf7-b0bf-be20-39a5-9f425a52886d,46976cf7-b0bf-be20-bb85-81be3a073ee3,SNOMED-CT,46706006,Replacement of contraceptive intrauterine device (procedure),15641.36,,
2023-08-13T03:11:04Z,2023-08-13T04:13:39Z,46976cf7-b0bf-be20-39a5-9f425a52886d,46976cf7-b0bf-be20-93f0-cea2ac9c909b,SNOMED-CT,1263416007,Removal of intrauterine contraceptive device (procedure),431.40,,
2023-08-20T03:11:04Z,2023-08-20T03:26:04Z,46976cf7-b0bf-be20-39a5-9f425a52886d,46976cf7-b0bf-be20-7be3-f002e5b444b1,SNOMED-CT,117015009,Throat culture (procedure),862.80,195662009,Acute viral pharyngitis (disorder)
2023-10-01T03:11:04Z,2023-10-01T03:26:04Z,46976cf7-b0bf-be20-39a5-9f425a52886d,46976cf7-b0bf-be20-6115-13268e8eaa53,SNOMED-CT,252160004,Standard pregnancy test (procedure),3156.12,72892002,Normal pregnancy (finding)
2023-10-01T03:11:04Z,2023-10-01T03:26:04Z,46976cf7-b0bf-be20-39a5-9f425a52886d,46976cf7-b0bf-be20-6115-13268e8eaa53,SNOMED-CT,169230002,Ultrasound scan for fetal viability (procedure),16198.82,72892002,Normal pregnancy (finding)
2023-10-09T03:11:04Z,2023-10-09T03:26:04Z,46976cf7-b0bf-be20-39a5-9f425a52886d,46976cf7-b0bf-be20-8b80-cd7730ff98ab,SNOMED-CT,10383002,Counseling for termination of pregnancy (procedure),431.40,72892002,Normal pregnancy (finding)
2023-10-09T03:11:04Z,2023-10-09T03:26:04Z,46976cf7-b0bf-be20-39a5-9f425a52886d,46976cf7-b0bf-be20-8b80-cd7730ff98ab,SNOMED-CT,714812005,Induced termination of pregnancy (procedure),10889.38,72892002,Normal pregnancy (finding)
2023-10-22T03:11:04Z,2023-10-22T03:26:04Z,46976cf7-b0bf-be20-39a5-9f425a52886d,46976cf7-b0bf-be20-1ac6-da64a4dc24a6,SNOMED-CT,386394001,Pregnancy termination care (regime/therapy),862.80,72892002,Normal pregnancy (finding)
2023-10-22T03:11:04Z,2023-10-22T03:26:04Z,46976cf7-b0bf-be20-39a5-9f425a52886d,46976cf7-b0bf-be20-1ac6-da64a4dc24a6,SNOMED-CT,5880005,Physical examination procedure (procedure),431.40,72892002,Normal pregnancy (finding)
2023-10-22T03:11:04Z,2023-10-22T03:26:04Z,46976cf7-b0bf-be20-39a5-9f425a52886d,46976cf7-b0bf-be20-1ac6-da64a4dc24a6,SNOMED-CT,171207006,Depression screening (procedure),431.40,72892002,Normal pregnancy (finding)
2025-07-27T03:11:04Z,2025-07-27T04:02:44Z,46976cf7-b0bf-be20-39a5-9f425a52886d,46976cf7-b0bf-be20-4b2b-6b711eed0535,SNOMED-CT,710824005,Assessment of health and social care needs (procedure),431.40,,
2025-07-27T04:02:44Z,2025-07-27T04:32:02Z,46976cf7-b0bf-be20-39a5-9f425a52886d,46976cf7-b0bf-be20-4b2b-6b711eed0535,SNOMED-CT,710841007,Assessment of anxiety (procedure),431.40,,
2025-07-27T04:32:02Z,2025-07-27T05:06:44Z,46976cf7-b0bf-be20-39a5-9f425a52886d,46976cf7-b0bf-be20-4b2b-6b711eed0535,SNOMED-CT,866148006,Screening for domestic abuse (procedure),431.40,,
2025-07-27T05:06:44Z,2025-07-27T05:17:05Z,46976cf7-b0bf-be20-39a5-9f425a52886d,46976cf7-b0bf-be20-4b2b-6b711eed0535,SNOMED-CT,171207006,Depression screening (procedure),431.40,,
2025-07-27T05:17:05Z,2025-07-27T05:37:24Z,46976cf7-b0bf-be20-39a5-9f425a52886d,46976cf7-b0bf-be20-4b2b-6b711eed0535,SNOMED-CT,171207006,Depression screening (procedure),431.40,,
2025-09-28T03:11:04Z,2025-09-28T04:10:08Z,46976cf7-b0bf-be20-39a5-9f425a52886d,46976cf7-b0bf-be20-7966-424284537147,SNOMED-CT,710824005,Assessment of health and social care needs (procedure),431.40,,
2025-09-28T04:10:08Z,2025-09-28T04:31:59Z,46976cf7-b0bf-be20-39a5-9f425a52886d,46976cf7-b0bf-be20-7966-424284537147,SNOMED-CT,710841007,Assessment of anxiety (procedure),431.40,,
2025-09-28T04:31:59Z,2025-09-28T05:10:10Z,46976cf7-b0bf-be20-39a5-9f425a52886d,46976cf7-b0bf-be20-7966-424284537147,SNOMED-CT,866148006,Screening for domestic abuse (procedure),431.40,,
2025-09-28T05:10:10Z,2025-09-28T05:22:08Z,46976cf7-b0bf-be20-39a5-9f425a52886d,46976cf7-b0bf-be20-7966-424284537147,SNOMED-CT,171207006,Depression screening (procedure),431.40,,
2025-09-28T05:22:08Z,2025-09-28T05:43:30Z,46976cf7-b0bf-be20-39a5-9f425a52886d,46976cf7-b0bf-be20-7966-424284537147,SNOMED-CT,171207006,Depression screening (procedure),431.40,,
2025-09-28T05:43:30Z,2025-09-28T05:56:19Z,46976cf7-b0bf-be20-39a5-9f425a52886d,46976cf7-b0bf-be20-7966-424284537147,SNOMED-CT,428211000124100,Assessment of substance use (procedure),431.40,,
2025-09-28T05:56:19Z,2025-09-28T06:23:20Z,46976cf7-b0bf-be20-39a5-9f425a52886d,46976cf7-b0bf-be20-7966-424284537147,SNOMED-CT,763302001,Assessment using Alcohol Use Disorders Identification Test - Consumption (procedure),431.40,,
2025-09-28T06:23:20Z,2025-09-28T06:34:47Z,46976cf7-b0bf-be20-39a5-9f425a52886d,46976cf7-b0bf-be20-7966-424284537147,SNOMED-CT,103697008,Patient referral for dental care (procedure),431.40,,
2025-10-12T03:11:04Z,2025-10-12T03:39:55Z,46976cf7-b0bf-be20-39a5-9f425a52886d,46976cf7-b0bf-be20-3f5c-e2328b5874bb,CDT,D0120,periodic oral evaluation  established patient,13.83,,
2026-04-12T14:32:11Z,2026-04-12T15:26:51Z,46976cf7-b0bf-be20-39a5-9f425a52886d,46976cf7-b0bf-be20-848e-5b564cb640c4,SNOMED-CT,65200003,Insertion of intrauterine contraceptive device (procedure),9623.61,,
2021-12-31T01:52:48Z,2021-12-31T02:07:48Z,76b20010-c318-5754-8c85-983aa538522f,76b20010-c318-5754-acf6-835fbe50892a,SNOMED-CT,430193006,Medication reconciliation (procedure),617.17,,
2021-12-31T01:52:48Z,2021-12-31T02:51:21Z,76b20010-c318-5754-8c85-983aa538522f,76b20010-c318-5754-acf6-835fbe50892a,SNOMED-CT,710824005,Assessment of health and social care needs (procedure),431.40,,
2021-12-31T02:51:21Z,2021-12-31T03:14:48Z,76b20010-c318-5754-8c85-983aa538522f,76b20010-c318-5754-acf6-835fbe50892a,SNOMED-CT,710841007,Assessment of anxiety (procedure),431.40,,
2021-12-31T03:14:48Z,2021-12-31T03:43:08Z,76b20010-c318-5754-8c85-983aa538522f,76b20010-c318-5754-acf6-835fbe50892a,SNOMED-CT,866148006,Screening for domestic abuse (procedure),431.40,,
2021-12-31T03:43:08Z,2021-12-31T03:54:10Z,76b20010-c318-5754-8c85-983aa538522f,76b20010-c318-5754-acf6-835fbe50892a,SNOMED-CT,103697008,Patient referral for dental care (procedure),431.40,66383009,Gingivitis (disorder)
2022-01-07T01:52:48Z,2022-01-07T02:16:20Z,76b20010-c318-5754-8c85-983aa538522f,76b20010-c318-5754-61cf-80b62b3ca222,SNOMED-CT,23426006,Measurement of respiratory function (procedure),170.34,10509002,Acute bronchitis (disorder)
2022-01-14T01:52:48Z,2022-01-14T02:18:41Z,76b20010-c318-5754-8c85-983aa538522f,76b20010-c318-5754-ee86-2a8da6435b7e,CDT,D0330,panoramic radiographic image,0.74,,
2022-01-14T02:18:41Z,2022-01-14T02:51:45Z,76b20010-c318-5754-8c85-983aa538522f,76b20010-c318-5754-ee86-2a8da6435b7e,CDT,D7210,extraction erupted tooth requiring removal of bone and/or sectioning of tooth and including elevation of mucoperiosteal flap if indicated,0.56,,
2022-02-11T01:52:48Z,2022-02-11T02:07:48Z,76b20010-c318-5754-8c85-983aa538522f,76b20010-c318-5754-6a3d-2788944f8da1,SNOMED-CT,252160004,Standard pregnancy test (procedure),7742.64,72892002,Normal pregnancy (finding)
2022-02-11T01:52:48Z,2022-02-11T02:07:48Z,76b20010-c318-5754-8c85-983aa538522f,76b20010-c318-5754-6a3d-2788944f8da1,SNOMED-CT,169230002,Ultrasound scan for fetal viability (procedure),4049.70,72892002,Normal pregnancy (finding)
2022-02-11T01:52:48Z,2022-02-11T02:07:48Z,76b20010-c318-5754-8c85-983aa538522f,76b20010-c318-5754-6a3d-2788944f8da1,SNOMED-CT,274804006,Evaluation of uterine fundal height (procedure),2261.69,72892002,Normal pregnancy (finding)
2022-02-11T01:52:48Z,2022-02-11T02:07:48Z,76b20010-c318-5754-8c85-983aa538522f,76b20010-c318-5754-6a3d-2788944f8da1,SNOMED-CT,225158009,Auscultation of the fetal heart (procedure),2261.69,72892002,Normal pregnancy (finding)
2022-02-11T01:52:48Z,2022-02-11T02:07:48Z,76b20010-c318-5754-8c85-983aa538522f,76b20010-c318-5754-6a3d-2788944f8da1,SNOMED-CT,44608003,Blood group typing (procedure),862.80,72892002,Normal pregnancy (finding)
2022-02-11T01:52:48Z,2022-02-11T02:07:48Z,76b20010-c318-5754-8c85-983aa538522f,76b20010-c318-5754-6a3d-2788944f8da1,SNOMED-CT,104091002,Hemogram  automated  with red blood cells  white blood cells  hemoglobin  hematocrit  indices  platelet count  and manual white blood cell differential (procedure),972.33,72892002,Normal pregnancy (finding)
2022-02-11T01:52:48Z,2022-02-11T02:07:48Z,76b20010-c318-5754-8c85-983aa538522f,76b20010-c318-5754-6a3d-2788944f8da1,SNOMED-CT,47758006,Hepatitis B surface antigen measurement (procedure),1131.15,72892002,Normal pregnancy (finding)
2022-02-11T01:52:48Z,2022-02-11T02:07:48Z,76b20010-c318-5754-8c85-983aa538522f,76b20010-c318-5754-6a3d-2788944f8da1,SNOMED-CT,31676001,Human immunodeficiency virus antigen test (procedure),3451.20,72892002,Normal pregnancy (finding)
2022-02-11T01:52:48Z,2022-02-11T02:07:48Z,76b20010-c318-5754-8c85-983aa538522f,76b20010-c318-5754-6a3d-2788944f8da1,SNOMED-CT,310861008,Chlamydia antigen test (procedure),905.12,72892002,Normal pregnancy (finding)
2022-02-11T01:52:48Z,2022-02-11T02:07:48Z,76b20010-c318-5754-8c85-983aa538522f,76b20010-c318-5754-6a3d-2788944f8da1,SNOMED-CT,165829005,Gonorrhea infection titer test (procedure),3451.20,72892002,Normal pregnancy (finding)
2022-02-11T01:52:48Z,2022-02-11T02:07:48Z,76b20010-c318-5754-8c85-983aa538522f,76b20010-c318-5754-6a3d-2788944f8da1,SNOMED-CT,269828009,Syphilis infectious titer test (procedure),862.80,72892002,Normal pregnancy (finding)
2022-02-11T01:52:48Z,2022-02-11T02:07:48Z,76b20010-c318-5754-8c85-983aa538522f,76b20010-c318-5754-6a3d-2788944f8da1,SNOMED-CT,117010004,Urine culture (procedure),862.80,72892002,Normal pregnancy (finding)
2022-02-11T01:52:48Z,2022-02-11T02:07:48Z,76b20010-c318-5754-8c85-983aa538522f,76b20010-c318-5754-6a3d-2788944f8da1,SNOMED-CT,90226004,Cytopathology procedure  preparation of smear  genital source (procedure),1592.08,72892002,Normal pregnancy (finding)
2022-02-11T01:52:48Z,2022-02-11T02:07:48Z,76b20010-c318-5754-8c85-983aa538522f,76b20010-c318-5754-6a3d-2788944f8da1,SNOMED-CT,395123002,Urine screening test for diabetes (procedure),862.80,72892002,Normal pregnancy (finding)
2022-02-11T01:52:48Z,2022-02-11T02:07:48Z,76b20010-c318-5754-8c85-983aa538522f,76b20010-c318-5754-6a3d-2788944f8da1,SNOMED-CT,104375008,Hepatitis C antibody  confirmatory test (procedure),862.80,72892002,Normal pregnancy (finding)
2022-02-11T01:52:48Z,2022-02-11T02:07:48Z,76b20010-c318-5754-8c85-983aa538522f,76b20010-c318-5754-6a3d-2788944f8da1,SNOMED-CT,314098000,Rubella screening test (procedure),431.40,72892002,Normal pregnancy (finding)
2022-02-11T01:52:48Z,2022-02-11T02:07:48Z,76b20010-c318-5754-8c85-983aa538522f,76b20010-c318-5754-6a3d-2788944f8da1,SNOMED-CT,104326007,Measurement of Varicella-zoster virus antibody (procedure),862.80,72892002,Normal pregnancy (finding)
2022-02-11T01:52:48Z,2022-02-11T02:07:48Z,76b20010-c318-5754-8c85-983aa538522f,76b20010-c318-5754-6a3d-2788944f8da1,SNOMED-CT,28163009,Skin test for tuberculosis  Tine test (procedure),2397.70,72892002,Normal pregnancy (finding)
2022-02-11T01:52:48Z,2022-02-11T02:07:48Z,76b20010-c318-5754-8c85-983aa538522f,76b20010-c318-5754-6a3d-2788944f8da1,SNOMED-CT,60218003,Urinalysis  protein  qualitative (procedure),431.40,72892002,Normal pregnancy (finding)
2022-02-11T01:52:48Z,2022-02-11T02:07:48Z,76b20010-c318-5754-8c85-983aa538522f,76b20010-c318-5754-6a3d-2788944f8da1,SNOMED-CT,5880005,Physical examination procedure (procedure),431.40,72892002,Normal pregnancy (finding)
2022-03-11T01:52:48Z,2022-03-11T02:07:48Z,76b20010-c318-5754-8c85-983aa538522f,76b20010-c318-5754-4698-3081a77b4398,SNOMED-CT,274804006,Evaluation of uterine fundal height (procedure),2261.69,72892002,Normal pregnancy (finding)
2022-03-11T01:52:48Z,2022-03-11T02:07:48Z,76b20010-c318-5754-8c85-983aa538522f,76b20010-c318-5754-4698-3081a77b4398,SNOMED-CT,225158009,Auscultation of the fetal heart (procedure),2261.69,72892002,Normal pregnancy (finding)
2022-03-11T01:52:48Z,2022-03-11T02:07:48Z,76b20010-c318-5754-8c85-983aa538522f,76b20010-c318-5754-4698-3081a77b4398,SNOMED-CT,443529005,Detection of chromosomal aneuploidy in prenatal amniotic fluid specimen using fluorescence in situ hybridization screening technique (procedure),862.80,72892002,Normal pregnancy (finding)
2022-04-08T01:52:48Z,2022-04-08T02:07:48Z,76b20010-c318-5754-8c85-983aa538522f,76b20010-c318-5754-22fd-4128910045f3,SNOMED-CT,271442007,Fetal anatomy study (procedure),431.40,72892002,Normal pregnancy (finding)
2022-04-08T01:52:48Z,2022-04-08T02:07:48Z,76b20010-c318-5754-8c85-983aa538522f,76b20010-c318-5754-22fd-4128910045f3,SNOMED-CT,275833003,Alpha-fetoprotein test - antenatal (procedure),1618.60,72892002,Normal pregnancy (finding)
2022-04-08T01:52:48Z,2022-04-08T02:07:48Z,76b20010-c318-5754-8c85-983aa538522f,76b20010-c318-5754-22fd-4128910045f3,SNOMED-CT,274804006,Evaluation of uterine fundal height (procedure),4340.30,72892002,Normal pregnancy (finding)
2022-04-08T01:52:48Z,2022-04-08T02:07:48Z,76b20010-c318-5754-8c85-983aa538522f,76b20010-c318-5754-22fd-4128910045f3,SNOMED-CT,225158009,Auscultation of the fetal heart (procedure),2261.69,72892002,Normal pregnancy (finding)
2022-05-06T01:52:48Z,2022-05-06T02:07:48Z,76b20010-c318-5754-8c85-983aa538522f,76b20010-c318-5754-561f-9039d4014f79,SNOMED-CT,274804006,Evaluation of uterine fundal height (procedure),2261.69,72892002,Normal pregnancy (finding)
2022-05-06T01:52:48Z,2022-05-06T02:07:48Z,76b20010-c318-5754-8c85-983aa538522f,76b20010-c318-5754-561f-9039d4014f79,SNOMED-CT,225158009,Auscultation of the fetal heart (procedure),2940.03,72892002,Normal pregnancy (finding)
2022-06-03T01:52:48Z,2022-06-03T02:07:48Z,76b20010-c318-5754-8c85-983aa538522f,76b20010-c318-5754-b9be-b937b27a39e3,SNOMED-CT,274804006,Evaluation of uterine fundal height (procedure),6174.82,72892002,Normal pregnancy (finding)
2022-06-03T01:52:48Z,2022-06-03T02:07:48Z,76b20010-c318-5754-8c85-983aa538522f,76b20010-c318-5754-b9be-b937b27a39e3,SNOMED-CT,225158009,Auscultation of the fetal heart (procedure),5115.32,72892002,Normal pregnancy (finding)
2022-07-01T01:52:48Z,2022-07-01T02:07:48Z,76b20010-c318-5754-8c85-983aa538522f,76b20010-c318-5754-b102-7661639cc7ec,SNOMED-CT,104091002,Hemogram  automated  with red blood cells  white blood cells  hemoglobin  hematocrit  indices  platelet count  and manual white blood cell differential (procedure),2969.50,72892002,Normal pregnancy (finding)
2022-07-01T01:52:48Z,2022-07-01T02:07:48Z,76b20010-c318-5754-8c85-983aa538522f,76b20010-c318-5754-b102-7661639cc7ec,SNOMED-CT,399014008,Administration of vaccine product containing only Bordetella pertussis and Clostridium tetani and Corynebacterium diphtheriae antigens (procedure),1108.27,72892002,Normal pregnancy (finding)
2022-07-01T01:52:48Z,2022-07-01T02:07:48Z,76b20010-c318-5754-8c85-983aa538522f,76b20010-c318-5754-b102-7661639cc7ec,SNOMED-CT,268556000,Urine screening for glucose (procedure),1966.08,72892002,Normal pregnancy (finding)
2022-07-01T01:52:48Z,2022-07-01T02:07:48Z,76b20010-c318-5754-8c85-983aa538522f,76b20010-c318-5754-b102-7661639cc7ec,SNOMED-CT,274804006,Evaluation of uterine fundal height (procedure),2261.69,72892002,Normal pregnancy (finding)
2022-07-01T01:52:48Z,2022-07-01T02:07:48Z,76b20010-c318-5754-8c85-983aa538522f,76b20010-c318-5754-b102-7661639cc7ec,SNOMED-CT,225158009,Auscultation of the fetal heart (procedure),6021.57,72892002,Normal pregnancy (finding)
2022-07-29T01:52:48Z,2022-07-29T02:07:48Z,76b20010-c318-5754-8c85-983aa538522f,76b20010-c318-5754-c00a-0b183c4bd3a6,SNOMED-CT,274804006,Evaluation of uterine fundal height (procedure),2261.69,72892002,Normal pregnancy (finding)
2022-07-29T01:52:48Z,2022-07-29T02:07:48Z,76b20010-c318-5754-8c85-983aa538522f,76b20010-c318-5754-c00a-0b183c4bd3a6,SNOMED-CT,225158009,Auscultation of the fetal heart (procedure),3513.42,72892002,Normal pregnancy (finding)
2022-08-26T01:52:48Z,2022-08-26T02:07:48Z,76b20010-c318-5754-8c85-983aa538522f,76b20010-c318-5754-bb2b-5fee2d3af154,SNOMED-CT,118001005,Streptococcus pneumoniae group B antigen assay (procedure),3350.98,72892002,Normal pregnancy (finding)
2022-08-26T01:52:48Z,2022-08-26T02:07:48Z,76b20010-c318-5754-8c85-983aa538522f,76b20010-c318-5754-bb2b-5fee2d3af154,SNOMED-CT,274804006,Evaluation of uterine fundal height (procedure),9046.75,72892002,Normal pregnancy (finding)
2022-08-26T01:52:48Z,2022-08-26T02:07:48Z,76b20010-c318-5754-8c85-983aa538522f,76b20010-c318-5754-bb2b-5fee2d3af154,SNOMED-CT,225158009,Auscultation of the fetal heart (procedure),2261.69,72892002,Normal pregnancy (finding)
2022-09-09T01:52:48Z,2022-09-09T02:07:48Z,76b20010-c318-5754-8c85-983aa538522f,76b20010-c318-5754-43c3-7f1dce778ee6,SNOMED-CT,274804006,Evaluation of uterine fundal height (procedure),3945.00,72892002,Normal pregnancy (finding)
2022-09-09T01:52:48Z,2022-09-09T02:07:48Z,76b20010-c318-5754-8c85-983aa538522f,76b20010-c318-5754-43c3-7f1dce778ee6,SNOMED-CT,225158009,Auscultation of the fetal heart (procedure),2261.69,72892002,Normal pregnancy (finding)
2022-09-16T01:52:48Z,2022-09-16T02:07:48Z,76b20010-c318-5754-8c85-983aa538522f,76b20010-c318-5754-034d-8267f2a26793,SNOMED-CT,85548006,Episiotomy (procedure),2348.02,72892002,Normal pregnancy (finding)
2022-09-16T01:52:48Z,2022-09-16T02:07:48Z,76b20010-c318-5754-8c85-983aa538522f,76b20010-c318-5754-034d-8267f2a26793,SNOMED-CT,386216000,Human parturition  function (observable entity),431.40,72892002,Normal pregnancy (finding)
2022-10-28T01:52:48Z,2022-10-28T02:07:48Z,76b20010-c318-5754-8c85-983aa538522f,76b20010-c318-5754-15e8-85c5fb6bd2af,SNOMED-CT,5880005,Physical examination procedure (procedure),431.40,,
2022-10-28T01:52:48Z,2022-10-28T02:07:48Z,76b20010-c318-5754-8c85-983aa538522f,76b20010-c318-5754-15e8-85c5fb6bd2af,SNOMED-CT,171207006,Depression screening (procedure),431.40,,
2023-12-01T01:52:48Z,2023-12-01T02:28:42Z,76b20010-c318-5754-8c85-983aa538522f,76b20010-c318-5754-2422-0969cb19944f,SNOMED-CT,710824005,Assessment of health and social care needs (procedure),431.40,,
2023-12-01T02:28:42Z,2023-12-01T02:39:11Z,76b20010-c318-5754-8c85-983aa538522f,76b20010-c318-5754-2422-0969cb19944f,SNOMED-CT,171207006,Depression screening (procedure),431.40,,
2023-12-01T02:39:11Z,2023-12-01T03:08:10Z,76b20010-c318-5754-8c85-983aa538522f,76b20010-c318-5754-2422-0969cb19944f,SNOMED-CT,171207006,Depression screening (procedure),431.40,,
2025-10-17T01:52:48Z,2025-10-17T02:07:48Z,76b20010-c318-5754-8c85-983aa538522f,76b20010-c318-5754-2934-0ff857c1fd66,SNOMED-CT,252160004,Standard pregnancy test (procedure),2261.69,72892002,Normal pregnancy (finding)
2025-10-17T01:52:48Z,2025-10-17T02:07:48Z,76b20010-c318-5754-8c85-983aa538522f,76b20010-c318-5754-2934-0ff857c1fd66,SNOMED-CT,169230002,Ultrasound scan for fetal viability (procedure),4049.70,72892002,Normal pregnancy (finding)
2025-11-05T01:52:48Z,2025-11-05T02:07:48Z,76b20010-c318-5754-8c85-983aa538522f,76b20010-c318-5754-1f69-a279309076c8,SNOMED-CT,5880005,Physical examination procedure (procedure),431.40,72892002,Normal pregnancy (finding)
2025-11-05T01:52:48Z,2025-11-05T02:07:48Z,76b20010-c318-5754-8c85-983aa538522f,76b20010-c318-5754-1f69-a279309076c8,SNOMED-CT,171207006,Depression screening (procedure),431.40,156073000,Complete miscarriage (disorder)
2026-02-27T01:52:48Z,2026-02-27T02:07:48Z,76b20010-c318-5754-8c85-983aa538522f,76b20010-c318-5754-aea6-fc460533a030,SNOMED-CT,252160004,Standard pregnancy test (procedure),9046.75,72892002,Normal pregnancy (finding)
2026-02-27T01:52:48Z,2026-02-27T02:07:48Z,76b20010-c318-5754-8c85-983aa538522f,76b20010-c318-5754-aea6-fc460533a030,SNOMED-CT,169230002,Ultrasound scan for fetal viability (procedure),4763.06,72892002,Normal pregnancy (finding)
2026-02-27T01:52:48Z,2026-02-27T02:07:48Z,76b20010-c318-5754-8c85-983aa538522f,76b20010-c318-5754-aea6-fc460533a030,SNOMED-CT,274804006,Evaluation of uterine fundal height (procedure),2261.69,72892002,Normal pregnancy (finding)
2026-02-27T01:52:48Z,2026-02-27T02:07:48Z,76b20010-c318-5754-8c85-983aa538522f,76b20010-c318-5754-aea6-fc460533a030,SNOMED-CT,225158009,Auscultation of the fetal heart (procedure),2261.69,72892002,Normal pregnancy (finding)
2026-02-27T01:52:48Z,2026-02-27T02:07:48Z,76b20010-c318-5754-8c85-983aa538522f,76b20010-c318-5754-aea6-fc460533a030,SNOMED-CT,44608003,Blood group typing (procedure),862.80,72892002,Normal pregnancy (finding)
2026-02-27T01:52:48Z,2026-02-27T02:07:48Z,76b20010-c318-5754-8c85-983aa538522f,76b20010-c318-5754-aea6-fc460533a030,SNOMED-CT,104091002,Hemogram  automated  with red blood cells  white blood cells  hemoglobin  hematocrit  indices  platelet count  and manual white blood cell differential (procedure),3451.20,72892002,Normal pregnancy (finding)
2026-02-27T01:52:48Z,2026-02-27T02:07:48Z,76b20010-c318-5754-8c85-983aa538522f,76b20010-c318-5754-aea6-fc460533a030,SNOMED-CT,47758006,Hepatitis B surface antigen measurement (procedure),862.80,72892002,Normal pregnancy (finding)
2026-02-27T01:52:48Z,2026-02-27T02:07:48Z,76b20010-c318-5754-8c85-983aa538522f,76b20010-c318-5754-aea6-fc460533a030,SNOMED-CT,31676001,Human immunodeficiency virus antigen test (procedure),2174.12,72892002,Normal pregnancy (finding)
2026-02-27T01:52:48Z,2026-02-27T02:07:48Z,76b20010-c318-5754-8c85-983aa538522f,76b20010-c318-5754-aea6-fc460533a030,SNOMED-CT,310861008,Chlamydia antigen test (procedure),862.80,72892002,Normal pregnancy (finding)
2026-02-27T01:52:48Z,2026-02-27T02:07:48Z,76b20010-c318-5754-8c85-983aa538522f,76b20010-c318-5754-aea6-fc460533a030,SNOMED-CT,165829005,Gonorrhea infection titer test (procedure),3019.47,72892002,Normal pregnancy (finding)
2026-02-27T01:52:48Z,2026-02-27T02:07:48Z,76b20010-c318-5754-8c85-983aa538522f,76b20010-c318-5754-aea6-fc460533a030,SNOMED-CT,269828009,Syphilis infectious titer test (procedure),3451.20,72892002,Normal pregnancy (finding)
2026-02-27T01:52:48Z,2026-02-27T02:07:48Z,76b20010-c318-5754-8c85-983aa538522f,76b20010-c318-5754-aea6-fc460533a030,SNOMED-CT,117010004,Urine culture (procedure),1310.02,72892002,Normal pregnancy (finding)
2026-02-27T01:52:48Z,2026-02-27T02:07:48Z,76b20010-c318-5754-8c85-983aa538522f,76b20010-c318-5754-aea6-fc460533a030,SNOMED-CT,90226004,Cytopathology procedure  preparation of smear  genital source (procedure),3214.89,72892002,Normal pregnancy (finding)
2026-02-27T01:52:48Z,2026-02-27T02:07:48Z,76b20010-c318-5754-8c85-983aa538522f,76b20010-c318-5754-aea6-fc460533a030,SNOMED-CT,395123002,Urine screening test for diabetes (procedure),862.80,72892002,Normal pregnancy (finding)
2026-02-27T01:52:48Z,2026-02-27T02:07:48Z,76b20010-c318-5754-8c85-983aa538522f,76b20010-c318-5754-aea6-fc460533a030,SNOMED-CT,104375008,Hepatitis C antibody  confirmatory test (procedure),862.80,72892002,Normal pregnancy (finding)
2026-02-27T01:52:48Z,2026-02-27T02:07:48Z,76b20010-c318-5754-8c85-983aa538522f,76b20010-c318-5754-aea6-fc460533a030,SNOMED-CT,314098000,Rubella screening test (procedure),431.40,72892002,Normal pregnancy (finding)
2026-02-27T01:52:48Z,2026-02-27T02:07:48Z,76b20010-c318-5754-8c85-983aa538522f,76b20010-c318-5754-aea6-fc460533a030,SNOMED-CT,104326007,Measurement of Varicella-zoster virus antibody (procedure),2425.00,72892002,Normal pregnancy (finding)
2026-02-27T01:52:48Z,2026-02-27T02:07:48Z,76b20010-c318-5754-8c85-983aa538522f,76b20010-c318-5754-aea6-fc460533a030,SNOMED-CT,28163009,Skin test for tuberculosis  Tine test (procedure),1241.60,72892002,Normal pregnancy (finding)
2026-02-27T01:52:48Z,2026-02-27T02:07:48Z,76b20010-c318-5754-8c85-983aa538522f,76b20010-c318-5754-aea6-fc460533a030,SNOMED-CT,60218003,Urinalysis  protein  qualitative (procedure),431.40,72892002,Normal pregnancy (finding)
2026-02-27T01:52:48Z,2026-02-27T02:07:48Z,76b20010-c318-5754-8c85-983aa538522f,76b20010-c318-5754-aea6-fc460533a030,SNOMED-CT,5880005,Physical examination procedure (procedure),431.40,72892002,Normal pregnancy (finding)
2026-03-27T01:52:48Z,2026-03-27T02:07:48Z,76b20010-c318-5754-8c85-983aa538522f,76b20010-c318-5754-f918-90ca7845ff29,SNOMED-CT,274804006,Evaluation of uterine fundal height (procedure),2261.69,72892002,Normal pregnancy (finding)
2026-03-27T01:52:48Z,2026-03-27T02:07:48Z,76b20010-c318-5754-8c85-983aa538522f,76b20010-c318-5754-f918-90ca7845ff29,SNOMED-CT,225158009,Auscultation of the fetal heart (procedure),8436.18,72892002,Normal pregnancy (finding)
2026-03-27T01:52:48Z,2026-03-27T02:07:48Z,76b20010-c318-5754-8c85-983aa538522f,76b20010-c318-5754-f918-90ca7845ff29,SNOMED-CT,443529005,Detection of chromosomal aneuploidy in prenatal amniotic fluid specimen using fluorescence in situ hybridization screening technique (procedure),862.80,72892002,Normal pregnancy (finding)
2026-04-24T01:52:48Z,2026-04-24T02:07:48Z,76b20010-c318-5754-8c85-983aa538522f,76b20010-c318-5754-0a98-918bba1d90b9,SNOMED-CT,271442007,Fetal anatomy study (procedure),431.40,72892002,Normal pregnancy (finding)
2026-04-24T01:52:48Z,2026-04-24T02:07:48Z,76b20010-c318-5754-8c85-983aa538522f,76b20010-c318-5754-0a98-918bba1d90b9,SNOMED-CT,275833003,Alpha-fetoprotein test - antenatal (procedure),862.80,72892002,Normal pregnancy (finding)
2026-04-24T01:52:48Z,2026-04-24T02:07:48Z,76b20010-c318-5754-8c85-983aa538522f,76b20010-c318-5754-0a98-918bba1d90b9,SNOMED-CT,274804006,Evaluation of uterine fundal height (procedure),2261.69,72892002,Normal pregnancy (finding)
2026-04-24T01:52:48Z,2026-04-24T02:07:48Z,76b20010-c318-5754-8c85-983aa538522f,76b20010-c318-5754-0a98-918bba1d90b9,SNOMED-CT,225158009,Auscultation of the fetal heart (procedure),2261.69,72892002,Normal pregnancy (finding)
2026-05-22T01:52:48Z,2026-05-22T02:07:48Z,76b20010-c318-5754-8c85-983aa538522f,76b20010-c318-5754-bb30-2211c551abff,SNOMED-CT,274804006,Evaluation of uterine fundal height (procedure),6217.43,72892002,Normal pregnancy (finding)
2026-05-22T01:52:48Z,2026-05-22T02:07:48Z,76b20010-c318-5754-8c85-983aa538522f,76b20010-c318-5754-bb30-2211c551abff,SNOMED-CT,225158009,Auscultation of the fetal heart (procedure),2261.69,72892002,Normal pregnancy (finding)
2026-06-19T01:52:48Z,2026-06-19T02:07:48Z,76b20010-c318-5754-8c85-983aa538522f,76b20010-c318-5754-e91d-34eebacc10cf,SNOMED-CT,274804006,Evaluation of uterine fundal height (procedure),4345.23,72892002,Normal pregnancy (finding)
2026-06-19T01:52:48Z,2026-06-19T02:07:48Z,76b20010-c318-5754-8c85-983aa538522f,76b20010-c318-5754-e91d-34eebacc10cf,SNOMED-CT,225158009,Auscultation of the fetal heart (procedure),3836.96,72892002,Normal pregnancy (finding)
2026-07-17T01:52:48Z,2026-07-17T02:07:48Z,76b20010-c318-5754-8c85-983aa538522f,76b20010-c318-5754-c938-ce4ae04bd6d9,SNOMED-CT,104091002,Hemogram  automated  with red blood cells  white blood cells  hemoglobin  hematocrit  indices  platelet count  and manual white blood cell differential (procedure),1315.15,72892002,Normal pregnancy (finding)
2026-07-17T01:52:48Z,2026-07-17T02:07:48Z,76b20010-c318-5754-8c85-983aa538522f,76b20010-c318-5754-c938-ce4ae04bd6d9,SNOMED-CT,399014008,Administration of vaccine product containing only Bordetella pertussis and Clostridium tetani and Corynebacterium diphtheriae antigens (procedure),1148.22,72892002,Normal pregnancy (finding)
2026-07-17T01:52:48Z,2026-07-17T02:07:48Z,76b20010-c318-5754-8c85-983aa538522f,76b20010-c318-5754-c938-ce4ae04bd6d9,SNOMED-CT,268556000,Urine screening for glucose (procedure),2108.01,72892002,Normal pregnancy (finding)
2026-07-17T01:52:48Z,2026-07-17T02:07:48Z,76b20010-c318-5754-8c85-983aa538522f,76b20010-c318-5754-c938-ce4ae04bd6d9,SNOMED-CT,274804006,Evaluation of uterine fundal height (procedure),2261.69,72892002,Normal pregnancy (finding)
2026-07-17T01:52:48Z,2026-07-17T02:07:48Z,76b20010-c318-5754-8c85-983aa538522f,76b20010-c318-5754-c938-ce4ae04bd6d9,SNOMED-CT,225158009,Auscultation of the fetal heart (procedure),9046.75,72892002,Normal pregnancy (finding)
2026-08-14T01:52:48Z,2026-08-14T02:07:48Z,76b20010-c318-5754-8c85-983aa538522f,76b20010-c318-5754-9c35-629a41daaf7b,SNOMED-CT,274804006,Evaluation of uterine fundal height (procedure),6283.11,72892002,Normal pregnancy (finding)
2026-08-14T01:52:48Z,2026-08-14T02:07:48Z,76b20010-c318-5754-8c85-983aa538522f,76b20010-c318-5754-9c35-629a41daaf7b,SNOMED-CT,225158009,Auscultation of the fetal heart (procedure),9046.75,72892002,Normal pregnancy (finding)
2026-09-11T01:52:48Z,2026-09-11T02:07:48Z,76b20010-c318-5754-8c85-983aa538522f,76b20010-c318-5754-df8c-8752c76c8b35,SNOMED-CT,118001005,Streptococcus pneumoniae group B antigen assay (procedure),1019.14,72892002,Normal pregnancy (finding)
2026-09-11T01:52:48Z,2026-09-11T02:07:48Z,76b20010-c318-5754-8c85-983aa538522f,76b20010-c318-5754-df8c-8752c76c8b35,SNOMED-CT,274804006,Evaluation of uterine fundal height (procedure),3066.01,72892002,Normal pregnancy (finding)
2026-09-11T01:52:48Z,2026-09-11T02:07:48Z,76b20010-c318-5754-8c85-983aa538522f,76b20010-c318-5754-df8c-8752c76c8b35,SNOMED-CT,225158009,Auscultation of the fetal heart (procedure),9046.75,72892002,Normal pregnancy (finding)
2022-04-30T19:18:57Z,2022-04-30T20:18:10Z,c86c400e-ff88-a1e3-2e23-caa4d8311f47,c86c400e-ff88-a1e3-d8b7-9d73aa799e30,SNOMED-CT,710824005,Assessment of health and social care needs (procedure),431.40,,
2022-08-27T19:18:57Z,2022-08-27T19:33:57Z,c86c400e-ff88-a1e3-2e23-caa4d8311f47,c86c400e-ff88-a1e3-dc22-c532cab848ad,SNOMED-CT,430193006,Medication reconciliation (procedure),717.22,,
2022-08-27T19:18:57Z,2022-08-27T20:13:03Z,c86c400e-ff88-a1e3-2e23-caa4d8311f47,c86c400e-ff88-a1e3-dc22-c532cab848ad,SNOMED-CT,710824005,Assessment of health and social care needs (procedure),431.40,,
2022-08-27T20:13:03Z,2022-08-27T20:51:47Z,c86c400e-ff88-a1e3-2e23-caa4d8311f47,c86c400e-ff88-a1e3-dc22-c532cab848ad,SNOMED-CT,866148006,Screening for domestic abuse (procedure),431.40,,
2022-08-27T20:51:47Z,2022-08-27T21:02:01Z,c86c400e-ff88-a1e3-2e23-caa4d8311f47,c86c400e-ff88-a1e3-dc22-c532cab848ad,SNOMED-CT,171207006,Depression screening (procedure),431.40,,
2022-08-27T21:02:01Z,2022-08-27T21:31:28Z,c86c400e-ff88-a1e3-2e23-caa4d8311f47,c86c400e-ff88-a1e3-dc22-c532cab848ad,SNOMED-CT,171207006,Depression screening (procedure),431.40,,
2022-08-27T21:31:28Z,2022-08-27T21:49:01Z,c86c400e-ff88-a1e3-2e23-caa4d8311f47,c86c400e-ff88-a1e3-dc22-c532cab848ad,SNOMED-CT,103697008,Patient referral for dental care (procedure),431.40,66383009,Gingivitis (disorder)
2022-09-10T19:18:57Z,2022-09-10T19:35:21Z,c86c400e-ff88-a1e3-2e23-caa4d8311f47,c86c400e-ff88-a1e3-b45a-441182d957ea,CDT,D4341,periodontal scaling and root planing  four or more teeth per quadrant,246.66,,
2022-09-10T19:35:21Z,2022-09-10T19:58:29Z,c86c400e-ff88-a1e3-2e23-caa4d8311f47,c86c400e-ff88-a1e3-b45a-441182d957ea,CDT,D9110,palliative treatment of dental pain  per visit,95.71,,
2022-09-10T19:58:29Z,2022-09-10T20:33:21Z,c86c400e-ff88-a1e3-2e23-caa4d8311f47,c86c400e-ff88-a1e3-b45a-441182d957ea,CDT,D2930,prefabricated stainless steel crown  primary tooth,33.84,,
2022-09-10T20:33:21Z,2022-09-10T21:03:51Z,c86c400e-ff88-a1e3-2e23-caa4d8311f47,c86c400e-ff88-a1e3-b45a-441182d957ea,CDT,D0230,intraoral  periapical each additional radiographic image,9.35,,
2022-09-10T21:03:51Z,2022-09-10T21:51:07Z,c86c400e-ff88-a1e3-2e23-caa4d8311f47,c86c400e-ff88-a1e3-b45a-441182d957ea,CDT,D0150,comprehensive oral evaluation  new or established patient,74.12,,
2023-05-06T19:18:57Z,2023-05-06T19:33:57Z,c86c400e-ff88-a1e3-2e23-caa4d8311f47,c86c400e-ff88-a1e3-500e-f04c1f936226,SNOMED-CT,430193006,Medication reconciliation (procedure),862.80,,
2023-05-06T19:18:57Z,2023-05-06T19:55:46Z,c86c400e-ff88-a1e3-2e23-caa4d8311f47,c86c400e-ff88-a1e3-500e-f04c1f936226,SNOMED-CT,710824005,Assessment of health and social care needs (procedure),431.40,,
2023-05-06T19:55:46Z,2023-05-06T20:09:38Z,c86c400e-ff88-a1e3-2e23-caa4d8311f47,c86c400e-ff88-a1e3-500e-f04c1f936226,SNOMED-CT,171207006,Depression screening (procedure),431.40,,
2023-05-06T20:09:38Z,2023-05-06T20:30:39Z,c86c400e-ff88-a1e3-2e23-caa4d8311f47,c86c400e-ff88-a1e3-500e-f04c1f936226,SNOMED-CT,171207006,Depression screening (procedure),431.40,,
2023-05-06T20:30:39Z,2023-05-06T20:35:39Z,c86c400e-ff88-a1e3-2e23-caa4d8311f47,c86c400e-ff88-a1e3-500e-f04c1f936226,SNOMED-CT,103697008,Patient referral for dental care (procedure),431.40,66383009,Gingivitis (disorder)
2023-05-20T19:18:57Z,2023-05-20T19:51:49Z,c86c400e-ff88-a1e3-2e23-caa4d8311f47,c86c400e-ff88-a1e3-926d-42d5ca6fc30c,CDT,D0145,oral evaluation for a patient under three years of age and counseling with primary caregiver,0.14,,
2024-05-11T19:18:57Z,2024-05-11T20:08:03Z,c86c400e-ff88-a1e3-2e23-caa4d8311f47,c86c400e-ff88-a1e3-e544-a67060af7659,SNOMED-CT,710824005,Assessment of health and social care needs (procedure),431.40,,
2024-05-11T20:08:03Z,2024-05-11T20:18:54Z,c86c400e-ff88-a1e3-2e23-caa4d8311f47,c86c400e-ff88-a1e3-e544-a67060af7659,SNOMED-CT,428211000124100,Assessment of substance use (procedure),431.40,,
2024-05-11T20:18:54Z,2024-05-11T20:40:03Z,c86c400e-ff88-a1e3-2e23-caa4d8311f47,c86c400e-ff88-a1e3-e544-a67060af7659,SNOMED-CT,763302001,Assessment using Alcohol Use Disorders Identification Test - Consumption (procedure),431.40,,
2024-08-17T19:18:57Z,2024-08-17T20:11:01Z,c86c400e-ff88-a1e3-2e23-caa4d8311f47,c86c400e-ff88-a1e3-50d8-a85851ff5ba0,SNOMED-CT,710824005,Assessment of health and social care needs (procedure),431.40,,
2024-08-17T20:11:01Z,2024-08-17T20:49:41Z,c86c400e-ff88-a1e3-2e23-caa4d8311f47,c86c400e-ff88-a1e3-50d8-a85851ff5ba0,SNOMED-CT,866148006,Screening for domestic abuse (procedure),431.40,,
2024-08-17T20:49:41Z,2024-08-17T21:03:17Z,c86c400e-ff88-a1e3-2e23-caa4d8311f47,c86c400e-ff88-a1e3-50d8-a85851ff5ba0,SNOMED-CT,171207006,Depression screening (procedure),431.40,,
2024-08-17T21:03:17Z,2024-08-17T21:24:59Z,c86c400e-ff88-a1e3-2e23-caa4d8311f47,c86c400e-ff88-a1e3-50d8-a85851ff5ba0,SNOMED-CT,171207006,Depression screening (procedure),431.40,,
2024-08-17T21:24:59Z,2024-08-17T21:36:40Z,c86c400e-ff88-a1e3-2e23-caa4d8311f47,c86c400e-ff88-a1e3-50d8-a85851ff5ba0,SNOMED-CT,428211000124100,Assessment of substance use (procedure),431.40,,
2024-08-17T21:36:40Z,2024-08-17T21:59:15Z,c86c400e-ff88-a1e3-2e23-caa4d8311f47,c86c400e-ff88-a1e3-50d8-a85851ff5ba0,SNOMED-CT,763302001,Assessment using Alcohol Use Disorders Identification Test - Consumption (procedure),431.40,,
2024-08-17T21:59:15Z,2024-08-17T22:13:17Z,c86c400e-ff88-a1e3-2e23-caa4d8311f47,c86c400e-ff88-a1e3-50d8-a85851ff5ba0,SNOMED-CT,103697008,Patient referral for dental care (procedure),431.40,,
2024-08-31T19:18:57Z,2024-08-31T19:42:26Z,c86c400e-ff88-a1e3-2e23-caa4d8311f47,c86c400e-ff88-a1e3-5063-7e614a48f625,CDT,D0140,limited oral evaluation  problem focused,8.11,,
2024-08-31T19:42:26Z,2024-08-31T20:20:17Z,c86c400e-ff88-a1e3-2e23-caa4d8311f47,c86c400e-ff88-a1e3-5063-7e614a48f625,CDT,D1110,prophylaxis  adult,57.94,,
2024-08-31T20:20:17Z,2024-08-31T21:02:25Z,c86c400e-ff88-a1e3-2e23-caa4d8311f47,c86c400e-ff88-a1e3-5063-7e614a48f625,CDT,D0120,periodic oral evaluation  established patient,4.62,,
2024-12-14T19:18:57Z,2024-12-14T19:33:57Z,c86c400e-ff88-a1e3-2e23-caa4d8311f47,c86c400e-ff88-a1e3-ff8a-073614fbb7fb,SNOMED-CT,430193006,Medication reconciliation (procedure),639.28,,
2024-12-14T19:18:57Z,2024-12-14T20:12:22Z,c86c400e-ff88-a1e3-2e23-caa4d8311f47,c86c400e-ff88-a1e3-ff8a-073614fbb7fb,SNOMED-CT,710824005,Assessment of health and social care needs (procedure),431.40,,
2024-12-14T20:12:22Z,2024-12-14T20:24:47Z,c86c400e-ff88-a1e3-2e23-caa4d8311f47,c86c400e-ff88-a1e3-ff8a-073614fbb7fb,SNOMED-CT,428211000124100,Assessment of substance use (procedure),431.40,,
2024-12-14T20:24:47Z,2024-12-14T20:53:09Z,c86c400e-ff88-a1e3-2e23-caa4d8311f47,c86c400e-ff88-a1e3-ff8a-073614fbb7fb,SNOMED-CT,763302001,Assessment using Alcohol Use Disorders Identification Test - Consumption (procedure),431.40,,
2025-02-08T19:18:57Z,2025-02-08T19:33:57Z,c86c400e-ff88-a1e3-2e23-caa4d8311f47,c86c400e-ff88-a1e3-2a52-59c899d429cd,SNOMED-CT,430193006,Medication reconciliation (procedure),794.50,,
2025-02-08T19:18:57Z,2025-02-08T20:00:46Z,c86c400e-ff88-a1e3-2e23-caa4d8311f47,c86c400e-ff88-a1e3-2a52-59c899d429cd,SNOMED-CT,710824005,Assessment of health and social care needs (procedure),431.40,,
2025-02-08T20:00:46Z,2025-02-08T20:11:00Z,c86c400e-ff88-a1e3-2e23-caa4d8311f47,c86c400e-ff88-a1e3-2a52-59c899d429cd,SNOMED-CT,428211000124100,Assessment of substance use (procedure),431.40,,
2025-02-08T20:11:00Z,2025-02-08T20:35:26Z,c86c400e-ff88-a1e3-2e23-caa4d8311f47,c86c400e-ff88-a1e3-2a52-59c899d429cd,SNOMED-CT,713106006,Screening for drug abuse (procedure),431.40,,
2025-02-22T19:18:57Z,2025-02-22T20:06:02Z,c86c400e-ff88-a1e3-2e23-caa4d8311f47,c86c400e-ff88-a1e3-e9e9-4d401f1e11fb,SNOMED-CT,710824005,Assessment of health and social care needs (procedure),431.40,,
2025-02-22T20:06:02Z,2025-02-22T20:18:26Z,c86c400e-ff88-a1e3-2e23-caa4d8311f47,c86c400e-ff88-a1e3-e9e9-4d401f1e11fb,SNOMED-CT,171207006,Depression screening (procedure),431.40,,
2025-02-22T20:18:26Z,2025-02-22T20:41:10Z,c86c400e-ff88-a1e3-2e23-caa4d8311f47,c86c400e-ff88-a1e3-e9e9-4d401f1e11fb,SNOMED-CT,171207006,Depression screening (procedure),431.40,,
2025-02-22T20:41:10Z,2025-02-22T20:56:09Z,c86c400e-ff88-a1e3-2e23-caa4d8311f47,c86c400e-ff88-a1e3-e9e9-4d401f1e11fb,SNOMED-CT,428211000124100,Assessment of substance use (procedure),431.40,,
2025-02-22T20:56:09Z,2025-02-22T21:19:34Z,c86c400e-ff88-a1e3-2e23-caa4d8311f47,c86c400e-ff88-a1e3-e9e9-4d401f1e11fb,SNOMED-CT,763302001,Assessment using Alcohol Use Disorders Identification Test - Consumption (procedure),431.40,,
2025-02-22T21:19:34Z,2025-02-22T21:27:37Z,c86c400e-ff88-a1e3-2e23-caa4d8311f47,c86c400e-ff88-a1e3-e9e9-4d401f1e11fb,SNOMED-CT,103697008,Patient referral for dental care (procedure),431.40,,
2025-03-01T19:18:57Z,2025-03-01T19:33:57Z,c86c400e-ff88-a1e3-2e23-caa4d8311f47,c86c400e-ff88-a1e3-1e63-e9ceb6b20e9d,SNOMED-CT,430193006,Medication reconciliation (procedure),215.70,,
2025-03-08T19:18:57Z,2025-03-08T20:04:11Z,c86c400e-ff88-a1e3-2e23-caa4d8311f47,c86c400e-ff88-a1e3-e322-a1a0ee38f214,CDT,D0120,periodic oral evaluation  established patient,30.40,,
2025-03-08T20:04:11Z,2025-03-08T20:22:52Z,c86c400e-ff88-a1e3-2e23-caa4d8311f47,c86c400e-ff88-a1e3-e322-a1a0ee38f214,CDT,D1330,oral hygiene instructions,6.35,,
2025-03-08T20:22:52Z,2025-03-08T20:44:11Z,c86c400e-ff88-a1e3-2e23-caa4d8311f47,c86c400e-ff88-a1e3-e322-a1a0ee38f214,CDT,D0603,caries risk assessment and documentation with a finding of high risk,0.15,,
2025-03-22T19:18:57Z,2025-03-22T19:55:19Z,c86c400e-ff88-a1e3-2e23-caa4d8311f47,c86c400e-ff88-a1e3-6eff-d156d60023d3,SNOMED-CT,710824005,Assessment of health and social care needs (procedure),431.40,,
2025-03-22T19:55:19Z,2025-03-22T20:39:50Z,c86c400e-ff88-a1e3-2e23-caa4d8311f47,c86c400e-ff88-a1e3-6eff-d156d60023d3,SNOMED-CT,866148006,Screening for domestic abuse (procedure),431.40,,
2025-03-22T20:39:50Z,2025-03-22T20:54:36Z,c86c400e-ff88-a1e3-2e23-caa4d8311f47,c86c400e-ff88-a1e3-6eff-d156d60023d3,SNOMED-CT,171207006,Depression screening (procedure),431.40,,
2025-03-22T20:54:36Z,2025-03-22T21:18:07Z,c86c400e-ff88-a1e3-2e23-caa4d8311f47,c86c400e-ff88-a1e3-6eff-d156d60023d3,SNOMED-CT,171207006,Depression screening (procedure),431.40,,
2025-04-12T19:18:57Z,2025-04-12T20:17:28Z,c86c400e-ff88-a1e3-2e23-caa4d8311f47,c86c400e-ff88-a1e3-329c-2f80e52308cc,SNOMED-CT,710824005,Assessment of health and social care needs (procedure),431.40,,
2025-04-12T20:17:28Z,2025-04-12T20:29:59Z,c86c400e-ff88-a1e3-2e23-caa4d8311f47,c86c400e-ff88-a1e3-329c-2f80e52308cc,SNOMED-CT,171207006,Depression screening (procedure),431.40,,
2025-04-12T20:29:59Z,2025-04-12T20:54:41Z,c86c400e-ff88-a1e3-2e23-caa4d8311f47,c86c400e-ff88-a1e3-329c-2f80e52308cc,SNOMED-CT,171207006,Depression screening (procedure),431.40,,
2025-04-12T20:54:41Z,2025-04-12T21:09:23Z,c86c400e-ff88-a1e3-2e23-caa4d8311f47,c86c400e-ff88-a1e3-329c-2f80e52308cc,SNOMED-CT,428211000124100,Assessment of substance use (procedure),431.40,,
2025-04-12T21:09:23Z,2025-04-12T21:33:33Z,c86c400e-ff88-a1e3-2e23-caa4d8311f47,c86c400e-ff88-a1e3-329c-2f80e52308cc,SNOMED-CT,713106006,Screening for drug abuse (procedure),431.40,,
2025-05-17T19:18:57Z,2025-05-17T19:55:55Z,c86c400e-ff88-a1e3-2e23-caa4d8311f47,c86c400e-ff88-a1e3-a273-ac32c2d1828a,SNOMED-CT,710824005,Assessment of health and social care needs (procedure),431.40,,
2025-05-17T19:55:55Z,2025-05-17T20:13:12Z,c86c400e-ff88-a1e3-2e23-caa4d8311f47,c86c400e-ff88-a1e3-a273-ac32c2d1828a,SNOMED-CT,710841007,Assessment of anxiety (procedure),431.40,,
2025-05-17T20:13:12Z,2025-05-17T20:23:14Z,c86c400e-ff88-a1e3-2e23-caa4d8311f47,c86c400e-ff88-a1e3-a273-ac32c2d1828a,SNOMED-CT,171207006,Depression screening (procedure),431.40,,
2025-05-17T20:23:14Z,2025-05-17T20:47:52Z,c86c400e-ff88-a1e3-2e23-caa4d8311f47,c86c400e-ff88-a1e3-a273-ac32c2d1828a,SNOMED-CT,171207006,Depression screening (procedure),431.40,,
2025-05-17T20:47:52Z,2025-05-17T20:59:21Z,c86c400e-ff88-a1e3-2e23-caa4d8311f47,c86c400e-ff88-a1e3-a273-ac32c2d1828a,SNOMED-CT,428211000124100,Assessment of substance use (procedure),431.40,,
2025-05-17T20:59:21Z,2025-05-17T21:19:27Z,c86c400e-ff88-a1e3-2e23-caa4d8311f47,c86c400e-ff88-a1e3-a273-ac32c2d1828a,SNOMED-CT,713106006,Screening for drug abuse (procedure),431.40,,
2025-05-17T21:19:27Z,2025-05-17T21:36:07Z,c86c400e-ff88-a1e3-2e23-caa4d8311f47,c86c400e-ff88-a1e3-a273-ac32c2d1828a,SNOMED-CT,103697008,Patient referral for dental care (procedure),431.40,,
2025-05-31T19:18:57Z,2025-05-31T19:41:37Z,c86c400e-ff88-a1e3-2e23-caa4d8311f47,c86c400e-ff88-a1e3-2c9b-03871095dd20,CDT,D0220,intraoral  periapical first radiographic image,61.37,,
2025-05-31T19:41:37Z,2025-05-31T20:31:39Z,c86c400e-ff88-a1e3-2e23-caa4d8311f47,c86c400e-ff88-a1e3-2c9b-03871095dd20,CDT,D1120,prophylaxis  child,190.47,,
2025-05-31T20:31:39Z,2025-05-31T21:14:49Z,c86c400e-ff88-a1e3-2e23-caa4d8311f47,c86c400e-ff88-a1e3-2c9b-03871095dd20,CDT,D0145,oral evaluation for a patient under three years of age and counseling with primary caregiver,3.67,,
2025-12-06T19:18:57Z,2025-12-06T19:55:17Z,c86c400e-ff88-a1e3-2e23-caa4d8311f47,c86c400e-ff88-a1e3-25c1-b89c10261cc8,SNOMED-CT,710824005,Assessment of health and social care needs (procedure),431.40,,
2025-12-06T19:55:17Z,2025-12-06T20:13:40Z,c86c400e-ff88-a1e3-2e23-caa4d8311f47,c86c400e-ff88-a1e3-25c1-b89c10261cc8,SNOMED-CT,710841007,Assessment of anxiety (procedure),431.40,,
2025-12-06T20:13:40Z,2025-12-06T20:57:34Z,c86c400e-ff88-a1e3-2e23-caa4d8311f47,c86c400e-ff88-a1e3-25c1-b89c10261cc8,SNOMED-CT,866148006,Screening for domestic abuse (procedure),431.40,,
2025-12-06T20:57:34Z,2025-12-06T21:10:53Z,c86c400e-ff88-a1e3-2e23-caa4d8311f47,c86c400e-ff88-a1e3-25c1-b89c10261cc8,SNOMED-CT,428211000124100,Assessment of substance use (procedure),431.40,,
2025-12-06T21:10:53Z,2025-12-06T21:34:09Z,c86c400e-ff88-a1e3-2e23-caa4d8311f47,c86c400e-ff88-a1e3-25c1-b89c10261cc8,SNOMED-CT,713106006,Screening for drug abuse (procedure),431.40,,
2026-04-04T19:18:57Z,2026-04-04T19:33:57Z,c86c400e-ff88-a1e3-2e23-caa4d8311f47,c86c400e-ff88-a1e3-2565-ac03c9dbc83a,SNOMED-CT,430193006,Medication reconciliation (procedure),215.70,,
2026-04-04T19:18:57Z,2026-04-04T20:17:44Z,c86c400e-ff88-a1e3-2e23-caa4d8311f47,c86c400e-ff88-a1e3-2565-ac03c9dbc83a,SNOMED-CT,710824005,Assessment of health and social care needs (procedure),431.40,,
2026-04-04T20:17:44Z,2026-04-04T20:29:59Z,c86c400e-ff88-a1e3-2e23-caa4d8311f47,c86c400e-ff88-a1e3-2565-ac03c9dbc83a,SNOMED-CT,171207006,Depression screening (procedure),431.40,,
2026-04-04T20:29:59Z,2026-04-04T20:59:04Z,c86c400e-ff88-a1e3-2e23-caa4d8311f47,c86c400e-ff88-a1e3-2565-ac03c9dbc83a,SNOMED-CT,171207006,Depression screening (procedure),431.40,,
2026-04-04T20:59:04Z,2026-04-04T21:09:42Z,c86c400e-ff88-a1e3-2e23-caa4d8311f47,c86c400e-ff88-a1e3-2565-ac03c9dbc83a,SNOMED-CT,428211000124100,Assessment of substance use (procedure),431.40,,
2026-04-04T21:09:42Z,2026-04-04T21:30:08Z,c86c400e-ff88-a1e3-2e23-caa4d8311f47,c86c400e-ff88-a1e3-2565-ac03c9dbc83a,SNOMED-CT,763302001,Assessment using Alcohol Use Disorders Identification Test - Consumption (procedure),431.40,,
2026-05-23T19:18:57Z,2026-05-23T19:33:57Z,c86c400e-ff88-a1e3-2e23-caa4d8311f47,c86c400e-ff88-a1e3-0329-f7202b7fc8b2,SNOMED-CT,430193006,Medication reconciliation (procedure),215.70,,
2026-05-23T19:18:57Z,2026-05-23T19:52:59Z,c86c400e-ff88-a1e3-2e23-caa4d8311f47,c86c400e-ff88-a1e3-0329-f7202b7fc8b2,SNOMED-CT,710824005,Assessment of health and social care needs (procedure),431.40,,
2026-05-23T19:52:59Z,2026-05-23T20:06:56Z,c86c400e-ff88-a1e3-2e23-caa4d8311f47,c86c400e-ff88-a1e3-0329-f7202b7fc8b2,SNOMED-CT,171207006,Depression screening (procedure),431.40,,
2026-05-23T20:06:56Z,2026-05-23T20:34:06Z,c86c400e-ff88-a1e3-2e23-caa4d8311f47,c86c400e-ff88-a1e3-0329-f7202b7fc8b2,SNOMED-CT,171207006,Depression screening (procedure),431.40,,
2026-07-04T19:18:57Z,2026-07-04T19:33:57Z,c86c400e-ff88-a1e3-2e23-caa4d8311f47,c86c400e-ff88-a1e3-5264-ed63345b98c3,SNOMED-CT,430193006,Medication reconciliation (procedure),555.25,,
2026-07-04T19:18:57Z,2026-07-04T19:53:15Z,c86c400e-ff88-a1e3-2e23-caa4d8311f47,c86c400e-ff88-a1e3-5264-ed63345b98c3,SNOMED-CT,710824005,Assessment of health and social care needs (procedure),431.40,,
2026-07-04T19:53:15Z,2026-07-04T20:15:53Z,c86c400e-ff88-a1e3-2e23-caa4d8311f47,c86c400e-ff88-a1e3-5264-ed63345b98c3,SNOMED-CT,710841007,Assessment of anxiety (procedure),431.40,,
2026-07-04T20:15:53Z,2026-07-04T20:26:35Z,c86c400e-ff88-a1e3-2e23-caa4d8311f47,c86c400e-ff88-a1e3-5264-ed63345b98c3,SNOMED-CT,171207006,Depression screening (procedure),431.40,,
2026-07-04T20:26:35Z,2026-07-04T20:52:41Z,c86c400e-ff88-a1e3-2e23-caa4d8311f47,c86c400e-ff88-a1e3-5264-ed63345b98c3,SNOMED-CT,171207006,Depression screening (procedure),431.40,,
2026-07-04T20:52:41Z,2026-07-04T21:04:18Z,c86c400e-ff88-a1e3-2e23-caa4d8311f47,c86c400e-ff88-a1e3-5264-ed63345b98c3,SNOMED-CT,428211000124100,Assessment of substance use (procedure),431.40,,
2026-07-04T21:04:18Z,2026-07-04T21:27:05Z,c86c400e-ff88-a1e3-2e23-caa4d8311f47,c86c400e-ff88-a1e3-5264-ed63345b98c3,SNOMED-CT,763302001,Assessment using Alcohol Use Disorders Identification Test - Consumption (procedure),431.40,,
2026-07-04T21:27:05Z,2026-07-04T21:41:56Z,c86c400e-ff88-a1e3-2e23-caa4d8311f47,c86c400e-ff88-a1e3-5264-ed63345b98c3,SNOMED-CT,103697008,Patient referral for dental care (procedure),431.40,,
2026-07-18T19:18:57Z,2026-07-18T19:34:23Z,c86c400e-ff88-a1e3-2e23-caa4d8311f47,c86c400e-ff88-a1e3-f421-b666a68cb204,CDT,D1110,prophylaxis  adult,17.99,,
2026-09-05T19:18:57Z,2026-09-05T19:33:57Z,c86c400e-ff88-a1e3-2e23-caa4d8311f47,c86c400e-ff88-a1e3-270c-9b3f94573466,SNOMED-CT,430193006,Medication reconciliation (procedure),215.70,,
2026-09-05T19:18:57Z,2026-09-05T19:53:18Z,c86c400e-ff88-a1e3-2e23-caa4d8311f47,c86c400e-ff88-a1e3-270c-9b3f94573466,SNOMED-CT,710824005,Assessment of health and social care needs (procedure),431.40,,
2026-09-05T19:53:18Z,2026-09-05T20:19:24Z,c86c400e-ff88-a1e3-2e23-caa4d8311f47,c86c400e-ff88-a1e3-270c-9b3f94573466,SNOMED-CT,710841007,Assessment of anxiety (procedure),431.40,,
2026-09-05T20:19:24Z,2026-09-05T20:29:42Z,c86c400e-ff88-a1e3-2e23-caa4d8311f47,c86c400e-ff88-a1e3-270c-9b3f94573466,SNOMED-CT,428211000124100,Assessment of substance use (procedure),431.40,,
2026-09-05T20:29:42Z,2026-09-05T20:57:53Z,c86c400e-ff88-a1e3-2e23-caa4d8311f47,c86c400e-ff88-a1e3-270c-9b3f94573466,SNOMED-CT,713106006,Screening for drug abuse (procedure),431.40,,
2026-09-05T20:57:53Z,2026-09-05T21:02:53Z,c86c400e-ff88-a1e3-2e23-caa4d8311f47,c86c400e-ff88-a1e3-270c-9b3f94573466,SNOMED-CT,103697008,Patient referral for dental care (procedure),431.40,66383009,Gingivitis (disorder)
2026-09-19T19:18:57Z,2026-09-19T20:02:32Z,c86c400e-ff88-a1e3-2e23-caa4d8311f47,c86c400e-ff88-a1e3-7f11-c9aa2d78cc1f,CDT,D1206,topical application of fluoride varnish,349.04,,
