{
  "per_seed": [
    {
      "fracs": [
        0.1,
        0.2,
        0.3,
        0.4,
        0.5,
        0.6,
        0.7,
        0.8,
        0.9
      ],
      "attn_drop_curve": [
        0.001254578431447347,
        0.0016339619954427083,
        0.0024507095416386924,
        0.0049356818199157715,
        0.00677656630674998,
        0.00693949560324351,
        0.007294560472170512,
        0.008506779869397482,
        0.008703584472338358
      ],
      "rand_drop_curve": [
        0.0008938213189442953,
        0.0020521084467569986,
        0.002129743496576945,
        0.0023962954680124917,
        0.005374357104301453,
        0.005188072721163432,
        0.0063883910576502485,
        0.007560705145200093,
        0.008663251996040344
      ],
      "faithfulness_score": 0.0007648626963297532,
      "seed": 1
    },
    {
      "fracs": [
        0.1,
        0.2,
        0.3,
        0.4,
        0.5,
        0.6,
        0.7,
        0.8,
        0.9
      ],
      "attn_drop_curve": [
        0.0036549419164657593,
        0.004965464274088542,
        0.009609644611676535,
        0.011350065469741821,
        0.012020374337832132,
        0.012289817134539286,
        0.01339159905910492,
        0.012354587515195211,
        0.012256051103274027
      ],
      "rand_drop_curve": [
        0.0018135358889897664,
        0.0020250926415125528,
        0.003841166694959005,
        0.0036667088667551675,
        0.008098935087521872,
        0.007718304793039958,
        0.007551327347755432,
        0.009130860368410746,
        0.011349797248840332
      ],
      "faithfulness_score": 0.0035322986543178565,
      "seed": 2
    },
    {
      "fracs": [
        0.1,
        0.2,
        0.3,
        0.4,
        0.5,
        0.6,
        0.7,
        0.8,
        0.9
      ],
      "attn_drop_curve": [
        0.006311466296513875,
        0.006022393703460693,
        0.008204385638237,
        0.011240124702453613,
        0.01098992427190145,
        0.010669718186060587,
        0.012161105871200562,
        0.01177548865477244,
        0.012004226446151733
      ],
      "rand_drop_curve": [
        0.0025593688090642295,
        0.0019088337818781536,
        0.0047664642333984375,
        0.004378502567609151,
        0.006473436951637268,
        0.008247931798299154,
        0.007648398478825887,
        0.010207573572794596,
        0.011056900024414062
      ],
      "faithfulness_score": 0.002978171159823736,
      "seed": 3
    },
    {
      "fracs": [
        0.1,
        0.2,
        0.3,
        0.4,
        0.5,
        0.6,
        0.7,
        0.8,
        0.9
      ],
      "attn_drop_curve": [
        0.004391580820083618,
        0.00689848264058431,
        0.008907347917556763,
        0.010629480083783468,
        0.011899987856547037,
        0.012798855702082316,
        0.013402476906776428,
        0.013122414549191793,
        0.01322286327679952
      ],
      "rand_drop_curve": [
        0.0017665624618530273,
        0.0024684667587280273,
        0.004604270060857137,
        0.004293456673622131,
        0.007824733853340149,
        0.0069909244775772095,
        0.00951679547627767,
        0.009110823273658752,
        0.011976862947146097
      ],
      "faithfulness_score": 0.0034785084426403046,
      "seed": 4
    },
    {
      "fracs": [
        0.1,
        0.2,
        0.3,
        0.4,
        0.5,
        0.6,
        0.7,
        0.8,
        0.9
      ],
      "attn_drop_curve": [
        0.007174337903658549,
        0.009024381637573242,
        0.015229990084966024,
        0.016376400987307232,
        0.020084336400032043,
        0.02337128420670827,
        0.024527788162231445,
        0.02536847194035848,
        0.025410736600557964
      ],
      "rand_drop_curve": [
        0.0018209020296732585,
        0.004282499353090922,
        0.006987179319063823,
        0.008367871244748434,
        0.012783557176589966,
        0.01578827202320099,
        0.01679392158985138,
        0.019345730543136597,
        0.023229291041692097
      ],
      "faithfulness_score": 0.0053401062885920225,
      "seed": 5
    },
    {
      "fracs": [
        0.1,
        0.2,
        0.3,
        0.4,
        0.5,
        0.6,
        0.7,
        0.8,
        0.9
      ],
      "attn_drop_curve": [
        0.011465738217035929,
        0.017168829838434856,
        0.02468895415465037,
        0.029705132047335308,
        0.03505323827266693,
        0.03743850191434225,
        0.03841539720694224,
        0.03820320467154185,
        0.03792321185270945
      ],
      "rand_drop_curve": [
        0.0039931486050287885,
        0.005228514472643535,
        0.009746442238489786,
        0.01240365207195282,
        0.017779300610224407,
        0.02154684563477834,
        0.026483088731765747,
        0.029760628938674927,
        0.034040629863739014
      ],
      "faithfulness_score": 0.010340237120787304,
      "seed": 6
    },
    {
      "fracs": [
        0.1,
        0.2,
        0.3,
        0.4,
        0.5,
        0.6,
        0.7,
        0.8,
        0.9
      ],
      "attn_drop_curve": [
        0.004421884814898173,
        0.007077852884928386,
        0.010270223021507263,
        0.012809584538141886,
        0.01474533478418986,
        0.016896039247512817,
        0.01833358407020569,
        0.018850381175676983,
        0.01910799245039622
      ],
      "rand_drop_curve": [
        0.0016884853442509968,
        0.0029707799355189004,
        0.005270525813102722,
        0.005416656533877055,
        0.010197728872299194,
        0.009811684489250183,
        0.012942353884379068,
        0.013850137591362,
        0.01734350621700287
      ],
      "faithfulness_score": 0.004077207545439403,
      "seed": 7
    },
    {
      "fracs": [
        0.1,
        0.2,
        0.3,
        0.4,
        0.5,
        0.6,
        0.7,
        0.8,
        0.9
      ],
      "attn_drop_curve": [
        0.005549967288970947,
        0.007870793342590332,
        0.009872366984685263,
        0.010686074693997702,
        0.01082320511341095,
        0.010911082228024801,
        0.011885111530621847,
        0.011424591143925985,
        0.011480450630187988
      ],
      "rand_drop_curve": [
        0.0013674646615982056,
        0.0016214648882548015,
        0.0034401416778564453,
        0.0033769061168034873,
        0.006462107102076213,
        0.006832773486773173,
        0.008136625091234842,
        0.008367593089739481,
        0.010220090548197428
      ],
      "faithfulness_score": 0.0037957044939200095,
      "seed": 8
    },
    {
      "fracs": [
        0.1,
        0.2,
        0.3,
        0.4,
        0.5,
        0.6,
        0.7,
        0.8,
        0.9
      ],
      "attn_drop_curve": [
        0.006743287046750386,
        0.0058641384045283,
        0.011817410588264465,
        0.012565443913141886,
        0.015477543075879415,
        0.01544433335463206,
        0.016451189915339153,
        0.0165406068166097,
        0.01592552165190379
      ],
      "rand_drop_curve": [
        0.0018602857987085979,
        0.002635255455970764,
        0.005073050657908122,
        0.005991031726201375,
        0.009502172470092773,
        0.0087862362464269,
        0.011645356814066568,
        0.011566330989201864,
        0.0151548037926356
      ],
      "faithfulness_score": 0.0041788091262181595,
      "seed": 9
    },
    {
      "fracs": [
        0.1,
        0.2,
        0.3,
        0.4,
        0.5,
        0.6,
        0.7,
        0.8,
        0.9
      ],
      "attn_drop_curve": [
        0.006020019451777141,
        0.0063523898522059126,
        0.008953442176183065,
        0.011214027802149454,
        0.01298747460047404,
        0.013968889911969503,
        0.013564815123875936,
        0.01456602911154429,
        0.01521646479765574
      ],