{
  "frozen": {
    "accuracy": 0.7142857142857143,
    "f1_weighted": 0.6862125971531301,
    "loss": 1.0785501783802396
  }
}