{
  "full": {
    "accuracy": 0.9007867132867133,
    "f1_weighted": 0.8920898385697339,
    "loss": 0.32528905287495197
  }
}