{
  "accuracy": 0.8603773584905661,
  "f1_weighted": 0.8514871514352264,
  "loss": 0.5097720180286692
}