loader,num_patients,wall_time_sec,peak_ram_mb,throughput_patients_per_sec,processed_patients,batch_size
in_memory,1000,0.015645167004549876,0.8375463485717773,63917.502428013926,1000,256
streaming,1000,7.462171249993844,2.077880859375,134.00925367409988,1000,256
in_memory,10000,0.15010529098799452,8.080141067504883,66619.90349693804,10000,256
streaming,10000,17.429230958980042,9.584845542907715,573.7487800543323,10000,256
in_memory,100000,1.6128525000240188,84.10364246368408,62001.94996040294,100000,256
streaming,100000,157.4611568749824,101.28286266326904,635.0772595897782,100000,256
